timestamp,clubId,clubName,playerId,fullName,action,oldClubId,oldClubName,newClubId,newClubName,oldStatus,newStatus,notes
"2026-09-30T13:35:55.496Z","cmuihqe6h00brh29ew01veugs","FC Porto","cmuihvzao06ndsexpxsvd5ao7","Yann Karamoh","DETACH","cmuihqe6h00brh29ew01veugs","FC Porto","","Unassigned (Detached)","first_team","departed","Absent from official 2026/27 Transfermarkt squad"
"2026-09-30T13:35:55.496Z","cmuihqe6h00brh29ew01veugs","FC Porto","cmuihw43e0bzjsexpz92njn4j","Tiago Andrade","DETACH","cmuihqe6h00brh29ew01veugs","FC Porto","","Unassigned (Detached)","first_team","departed","Absent from official 2026/27 Transfermarkt squad"
"2026-09-30T13:35:55.496Z","cmuihqe6h00brh29ew01veugs","FC Porto","cmuihw4430chtsexpo71y8fm4","Deniz Gül","DETACH","cmuihqe6h00brh29ew01veugs","FC Porto","","Unassigned (Detached)","first_team","departed","Absent from official 2026/27 Transfermarkt squad"
"2026-09-30T13:35:55.496Z","cmuihqe6h00brh29ew01veugs","FC Porto","cmuihw1as08visexpp9qzht63","Stephen Eustaquio","DETACH","cmuihqe6h00brh29ew01veugs","FC Porto","","Unassigned (Detached)","first_team","departed","Absent from official 2026/27 Transfermarkt squad"
"2026-09-30T13:35:55.496Z","cmuihqe6h00brh29ew01veugs","FC Porto","cmuihw24909xtsexp9sxx3ajf","Gabriel Veron","DETACH","cmuihqe6h00brh29ew01veugs","FC Porto","","Unassigned (Detached)","first_team","departed","Absent from official 2026/27 Transfermarkt squad"
"2026-09-30T13:35:55.496Z","cmuihqe6h00brh29ew01veugs","FC Porto","cmuihw24f0a1ssexpg4pk6y5d","André Oliveira","DETACH","cmuihqe6h00brh29ew01veugs","FC Porto","","Unassigned (Detached)","first_team","departed","Absent from official 2026/27 Transfermarkt squad"
"2026-09-30T13:35:55.496Z","cmuihqe6h00brh29ew01veugs","FC Porto","cmuihw24q0abqsexpx3c4e09l","Gabriel Brás","DETACH","cmuihqe6h00brh29ew01veugs","FC Porto","","Unassigned (Detached)","first_team","departed","Absent from official 2026/27 Transfermarkt squad"
"2026-09-30T13:35:55.496Z","cmuihqe6h00brh29ew01veugs","FC Porto","cmuihw43y0cedsexpwk0xng5x","Gonçalo Sousa","DETACH","cmuihqe6h00brh29ew01veugs","FC Porto","","Unassigned (Detached)","first_team","departed","Absent from official 2026/27 Transfermarkt squad"
"2026-09-30T13:35:55.496Z","cmuihqe6h00brh29ew01veugs","FC Porto","cmuihw4490cmcsexpn5c9ox10","João Afonso","DETACH","cmuihqe6h00brh29ew01veugs","FC Porto","","Unassigned (Detached)","first_team","departed","Absent from official 2026/27 Transfermarkt squad"
"2026-09-30T13:35:55.496Z","cmuihqe6h00brh29ew01veugs","FC Porto","cmuihw44a0cmpsexpzs86disn","Souza","ATTACH","","Unassigned","cmuihqe6h00brh29ew01veugs","FC Porto","departed","first_team","Confirmed in 2026/27 squad (Left-Back, TM 1086258)"
"2026-09-30T13:35:55.496Z","cmuihqe6h00brh29ew01veugs","FC Porto","cmuihvxft04gwsexpywhsdwpc","Seko Fofana","ATTACH","","Unassigned","cmuihqe6h00brh29ew01veugs","FC Porto","departed","first_team","Confirmed in 2026/27 squad (Central Midfield, TM 182893)"
"2026-09-30T13:35:55.496Z","cmuihqe6h00brh29ew01veugs","FC Porto","cmuihw1d6099hsexpnh24acwl","Santiago Gimenez","ATTACH","","Unassigned","cmuihqe6h00brh29ew01veugs","FC Porto","departed","first_team","Confirmed in 2026/27 squad (Centre-Forward, TM 552955)"
"2026-09-30T13:35:55.496Z","cmuihqe6h00brh29ew01veugs","FC Porto","cmuihvxg804rwsexpwqorbyt2","André Silva","ATTACH","","Unassigned","cmuihqe6h00brh29ew01veugs","FC Porto","departed","first_team","Confirmed in 2026/27 squad (Centre-Forward, TM 198008)"
"2026-09-30T13:35:55.496Z","cmuihqe6h00brh29ew01veugs","FC Porto","cmuihvzvo07bwsexpqqam2x9n","In-beom Hwang","REASSIGN","cmuihq1t5004zh29exb9q00c1","Feyenoord Rotterdam","cmuihqe6h00brh29ew01veugs","FC Porto","first_team","first_team","Transferred from Feyenoord Rotterdam to FC Porto (TM 365394)"
"2026-09-30T13:35:55.496Z","cmuihqe6h00brh29ew01veugs","FC Porto","cmuo5esh8000213o5rgf8hc7s","Gabriel Mec","CREATE","","None (New Player)","cmuihqe6h00brh29ew01veugs","FC Porto","","first_team","Created from official 2026/27 squad (Right Winger, TM 1228661)"
"2026-09-30T13:35:55.496Z","cmuihqe6h00brh29ew01veugs","FC Porto","cmuo5esq5000413o50m7ssnu7","Duarte Cunha","CREATE","","None (New Player)","cmuihqe6h00brh29ew01veugs","FC Porto","","first_team","Created from official 2026/27 squad (Right Winger, TM 1182538)"
"2026-09-30T13:36:00.783Z","cmuihq4q6006lh29eutf0qltf","SL Benfica","cmuihvwrr03u1sexpc2dt0j4y","Bruma","DETACH","cmuihq4q6006lh29eutf0qltf","SL Benfica","","Unassigned (Detached)","first_team","departed","Absent from official 2026/27 Transfermarkt squad"
"2026-09-30T13:36:00.783Z","cmuihq4q6006lh29eutf0qltf","SL Benfica","cmuihw3eq0bf6sexpj4aec8qd","Joshua Wynder","DETACH","cmuihq4q6006lh29eutf0qltf","SL Benfica","","Unassigned (Detached)","first_team","departed","Absent from official 2026/27 Transfermarkt squad"
"2026-09-30T13:36:00.783Z","cmuihq4q6006lh29eutf0qltf","SL Benfica","cmuihw0jz08l9sexphhjdehz1","Tiago Gouveia","DETACH","cmuihq4q6006lh29eutf0qltf","SL Benfica","","Unassigned (Detached)","first_team","departed","Absent from official 2026/27 Transfermarkt squad"
"2026-09-30T13:36:00.783Z","cmuihq4q6006lh29eutf0qltf","SL Benfica","cmuihw24509uhsexp5l0piad7","Henrique Araújo","DETACH","cmuihq4q6006lh29eutf0qltf","SL Benfica","","Unassigned (Detached)","first_team","departed","Absent from official 2026/27 Transfermarkt squad"
"2026-09-30T13:36:00.783Z","cmuihq4q6006lh29eutf0qltf","SL Benfica","cmuihw24f0a1usexpem4bii2r","João Veloso","DETACH","cmuihq4q6006lh29eutf0qltf","SL Benfica","","Unassigned (Detached)","first_team","departed","Absent from official 2026/27 Transfermarkt squad"
"2026-09-30T13:36:00.783Z","cmuihq4q6006lh29eutf0qltf","SL Benfica","cmuihw24q0abssexp3912d555","Diogo Prioste","DETACH","cmuihq4q6006lh29eutf0qltf","SL Benfica","","Unassigned (Detached)","first_team","departed","Absent from official 2026/27 Transfermarkt squad"
"2026-09-30T13:36:00.783Z","cmuihq4q6006lh29eutf0qltf","SL Benfica","cmuihw2py0atfsexput95335v","Richard Ríos","DETACH","cmuihq4q6006lh29eutf0qltf","SL Benfica","","Unassigned (Detached)","first_team","departed","Absent from official 2026/27 Transfermarkt squad"
"2026-09-30T13:36:00.783Z","cmuihq4q6006lh29eutf0qltf","SL Benfica","cmuihw3f70brzsexp5a4a0krv","João Rego","DETACH","cmuihq4q6006lh29eutf0qltf","SL Benfica","","Unassigned (Detached)","first_team","departed","Absent from official 2026/27 Transfermarkt squad"
"2026-09-30T13:36:00.783Z","cmuihq4q6006lh29eutf0qltf","SL Benfica","cmuihw43i0c3osexpepox2nm0","João Fonseca","DETACH","cmuihq4q6006lh29eutf0qltf","SL Benfica","","Unassigned (Detached)","first_team","departed","Absent from official 2026/27 Transfermarkt squad"
"2026-09-30T13:36:00.783Z","cmuihq4q6006lh29eutf0qltf","SL Benfica","cmuihw43j0c41sexp7414fy8t","Rodrigo Rêgo","DETACH","cmuihq4q6006lh29eutf0qltf","SL Benfica","","Unassigned (Detached)","first_team","departed","Absent from official 2026/27 Transfermarkt squad"
"2026-09-30T13:36:00.783Z","cmuihq4q6006lh29eutf0qltf","SL Benfica","cmuihw3er0bfisexpqqs6l0c0","Alessandro Circati","ATTACH","","Unassigned","cmuihq4q6006lh29eutf0qltf","SL Benfica","departed","first_team","Confirmed in 2026/27 squad (Centre-Back, TM 867137)"
"2026-09-30T13:36:00.783Z","cmuihq4q6006lh29eutf0qltf","SL Benfica","cmuihvxft04h0sexpeqvgow54","Clément Lenglet","ATTACH","","Unassigned","cmuihq4q6006lh29eutf0qltf","SL Benfica","departed","first_team","Confirmed in 2026/27 squad (Centre-Back, TM 182904)"
"2026-09-30T13:36:00.783Z","cmuihq4q6006lh29eutf0qltf","SL Benfica","cmuihw1cv095ssexpcrx3z6qy","Souffian El Karouani","ATTACH","","Unassigned","cmuihq4q6006lh29eutf0qltf","SL Benfica","departed","first_team","Confirmed in 2026/27 squad (Left-Back, TM 541134)"
"2026-09-30T13:36:00.783Z","cmuihq4q6006lh29eutf0qltf","SL Benfica","cmuihw4rn0d1csexp0u8vjcds","José Neto","ATTACH","","Unassigned","cmuihq4q6006lh29eutf0qltf","SL Benfica","departed","first_team","Confirmed in 2026/27 squad (Left-Back, TM 1233701)"
"2026-09-30T13:36:00.783Z","cmuihq4q6006lh29eutf0qltf","SL Benfica","cmuihw4r20csdsexpwv0337lg","Daniel Banjaqui","ATTACH","","Unassigned","cmuihq4q6006lh29eutf0qltf","SL Benfica","departed","first_team","Confirmed in 2026/27 squad (Right-Back, TM 1134199)"
"2026-09-30T13:36:00.783Z","cmuihq4q6006lh29eutf0qltf","SL Benfica","cmuihw24s0acrsexp2xeg7wrc","Enzo Barrenechea","ATTACH","","Unassigned","cmuihq4q6006lh29eutf0qltf","SL Benfica","departed","first_team","Confirmed in 2026/27 squad (Defensive Midfield, TM 671915)"
"2026-09-30T13:36:00.783Z","cmuihq4q6006lh29eutf0qltf","SL Benfica","cmuihw43o0c6fsexpz2b559eu","Claudio Echeverri","ATTACH","","Unassigned","cmuihq4q6006lh29eutf0qltf","SL Benfica","departed","first_team","Confirmed in 2026/27 squad (Attacking Midfield, TM 994536)"
"2026-09-30T13:36:00.783Z","cmuihq4q6006lh29eutf0qltf","SL Benfica","cmuihvzwj07vwsexpp6ry2f6m","Jakub Kamiński","ATTACH","","Unassigned","cmuihq4q6006lh29eutf0qltf","SL Benfica","departed","first_team","Confirmed in 2026/27 squad (Left Winger, TM 407098)"
"2026-09-30T13:36:00.783Z","cmuihq4q6006lh29eutf0qltf","SL Benfica","cmuo5ewh1000713o5r60y22rt","Gabriel Índio","CREATE","","None (New Player)","cmuihq4q6006lh29eutf0qltf","SL Benfica","","first_team","Created from official 2026/27 squad (Centre-Back, TM 1464920)"
"2026-09-30T13:36:00.783Z","cmuihq4q6006lh29eutf0qltf","SL Benfica","cmuo5ewmy000913o5qrx6vu22","Georgiy Sudakov","CREATE","","None (New Player)","cmuihq4q6006lh29eutf0qltf","SL Benfica","","first_team","Created from official 2026/27 squad (Attacking Midfield, TM 623325)"
"2026-09-30T13:36:00.783Z","cmuihq4q6006lh29eutf0qltf","SL Benfica","cmuo5ewro000b13o50oudvgqu","Rafa Silva","CREATE","","None (New Player)","cmuihq4q6006lh29eutf0qltf","SL Benfica","","first_team","Created from official 2026/27 squad (Right Winger, TM 238055)"
"2026-09-30T13:36:00.783Z","cmuihq4q6006lh29eutf0qltf","SL Benfica","cmuo5ex1x000d13o5dn1z3i4s","Jhon Durán","CREATE","","None (New Player)","cmuihq4q6006lh29eutf0qltf","SL Benfica","","first_team","Created from official 2026/27 squad (Centre-Forward, TM 649317)"
"2026-09-30T13:36:06.614Z","cmuihq6jo007lh29e9jpaabxs","Sporting CP","cmuihvzaq06p2sexpse42y1d6","João Virgínia","DETACH","cmuihq6jo007lh29e9jpaabxs","Sporting CP","","Unassigned (Detached)","first_team","departed","Absent from official 2026/27 Transfermarkt squad"
"2026-09-30T13:36:06.614Z","cmuihq6jo007lh29e9jpaabxs","Sporting CP","cmuihw43w0cd4sexp3wr32a7i","David Moreira","DETACH","cmuihq6jo007lh29e9jpaabxs","Sporting CP","","Unassigned (Detached)","first_team","departed","Absent from official 2026/27 Transfermarkt squad"
"2026-09-30T13:36:06.614Z","cmuihq6jo007lh29e9jpaabxs","Sporting CP","cmuihw44a0cn1sexp3vuis005","Rayan Lucas","DETACH","cmuihq6jo007lh29e9jpaabxs","Sporting CP","","Unassigned (Detached)","first_team","departed","Absent from official 2026/27 Transfermarkt squad"
"2026-09-30T13:36:06.614Z","cmuihq6jo007lh29e9jpaabxs","Sporting CP","cmuihvzwm07xysexpj2fo8l7h","Francisco Trincão","DETACH","cmuihq6jo007lh29e9jpaabxs","Sporting CP","","Unassigned (Detached)","first_team","departed","Absent from official 2026/27 Transfermarkt squad"
"2026-09-30T13:36:06.614Z","cmuihq6jo007lh29e9jpaabxs","Sporting CP","cmuihw24q0ablsexp0yj2bov8","Lucas Anjos","DETACH","cmuihq6jo007lh29e9jpaabxs","Sporting CP","","Unassigned (Detached)","first_team","departed","Absent from official 2026/27 Transfermarkt squad"
"2026-09-30T13:36:06.614Z","cmuihq6jo007lh29e9jpaabxs","Sporting CP","cmuihw4400cfzsexpql85t9uz","Mauro Couto","DETACH","cmuihq6jo007lh29e9jpaabxs","Sporting CP","","Unassigned (Detached)","first_team","departed","Absent from official 2026/27 Transfermarkt squad"
"2026-09-30T13:36:06.614Z","cmuihq6jo007lh29e9jpaabxs","Sporting CP","cmuihw43j0c3zsexpej66x44q","João Muniz","DETACH","cmuihq6jo007lh29e9jpaabxs","Sporting CP","","Unassigned (Detached)","first_team","departed","Absent from official 2026/27 Transfermarkt squad"
"2026-09-30T13:36:06.614Z","cmuihq6jo007lh29e9jpaabxs","Sporting CP","cmuihw4ru0d3nsexp57y0kq1f","Salvador Blopa","ATTACH","","Unassigned","cmuihq6jo007lh29e9jpaabxs","Sporting CP","departed","first_team","Confirmed in 2026/27 squad (Right-Back, TM 1294105)"
"2026-09-30T13:36:06.614Z","cmuihq6jo007lh29e9jpaabxs","Sporting CP","cmuihw0jp08h5sexp3bxvky53","Sergi Altimira","ATTACH","","Unassigned","cmuihq6jo007lh29e9jpaabxs","Sporting CP","departed","first_team","Confirmed in 2026/27 squad (Defensive Midfield, TM 466801)"
"2026-09-30T13:36:06.614Z","cmuihq6jo007lh29e9jpaabxs","Sporting CP","cmuihw3f30bpcsexp407u69pq","Issa Doumbia","ATTACH","","Unassigned","cmuihq6jo007lh29e9jpaabxs","Sporting CP","departed","first_team","Confirmed in 2026/27 squad (Central Midfield, TM 924349)"
"2026-09-30T13:36:06.614Z","cmuihq6jo007lh29e9jpaabxs","Sporting CP","cmuihw4ru0d3osexpgo4t8mrf","Flávio Gonçalves","ATTACH","","Unassigned","cmuihq6jo007lh29e9jpaabxs","Sporting CP","departed","first_team","Confirmed in 2026/27 squad (Left Winger, TM 1294120)"
"2026-09-30T13:36:06.614Z","cmuihq6jo007lh29e9jpaabxs","Sporting CP","cmuihw4r30csmsexplugkr1dd","Jesse Derry","ATTACH","","Unassigned","cmuihq6jo007lh29e9jpaabxs","Sporting CP","departed","first_team","Confirmed in 2026/27 squad (Left Winger, TM 1135611)"
"2026-09-30T13:36:06.614Z","cmuihq6jo007lh29e9jpaabxs","Sporting CP","cmuihw4ri0cyusexp1vez4sym","Ibrahima Ba","REASSIGN","cmuihq66x007fh29elwopl3td","FC Famalicão","cmuihq6jo007lh29e9jpaabxs","Sporting CP","first_team","first_team","Transferred from FC Famalicão to Sporting CP (TM 1191154)"
"2026-09-30T13:36:06.614Z","cmuihq6jo007lh29e9jpaabxs","Sporting CP","cmuihw43d0bzdsexp0knz5cwt","Nestory Irankunda","REASSIGN","cmuihnlvh000hb23fzna6vhfo","Watford FC","cmuihq6jo007lh29e9jpaabxs","Sporting CP","first_team","first_team","Transferred from Watford FC to Sporting CP (TM 956920)"
"2026-09-30T13:36:06.614Z","cmuihq6jo007lh29e9jpaabxs","Sporting CP","cmuo5f0um000g13o5pbdktgw6","Kaique Pereira","CREATE","","None (New Player)","cmuihq6jo007lh29e9jpaabxs","Sporting CP","","first_team","Created from official 2026/27 squad (Goalkeeper, TM 964590)"
"2026-09-30T13:36:06.614Z","cmuihq6jo007lh29e9jpaabxs","Sporting CP","cmuo5f0zq000i13o5yl70r0gr","Moncef Zekri","CREATE","","None (New Player)","cmuihq6jo007lh29e9jpaabxs","Sporting CP","","first_team","Created from official 2026/27 squad (Left-Back, TM 1263687)"
"2026-09-30T13:36:06.614Z","cmuihq6jo007lh29e9jpaabxs","Sporting CP","cmuo5f14r000k13o55mo3e771","Silas Andersen","CREATE","","None (New Player)","cmuihq6jo007lh29e9jpaabxs","Sporting CP","","first_team","Created from official 2026/27 squad (Defensive Midfield, TM 685657)"
"2026-09-30T13:36:11.757Z","cmuihnyer0015b23fholjonq1","SC Braga","cmuihvwrr03tusexp6s6bi0r6","Paulo Oliveira","DETACH","cmuihnyer0015b23fholjonq1","SC Braga","","Unassigned (Detached)","first_team","departed","Absent from official 2026/27 Transfermarkt squad"
"2026-09-30T13:36:11.757Z","cmuihnyer0015b23fholjonq1","SC Braga","cmuihw24o0aaksexpe228hcrv","Alaa Bellaarouch","DETACH","cmuihnyer0015b23fholjonq1","SC Braga","","Unassigned (Detached)","first_team","departed","Absent from official 2026/27 Transfermarkt squad"
"2026-09-30T13:36:11.757Z","cmuihnyer0015b23fholjonq1","SC Braga","cmuihw3ev0bj1sexpnyjhyori","João Marques","DETACH","cmuihnyer0015b23fholjonq1","SC Braga","","Unassigned (Detached)","first_team","departed","Absent from official 2026/27 Transfermarkt squad"
"2026-09-30T13:36:11.757Z","cmuihnyer0015b23fholjonq1","SC Braga","cmuihw43i0c3dsexpatk0y4x2","Nuno Matos","DETACH","cmuihnyer0015b23fholjonq1","SC Braga","","Unassigned (Detached)","first_team","departed","Absent from official 2026/27 Transfermarkt squad"
"2026-09-30T13:36:11.757Z","cmuihnyer0015b23fholjonq1","SC Braga","cmuihw4470ck3sexp4sy1eara","Yanis da Rocha","DETACH","cmuihnyer0015b23fholjonq1","SC Braga","","Unassigned (Detached)","first_team","departed","Absent from official 2026/27 Transfermarkt squad"
"2026-09-30T13:36:11.757Z","cmuihnyer0015b23fholjonq1","SC Braga","cmuihw24p0abcsexp7398g0aw","Leonardo Lelo","DETACH","cmuihnyer0015b23fholjonq1","SC Braga","","Unassigned (Detached)","first_team","departed","Absent from official 2026/27 Transfermarkt squad"
"2026-09-30T13:36:11.757Z","cmuihnyer0015b23fholjonq1","SC Braga","cmuihw3ew0bkgsexpem5stx7i","Vasconcelos","DETACH","cmuihnyer0015b23fholjonq1","SC Braga","","Unassigned (Detached)","first_team","departed","Absent from official 2026/27 Transfermarkt squad"
"2026-09-30T13:36:11.757Z","cmuihnyer0015b23fholjonq1","SC Braga","cmuihw4470ckcsexp7un63076","Mordomo","DETACH","cmuihnyer0015b23fholjonq1","SC Braga","","Unassigned (Detached)","first_team","departed","Absent from official 2026/27 Transfermarkt squad"
"2026-09-30T13:36:11.757Z","cmuihnyer0015b23fholjonq1","SC Braga","cmuihw2qe0b4nsexp7dibzht8","Ismaël Gharbi","DETACH","cmuihnyer0015b23fholjonq1","SC Braga","","Unassigned (Detached)","first_team","departed","Absent from official 2026/27 Transfermarkt squad"
"2026-09-30T13:36:11.757Z","cmuihnyer0015b23fholjonq1","SC Braga","cmuihw3ex0bkhsexp4qwlynug","Chissumba","DETACH","cmuihnyer0015b23fholjonq1","SC Braga","","Unassigned (Detached)","first_team","departed","Absent from official 2026/27 Transfermarkt squad"
"2026-09-30T13:36:11.757Z","cmuihnyer0015b23fholjonq1","SC Braga","cmuihw4420chcsexpk2skvtom","Jonatás Noro","DETACH","cmuihnyer0015b23fholjonq1","SC Braga","","Unassigned (Detached)","first_team","departed","Absent from official 2026/27 Transfermarkt squad"
"2026-09-30T13:36:11.757Z","cmuihnyer0015b23fholjonq1","SC Braga","cmuihw4rc0cvvsexpypj2w8m4","Fodé Pascoal","DETACH","cmuihnyer0015b23fholjonq1","SC Braga","","Unassigned (Detached)","first_team","departed","Absent from official 2026/27 Transfermarkt squad"
"2026-09-30T13:36:11.757Z","cmuihnyer0015b23fholjonq1","SC Braga","cmuihw3fb0bv5sexpbf10x674","Tommy Marqués","ATTACH","","Unassigned","cmuihnyer0015b23fholjonq1","SC Braga","departed","first_team","Confirmed in 2026/27 squad (Defensive Midfield, TM 938156)"
"2026-09-30T13:36:11.757Z","cmuihnyer0015b23fholjonq1","SC Braga","cmuihw3fd0bwisexps8nxxhds","Jovan Milosevic","ATTACH","","Unassigned","cmuihnyer0015b23fholjonq1","SC Braga","departed","first_team","Confirmed in 2026/27 squad (Centre-Forward, TM 943795)"
"2026-09-30T13:36:11.757Z","cmuihnyer0015b23fholjonq1","SC Braga","cmuihvzw207lvsexpyj3h67s0","Jonas Wind","ATTACH","","Unassigned","cmuihnyer0015b23fholjonq1","SC Braga","departed","first_team","Confirmed in 2026/27 squad (Centre-Forward, TM 391004)"
"2026-09-30T13:36:11.757Z","cmuihnyer0015b23fholjonq1","SC Braga","cmuihw2pu0apssexpzwoaqeig","Bernardo","REASSIGN","cmuihqe6c00bph29e8vcrprk6","CD Tondela","cmuihnyer0015b23fholjonq1","SC Braga","first_team","first_team","Transferred from CD Tondela to SC Braga (TM 719646)"
"2026-09-30T13:36:11.757Z","cmuihnyer0015b23fholjonq1","SC Braga","cmuihw24909xusexpyug5tfl2","Gabriel Silva","REASSIGN","cmuihq2dd005bh29e4dnqmt8q","CD Santa Clara","cmuihnyer0015b23fholjonq1","SC Braga","first_team","first_team","Transferred from CD Santa Clara to SC Braga (TM 627224)"
"2026-09-30T13:36:11.757Z","cmuihnyer0015b23fholjonq1","SC Braga","cmuo5f564000n13o5jdmxbyap","Adrian Barisic","CREATE","","None (New Player)","cmuihnyer0015b23fholjonq1","SC Braga","","first_team","Created from official 2026/27 squad (Centre-Back, TM 625206)"
"2026-09-30T13:36:11.757Z","cmuihnyer0015b23fholjonq1","SC Braga","cmuo5f5f7000p13o5sq6ngqvb","Adrian Bajrami","CREATE","","None (New Player)","cmuihnyer0015b23fholjonq1","SC Braga","","first_team","Created from official 2026/27 squad (Centre-Back, TM 582987)"
"2026-09-30T13:36:11.757Z","cmuihnyer0015b23fholjonq1","SC Braga","cmuo5f5ny000r13o5rtryopon","Sergio Barcia","CREATE","","None (New Player)","cmuihnyer0015b23fholjonq1","SC Braga","","first_team","Created from official 2026/27 squad (Centre-Back, TM 562058)"
"2026-09-30T13:36:11.757Z","cmuihnyer0015b23fholjonq1","SC Braga","cmuo5f5wu000t13o5328bxj8y","Demir Ege Tıknaz","CREATE","","None (New Player)","cmuihnyer0015b23fholjonq1","SC Braga","","first_team","Created from official 2026/27 squad (Defensive Midfield, TM 875337)"
"2026-09-30T13:36:11.757Z","cmuihnyer0015b23fholjonq1","SC Braga","cmuo5f65o000v13o52czvk4uc","João Trovisco","CREATE","","None (New Player)","cmuihnyer0015b23fholjonq1","SC Braga","","first_team","Created from official 2026/27 squad (Attacking Midfield, TM 959049)"
"2026-09-30T13:36:19.436Z","cmuihq66x007fh29elwopl3td","FC Famalicão","cmuihvxg804rvsexppwlzzwpo","Rafa Soares","DETACH","cmuihq66x007fh29elwopl3td","FC Famalicão","","Unassigned (Detached)","first_team","departed","Absent from official 2026/27 Transfermarkt squad"
"2026-09-30T13:36:19.436Z","cmuihq66x007fh29elwopl3td","FC Famalicão","cmuihvyqy0680sexpntq7eq52","Rochinha","DETACH","cmuihq66x007fh29elwopl3td","FC Famalicão","","Unassigned (Detached)","first_team","departed","Absent from official 2026/27 Transfermarkt squad"
"2026-09-30T13:36:19.436Z","cmuihq66x007fh29elwopl3td","FC Famalicão","cmuihw43i0c3fsexpfsk0wmws","Gustavo Sá","DETACH","cmuihq66x007fh29elwopl3td","FC Famalicão","","Unassigned (Detached)","first_team","departed","Absent from official 2026/27 Transfermarkt squad"
"2026-09-30T13:36:19.436Z","cmuihq66x007fh29elwopl3td","FC Famalicão","cmuihw4420chhsexpgixxgzp3","Rudi Almeida","DETACH","cmuihq66x007fh29elwopl3td","FC Famalicão","","Unassigned (Detached)","first_team","departed","Absent from official 2026/27 Transfermarkt squad"
"2026-09-30T13:36:19.436Z","cmuihq66x007fh29elwopl3td","FC Famalicão","cmuihw2pv0arcsexppuawx1zr","Otar Mamageishvili","DETACH","cmuihq66x007fh29elwopl3td","FC Famalicão","","Unassigned (Detached)","first_team","departed","Absent from official 2026/27 Transfermarkt squad"
"2026-09-30T13:36:19.436Z","cmuihq66x007fh29elwopl3td","FC Famalicão","cmuihw2qc0b2wsexp2uf87eyh","Simon Elisor","DETACH","cmuihq66x007fh29elwopl3td","FC Famalicão","","Unassigned (Detached)","first_team","departed","Absent from official 2026/27 Transfermarkt squad"
"2026-09-30T13:36:19.436Z","cmuihq66x007fh29elwopl3td","FC Famalicão","cmuihw44c0co3sexpqn21h7y3","Renan Santana","DETACH","cmuihq66x007fh29elwopl3td","FC Famalicão","","Unassigned (Detached)","first_team","departed","Absent from official 2026/27 Transfermarkt squad"
"2026-09-30T13:36:19.436Z","cmuihq66x007fh29elwopl3td","FC Famalicão","cmuihw2pr0an9sexp3nw3m0n5","Víctor Rofino","ATTACH","","Unassigned","cmuihq66x007fh29elwopl3td","FC Famalicão","departed","first_team","Confirmed in 2026/27 squad (Centre-Back, TM 709999)"
"2026-09-30T13:36:19.436Z","cmuihq66x007fh29elwopl3td","FC Famalicão","cmuihw4rm0d0rsexpe6qn0icf","Matheus Mattara","ATTACH","","Unassigned","cmuihq66x007fh29elwopl3td","FC Famalicão","departed","first_team","Confirmed in 2026/27 squad (Centre-Back, TM 1223956)"
"2026-09-30T13:36:19.436Z","cmuihq66x007fh29elwopl3td","FC Famalicão","cmuihw4rg0cxvsexpakcv2vid","Mathis Jangéal","ATTACH","","Unassigned","cmuihq66x007fh29elwopl3td","FC Famalicão","departed","first_team","Confirmed in 2026/27 squad (Attacking Midfield, TM 1185887)"
"2026-09-30T13:36:19.436Z","cmuihq66x007fh29elwopl3td","FC Famalicão","cmuihvzvu07fksexprgdjrxsr","Paulo Moreira","REASSIGN","cmuihq2sq005hh29en9069nxw","CF Estrela Amadora","cmuihq66x007fh29elwopl3td","FC Famalicão","first_team","first_team","Transferred from CF Estrela Amadora to FC Famalicão (TM 375392)"
"2026-09-30T13:36:19.436Z","cmuihq66x007fh29elwopl3td","FC Famalicão","cmuo5fbl9000y13o5zanyb7fv","Finn van Breemen","CREATE","","None (New Player)","cmuihq66x007fh29elwopl3td","FC Famalicão","","first_team","Created from official 2026/27 squad (Centre-Back, TM 705016)"
"2026-09-30T13:36:19.436Z","cmuihq66x007fh29elwopl3td","FC Famalicão","cmuo5fbu5001013o5ljczwbiy","Leny Meyer","CREATE","","None (New Player)","cmuihq66x007fh29elwopl3td","FC Famalicão","","first_team","Created from official 2026/27 squad (Left-Back, TM 678843)"
"2026-09-30T13:36:19.436Z","cmuihq66x007fh29elwopl3td","FC Famalicão","cmuo5fbyu001213o51r1noi6u","Tamás Szűcs","CREATE","","None (New Player)","cmuihq66x007fh29elwopl3td","FC Famalicão","","first_team","Created from official 2026/27 squad (Central Midfield, TM 933240)"
"2026-09-30T13:36:19.436Z","cmuihq66x007fh29elwopl3td","FC Famalicão","cmuo5fc3s001413o5a7hk5z5a","Georgios Koutsias","CREATE","","None (New Player)","cmuihq66x007fh29elwopl3td","FC Famalicão","","first_team","Created from official 2026/27 squad (Centre-Forward, TM 724039)"
"2026-09-30T13:36:19.436Z","cmuihq66x007fh29elwopl3td","FC Famalicão","cmuo5fca6001613o5dnhl55if","Pato","CREATE","","None (New Player)","cmuihq66x007fh29elwopl3td","FC Famalicão","","first_team","Created from official 2026/27 squad (Centre-Forward, TM 1150372)"
"2026-09-30T13:36:25.207Z","cmuihq2b80059h29ezwhg3ewt","Vitória Guimarães SC","cmuihvxfr04g0sexp4djcv2go","Charles","DETACH","cmuihq2b80059h29ezwhg3ewt","Vitória Guimarães SC","","Unassigned (Detached)","first_team","departed","Absent from official 2026/27 Transfermarkt squad"
"2026-09-30T13:36:25.207Z","cmuihq2b80059h29ezwhg3ewt","Vitória Guimarães SC","cmuihw4480ckxsexpcafn7ehd","Hugo Nunes","DETACH","cmuihq2b80059h29ezwhg3ewt","Vitória Guimarães SC","","Unassigned (Detached)","first_team","departed","Absent from official 2026/27 Transfermarkt squad"
"2026-09-30T13:36:25.207Z","cmuihq2b80059h29ezwhg3ewt","Vitória Guimarães SC","cmuihw4rg0cxpsexpyi4zxjld","Ejike Opara","DETACH","cmuihq2b80059h29ezwhg3ewt","Vitória Guimarães SC","","Unassigned (Detached)","first_team","departed","Absent from official 2026/27 Transfermarkt squad"
"2026-09-30T13:36:25.207Z","cmuihq2b80059h29ezwhg3ewt","Vitória Guimarães SC","cmuihw4rt0d34sexpjuude9fq","Guilherme Paula","DETACH","cmuihq2b80059h29ezwhg3ewt","Vitória Guimarães SC","","Unassigned (Detached)","first_team","departed","Absent from official 2026/27 Transfermarkt squad"
"2026-09-30T13:36:25.207Z","cmuihq2b80059h29ezwhg3ewt","Vitória Guimarães SC","cmuihw24n0a93sexpnlju53xy","Juan Castillo","ATTACH","","Unassigned","cmuihq2b80059h29ezwhg3ewt","Vitória Guimarães SC","departed","first_team","Confirmed in 2026/27 squad (Goalkeeper, TM 662446)"
"2026-09-30T13:36:25.207Z","cmuihq2b80059h29ezwhg3ewt","Vitória Guimarães SC","cmuihvzwa07qwsexpa5t8qlt1","Toni Borevković","ATTACH","","Unassigned","cmuihq2b80059h29ezwhg3ewt","Vitória Guimarães SC","departed","first_team","Confirmed in 2026/27 squad (Centre-Back, TM 396342)"
"2026-09-30T13:36:25.207Z","cmuihq2b80059h29ezwhg3ewt","Vitória Guimarães SC","cmuihw43j0c3wsexpcrmqxzk9","Thiago Balieiro","ATTACH","","Unassigned","cmuihq2b80059h29ezwhg3ewt","Vitória Guimarães SC","departed","first_team","Confirmed in 2026/27 squad (Centre-Back, TM 984093)"
"2026-09-30T13:36:25.207Z","cmuihq2b80059h29ezwhg3ewt","Vitória Guimarães SC","cmuihw2qd0b48sexpsdb74yv3","Ahmed Sidibé","ATTACH","","Unassigned","cmuihq2b80059h29ezwhg3ewt","Vitória Guimarães SC","departed","first_team","Confirmed in 2026/27 squad (Centre-Back, TM 808477)"
"2026-09-30T13:36:25.207Z","cmuihq2b80059h29ezwhg3ewt","Vitória Guimarães SC","cmuihw43q0c81sexpfdhas64z","Tony Strata","ATTACH","","Unassigned","cmuihq2b80059h29ezwhg3ewt","Vitória Guimarães SC","departed","first_team","Confirmed in 2026/27 squad (Right-Back, TM 1004681)"
"2026-09-30T13:36:25.207Z","cmuihq2b80059h29ezwhg3ewt","Vitória Guimarães SC","cmuihw3ei0b9ksexp2hwaf1av","Lohann Doucet","ATTACH","","Unassigned","cmuihq2b80059h29ezwhg3ewt","Vitória Guimarães SC","departed","first_team","Confirmed in 2026/27 squad (Defensive Midfield, TM 830265)"
"2026-09-30T13:36:25.207Z","cmuihq2b80059h29ezwhg3ewt","Vitória Guimarães SC","cmuihw3es0bgpsexpkwnayyd4","Gonçalo Nogueira","ATTACH","","Unassigned","cmuihq2b80059h29ezwhg3ewt","Vitória Guimarães SC","departed","first_team","Confirmed in 2026/27 squad (Central Midfield, TM 877140)"
"2026-09-30T13:36:25.207Z","cmuihq2b80059h29ezwhg3ewt","Vitória Guimarães SC","cmuihw43e0bzpsexpyfdusfwo","Matija Mitrović","ATTACH","","Unassigned","cmuihq2b80059h29ezwhg3ewt","Vitória Guimarães SC","departed","first_team","Confirmed in 2026/27 squad (Central Midfield, TM 959979)"
"2026-09-30T13:36:25.207Z","cmuihq2b80059h29ezwhg3ewt","Vitória Guimarães SC","cmuihw24q0abjsexpd41vp0lx","Marco Cruz","ATTACH","","Unassigned","cmuihq2b80059h29ezwhg3ewt","Vitória Guimarães SC","departed","first_team","Confirmed in 2026/27 squad (Central Midfield, TM 670682)"
"2026-09-30T13:36:25.207Z","cmuihq2b80059h29ezwhg3ewt","Vitória Guimarães SC","cmuihw0ip0842sexpwi7o5u90","Alan","ATTACH","","Unassigned","cmuihq2b80059h29ezwhg3ewt","Vitória Guimarães SC","departed","first_team","Confirmed in 2026/27 squad (Attacking Midfield, TM 428786)"
"2026-09-30T13:36:25.207Z","cmuihq2b80059h29ezwhg3ewt","Vitória Guimarães SC","cmuihw43z0ceysexpbalmpydj","Oumar Camara","ATTACH","","Unassigned","cmuihq2b80059h29ezwhg3ewt","Vitória Guimarães SC","departed","first_team","Confirmed in 2026/27 squad (Left Winger, TM 1053206)"
"2026-09-30T13:36:25.207Z","cmuihq2b80059h29ezwhg3ewt","Vitória Guimarães SC","cmuihw24i0a4qsexp76rnmkoq","Fabio Blanco","ATTACH","","Unassigned","cmuihq2b80059h29ezwhg3ewt","Vitória Guimarães SC","departed","first_team","Confirmed in 2026/27 squad (Left Winger, TM 648909)"
"2026-09-30T13:36:25.207Z","cmuihq2b80059h29ezwhg3ewt","Vitória Guimarães SC","cmuihw4r20cslsexpaof6kl89","Miguel Nogueira","ATTACH","","Unassigned","cmuihq2b80059h29ezwhg3ewt","Vitória Guimarães SC","departed","first_team","Confirmed in 2026/27 squad (Right Winger, TM 1135545)"
"2026-09-30T13:36:25.207Z","cmuihq2b80059h29ezwhg3ewt","Vitória Guimarães SC","cmuihw2qd0b3usexpi26qwlk3","Alioune Ndoye","ATTACH","","Unassigned","cmuihq2b80059h29ezwhg3ewt","Vitória Guimarães SC","departed","first_team","Confirmed in 2026/27 squad (Centre-Forward, TM 807124)"
"2026-09-30T13:36:25.207Z","cmuihq2b80059h29ezwhg3ewt","Vitória Guimarães SC","cmuihw44c0cobsexpwb2tx7au","Patrick Ouotro","ATTACH","","Unassigned","cmuihq2b80059h29ezwhg3ewt","Vitória Guimarães SC","departed","first_team","Confirmed in 2026/27 squad (Centre-Forward, TM 1099652)"
"2026-09-30T13:36:25.207Z","cmuihq2b80059h29ezwhg3ewt","Vitória Guimarães SC","cmuo5ffsj001913o50qd2uqin","Oliwier Zych","CREATE","","None (New Player)","cmuihq2b80059h29ezwhg3ewt","Vitória Guimarães SC","","first_team","Created from official 2026/27 squad (Goalkeeper, TM 555074)"
"2026-09-30T13:36:25.207Z","cmuihq2b80059h29ezwhg3ewt","Vitória Guimarães SC","cmuo5ffxx001b13o5geuj0023","Yeimar Mosquera","CREATE","","None (New Player)","cmuihq2b80059h29ezwhg3ewt","Vitória Guimarães SC","","first_team","Created from official 2026/27 squad (Centre-Back, TM 1163638)"
"2026-09-30T13:36:25.207Z","cmuihq2b80059h29ezwhg3ewt","Vitória Guimarães SC","cmuo5fg2r001d13o51rd6m7qy","Santi Verdi","CREATE","","None (New Player)","cmuihq2b80059h29ezwhg3ewt","Vitória Guimarães SC","","first_team","Created from official 2026/27 squad (Central Midfield, TM 1093061)"
"2026-09-30T13:36:25.207Z","cmuihq2b80059h29ezwhg3ewt","Vitória Guimarães SC","cmuo5fga5001f13o59215ue57","Victor Andersson","CREATE","","None (New Player)","cmuihq2b80059h29ezwhg3ewt","Vitória Guimarães SC","","first_team","Created from official 2026/27 squad (Left Winger, TM 989508)"
"2026-09-30T13:36:25.207Z","cmuihq2b80059h29ezwhg3ewt","Vitória Guimarães SC","cmuo5fgul001h13o51eciyfi8","Arnel Jakupovic","CREATE","","None (New Player)","cmuihq2b80059h29ezwhg3ewt","Vitória Guimarães SC","","first_team","Created from official 2026/27 squad (Centre-Forward, TM 268426)"
"2026-09-30T13:36:41.753Z","cmuihq3b2005vh29e4cxx0zua","FC Alverca","cmuihvyqt063qsexpe1qozez7","Sandro Lima","DETACH","cmuihq3b2005vh29e4cxx0zua","FC Alverca","","Unassigned (Detached)","first_team","departed","Absent from official 2026/27 Transfermarkt squad"
"2026-09-30T13:36:41.753Z","cmuihq3b2005vh29e4cxx0zua","FC Alverca","cmuihvzbb0744sexp7tcpidkt","Lincoln","DETACH","cmuihq3b2005vh29e4cxx0zua","FC Alverca","","Unassigned (Detached)","first_team","departed","Absent from official 2026/27 Transfermarkt squad"
"2026-09-30T13:36:41.753Z","cmuihq3b2005vh29e4cxx0zua","FC Alverca","cmuihw0ip0844sexpfv572bfz","Stéphane Diarra","DETACH","cmuihq3b2005vh29e4cxx0zua","FC Alverca","","Unassigned (Detached)","first_team","departed","Absent from official 2026/27 Transfermarkt squad"
"2026-09-30T13:36:41.753Z","cmuihq3b2005vh29e4cxx0zua","FC Alverca","cmuihw1d10981sexpb1bwhrzl","Diogo Martins","DETACH","cmuihq3b2005vh29e4cxx0zua","FC Alverca","","Unassigned (Detached)","first_team","departed","Absent from official 2026/27 Transfermarkt squad"
"2026-09-30T13:36:41.753Z","cmuihq3b2005vh29e4cxx0zua","FC Alverca","cmuihw24h0a49sexpfcf855km","André Paulo","DETACH","cmuihq3b2005vh29e4cxx0zua","FC Alverca","","Unassigned (Detached)","first_team","departed","Absent from official 2026/27 Transfermarkt squad"
"2026-09-30T13:36:41.753Z","cmuihq3b2005vh29e4cxx0zua","FC Alverca","cmuihw2pi0ahfsexpmm2rrzi4","Tiago Leite","DETACH","cmuihq3b2005vh29e4cxx0zua","FC Alverca","","Unassigned (Detached)","first_team","departed","Absent from official 2026/27 Transfermarkt squad"
"2026-09-30T13:36:41.753Z","cmuihq3b2005vh29e4cxx0zua","FC Alverca","cmuihw3es0bg6sexpvhm3f4ri","Gian Cabezas","DETACH","cmuihq3b2005vh29e4cxx0zua","FC Alverca","","Unassigned (Detached)","first_team","departed","Absent from official 2026/27 Transfermarkt squad"
"2026-09-30T13:36:41.753Z","cmuihq3b2005vh29e4cxx0zua","FC Alverca","cmuihw4490cm3sexpy1x72vgp","Talisca","DETACH","cmuihq3b2005vh29e4cxx0zua","FC Alverca","","Unassigned (Detached)","first_team","departed","Absent from official 2026/27 Transfermarkt squad"
"2026-09-30T13:36:41.753Z","cmuihq3b2005vh29e4cxx0zua","FC Alverca","cmuihw4rm0d0qsexp5oez9gk8","Kauan","DETACH","cmuihq3b2005vh29e4cxx0zua","FC Alverca","","Unassigned (Detached)","first_team","departed","Absent from official 2026/27 Transfermarkt squad"
"2026-09-30T13:36:41.753Z","cmuihq3b2005vh29e4cxx0zua","FC Alverca","cmuihw43j0c4fsexpy5h1u01l","Noah Raveyre","ATTACH","","Unassigned","cmuihq3b2005vh29e4cxx0zua","FC Alverca","departed","first_team","Confirmed in 2026/27 squad (Goalkeeper, TM 986180)"
"2026-09-30T13:36:41.753Z","cmuihq3b2005vh29e4cxx0zua","FC Alverca","cmuihvxgk0505sexpplep4c0p","Jhonatan","ATTACH","","Unassigned","cmuihq3b2005vh29e4cxx0zua","FC Alverca","departed","first_team","Confirmed in 2026/27 squad (Goalkeeper, TM 212216)"
"2026-09-30T13:36:41.753Z","cmuihq3b2005vh29e4cxx0zua","FC Alverca","cmuihw3ex0bkhsexp4qwlynug","Chissumba","ATTACH","","Unassigned","cmuihq3b2005vh29e4cxx0zua","FC Alverca","departed","first_team","Confirmed in 2026/27 squad (Left-Back, TM 898721)"
"2026-09-30T13:36:41.753Z","cmuihq3b2005vh29e4cxx0zua","FC Alverca","cmuihw44a0cn1sexp3vuis005","Rayan Lucas","ATTACH","","Unassigned","cmuihq3b2005vh29e4cxx0zua","FC Alverca","departed","first_team","Confirmed in 2026/27 squad (Defensive Midfield, TM 1087842)"
"2026-09-30T13:36:41.753Z","cmuihq3b2005vh29e4cxx0zua","FC Alverca","cmuihw4ro0d1xsexprpqr8ef2","Zakaria Kassary","ATTACH","","Unassigned","cmuihq3b2005vh29e4cxx0zua","FC Alverca","departed","first_team","Confirmed in 2026/27 squad (Central Midfield, TM 1245251)"
"2026-09-30T13:36:41.753Z","cmuihq3b2005vh29e4cxx0zua","FC Alverca","cmuihw0io083jsexprg65a17y","André Vidigal","ATTACH","","Unassigned","cmuihq3b2005vh29e4cxx0zua","FC Alverca","departed","first_team","Confirmed in 2026/27 squad (Left Winger, TM 426624)"
"2026-09-30T13:36:41.753Z","cmuihq3b2005vh29e4cxx0zua","FC Alverca","cmuihw43s0c9vsexpz28oe7wg","Vivaldo Semedo","ATTACH","","Unassigned","cmuihq3b2005vh29e4cxx0zua","FC Alverca","departed","first_team","Confirmed in 2026/27 squad (Centre-Forward, TM 1014243)"
"2026-09-30T13:36:41.753Z","cmuihq3b2005vh29e4cxx0zua","FC Alverca","cmuihw4rm0d0msexpez21tyaz","Samy Jr. Merheg","ATTACH","","Unassigned","cmuihq3b2005vh29e4cxx0zua","FC Alverca","departed","first_team","Confirmed in 2026/27 squad (Centre-Forward, TM 1218658)"
"2026-09-30T13:36:41.753Z","cmuihq3b2005vh29e4cxx0zua","FC Alverca","cmuihw3ev0bj0sexpoviivkwt","Dawda Camara","REASSIGN","cmuiholli0029b23fvytgha8z","Girona FC","cmuihq3b2005vh29e4cxx0zua","FC Alverca","first_team","first_team","Transferred from Girona FC to FC Alverca (TM 891923)"
"2026-09-30T13:36:41.753Z","cmuihq3b2005vh29e4cxx0zua","FC Alverca","cmuo5fsbk001k13o51ak5940r","Yaya Bojang","CREATE","","None (New Player)","cmuihq3b2005vh29e4cxx0zua","FC Alverca","","first_team","Created from official 2026/27 squad (Centre-Back, TM 1135770)"
"2026-09-30T13:36:41.753Z","cmuihq3b2005vh29e4cxx0zua","FC Alverca","cmuo5fsk7001m13o5og2cjnsw","Mofe Jemide","CREATE","","None (New Player)","cmuihq3b2005vh29e4cxx0zua","FC Alverca","","first_team","Created from official 2026/27 squad (Centre-Back, TM 1044495)"
"2026-09-30T13:36:41.753Z","cmuihq3b2005vh29e4cxx0zua","FC Alverca","cmuo5fspf001o13o5ssb9b8up","Toni Tamarit","CREATE","","None (New Player)","cmuihq3b2005vh29e4cxx0zua","FC Alverca","","first_team","Created from official 2026/27 squad (Right-Back, TM 1344793)"
"2026-09-30T13:36:41.753Z","cmuihq3b2005vh29e4cxx0zua","FC Alverca","cmuo5ft20001q13o5nbgc5wh1","Ian Luccas","CREATE","","None (New Player)","cmuihq3b2005vh29e4cxx0zua","FC Alverca","","first_team","Created from official 2026/27 squad (Defensive Midfield, TM 796796)"
"2026-09-30T13:36:41.753Z","cmuihq3b2005vh29e4cxx0zua","FC Alverca","cmuo5ft8z001s13o5r6ucvqqz","Zé Rafael","CREATE","","None (New Player)","cmuihq3b2005vh29e4cxx0zua","FC Alverca","","first_team","Created from official 2026/27 squad (Central Midfield, TM 225432)"
"2026-09-30T13:36:41.753Z","cmuihq3b2005vh29e4cxx0zua","FC Alverca","cmuo5ftfz001u13o5mchkmx1v","Tiago Octávio","CREATE","","None (New Player)","cmuihq3b2005vh29e4cxx0zua","FC Alverca","","first_team","Created from official 2026/27 squad (Central Midfield, TM 742459)"
"2026-09-30T13:36:41.753Z","cmuihq3b2005vh29e4cxx0zua","FC Alverca","cmuo5ftks001w13o5kzipeefn","Lucca Giuntini","CREATE","","None (New Player)","cmuihq3b2005vh29e4cxx0zua","FC Alverca","","first_team","Created from official 2026/27 squad (Attacking Midfield, TM 1307181)"
"2026-09-30T13:36:41.753Z","cmuihq3b2005vh29e4cxx0zua","FC Alverca","cmuo5ftpy001y13o5maobc5wn","Rodrigo Catraio","CREATE","","None (New Player)","cmuihq3b2005vh29e4cxx0zua","FC Alverca","","first_team","Created from official 2026/27 squad (Right Winger, TM 1457605)"
"2026-09-30T13:36:41.753Z","cmuihq3b2005vh29e4cxx0zua","FC Alverca","cmuo5ftv9002013o5wz62up8h","Matheus França","CREATE","","None (New Player)","cmuihq3b2005vh29e4cxx0zua","FC Alverca","","first_team","Created from official 2026/27 squad (Second Striker, TM 743597)"
"2026-09-30T13:36:50.249Z","cmuihq2sq005hh29en9069nxw","CF Estrela Amadora","cmuihvvw4035asexpp3q8zjhn","Renan Ribeiro","DETACH","cmuihq2sq005hh29en9069nxw","CF Estrela Amadora","","Unassigned (Detached)","first_team","departed","Absent from official 2026/27 Transfermarkt squad"
"2026-09-30T13:36:50.249Z","cmuihq2sq005hh29en9069nxw","CF Estrela Amadora","cmuihvzvo07c2sexp3g00inoe","Rodrigo Pinho","DETACH","cmuihq2sq005hh29en9069nxw","CF Estrela Amadora","","Unassigned (Detached)","first_team","departed","Absent from official 2026/27 Transfermarkt squad"
"2026-09-30T13:36:50.249Z","cmuihq2sq005hh29en9069nxw","CF Estrela Amadora","cmuihvzvp07ctsexppj6k9ppx","Dudu","DETACH","cmuihq2sq005hh29en9069nxw","CF Estrela Amadora","","Unassigned (Detached)","first_team","departed","Absent from official 2026/27 Transfermarkt squad"
"2026-09-30T13:36:50.249Z","cmuihq2sq005hh29en9069nxw","CF Estrela Amadora","cmuihw0j2087asexpfg5vrs4v","Sydney van Hooijdonk","DETACH","cmuihq2sq005hh29en9069nxw","CF Estrela Amadora","","Unassigned (Detached)","first_team","departed","Absent from official 2026/27 Transfermarkt squad"
"2026-09-30T13:36:50.249Z","cmuihq2sq005hh29en9069nxw","CF Estrela Amadora","cmuihw0jk08eosexp6hu7pgzp","Issiar Dramé","DETACH","cmuihq2sq005hh29en9069nxw","CF Estrela Amadora","","Unassigned (Detached)","first_team","departed","Absent from official 2026/27 Transfermarkt squad"
"2026-09-30T13:36:50.249Z","cmuihq2sq005hh29en9069nxw","CF Estrela Amadora","cmuihw1dn09hbsexp2mxnihow","João Resende","DETACH","cmuihq2sq005hh29en9069nxw","CF Estrela Amadora","","Unassigned (Detached)","first_team","departed","Absent from official 2026/27 Transfermarkt squad"
"2026-09-30T13:36:50.249Z","cmuihq2sq005hh29en9069nxw","CF Estrela Amadora","cmuihw1eu09mhsexp8obzejn2","Yahya Kalley","DETACH","cmuihq2sq005hh29en9069nxw","CF Estrela Amadora","","Unassigned (Detached)","first_team","departed","Absent from official 2026/27 Transfermarkt squad"
"2026-09-30T13:36:50.249Z","cmuihq2sq005hh29en9069nxw","CF Estrela Amadora","cmuihw24f0a1qsexpajihjt1g","Georgiy Tunguliyadi","DETACH","cmuihq2sq005hh29en9069nxw","CF Estrela Amadora","","Unassigned (Detached)","first_team","departed","Absent from official 2026/27 Transfermarkt squad"
"2026-09-30T13:36:50.249Z","cmuihq2sq005hh29en9069nxw","CF Estrela Amadora","cmuihw24p0aazsexpa68bbsef","Alan Godoy","DETACH","cmuihq2sq005hh29en9069nxw","CF Estrela Amadora","","Unassigned (Detached)","first_team","departed","Absent from official 2026/27 Transfermarkt squad"
"2026-09-30T13:36:50.249Z","cmuihq2sq005hh29en9069nxw","CF Estrela Amadora","cmuihw43f0c0fsexp4367ao0t","Assane Ndiaye","DETACH","cmuihq2sq005hh29en9069nxw","CF Estrela Amadora","","Unassigned (Detached)","first_team","departed","Absent from official 2026/27 Transfermarkt squad"
"2026-09-30T13:36:50.249Z","cmuihq2sq005hh29en9069nxw","CF Estrela Amadora","cmuihw2pz0av2sexp164dfdv3","Jorge Meireles","DETACH","cmuihq2sq005hh29en9069nxw","CF Estrela Amadora","","Unassigned (Detached)","first_team","departed","Absent from official 2026/27 Transfermarkt squad"
"2026-09-30T13:36:50.249Z","cmuihq2sq005hh29en9069nxw","CF Estrela Amadora","cmuihw4ra0cujsexppkm5xws1","Mathew Gbomadu","DETACH","cmuihq2sq005hh29en9069nxw","CF Estrela Amadora","","Unassigned (Detached)","first_team","departed","Absent from official 2026/27 Transfermarkt squad"
"2026-09-30T13:36:50.249Z","cmuihq2sq005hh29en9069nxw","CF Estrela Amadora","cmuihw3eh0b8wsexpde90f7fm","Gonzalo Calçada","DETACH","cmuihq2sq005hh29en9069nxw","CF Estrela Amadora","","Unassigned (Detached)","first_team","departed","Absent from official 2026/27 Transfermarkt squad"
"2026-09-30T13:36:50.249Z","cmuihq2sq005hh29en9069nxw","CF Estrela Amadora","cmuihw3ey0blfsexp87sutk2p","Chilohem Onuoha","DETACH","cmuihq2sq005hh29en9069nxw","CF Estrela Amadora","","Unassigned (Detached)","first_team","departed","Absent from official 2026/27 Transfermarkt squad"
"2026-09-30T13:36:50.249Z","cmuihq2sq005hh29en9069nxw","CF Estrela Amadora","cmuihw3f50bq8sexpxyyvsryk","Ni","DETACH","cmuihq2sq005hh29en9069nxw","CF Estrela Amadora","","Unassigned (Detached)","first_team","departed","Absent from official 2026/27 Transfermarkt squad"
"2026-09-30T13:36:50.249Z","cmuihq2sq005hh29en9069nxw","CF Estrela Amadora","cmuihw43q0c7ssexptd2cybp5","Pape Führer","DETACH","cmuihq2sq005hh29en9069nxw","CF Estrela Amadora","","Unassigned (Detached)","first_team","departed","Absent from official 2026/27 Transfermarkt squad"
"2026-09-30T13:36:50.249Z","cmuihq2sq005hh29en9069nxw","CF Estrela Amadora","cmuihw4rl0d0isexppbq0vikq","Alex Sola","DETACH","cmuihq2sq005hh29en9069nxw","CF Estrela Amadora","","Unassigned (Detached)","first_team","departed","Absent from official 2026/27 Transfermarkt squad"
"2026-09-30T13:36:50.249Z","cmuihq2sq005hh29en9069nxw","CF Estrela Amadora","cmuihw2qa0b1nsexppvvtbefe","Stefan Lekovic","ATTACH","","Unassigned","cmuihq2sq005hh29en9069nxw","CF Estrela Amadora","departed","first_team","Confirmed in 2026/27 squad (Centre-Back, TM 797572)"
"2026-09-30T13:36:50.249Z","cmuihq2sq005hh29en9069nxw","CF Estrela Amadora","cmuihvxg804rvsexppwlzzwpo","Rafa Soares","ATTACH","","Unassigned","cmuihq2sq005hh29en9069nxw","CF Estrela Amadora","departed","first_team","Confirmed in 2026/27 squad (Left-Back, TM 198006)"
"2026-09-30T13:36:50.249Z","cmuihq2sq005hh29en9069nxw","CF Estrela Amadora","cmuihw43i0c3asexproujbd91","Lucas Mincarelli","ATTACH","","Unassigned","cmuihq2sq005hh29en9069nxw","CF Estrela Amadora","departed","first_team","Confirmed in 2026/27 squad (Left-Back, TM 982393)"
"2026-09-30T13:36:50.249Z","cmuihq2sq005hh29en9069nxw","CF Estrela Amadora","cmuihvyqf05tjsexpien4xvkc","Joan Jordán","ATTACH","","Unassigned","cmuihq2sq005hh29en9069nxw","CF Estrela Amadora","departed","first_team","Confirmed in 2026/27 squad (Central Midfield, TM 263727)"
"2026-09-30T13:36:50.249Z","cmuihq2sq005hh29en9069nxw","CF Estrela Amadora","cmuihw43g0c1ksexpn85zyg41","Jeremy Arévalo","ATTACH","","Unassigned","cmuihq2sq005hh29en9069nxw","CF Estrela Amadora","departed","first_team","Confirmed in 2026/27 squad (Centre-Forward, TM 971663)"
"2026-09-30T13:36:50.249Z","cmuihq2sq005hh29en9069nxw","CF Estrela Amadora","cmuihw4st0d79sexpisqzgpa0","Henrique Poniewas","ATTACH","","Unassigned","cmuihq2sq005hh29en9069nxw","CF Estrela Amadora","departed","first_team","Confirmed in 2026/27 squad (Centre-Forward, TM 1433067)"
"2026-09-30T13:36:50.249Z","cmuihq2sq005hh29en9069nxw","CF Estrela Amadora","cmuo5fyin002313o50bx1t0st","Léo Linck","CREATE","","None (New Player)","cmuihq2sq005hh29en9069nxw","CF Estrela Amadora","","first_team","Created from official 2026/27 squad (Goalkeeper, TM 742034)"
"2026-09-30T13:36:50.249Z","cmuihq2sq005hh29en9069nxw","CF Estrela Amadora","cmuo5fyqg002513o55a2rm0j3","Santiago Serra","CREATE","","None (New Player)","cmuihq2sq005hh29en9069nxw","CF Estrela Amadora","","first_team","Created from official 2026/27 squad (Defensive Midfield, TM 1293133)"
"2026-09-30T13:36:50.249Z","cmuihq2sq005hh29en9069nxw","CF Estrela Amadora","cmuo5fyxe002713o5tdseze5u","Vuk Pavicevic","CREATE","","None (New Player)","cmuihq2sq005hh29en9069nxw","CF Estrela Amadora","","first_team","Created from official 2026/27 squad (Defensive Midfield, TM 1117939)"
"2026-09-30T13:36:50.249Z","cmuihq2sq005hh29en9069nxw","CF Estrela Amadora","cmuo5fzo3002913o5cgqbf0de","Lovro Zvonarek","CREATE","","None (New Player)","cmuihq2sq005hh29en9069nxw","CF Estrela Amadora","","first_team","Created from official 2026/27 squad (Attacking Midfield, TM 892973)"
"2026-09-30T13:36:50.249Z","cmuihq2sq005hh29en9069nxw","CF Estrela Amadora","cmuo5fzsz002b13o5cqw9xjmo","Emerson Vanga","CREATE","","None (New Player)","cmuihq2sq005hh29en9069nxw","CF Estrela Amadora","","first_team","Created from official 2026/27 squad (Attacking Midfield, TM 1183328)"
"2026-09-30T13:36:50.249Z","cmuihq2sq005hh29en9069nxw","CF Estrela Amadora","cmuo5fzxj002d13o5g0ru4kz1","Ianis Stoica","CREATE","","None (New Player)","cmuihq2sq005hh29en9069nxw","CF Estrela Amadora","","first_team","Created from official 2026/27 squad (Left Winger, TM 547754)"
"2026-09-30T13:36:50.249Z","cmuihq2sq005hh29en9069nxw","CF Estrela Amadora","cmuo5g02i002f13o5kk6q32v1","Bénito","CREATE","","None (New Player)","cmuihq2sq005hh29en9069nxw","CF Estrela Amadora","","first_team","Created from official 2026/27 squad (Left Winger, TM 768562)"
"2026-09-30T13:36:50.249Z","cmuihq2sq005hh29en9069nxw","CF Estrela Amadora","cmuo5g07f002h13o5xlgtfazt","Rodrigo Dudok","CREATE","","None (New Player)","cmuihq2sq005hh29en9069nxw","CF Estrela Amadora","","first_team","Created from official 2026/27 squad (Left Winger, TM 1062317)"
"2026-09-30T13:36:50.249Z","cmuihq2sq005hh29en9069nxw","CF Estrela Amadora","cmuo5g0gz002j13o5izixloe1","Si-woo Yang","CREATE","","None (New Player)","cmuihq2sq005hh29en9069nxw","CF Estrela Amadora","","first_team","Created from official 2026/27 squad (Right Winger, TM 1035894)"
"2026-09-30T13:36:50.249Z","cmuihq2sq005hh29en9069nxw","CF Estrela Amadora","cmuo5g0lr002l13o5c5wh6wlj","René Mitongo","CREATE","","None (New Player)","cmuihq2sq005hh29en9069nxw","CF Estrela Amadora","","first_team","Created from official 2026/27 squad (Centre-Forward, TM 1241698)"
"2026-09-30T13:36:56.441Z","cmuihpzrk003th29ed2012pii","GD Estoril Praia","cmuihvzvx07igsexprkd6gk5r","Gonçalo Costa","DETACH","cmuihpzrk003th29ed2012pii","GD Estoril Praia","","Unassigned (Detached)","first_team","departed","Absent from official 2026/27 Transfermarkt squad"
"2026-09-30T13:36:56.441Z","cmuihpzrk003th29ed2012pii","GD Estoril Praia","cmuihvzw107l0sexpk2njt2ss","Jandro Orellana","DETACH","cmuihpzrk003th29ed2012pii","GD Estoril Praia","","Unassigned (Detached)","first_team","departed","Absent from official 2026/27 Transfermarkt squad"
"2026-09-30T13:36:56.441Z","cmuihpzrk003th29ed2012pii","GD Estoril Praia","cmuihw2pr0amxsexpit6rcyra","Kévin Boma","DETACH","cmuihpzrk003th29ed2012pii","GD Estoril Praia","","Unassigned (Detached)","first_team","departed","Absent from official 2026/27 Transfermarkt squad"
"2026-09-30T13:36:56.441Z","cmuihpzrk003th29ed2012pii","GD Estoril Praia","cmuihw3eu0bicsexpcii2amvc","Bernardo Lourenço","DETACH","cmuihpzrk003th29ed2012pii","GD Estoril Praia","","Unassigned (Detached)","first_team","departed","Absent from official 2026/27 Transfermarkt squad"
"2026-09-30T13:36:56.441Z","cmuihpzrk003th29ed2012pii","GD Estoril Praia","cmuihw43w0cd1sexpokl0aqq1","Diogo Brasido","DETACH","cmuihpzrk003th29ed2012pii","GD Estoril Praia","","Unassigned (Detached)","first_team","departed","Absent from official 2026/27 Transfermarkt squad"
"2026-09-30T13:36:56.441Z","cmuihpzrk003th29ed2012pii","GD Estoril Praia","cmuihw2pj0aiysexp322x67p7","Martin Turk","ATTACH","","Unassigned","cmuihpzrk003th29ed2012pii","GD Estoril Praia","departed","first_team","Confirmed in 2026/27 squad (Goalkeeper, TM 700643)"
"2026-09-30T13:36:56.441Z","cmuihpzrk003th29ed2012pii","GD Estoril Praia","cmuihw3ey0blqsexp1zmarzrh","Diogo Dias","ATTACH","","Unassigned","cmuihpzrk003th29ed2012pii","GD Estoril Praia","departed","first_team","Confirmed in 2026/27 squad (Goalkeeper, TM 906307)"
"2026-09-30T13:36:56.441Z","cmuihpzrk003th29ed2012pii","GD Estoril Praia","cmuihvyr306bdsexpejspyaza","Ferro","ATTACH","","Unassigned","cmuihpzrk003th29ed2012pii","GD Estoril Praia","departed","first_team","Confirmed in 2026/27 squad (Centre-Back, TM 294321)"
"2026-09-30T13:36:56.441Z","cmuihpzrk003th29ed2012pii","GD Estoril Praia","cmuihw2pt0aphsexp7eon139b","Ismael Sierra","ATTACH","","Unassigned","cmuihpzrk003th29ed2012pii","GD Estoril Praia","departed","first_team","Confirmed in 2026/27 squad (Centre-Back, TM 718195)"
"2026-09-30T13:36:56.441Z","cmuihpzrk003th29ed2012pii","GD Estoril Praia","cmuihw1dl09fqsexpois0icke","Xavi Sintes","ATTACH","","Unassigned","cmuihpzrk003th29ed2012pii","GD Estoril Praia","departed","first_team","Confirmed in 2026/27 squad (Centre-Back, TM 569876)"
"2026-09-30T13:36:56.441Z","cmuihpzrk003th29ed2012pii","GD Estoril Praia","cmuihw43u0cb7sexpwssahyht","Sam Amissah","ATTACH","","Unassigned","cmuihpzrk003th29ed2012pii","GD Estoril Praia","departed","first_team","Confirmed in 2026/27 squad (Centre-Back, TM 1026524)"
"2026-09-30T13:36:56.441Z","cmuihpzrk003th29ed2012pii","GD Estoril Praia","cmuihw0jk08eusexpyu82knl0","Fernando Medrano","ATTACH","","Unassigned","cmuihpzrk003th29ed2012pii","GD Estoril Praia","departed","first_team","Confirmed in 2026/27 squad (Left-Back, TM 461619)"
"2026-09-30T13:36:56.441Z","cmuihpzrk003th29ed2012pii","GD Estoril Praia","cmuihw3f40bpnsexp9ujnbzua","Tiago Parente","ATTACH","","Unassigned","cmuihpzrk003th29ed2012pii","GD Estoril Praia","departed","first_team","Confirmed in 2026/27 squad (Left-Back, TM 925417)"
"2026-09-30T13:36:56.441Z","cmuihpzrk003th29ed2012pii","GD Estoril Praia","cmuihvzw107kzsexpbffksu5g","Ricard Sánchez","ATTACH","","Unassigned","cmuihpzrk003th29ed2012pii","GD Estoril Praia","departed","first_team","Confirmed in 2026/27 squad (Right-Back, TM 388545)"
"2026-09-30T13:36:56.441Z","cmuihpzrk003th29ed2012pii","GD Estoril Praia","cmuihw0k908sssexp5f6th7hu","Antef Tsoungui","ATTACH","","Unassigned","cmuihpzrk003th29ed2012pii","GD Estoril Praia","departed","first_team","Confirmed in 2026/27 squad (Defensive Midfield, TM 503858)"
"2026-09-30T13:36:56.441Z","cmuihpzrk003th29ed2012pii","GD Estoril Praia","cmuihw43u0carsexpsrbohi48","Tiago Brito","ATTACH","","Unassigned","cmuihpzrk003th29ed2012pii","GD Estoril Praia","departed","first_team","Confirmed in 2026/27 squad (Defensive Midfield, TM 1020686)"
"2026-09-30T13:36:56.441Z","cmuihpzrk003th29ed2012pii","GD Estoril Praia","cmuihw3eh0b8xsexprku8q1jh","Luís Gomes","ATTACH","","Unassigned","cmuihpzrk003th29ed2012pii","GD Estoril Praia","departed","first_team","Confirmed in 2026/27 squad (Attacking Midfield, TM 826490)"
"2026-09-30T13:36:56.441Z","cmuihpzrk003th29ed2012pii","GD Estoril Praia","cmuihw3f30bpfsexpg0rt7sp5","Axel Camblan","ATTACH","","Unassigned","cmuihpzrk003th29ed2012pii","GD Estoril Praia","departed","first_team","Confirmed in 2026/27 squad (Right Winger, TM 924800)"
"2026-09-30T13:36:56.441Z","cmuihpzrk003th29ed2012pii","GD Estoril Praia","cmuihw4460cjnsexp09f07zpo","Fabrício Garcia","ATTACH","","Unassigned","cmuihpzrk003th29ed2012pii","GD Estoril Praia","departed","first_team","Confirmed in 2026/27 squad (Right Winger, TM 1070645)"
"2026-09-30T13:36:56.441Z","cmuihpzrk003th29ed2012pii","GD Estoril Praia","cmuihw4ra0cuisexp0864le56","Peixinho","ATTACH","","Unassigned","cmuihpzrk003th29ed2012pii","GD Estoril Praia","departed","first_team","Confirmed in 2026/27 squad (Right Winger, TM 1159044)"
"2026-09-30T13:36:56.441Z","cmuihpzrk003th29ed2012pii","GD Estoril Praia","cmuihw24d0a0usexpdaed3uwr","Israel Salazar","ATTACH","","Unassigned","cmuihpzrk003th29ed2012pii","GD Estoril Praia","departed","first_team","Confirmed in 2026/27 squad (Centre-Forward, TM 634430)"
"2026-09-30T13:36:56.441Z","cmuihpzrk003th29ed2012pii","GD Estoril Praia","cmuo5g3br002o13o5ithu5vxq","Stelios Andreou","CREATE","","None (New Player)","cmuihpzrk003th29ed2012pii","GD Estoril Praia","","first_team","Created from official 2026/27 squad (Centre-Back, TM 613964)"
"2026-09-30T13:36:56.441Z","cmuihpzrk003th29ed2012pii","GD Estoril Praia","cmuo5g3o8002q13o5ul38e7yg","Jordan Arnolin","CREATE","","None (New Player)","cmuihpzrk003th29ed2012pii","GD Estoril Praia","","first_team","Created from official 2026/27 squad (Centre-Back, TM 1384113)"
"2026-09-30T13:36:56.441Z","cmuihpzrk003th29ed2012pii","GD Estoril Praia","cmuo5g3xd002s13o543g9v4gf","Roko Jurisic","CREATE","","None (New Player)","cmuihpzrk003th29ed2012pii","GD Estoril Praia","","first_team","Created from official 2026/27 squad (Left-Back, TM 570721)"
"2026-09-30T13:36:56.441Z","cmuihpzrk003th29ed2012pii","GD Estoril Praia","cmuo5g42o002u13o5azvxfrkr","Milan Robin","CREATE","","None (New Player)","cmuihpzrk003th29ed2012pii","GD Estoril Praia","","first_team","Created from official 2026/27 squad (Central Midfield, TM 371143)"
"2026-09-30T13:36:56.441Z","cmuihpzrk003th29ed2012pii","GD Estoril Praia","cmuo5g48u002w13o5zlsoiiby","Nail Omerovic","CREATE","","None (New Player)","cmuihpzrk003th29ed2012pii","GD Estoril Praia","","first_team","Created from official 2026/27 squad (Left Winger, TM 797824)"
"2026-09-30T13:37:01.961Z","cmuihq2g9005fh29e1fanj221","Rio Ave FC","cmuihvy6q05q3sexpnxai6bcn","João Graça","DETACH","cmuihq2g9005fh29e1fanj221","Rio Ave FC","","Unassigned (Detached)","first_team","departed","Absent from official 2026/27 Transfermarkt squad"
"2026-09-30T13:37:01.961Z","cmuihq2g9005fh29e1fanj221","Rio Ave FC","cmuihvzvu07fusexp9etk5iqh","Marc Gual","DETACH","cmuihq2g9005fh29e1fanj221","Rio Ave FC","","Unassigned (Detached)","first_team","departed","Absent from official 2026/27 Transfermarkt squad"
"2026-09-30T13:37:01.961Z","cmuihq2g9005fh29e1fanj221","Rio Ave FC","cmuihw43i0c3csexpq89xysd3","Karem Zoabi","DETACH","cmuihq2g9005fh29e1fanj221","Rio Ave FC","","Unassigned (Detached)","first_team","departed","Absent from official 2026/27 Transfermarkt squad"
"2026-09-30T13:37:01.961Z","cmuihq2g9005fh29e1fanj221","Rio Ave FC","cmuihvzwh07uysexp8m19z0g9","Ole Pohlmann","DETACH","cmuihq2g9005fh29e1fanj221","Rio Ave FC","","Unassigned (Detached)","first_team","departed","Absent from official 2026/27 Transfermarkt squad"
"2026-09-30T13:37:01.961Z","cmuihq2g9005fh29e1fanj221","Rio Ave FC","cmuihw1bz093csexpozaeazb5","Alfonso Pastor","DETACH","cmuihq2g9005fh29e1fanj221","Rio Ave FC","","Unassigned (Detached)","first_team","departed","Absent from official 2026/27 Transfermarkt squad"
"2026-09-30T13:37:01.961Z","cmuihq2g9005fh29e1fanj221","Rio Ave FC","cmuihw43m0c5wsexpudw6kwrb","Amine Rehmi","DETACH","cmuihq2g9005fh29e1fanj221","Rio Ave FC","","Unassigned (Detached)","first_team","departed","Absent from official 2026/27 Transfermarkt squad"
"2026-09-30T13:37:01.961Z","cmuihq2g9005fh29e1fanj221","Rio Ave FC","cmuihw44c0co8sexp5rupt2y9","Rafael Lobato","DETACH","cmuihq2g9005fh29e1fanj221","Rio Ave FC","","Unassigned (Detached)","first_team","departed","Absent from official 2026/27 Transfermarkt squad"
"2026-09-30T13:37:01.961Z","cmuihq2g9005fh29e1fanj221","Rio Ave FC","cmuihw3f30bp0sexpm5mewahu","Antzelo Sina","ATTACH","","Unassigned","cmuihq2g9005fh29e1fanj221","Rio Ave FC","departed","first_team","Confirmed in 2026/27 squad (Goalkeeper, TM 923129)"
"2026-09-30T13:37:01.961Z","cmuihq2g9005fh29e1fanj221","Rio Ave FC","cmuihvzam06l1sexpjkjok3pv","Pedro Amaral","ATTACH","","Unassigned","cmuihq2g9005fh29e1fanj221","Rio Ave FC","departed","first_team","Confirmed in 2026/27 squad (Left-Back, TM 319623)"
"2026-09-30T13:37:01.961Z","cmuihq2g9005fh29e1fanj221","Rio Ave FC","cmuihw24509uksexp144ccu0y","Zé Carlos","ATTACH","","Unassigned","cmuihq2g9005fh29e1fanj221","Rio Ave FC","departed","first_team","Confirmed in 2026/27 squad (Right-Back, TM 617679)"
"2026-09-30T13:37:01.961Z","cmuihq2g9005fh29e1fanj221","Rio Ave FC","cmuihw2qf0b4zsexpc1b7wbsc","Malik Sellouki","ATTACH","","Unassigned","cmuihq2g9005fh29e1fanj221","Rio Ave FC","departed","first_team","Confirmed in 2026/27 squad (Attacking Midfield, TM 811430)"
"2026-09-30T13:37:01.961Z","cmuihq2g9005fh29e1fanj221","Rio Ave FC","cmuo5g7ob002z13o5fau79klw","Vítor Hugo","CREATE","","None (New Player)","cmuihq2g9005fh29e1fanj221","Rio Ave FC","","first_team","Created from official 2026/27 squad (Goalkeeper, TM 868073)"
"2026-09-30T13:37:01.961Z","cmuihq2g9005fh29e1fanj221","Rio Ave FC","cmuo5g7to003113o5o7jsixvx","Simón García","CREATE","","None (New Player)","cmuihq2g9005fh29e1fanj221","Rio Ave FC","","first_team","Created from official 2026/27 squad (Centre-Back, TM 1202035)"
"2026-09-30T13:37:01.961Z","cmuihq2g9005fh29e1fanj221","Rio Ave FC","cmuo5g80m003313o5qfbgi5nv","Gustavo Mancha","CREATE","","None (New Player)","cmuihq2g9005fh29e1fanj221","Rio Ave FC","","first_team","Created from official 2026/27 squad (Centre-Back, TM 1082582)"
"2026-09-30T13:37:01.961Z","cmuihq2g9005fh29e1fanj221","Rio Ave FC","cmuo5g877003513o5z9rz49hp","Caike","CREATE","","None (New Player)","cmuihq2g9005fh29e1fanj221","Rio Ave FC","","first_team","Created from official 2026/27 squad (Centre-Back, TM 1374960)"
"2026-09-30T13:37:01.961Z","cmuihq2g9005fh29e1fanj221","Rio Ave FC","cmuo5g8ca003713o5812lmg2u","Diogo Nascimento","CREATE","","None (New Player)","cmuihq2g9005fh29e1fanj221","Rio Ave FC","","first_team","Created from official 2026/27 squad (Central Midfield, TM 654099)"
"2026-09-30T13:37:01.961Z","cmuihq2g9005fh29e1fanj221","Rio Ave FC","cmuo5g8gy003913o54o09q0xy","Antoine Wenck","CREATE","","None (New Player)","cmuihq2g9005fh29e1fanj221","Rio Ave FC","","first_team","Created from official 2026/27 squad (Central Midfield, TM 1380099)"
"2026-09-30T13:37:01.961Z","cmuihq2g9005fh29e1fanj221","Rio Ave FC","cmuo5g8r2003b13o5u2kc95t3","Miguel Patricío","CREATE","","None (New Player)","cmuihq2g9005fh29e1fanj221","Rio Ave FC","","first_team","Created from official 2026/27 squad (Attacking Midfield, TM 1412007)"
"2026-09-30T13:37:01.961Z","cmuihq2g9005fh29e1fanj221","Rio Ave FC","cmuo5g8vy003d13o539icw8n3","Sebastian Clemmensen","CREATE","","None (New Player)","cmuihq2g9005fh29e1fanj221","Rio Ave FC","","first_team","Created from official 2026/27 squad (Right Winger, TM 805190)"
"2026-09-30T13:37:01.961Z","cmuihq2g9005fh29e1fanj221","Rio Ave FC","cmuo5g916003f13o5tm13ty6b","Roland Galcik","CREATE","","None (New Player)","cmuihq2g9005fh29e1fanj221","Rio Ave FC","","first_team","Created from official 2026/27 squad (Right Winger, TM 627030)"
"2026-09-30T13:37:01.961Z","cmuihq2g9005fh29e1fanj221","Rio Ave FC","cmuo5g96a003h13o5clanf6oi","Radek Siler","CREATE","","None (New Player)","cmuihq2g9005fh29e1fanj221","Rio Ave FC","","first_team","Created from official 2026/27 squad (Centre-Forward, TM 1046726)"
"2026-09-30T13:37:01.961Z","cmuihq2g9005fh29e1fanj221","Rio Ave FC","cmuo5g9gn003j13o519ziw4wf","Samuel Alves","CREATE","","None (New Player)","cmuihq2g9005fh29e1fanj221","Rio Ave FC","","first_team","Created from official 2026/27 squad (Centre-Forward, TM 1502255)"
"2026-09-30T13:37:13.359Z","cmuihqf7m00cfh29exy9mxhu8","FC Arouca","cmuihw24n0a92sexpfb8bjklo","Vladislav Morozov","DETACH","cmuihqf7m00cfh29exy9mxhu8","FC Arouca","","Unassigned (Detached)","first_team","departed","Absent from official 2026/27 Transfermarkt squad"
"2026-09-30T13:37:13.359Z","cmuihqf7m00cfh29exy9mxhu8","FC Arouca","cmuihw3eg0b88sexpxvte7wgv","Matías Rocha","DETACH","cmuihqf7m00cfh29exy9mxhu8","FC Arouca","","Unassigned (Detached)","first_team","departed","Absent from official 2026/27 Transfermarkt squad"
"2026-09-30T13:37:13.359Z","cmuihqf7m00cfh29exy9mxhu8","FC Arouca","cmuihw3ei0b9qsexpm4iqg90u","Romualdas Jansonas","DETACH","cmuihqf7m00cfh29exy9mxhu8","FC Arouca","","Unassigned (Detached)","first_team","departed","Absent from official 2026/27 Transfermarkt squad"
"2026-09-30T13:37:13.359Z","cmuihqf7m00cfh29exy9mxhu8","FC Arouca","cmuihw1bv091isexp6w445mzw","João Valido","DETACH","cmuihqf7m00cfh29exy9mxhu8","FC Arouca","","Unassigned (Detached)","first_team","departed","Absent from official 2026/27 Transfermarkt squad"
"2026-09-30T13:37:13.359Z","cmuihqf7m00cfh29exy9mxhu8","FC Arouca","cmuihw24e0a1jsexpca9rq5ew","Arnau Solà","DETACH","cmuihqf7m00cfh29exy9mxhu8","FC Arouca","","Unassigned (Detached)","first_team","departed","Absent from official 2026/27 Transfermarkt squad"
"2026-09-30T13:37:13.359Z","cmuihqf7m00cfh29exy9mxhu8","FC Arouca","cmuihw24i0a4wsexpxb026539","Amadou Dante","DETACH","cmuihqf7m00cfh29exy9mxhu8","FC Arouca","","Unassigned (Detached)","first_team","departed","Absent from official 2026/27 Transfermarkt squad"
"2026-09-30T13:37:13.359Z","cmuihqf7m00cfh29exy9mxhu8","FC Arouca","cmuihw2pq0amlsexpcip1owha","Hyun-ju Lee","DETACH","cmuihqf7m00cfh29exy9mxhu8","FC Arouca","","Unassigned (Detached)","first_team","departed","Absent from official 2026/27 Transfermarkt squad"
"2026-09-30T13:37:13.359Z","cmuihqf7m00cfh29exy9mxhu8","FC Arouca","cmuihw1bq08ytsexpwoups7nn","Orest Lebedenko","ATTACH","","Unassigned","cmuihqf7m00cfh29exy9mxhu8","FC Arouca","departed","first_team","Confirmed in 2026/27 squad (Left-Back, TM 524964)"
"2026-09-30T13:37:13.359Z","cmuihqf7m00cfh29exy9mxhu8","FC Arouca","cmuihw3fc0bvusexpoqfwz4y0","Leo Shahar","ATTACH","","Unassigned","cmuihqf7m00cfh29exy9mxhu8","FC Arouca","departed","first_team","Confirmed in 2026/27 squad (Right-Back, TM 940858)"
"2026-09-30T13:37:13.359Z","cmuihqf7m00cfh29exy9mxhu8","FC Arouca","cmuihw4420ch9sexposxfbjyi","Mateo Flores","ATTACH","","Unassigned","cmuihqf7m00cfh29exy9mxhu8","FC Arouca","departed","first_team","Confirmed in 2026/27 squad (Central Midfield, TM 1061283)"
"2026-09-30T13:37:13.359Z","cmuihqf7m00cfh29exy9mxhu8","FC Arouca","cmuo5gggc003m13o5dco5pz3l","Martim Duarte","CREATE","","None (New Player)","cmuihqf7m00cfh29exy9mxhu8","FC Arouca","","first_team","Created from official 2026/27 squad (Goalkeeper, TM 575723)"
"2026-09-30T13:37:13.359Z","cmuihqf7m00cfh29exy9mxhu8","FC Arouca","cmuo5ggle003o13o5ug9rbou2","Mario Climent","CREATE","","None (New Player)","cmuihqf7m00cfh29exy9mxhu8","FC Arouca","","first_team","Created from official 2026/27 squad (Left-Back, TM 720526)"
"2026-09-30T13:37:13.359Z","cmuihqf7m00cfh29exy9mxhu8","FC Arouca","cmuo5ggq4003q13o5qfsrv28i","Gabriel Rukavina","CREATE","","None (New Player)","cmuihqf7m00cfh29exy9mxhu8","FC Arouca","","first_team","Created from official 2026/27 squad (Left Winger, TM 743567)"
"2026-09-30T13:37:13.359Z","cmuihqf7m00cfh29exy9mxhu8","FC Arouca","cmuo5gguy003s13o5tsjbccqh","Si-hoo Park","CREATE","","None (New Player)","cmuihqf7m00cfh29exy9mxhu8","FC Arouca","","first_team","Created from official 2026/27 squad (Left Winger, TM 1154528)"
"2026-09-30T13:37:13.359Z","cmuihqf7m00cfh29exy9mxhu8","FC Arouca","cmuo5ggzy003u13o5nmzgog6y","Costinha","CREATE","","None (New Player)","cmuihqf7m00cfh29exy9mxhu8","FC Arouca","","first_team","Created from official 2026/27 squad (Right Winger, TM 1582293)"
"2026-09-30T13:37:21.271Z","cmuihq5nq0073h29e11xogoc5","Casa Pia AC","cmuihvu46018qsexpbpz0nzfl","Ricardo Batista","DETACH","cmuihq5nq0073h29e11xogoc5","Casa Pia AC","","Unassigned (Detached)","first_team","departed","Absent from official 2026/27 Transfermarkt squad"
"2026-09-30T13:37:21.271Z","cmuihq5nq0073h29e11xogoc5","Casa Pia AC","cmuihw0j2087bsexppts3d48w","Gaizka Larrazabal","DETACH","cmuihq5nq0073h29e11xogoc5","Casa Pia AC","","Unassigned (Detached)","first_team","departed","Absent from official 2026/27 Transfermarkt squad"
"2026-09-30T13:37:21.271Z","cmuihq5nq0073h29e11xogoc5","Casa Pia AC","cmuihw0ka08t8sexpqvsjaz3n","Rafael Brito","DETACH","cmuihq5nq0073h29e11xogoc5","Casa Pia AC","","Unassigned (Detached)","first_team","departed","Absent from official 2026/27 Transfermarkt squad"
"2026-09-30T13:37:21.271Z","cmuihq5nq0073h29e11xogoc5","Casa Pia AC","cmuihw1bt090asexpufau9ao9","Kiki","DETACH","cmuihq5nq0073h29e11xogoc5","Casa Pia AC","","Unassigned (Detached)","first_team","departed","Absent from official 2026/27 Transfermarkt squad"
"2026-09-30T13:37:21.271Z","cmuihq5nq0073h29e11xogoc5","Casa Pia AC","cmuihw2pj0aihsexpqlgqy89j","Clau Mendes","DETACH","cmuihq5nq0073h29e11xogoc5","Casa Pia AC","","Unassigned (Detached)","first_team","departed","Absent from official 2026/27 Transfermarkt squad"
"2026-09-30T13:37:21.271Z","cmuihq5nq0073h29e11xogoc5","Casa Pia AC","cmuihw43h0c27sexp29f661t2","Korede Osundina","DETACH","cmuihq5nq0073h29e11xogoc5","Casa Pia AC","","Unassigned (Detached)","first_team","departed","Absent from official 2026/27 Transfermarkt squad"
"2026-09-30T13:37:21.271Z","cmuihq5nq0073h29e11xogoc5","Casa Pia AC","cmuihw2qc0b37sexpfqf1x7ho","Iyad Mohamed","DETACH","cmuihq5nq0073h29e11xogoc5","Casa Pia AC","","Unassigned (Detached)","first_team","departed","Absent from official 2026/27 Transfermarkt squad"
"2026-09-30T13:37:21.271Z","cmuihq5nq0073h29e11xogoc5","Casa Pia AC","cmuihw24q0abnsexpbmuuv7x9","André Gomes","ATTACH","","Unassigned","cmuihq5nq0073h29e11xogoc5","Casa Pia AC","departed","first_team","Confirmed in 2026/27 squad (Goalkeeper, TM 670710)"
"2026-09-30T13:37:21.271Z","cmuihq5nq0073h29e11xogoc5","Casa Pia AC","cmuihw2qg0b5xsexpc6xud6c1","Ivan Mandić","ATTACH","","Unassigned","cmuihq5nq0073h29e11xogoc5","Casa Pia AC","departed","first_team","Confirmed in 2026/27 squad (Goalkeeper, TM 815219)"
"2026-09-30T13:37:21.271Z","cmuihq5nq0073h29e11xogoc5","Casa Pia AC","cmuihvzvx07ifsexpssvig5gg","Daniel Azevedo","ATTACH","","Unassigned","cmuihq5nq0073h29e11xogoc5","Casa Pia AC","departed","first_team","Confirmed in 2026/27 squad (Goalkeeper, TM 383008)"
"2026-09-30T13:37:21.271Z","cmuihq5nq0073h29e11xogoc5","Casa Pia AC","cmuihw2py0au9sexpo9v9jd8a","David Sousa","ATTACH","","Unassigned","cmuihq5nq0073h29e11xogoc5","Casa Pia AC","departed","first_team","Confirmed in 2026/27 squad (Centre-Back, TM 740159)"
"2026-09-30T13:37:21.271Z","cmuihq5nq0073h29e11xogoc5","Casa Pia AC","cmuihw24c0a0esexpd0amh16c","Kaique Rocha","ATTACH","","Unassigned","cmuihq5nq0073h29e11xogoc5","Casa Pia AC","departed","first_team","Confirmed in 2026/27 squad (Centre-Back, TM 633377)"
"2026-09-30T13:37:21.271Z","cmuihq5nq0073h29e11xogoc5","Casa Pia AC","cmuihw3ez0bm4sexpswfopo7v","Felipe Silva","ATTACH","","Unassigned","cmuihq5nq0073h29e11xogoc5","Casa Pia AC","departed","first_team","Confirmed in 2026/27 squad (Centre-Back, TM 908236)"
"2026-09-30T13:37:21.271Z","cmuihq5nq0073h29e11xogoc5","Casa Pia AC","cmuihvzaz06u2sexpy6a0ap2c","Abdu Conté","ATTACH","","Unassigned","cmuihq5nq0073h29e11xogoc5","Casa Pia AC","departed","first_team","Confirmed in 2026/27 squad (Left-Back, TM 337798)"
"2026-09-30T13:37:21.271Z","cmuihq5nq0073h29e11xogoc5","Casa Pia AC","cmuihw2pi0ahdsexpg7rm0mla","Pedro Rosas","ATTACH","","Unassigned","cmuihq5nq0073h29e11xogoc5","Casa Pia AC","departed","first_team","Confirmed in 2026/27 squad (Left-Back, TM 696504)"
"2026-09-30T13:37:21.271Z","cmuihq5nq0073h29e11xogoc5","Casa Pia AC","cmuihw4420chfsexp8k88szw3","Selvi Clua","ATTACH","","Unassigned","cmuihq5nq0073h29e11xogoc5","Casa Pia AC","departed","first_team","Confirmed in 2026/27 squad (Defensive Midfield, TM 1061660)"
"2026-09-30T13:37:21.271Z","cmuihq5nq0073h29e11xogoc5","Casa Pia AC","cmuihvxfr04g4sexpp655fvdm","Seba Pérez","ATTACH","","Unassigned","cmuihq5nq0073h29e11xogoc5","Casa Pia AC","departed","first_team","Confirmed in 2026/27 squad (Defensive Midfield, TM 182108)"
"2026-09-30T13:37:21.271Z","cmuihq5nq0073h29e11xogoc5","Casa Pia AC","cmuihw1by092nsexp49gyl6th","Lawrence Ofori","ATTACH","","Unassigned","cmuihq5nq0073h29e11xogoc5","Casa Pia AC","departed","first_team","Confirmed in 2026/27 squad (Central Midfield, TM 536081)"
"2026-09-30T13:37:21.271Z","cmuihq5nq0073h29e11xogoc5","Casa Pia AC","cmuihw4rm0d0osexpyk2rmdj1","Kevin Prieto","ATTACH","","Unassigned","cmuihq5nq0073h29e11xogoc5","Casa Pia AC","departed","first_team","Confirmed in 2026/27 squad (Unknown, TM 1221003)"
"2026-09-30T13:37:21.271Z","cmuihq5nq0073h29e11xogoc5","Casa Pia AC","cmuihw3f70brzsexp5a4a0krv","João Rego","ATTACH","","Unassigned","cmuihq5nq0073h29e11xogoc5","Casa Pia AC","departed","first_team","Confirmed in 2026/27 squad (Attacking Midfield, TM 931415)"
"2026-09-30T13:37:21.271Z","cmuihq5nq0073h29e11xogoc5","Casa Pia AC","cmuihvyqy0680sexpntq7eq52","Rochinha","ATTACH","","Unassigned","cmuihq5nq0073h29e11xogoc5","Casa Pia AC","departed","first_team","Confirmed in 2026/27 squad (Left Winger, TM 290336)"
"2026-09-30T13:37:21.271Z","cmuihq5nq0073h29e11xogoc5","Casa Pia AC","cmuihw24509uhsexp5l0piad7","Henrique Araújo","ATTACH","","Unassigned","cmuihq5nq0073h29e11xogoc5","Casa Pia AC","departed","first_team","Confirmed in 2026/27 squad (Centre-Forward, TM 617267)"
"2026-09-30T13:37:21.271Z","cmuihq5nq0073h29e11xogoc5","Casa Pia AC","cmuihw44c0corsexp8bxaiqnw","Benjamin Pauwels","REASSIGN","cmuihonz1002db23fh4pcz91g","CD Leganés","cmuihq5nq0073h29e11xogoc5","Casa Pia AC","first_team","first_team","Transferred from CD Leganés to Casa Pia AC (TM 1104143)"
"2026-09-30T13:37:21.271Z","cmuihq5nq0073h29e11xogoc5","Casa Pia AC","cmuo5gmos003x13o5n3y38tto","JP","CREATE","","None (New Player)","cmuihq5nq0073h29e11xogoc5","Casa Pia AC","","first_team","Created from official 2026/27 squad (Central Midfield, TM 1083970)"
"2026-09-30T13:37:21.271Z","cmuihq5nq0073h29e11xogoc5","Casa Pia AC","cmuo5gmtu003z13o58ls0oi4i","Gabi","CREATE","","None (New Player)","cmuihq5nq0073h29e11xogoc5","Casa Pia AC","","first_team","Created from official 2026/27 squad (Central Midfield, TM 567516)"
"2026-09-30T13:37:21.271Z","cmuihq5nq0073h29e11xogoc5","Casa Pia AC","cmuo5gmz5004113o5p3iaay1c","Abdu Dafe","CREATE","","None (New Player)","cmuihq5nq0073h29e11xogoc5","Casa Pia AC","","first_team","Created from official 2026/27 squad (Central Midfield, TM 1534934)"
"2026-09-30T13:37:21.271Z","cmuihq5nq0073h29e11xogoc5","Casa Pia AC","cmuo5gn47004313o5ojri5kto","Aymen Zouin","CREATE","","None (New Player)","cmuihq5nq0073h29e11xogoc5","Casa Pia AC","","first_team","Created from official 2026/27 squad (Left Winger, TM 1188771)"
"2026-09-30T13:37:21.271Z","cmuihq5nq0073h29e11xogoc5","Casa Pia AC","cmuo5gn9a004513o5xwsyoshb","Mohamed Salah","CREATE","","None (New Player)","cmuihq5nq0073h29e11xogoc5","Casa Pia AC","","first_team","Created from official 2026/27 squad (Right Winger, TM 1018201)"
"2026-09-30T13:37:21.271Z","cmuihq5nq0073h29e11xogoc5","Casa Pia AC","cmuo5gnpa004713o5e2amfcbc","Alassana Jatta","CREATE","","None (New Player)","cmuihq5nq0073h29e11xogoc5","Casa Pia AC","","first_team","Created from official 2026/27 squad (Centre-Forward, TM 631704)"
"2026-09-30T13:37:21.271Z","cmuihq5nq0073h29e11xogoc5","Casa Pia AC","cmuo5gnu7004913o5uzz1i36k","Evans Maurin","CREATE","","None (New Player)","cmuihq5nq0073h29e11xogoc5","Casa Pia AC","","first_team","Created from official 2026/27 squad (Centre-Forward, TM 823521)"
"2026-09-30T13:37:27.114Z","cmuihqgut00dbh29eg5w6uzl6","Moreirense FC","cmuihvxfo04czsexpgbzarmzc","Caio Secco","DETACH","cmuihqgut00dbh29eg5w6uzl6","Moreirense FC","","Unassigned (Detached)","first_team","departed","Absent from official 2026/27 Transfermarkt squad"
"2026-09-30T13:37:27.114Z","cmuihqgut00dbh29eg5w6uzl6","Moreirense FC","cmuihvwrp03t0sexpi8y1soii","Mika","DETACH","cmuihqgut00dbh29eg5w6uzl6","Moreirense FC","","Unassigned (Detached)","first_team","departed","Absent from official 2026/27 Transfermarkt squad"
"2026-09-30T13:37:27.114Z","cmuihqgut00dbh29eg5w6uzl6","Moreirense FC","cmuihw1by0936sexplono892o","Cedric Teguia","DETACH","cmuihqgut00dbh29eg5w6uzl6","Moreirense FC","","Unassigned (Detached)","first_team","departed","Absent from official 2026/27 Transfermarkt squad"
"2026-09-30T13:37:27.114Z","cmuihqgut00dbh29eg5w6uzl6","Moreirense FC","cmuihw24c0a09sexpsgk3ey0z","Joel Jorquera","DETACH","cmuihqgut00dbh29eg5w6uzl6","Moreirense FC","","Unassigned (Detached)","first_team","departed","Absent from official 2026/27 Transfermarkt squad"
"2026-09-30T13:37:27.114Z","cmuihqgut00dbh29eg5w6uzl6","Moreirense FC","cmuihw3eu0bilsexpov9blp2y","Jimi Gower","DETACH","cmuihqgut00dbh29eg5w6uzl6","Moreirense FC","","Unassigned (Detached)","first_team","departed","Absent from official 2026/27 Transfermarkt squad"
"2026-09-30T13:37:27.114Z","cmuihqgut00dbh29eg5w6uzl6","Moreirense FC","cmuihw2py0au3sexpw36v37ds","Guilherme Liberato","ATTACH","","Unassigned","cmuihqgut00dbh29eg5w6uzl6","Moreirense FC","departed","first_team","Confirmed in 2026/27 squad (Defensive Midfield, TM 739442)"
"2026-09-30T13:37:27.114Z","cmuihqgut00dbh29eg5w6uzl6","Moreirense FC","cmuihw24f0a1usexpem4bii2r","João Veloso","ATTACH","","Unassigned","cmuihqgut00dbh29eg5w6uzl6","Moreirense FC","departed","first_team","Confirmed in 2026/27 squad (Central Midfield, TM 637792)"
"2026-09-30T13:37:27.114Z","cmuihqgut00dbh29eg5w6uzl6","Moreirense FC","cmuihw43s0c99sexpi1pgdn8u","Manuel Mendonça","ATTACH","","Unassigned","cmuihqgut00dbh29eg5w6uzl6","Moreirense FC","departed","first_team","Confirmed in 2026/27 squad (Attacking Midfield, TM 1010120)"
"2026-09-30T13:37:27.114Z","cmuihqgut00dbh29eg5w6uzl6","Moreirense FC","cmuihw43e0bzjsexpz92njn4j","Tiago Andrade","ATTACH","","Unassigned","cmuihqgut00dbh29eg5w6uzl6","Moreirense FC","departed","first_team","Confirmed in 2026/27 squad (Left Winger, TM 957740)"
"2026-09-30T13:37:27.114Z","cmuihqgut00dbh29eg5w6uzl6","Moreirense FC","cmuihw3en0bcpsexp7q3eojxk","Michael Dacosta González","ATTACH","","Unassigned","cmuihqgut00dbh29eg5w6uzl6","Moreirense FC","departed","first_team","Confirmed in 2026/27 squad (Right Winger, TM 854722)"
"2026-09-30T13:37:27.114Z","cmuihqgut00dbh29eg5w6uzl6","Moreirense FC","cmuo5gr2m004c13o5cf2mo4en","Aranha","CREATE","","None (New Player)","cmuihqgut00dbh29eg5w6uzl6","Moreirense FC","","first_team","Created from official 2026/27 squad (Goalkeeper, TM 1093863)"
"2026-09-30T13:37:27.114Z","cmuihqgut00dbh29eg5w6uzl6","Moreirense FC","cmuo5gr7j004e13o5tj6liuth","Janderson","CREATE","","None (New Player)","cmuihqgut00dbh29eg5w6uzl6","Moreirense FC","","first_team","Created from official 2026/27 squad (Centre-Back, TM 1097224)"
"2026-09-30T13:37:27.114Z","cmuihqgut00dbh29eg5w6uzl6","Moreirense FC","cmuo5grcg004g13o59sh37s6n","Chipyoka Songa","CREATE","","None (New Player)","cmuihqgut00dbh29eg5w6uzl6","Moreirense FC","","first_team","Created from official 2026/27 squad (Attacking Midfield, TM 1072324)"
"2026-09-30T13:37:27.114Z","cmuihqgut00dbh29eg5w6uzl6","Moreirense FC","cmuo5gryp004i13o5yd0goxi3","Afonso Vieira","CREATE","","None (New Player)","cmuihqgut00dbh29eg5w6uzl6","Moreirense FC","","first_team","Created from official 2026/27 squad (Left Winger, TM 958931)"
"2026-09-30T13:37:27.114Z","cmuihqgut00dbh29eg5w6uzl6","Moreirense FC","cmuo5gs7y004k13o5pma8o06x","Leonardo Vonić","CREATE","","None (New Player)","cmuihqgut00dbh29eg5w6uzl6","Moreirense FC","","first_team","Created from official 2026/27 squad (Centre-Forward, TM 744599)"
"2026-09-30T13:37:27.114Z","cmuihqgut00dbh29eg5w6uzl6","Moreirense FC","cmuo5gscz004m13o569b9h4k7","Alexandre Parsemain","CREATE","","None (New Player)","cmuihqgut00dbh29eg5w6uzl6","Moreirense FC","","first_team","Created from official 2026/27 squad (Centre-Forward, TM 811432)"
"2026-09-30T13:37:32.558Z","cmuihq2ed005dh29erzb2qsjl","Gil Vicente FC","cmuihvzwu0826sexprf0nrdsn","Ghislain Konan","DETACH","cmuihq2ed005dh29erzb2qsjl","Gil Vicente FC","","Unassigned (Detached)","first_team","departed","Absent from official 2026/27 Transfermarkt squad"
"2026-09-30T13:37:32.558Z","cmuihq2ed005dh29erzb2qsjl","Gil Vicente FC","cmuihw0jv08jysexp1iirs0ri","Dani Figueira","DETACH","cmuihq2ed005dh29erzb2qsjl","Gil Vicente FC","","Unassigned (Detached)","first_team","departed","Absent from official 2026/27 Transfermarkt squad"
"2026-09-30T13:37:32.558Z","cmuihq2ed005dh29erzb2qsjl","Gil Vicente FC","cmuihw24109rlsexp33geiobp","Luís Esteves","DETACH","cmuihq2ed005dh29erzb2qsjl","Gil Vicente FC","","Unassigned (Detached)","first_team","departed","Absent from official 2026/27 Transfermarkt squad"
"2026-09-30T13:37:32.558Z","cmuihq2ed005dh29erzb2qsjl","Gil Vicente FC","cmuihw2pu0aqgsexpe4rwrjx2","Jonathan Mutombo","DETACH","cmuihq2ed005dh29erzb2qsjl","Gil Vicente FC","","Unassigned (Detached)","first_team","departed","Absent from official 2026/27 Transfermarkt squad"
"2026-09-30T13:37:32.558Z","cmuihq2ed005dh29erzb2qsjl","Gil Vicente FC","cmuihw3eh0b9asexp1gu7hgyi","Facundo Cáseres","DETACH","cmuihq2ed005dh29erzb2qsjl","Gil Vicente FC","","Unassigned (Detached)","first_team","departed","Absent from official 2026/27 Transfermarkt squad"
"2026-09-30T13:37:32.558Z","cmuihq2ed005dh29erzb2qsjl","Gil Vicente FC","cmuihw3f50bqfsexp01ouwum5","Carlos Eduardo","DETACH","cmuihq2ed005dh29erzb2qsjl","Gil Vicente FC","","Unassigned (Detached)","first_team","departed","Absent from official 2026/27 Transfermarkt squad"
"2026-09-30T13:37:32.558Z","cmuihq2ed005dh29erzb2qsjl","Gil Vicente FC","cmuihw4rd0cw1sexpmj07oi58","Diogo Pereira","DETACH","cmuihq2ed005dh29erzb2qsjl","Gil Vicente FC","","Unassigned (Detached)","first_team","departed","Absent from official 2026/27 Transfermarkt squad"
"2026-09-30T13:37:32.558Z","cmuihq2ed005dh29erzb2qsjl","Gil Vicente FC","cmuihw4rw0d5fsexpja1zpd3l","Rodrigo Rodrigues","DETACH","cmuihq2ed005dh29erzb2qsjl","Gil Vicente FC","","Unassigned (Detached)","first_team","departed","Absent from official 2026/27 Transfermarkt squad"
"2026-09-30T13:37:32.558Z","cmuihq2ed005dh29erzb2qsjl","Gil Vicente FC","cmuihw43w0cd4sexp3wr32a7i","David Moreira","ATTACH","","Unassigned","cmuihq2ed005dh29erzb2qsjl","Gil Vicente FC","departed","first_team","Confirmed in 2026/27 squad (Centre-Back, TM 1044831)"
"2026-09-30T13:37:32.558Z","cmuihq2ed005dh29erzb2qsjl","Gil Vicente FC","cmuihw44c0coksexpmeg8t7cp","José Silva","ATTACH","","Unassigned","cmuihq2ed005dh29erzb2qsjl","Gil Vicente FC","departed","first_team","Confirmed in 2026/27 squad (Right-Back, TM 1102159)"
"2026-09-30T13:37:32.558Z","cmuihq2ed005dh29erzb2qsjl","Gil Vicente FC","cmuihw24q0abssexp3912d555","Diogo Prioste","ATTACH","","Unassigned","cmuihq2ed005dh29erzb2qsjl","Gil Vicente FC","departed","first_team","Confirmed in 2026/27 squad (Central Midfield, TM 670718)"
"2026-09-30T13:37:32.558Z","cmuihq2ed005dh29erzb2qsjl","Gil Vicente FC","cmuo5guxv004p13o5bp76chyh","Samuel Portugal","CREATE","","None (New Player)","cmuihq2ed005dh29erzb2qsjl","Gil Vicente FC","","first_team","Created from official 2026/27 squad (Goalkeeper, TM 284701)"
"2026-09-30T13:37:32.558Z","cmuihq2ed005dh29erzb2qsjl","Gil Vicente FC","cmuo5gv2l004r13o5efbjvzea","Tiago Ferreira","CREATE","","None (New Player)","cmuihq2ed005dh29erzb2qsjl","Gil Vicente FC","","first_team","Created from official 2026/27 squad (Goalkeeper, TM 1268194)"
"2026-09-30T13:37:32.558Z","cmuihq2ed005dh29erzb2qsjl","Gil Vicente FC","cmuo5gv7l004t13o5ql6y93if","Andreas Lausen","CREATE","","None (New Player)","cmuihq2ed005dh29erzb2qsjl","Gil Vicente FC","","first_team","Created from official 2026/27 squad (Central Midfield, TM 515025)"
"2026-09-30T13:37:32.558Z","cmuihq2ed005dh29erzb2qsjl","Gil Vicente FC","cmuo5gvcm004v13o50fzb46yu","Guilherme Gomes","CREATE","","None (New Player)","cmuihq2ed005dh29erzb2qsjl","Gil Vicente FC","","first_team","Created from official 2026/27 squad (Attacking Midfield, TM 1226703)"
"2026-09-30T13:37:32.558Z","cmuihq2ed005dh29erzb2qsjl","Gil Vicente FC","cmuo5gvhh004x13o5cu9gs7hs","Walace França","CREATE","","None (New Player)","cmuihq2ed005dh29erzb2qsjl","Gil Vicente FC","","first_team","Created from official 2026/27 squad (Centre-Forward, TM 1031292)"
"2026-09-30T13:37:32.558Z","cmuihq2ed005dh29erzb2qsjl","Gil Vicente FC","cmuo5gvma004z13o5b1szjicx","Mohamed Kaba","CREATE","","None (New Player)","cmuihq2ed005dh29erzb2qsjl","Gil Vicente FC","","first_team","Created from official 2026/27 squad (Centre-Forward, TM 906899)"
"2026-09-30T13:37:37.700Z","cmuihq2dd005bh29e4dnqmt8q","CD Santa Clara","cmuihvxfk04a8sexpk1r2gcma","Frederico Venâncio","DETACH","cmuihq2dd005bh29e4dnqmt8q","CD Santa Clara","","Unassigned (Detached)","first_team","departed","Absent from official 2026/27 Transfermarkt squad"
"2026-09-30T13:37:37.700Z","cmuihq2dd005bh29e4dnqmt8q","CD Santa Clara","cmuihw3ej0balsexp8gd8mk88","Serginho","DETACH","cmuihq2dd005bh29e4dnqmt8q","CD Santa Clara","","Unassigned (Detached)","first_team","departed","Absent from official 2026/27 Transfermarkt squad"
"2026-09-30T13:37:37.700Z","cmuihq2dd005bh29e4dnqmt8q","CD Santa Clara","cmuihvzwa07qzsexpdl3bovb6","Diogo Calila","DETACH","cmuihq2dd005bh29e4dnqmt8q","CD Santa Clara","","Unassigned (Detached)","first_team","departed","Absent from official 2026/27 Transfermarkt squad"
"2026-09-30T13:37:37.700Z","cmuihq2dd005bh29e4dnqmt8q","CD Santa Clara","cmuihvzwf07thsexpaggzuvv2","Gabriel Batista","DETACH","cmuihq2dd005bh29e4dnqmt8q","CD Santa Clara","","Unassigned (Detached)","first_team","departed","Absent from official 2026/27 Transfermarkt squad"
"2026-09-30T13:37:37.700Z","cmuihq2dd005bh29e4dnqmt8q","CD Santa Clara","cmuihw24l0a75sexpo1pbboch","Sidney Lima","DETACH","cmuihq2dd005bh29e4dnqmt8q","CD Santa Clara","","Unassigned (Detached)","first_team","departed","Absent from official 2026/27 Transfermarkt squad"
"2026-09-30T13:37:37.700Z","cmuihq2dd005bh29e4dnqmt8q","CD Santa Clara","cmuihw3eo0bdisexptzdw5i6v","João Costa","DETACH","cmuihq2dd005bh29e4dnqmt8q","CD Santa Clara","","Unassigned (Detached)","first_team","departed","Absent from official 2026/27 Transfermarkt squad"
"2026-09-30T13:37:37.700Z","cmuihq2dd005bh29e4dnqmt8q","CD Santa Clara","cmuihvzwq080csexpcf6elvu9","Lucas França","ATTACH","","Unassigned","cmuihq2dd005bh29e4dnqmt8q","CD Santa Clara","departed","first_team","Confirmed in 2026/27 squad (Goalkeeper, TM 418615)"
"2026-09-30T13:37:37.700Z","cmuihq2dd005bh29e4dnqmt8q","CD Santa Clara","cmuihw43j0c3usexp87uukrlr","Neneca","ATTACH","","Unassigned","cmuihq2dd005bh29e4dnqmt8q","CD Santa Clara","departed","first_team","Confirmed in 2026/27 squad (Goalkeeper, TM 983843)"
"2026-09-30T13:37:37.700Z","cmuihq2dd005bh29e4dnqmt8q","CD Santa Clara","cmuihw4490cmbsexpao1cse78","Henrique Silva","ATTACH","","Unassigned","cmuihq2dd005bh29e4dnqmt8q","CD Santa Clara","departed","first_team","Confirmed in 2026/27 squad (Centre-Back, TM 1083239)"
"2026-09-30T13:37:37.700Z","cmuihq2dd005bh29e4dnqmt8q","CD Santa Clara","cmuihw1bi08x7sexpe0b4dt72","Guilherme Romão","ATTACH","","Unassigned","cmuihq2dd005bh29e4dnqmt8q","CD Santa Clara","departed","first_team","Confirmed in 2026/27 squad (Left-Back, TM 519879)"
"2026-09-30T13:37:37.700Z","cmuihq2dd005bh29e4dnqmt8q","CD Santa Clara","cmuihw44a0cmesexpemzbpu85","Dani Borges","ATTACH","","Unassigned","cmuihq2dd005bh29e4dnqmt8q","CD Santa Clara","departed","first_team","Confirmed in 2026/27 squad (Defensive Midfield, TM 1083604)"
"2026-09-30T13:37:37.700Z","cmuihq2dd005bh29e4dnqmt8q","CD Santa Clara","cmuihw4rt0d3gsexpsebv6qge","Djé","ATTACH","","Unassigned","cmuihq2dd005bh29e4dnqmt8q","CD Santa Clara","departed","first_team","Confirmed in 2026/27 squad (Central Midfield, TM 1292917)"
"2026-09-30T13:37:37.700Z","cmuihq2dd005bh29e4dnqmt8q","CD Santa Clara","cmuihw0ka08t9sexpe8pblb30","Tiago Ribeiro","ATTACH","","Unassigned","cmuihq2dd005bh29e4dnqmt8q","CD Santa Clara","departed","first_team","Confirmed in 2026/27 squad (Central Midfield, TM 504084)"
"2026-09-30T13:37:37.700Z","cmuihq2dd005bh29e4dnqmt8q","CD Santa Clara","cmuihw3ew0bkgsexpem5stx7i","Vasconcelos","ATTACH","","Unassigned","cmuihq2dd005bh29e4dnqmt8q","CD Santa Clara","departed","first_team","Confirmed in 2026/27 squad (Attacking Midfield, TM 898715)"
"2026-09-30T13:37:37.700Z","cmuihq2dd005bh29e4dnqmt8q","CD Santa Clara","cmuihw43h0c1wsexpg6kftfzg","Brenner","ATTACH","","Unassigned","cmuihq2dd005bh29e4dnqmt8q","CD Santa Clara","departed","first_team","Confirmed in 2026/27 squad (Right Winger, TM 973703)"
"2026-09-30T13:37:37.700Z","cmuihq2dd005bh29e4dnqmt8q","CD Santa Clara","cmuihw2pf0afasexptq44ehi7","Welinton Torrão","ATTACH","","Unassigned","cmuihq2dd005bh29e4dnqmt8q","CD Santa Clara","departed","first_team","Confirmed in 2026/27 squad (Right Winger, TM 687361)"
"2026-09-30T13:37:37.700Z","cmuihq2dd005bh29e4dnqmt8q","CD Santa Clara","cmuihvxfr04fqsexpb47x9esm","Gonçalo Paciência","ATTACH","","Unassigned","cmuihq2dd005bh29e4dnqmt8q","CD Santa Clara","departed","first_team","Confirmed in 2026/27 squad (Centre-Forward, TM 181547)"
"2026-09-30T13:37:37.700Z","cmuihq2dd005bh29e4dnqmt8q","CD Santa Clara","cmuihw44b0cnnsexpifvsdhni","Fernando","ATTACH","","Unassigned","cmuihq2dd005bh29e4dnqmt8q","CD Santa Clara","departed","first_team","Confirmed in 2026/27 squad (Centre-Forward, TM 1091608)"
"2026-09-30T13:37:37.700Z","cmuihq2dd005bh29e4dnqmt8q","CD Santa Clara","cmuo5gz0s005213o530rhsu8b","Emanuel Moreira","CREATE","","None (New Player)","cmuihq2dd005bh29e4dnqmt8q","CD Santa Clara","","first_team","Created from official 2026/27 squad (Centre-Back, TM 927733)"
"2026-09-30T13:37:37.700Z","cmuihq2dd005bh29e4dnqmt8q","CD Santa Clara","cmuo5gz8t005413o5of4i6k94","Ythallo","CREATE","","None (New Player)","cmuihq2dd005bh29e4dnqmt8q","CD Santa Clara","","first_team","Created from official 2026/27 squad (Centre-Back, TM 980854)"
"2026-09-30T13:37:37.700Z","cmuihq2dd005bh29e4dnqmt8q","CD Santa Clara","cmuo5gzdo005613o55a17nanz","Vitinho","CREATE","","None (New Player)","cmuihq2dd005bh29e4dnqmt8q","CD Santa Clara","","first_team","Created from official 2026/27 squad (Central Midfield, TM 1072630)"
"2026-09-30T13:37:37.700Z","cmuihq2dd005bh29e4dnqmt8q","CD Santa Clara","cmuo5gzne005813o5rmb3ndmn","Kamika","CREATE","","None (New Player)","cmuihq2dd005bh29e4dnqmt8q","CD Santa Clara","","first_team","Created from official 2026/27 squad (Unknown, TM 959680)"
"2026-09-30T13:37:37.700Z","cmuihq2dd005bh29e4dnqmt8q","CD Santa Clara","cmuo5gzs7005a13o54dvyu39w","Fredy","CREATE","","None (New Player)","cmuihq2dd005bh29e4dnqmt8q","CD Santa Clara","","first_team","Created from official 2026/27 squad (Attacking Midfield, TM 1077990)"
"2026-09-30T13:37:37.700Z","cmuihq2dd005bh29e4dnqmt8q","CD Santa Clara","cmuo5gzxc005c13o5qqn7r207","Sorriso","CREATE","","None (New Player)","cmuihq2dd005bh29e4dnqmt8q","CD Santa Clara","","first_team","Created from official 2026/27 squad (Left Winger, TM 1219125)"
"2026-09-30T13:37:37.700Z","cmuihq2dd005bh29e4dnqmt8q","CD Santa Clara","cmuo5h022005e13o5t80rudiv","Afonso Duarte","CREATE","","None (New Player)","cmuihq2dd005bh29e4dnqmt8q","CD Santa Clara","","first_team","Created from official 2026/27 squad (Left Winger, TM 992541)"
"2026-09-30T13:37:37.700Z","cmuihq2dd005bh29e4dnqmt8q","CD Santa Clara","cmuo5h08n005g13o5gykvani1","Léo Jacó","CREATE","","None (New Player)","cmuihq2dd005bh29e4dnqmt8q","CD Santa Clara","","first_team","Created from official 2026/27 squad (Centre-Forward, TM 1022594)"
"2026-09-30T13:37:43.141Z","cmuihqgr500d7h29e04mjd6zg","CD Nacional","cmuihw4re0cwqsexp763gkvzt","Motez Nourani","DETACH","cmuihqgr500d7h29e04mjd6zg","CD Nacional","","Unassigned (Detached)","first_team","departed","Absent from official 2026/27 Transfermarkt squad"
"2026-09-30T13:37:43.141Z","cmuihqgr500d7h29e04mjd6zg","CD Nacional","cmuihw1cx0970sexp9bf3n6dz","Paulinho Bóia","DETACH","cmuihqgr500d7h29e04mjd6zg","CD Nacional","","Unassigned (Detached)","first_team","departed","Absent from official 2026/27 Transfermarkt squad"
"2026-09-30T13:37:43.141Z","cmuihqgr500d7h29e04mjd6zg","CD Nacional","cmuihw4qy0cqbsexpmwby4oc5","Kevyn","ATTACH","","Unassigned","cmuihqgr500d7h29e04mjd6zg","CD Nacional","departed","first_team","Confirmed in 2026/27 squad (Goalkeeper, TM 1116638)"
"2026-09-30T13:37:43.141Z","cmuihqgr500d7h29e04mjd6zg","CD Nacional","cmuihvzvr07e2sexpv1tquoky","Wesley Gasolina","ATTACH","","Unassigned","cmuihqgr500d7h29e04mjd6zg","CD Nacional","departed","first_team","Confirmed in 2026/27 squad (Right-Back, TM 371967)"
"2026-09-30T13:37:43.141Z","cmuihqgr500d7h29e04mjd6zg","CD Nacional","cmuihw2qg0b5zsexpd6zhsaws","Matheus Dias","ATTACH","","Unassigned","cmuihqgr500d7h29e04mjd6zg","CD Nacional","departed","first_team","Confirmed in 2026/27 squad (Defensive Midfield, TM 815384)"
"2026-09-30T13:37:43.141Z","cmuihqgr500d7h29e04mjd6zg","CD Nacional","cmuihvzwf07tdsexpvhb27se3","Liziero","ATTACH","","Unassigned","cmuihqgr500d7h29e04mjd6zg","CD Nacional","departed","first_team","Confirmed in 2026/27 squad (Central Midfield, TM 401526)"
"2026-09-30T13:37:43.141Z","cmuihqgr500d7h29e04mjd6zg","CD Nacional","cmuihw3f60br3sexpmltd2kw3","Joel Silva","ATTACH","","Unassigned","cmuihqgr500d7h29e04mjd6zg","CD Nacional","departed","first_team","Confirmed in 2026/27 squad (Central Midfield, TM 929573)"
"2026-09-30T13:37:43.141Z","cmuihqgr500d7h29e04mjd6zg","CD Nacional","cmuihw4rs0d2jsexpiuht7d92","Deivison","ATTACH","","Unassigned","cmuihqgr500d7h29e04mjd6zg","CD Nacional","departed","first_team","Confirmed in 2026/27 squad (Central Midfield, TM 1261642)"
"2026-09-30T13:37:43.141Z","cmuihqgr500d7h29e04mjd6zg","CD Nacional","cmuihw2q10awvsexpz1n2a8ci","Daniel Jr","ATTACH","","Unassigned","cmuihqgr500d7h29e04mjd6zg","CD Nacional","departed","first_team","Confirmed in 2026/27 squad (Attacking Midfield, TM 746358)"
"2026-09-30T13:37:43.141Z","cmuihqgr500d7h29e04mjd6zg","CD Nacional","cmuihvzbi077usexpwr9s3xqg","Filipe Soares","ATTACH","","Unassigned","cmuihqgr500d7h29e04mjd6zg","CD Nacional","departed","first_team","Confirmed in 2026/27 squad (Attacking Midfield, TM 357163)"
"2026-09-30T13:37:43.141Z","cmuihqgr500d7h29e04mjd6zg","CD Nacional","cmuihw4490cm8sexpnjnyc0nb","Pablo Ruan","ATTACH","","Unassigned","cmuihqgr500d7h29e04mjd6zg","CD Nacional","departed","first_team","Confirmed in 2026/27 squad (Right Winger, TM 1083068)"
"2026-09-30T13:37:43.141Z","cmuihqgr500d7h29e04mjd6zg","CD Nacional","cmuihw43x0cdzsexpb1at7fhh","Watts","ATTACH","","Unassigned","cmuihqgr500d7h29e04mjd6zg","CD Nacional","departed","first_team","Confirmed in 2026/27 squad (Right Winger, TM 1047861)"
"2026-09-30T13:37:43.141Z","cmuihqgr500d7h29e04mjd6zg","CD Nacional","cmuo5h3bo005j13o5f5713o3f","João Gonçalves","CREATE","","None (New Player)","cmuihqgr500d7h29e04mjd6zg","CD Nacional","","first_team","Created from official 2026/27 squad (Goalkeeper, TM 685805)"
"2026-09-30T13:37:43.141Z","cmuihqgr500d7h29e04mjd6zg","CD Nacional","cmuo5h3on005l13o5ng377w4a","Matias Silva","CREATE","","None (New Player)","cmuihqgr500d7h29e04mjd6zg","CD Nacional","","first_team","Created from official 2026/27 squad (Left-Back, TM 1582195)"
"2026-09-30T13:37:43.141Z","cmuihqgr500d7h29e04mjd6zg","CD Nacional","cmuo5h3xr005n13o5345rklia","Daniel de la Cruz","CREATE","","None (New Player)","cmuihqgr500d7h29e04mjd6zg","CD Nacional","","first_team","Created from official 2026/27 squad (Right-Back, TM 981484)"
"2026-09-30T13:37:43.141Z","cmuihqgr500d7h29e04mjd6zg","CD Nacional","cmuo5h42w005p13o5cpfpce2d","Danel Dongmo","CREATE","","None (New Player)","cmuihqgr500d7h29e04mjd6zg","CD Nacional","","first_team","Created from official 2026/27 squad (Central Midfield, TM 929612)"
"2026-09-30T13:37:43.141Z","cmuihqgr500d7h29e04mjd6zg","CD Nacional","cmuo5h4fa005r13o5i9k8y7cx","William Kokolo","CREATE","","None (New Player)","cmuihqgr500d7h29e04mjd6zg","CD Nacional","","first_team","Created from official 2026/27 squad (Unknown, TM 510686)"
"2026-09-30T13:37:43.141Z","cmuihqgr500d7h29e04mjd6zg","CD Nacional","cmuo5h4o4005t13o5jb2jdyv2","Matchoi Djaló","CREATE","","None (New Player)","cmuihqgr500d7h29e04mjd6zg","CD Nacional","","first_team","Created from official 2026/27 squad (Attacking Midfield, TM 685887)"
"2026-09-30T13:37:43.141Z","cmuihqgr500d7h29e04mjd6zg","CD Nacional","cmuo5h4x3005v13o5hxbccmdw","Mateus Iseppe","CREATE","","None (New Player)","cmuihqgr500d7h29e04mjd6zg","CD Nacional","","first_team","Created from official 2026/27 squad (Attacking Midfield, TM 1220180)"
"2026-09-30T13:37:43.141Z","cmuihqgr500d7h29e04mjd6zg","CD Nacional","cmuo5h561005x13o5vqjktz5z","Min-kyu Song","CREATE","","None (New Player)","cmuihqgr500d7h29e04mjd6zg","CD Nacional","","first_team","Created from official 2026/27 squad (Left Winger, TM 581977)"
"2026-09-30T13:37:43.141Z","cmuihqgr500d7h29e04mjd6zg","CD Nacional","cmuo5h5eu005z13o5mnwh6kpi","Fernando Nava","CREATE","","None (New Player)","cmuihqgr500d7h29e04mjd6zg","CD Nacional","","first_team","Created from official 2026/27 squad (Left Winger, TM 960584)"
"2026-09-30T13:37:43.141Z","cmuihqgr500d7h29e04mjd6zg","CD Nacional","cmuo5h6na006113o5t5miejxq","Markus Jensen","CREATE","","None (New Player)","cmuihqgr500d7h29e04mjd6zg","CD Nacional","","first_team","Created from official 2026/27 squad (Left Winger, TM 794592)"
"2026-09-30T13:37:43.141Z","cmuihqgr500d7h29e04mjd6zg","CD Nacional","cmuo5h6rx006313o5wwwxrs7i","Stavros Gavriel","CREATE","","None (New Player)","cmuihqgr500d7h29e04mjd6zg","CD Nacional","","first_team","Created from official 2026/27 squad (Right Winger, TM 613983)"
"2026-09-30T13:37:43.141Z","cmuihqgr500d7h29e04mjd6zg","CD Nacional","cmuo5h6wt006513o5gjzvl1ny","Allen Obando","CREATE","","None (New Player)","cmuihqgr500d7h29e04mjd6zg","CD Nacional","","first_team","Created from official 2026/27 squad (Centre-Forward, TM 1050373)"
"2026-09-30T13:37:43.141Z","cmuihqgr500d7h29e04mjd6zg","CD Nacional","cmuo5h7in006713o512rayvlb","Njoya Abdel","CREATE","","None (New Player)","cmuihqgr500d7h29e04mjd6zg","CD Nacional","","first_team","Created from official 2026/27 squad (Centre-Forward, TM 1236397)"
"2026-09-30T13:37:51.474Z","cmundu9bs0009zjoe6j4u149k","Académico Viseu FC","cmuihw44b0cnpsexpc2l1nqxj","Bruno Ramos","DETACH","cmundu9bs0009zjoe6j4u149k","Académico Viseu FC","","Unassigned (Detached)","first_team","departed","Absent from official 2026/27 Transfermarkt squad"
"2026-09-30T13:37:51.474Z","cmundu9bs0009zjoe6j4u149k","Académico Viseu FC","cmuihvy6k05mysexpldqezou4","Juan Soriano","ATTACH","","Unassigned","cmundu9bs0009zjoe6j4u149k","Académico Viseu FC","departed","first_team","Confirmed in 2026/27 squad (Goalkeeper, TM 251892)"
"2026-09-30T13:37:51.474Z","cmundu9bs0009zjoe6j4u149k","Académico Viseu FC","cmuihvyqr061wsexphzp49bbn","Marcos Lavín","ATTACH","","Unassigned","cmundu9bs0009zjoe6j4u149k","Académico Viseu FC","departed","first_team","Confirmed in 2026/27 squad (Goalkeeper, TM 282409)"
"2026-09-30T13:37:51.474Z","cmundu9bs0009zjoe6j4u149k","Académico Viseu FC","cmuihw0jz08kysexpt19v6r3m","Anthony Correia","ATTACH","","Unassigned","cmundu9bs0009zjoe6j4u149k","Académico Viseu FC","departed","first_team","Confirmed in 2026/27 squad (Centre-Back, TM 478357)"
"2026-09-30T13:37:51.474Z","cmundu9bs0009zjoe6j4u149k","Académico Viseu FC","cmuihw1el09k3sexphj6kwn1m","Nikolaos Michelis","ATTACH","","Unassigned","cmundu9bs0009zjoe6j4u149k","Académico Viseu FC","departed","first_team","Confirmed in 2026/27 squad (Centre-Back, TM 584452)"
"2026-09-30T13:37:51.474Z","cmundu9bs0009zjoe6j4u149k","Académico Viseu FC","cmuihw2ps0aohsexp7i2e0gj5","Miguel Ángel Brau","ATTACH","","Unassigned","cmundu9bs0009zjoe6j4u149k","Académico Viseu FC","departed","first_team","Confirmed in 2026/27 squad (Left-Back, TM 713649)"
"2026-09-30T13:37:51.474Z","cmundu9bs0009zjoe6j4u149k","Académico Viseu FC","cmuihw1es09lqsexpijj8wbm2","Robinho","ATTACH","","Unassigned","cmundu9bs0009zjoe6j4u149k","Académico Viseu FC","departed","first_team","Confirmed in 2026/27 squad (Right-Back, TM 591353)"
"2026-09-30T13:37:51.474Z","cmundu9bs0009zjoe6j4u149k","Académico Viseu FC","cmuihw0k708qzsexpdns7iyp6","Tomás Domingos","ATTACH","","Unassigned","cmundu9bs0009zjoe6j4u149k","Académico Viseu FC","departed","first_team","Confirmed in 2026/27 squad (Right-Back, TM 498234)"
"2026-09-30T13:37:51.474Z","cmundu9bs0009zjoe6j4u149k","Académico Viseu FC","cmuihvxg304o5sexpfh5hkf3a","Luís Silva","ATTACH","","Unassigned","cmundu9bs0009zjoe6j4u149k","Académico Viseu FC","departed","first_team","Confirmed in 2026/27 squad (Central Midfield, TM 193319)"
"2026-09-30T13:37:51.474Z","cmundu9bs0009zjoe6j4u149k","Académico Viseu FC","cmuihw4qy0cqdsexpe3mw56bo","Alejandro Mestanza","ATTACH","","Unassigned","cmundu9bs0009zjoe6j4u149k","Académico Viseu FC","departed","first_team","Confirmed in 2026/27 squad (Attacking Midfield, TM 1118201)"
"2026-09-30T13:37:51.474Z","cmundu9bs0009zjoe6j4u149k","Académico Viseu FC","cmuihvzaq06phsexp9thkc8zi","Valery Fernández","ATTACH","","Unassigned","cmundu9bs0009zjoe6j4u149k","Académico Viseu FC","departed","first_team","Confirmed in 2026/27 squad (Right Winger, TM 331496)"
"2026-09-30T13:37:51.474Z","cmundu9bs0009zjoe6j4u149k","Académico Viseu FC","cmuihw1dd09d2sexppaeeexfe","André Clóvis","ATTACH","","Unassigned","cmundu9bs0009zjoe6j4u149k","Académico Viseu FC","departed","first_team","Confirmed in 2026/27 squad (Centre-Forward, TM 564890)"
"2026-09-30T13:37:51.474Z","cmundu9bs0009zjoe6j4u149k","Académico Viseu FC","cmuihvxgk0500sexp40kx0olc","Mohamed Bouldini","ATTACH","","Unassigned","cmundu9bs0009zjoe6j4u149k","Académico Viseu FC","departed","first_team","Confirmed in 2026/27 squad (Centre-Forward, TM 211628)"
"2026-09-30T13:37:51.474Z","cmundu9bs0009zjoe6j4u149k","Académico Viseu FC","cmuihw3ej0bb7sexpnjdg70lz","Paulinho","ATTACH","","Unassigned","cmundu9bs0009zjoe6j4u149k","Académico Viseu FC","departed","first_team","Confirmed in 2026/27 squad (Centre-Forward, TM 842718)"
"2026-09-30T13:37:51.474Z","cmundu9bs0009zjoe6j4u149k","Académico Viseu FC","cmuihw1as08vcsexpx4d87cmh","André Ceitil","REASSIGN","cmuihqe6c00bph29e8vcrprk6","CD Tondela","cmundu9bs0009zjoe6j4u149k","Académico Viseu FC","first_team","first_team","Transferred from CD Tondela to Académico Viseu FC (TM 512129)"
"2026-09-30T13:37:51.474Z","cmundu9bs0009zjoe6j4u149k","Académico Viseu FC","cmuo5hahx006a13o5os7c42e0","Ewerton","CREATE","","None (New Player)","cmundu9bs0009zjoe6j4u149k","Académico Viseu FC","","first_team","Created from official 2026/27 squad (Goalkeeper, TM 682047)"
"2026-09-30T13:37:51.474Z","cmundu9bs0009zjoe6j4u149k","Académico Viseu FC","cmuo5han4006c13o59dgoqb57","Matheus Sampaio","CREATE","","None (New Player)","cmundu9bs0009zjoe6j4u149k","Académico Viseu FC","","first_team","Created from official 2026/27 squad (Goalkeeper, TM 980036)"
"2026-09-30T13:37:51.474Z","cmundu9bs0009zjoe6j4u149k","Académico Viseu FC","cmuo5hav7006e13o5mlfz6xwl","Hugo Gambor","CREATE","","None (New Player)","cmundu9bs0009zjoe6j4u149k","Académico Viseu FC","","first_team","Created from official 2026/27 squad (Centre-Back, TM 775403)"
"2026-09-30T13:37:51.474Z","cmundu9bs0009zjoe6j4u149k","Académico Viseu FC","cmuo5hb26006g13o5k1fant5k","Rúben Pereira","CREATE","","None (New Player)","cmundu9bs0009zjoe6j4u149k","Académico Viseu FC","","first_team","Created from official 2026/27 squad (Centre-Back, TM 597201)"
"2026-09-30T13:37:51.474Z","cmundu9bs0009zjoe6j4u149k","Académico Viseu FC","cmuo5hb7n006i13o5e8oio27n","Pedro Barcelos","CREATE","","None (New Player)","cmundu9bs0009zjoe6j4u149k","Académico Viseu FC","","first_team","Created from official 2026/27 squad (Centre-Back, TM 752592)"
"2026-09-30T13:37:51.474Z","cmundu9bs0009zjoe6j4u149k","Académico Viseu FC","cmuo5hbcr006k13o559ayl0u3","Gu Costa","CREATE","","None (New Player)","cmundu9bs0009zjoe6j4u149k","Académico Viseu FC","","first_team","Created from official 2026/27 squad (Left-Back, TM 1157429)"
"2026-09-30T13:37:51.474Z","cmundu9bs0009zjoe6j4u149k","Académico Viseu FC","cmuo5hbhk006m13o5ty6xhnas","Igor Milioransa","CREATE","","None (New Player)","cmundu9bs0009zjoe6j4u149k","Académico Viseu FC","","first_team","Created from official 2026/27 squad (Left-Back, TM 789045)"
"2026-09-30T13:37:51.474Z","cmundu9bs0009zjoe6j4u149k","Académico Viseu FC","cmuo5hbmc006o13o5row6dqmg","Andro Babic","CREATE","","None (New Player)","cmundu9bs0009zjoe6j4u149k","Académico Viseu FC","","first_team","Created from official 2026/27 squad (Defensive Midfield, TM 927838)"
"2026-09-30T13:37:51.474Z","cmundu9bs0009zjoe6j4u149k","Académico Viseu FC","cmuo5hbr9006q13o5jsf3yt8a","Soufiane Messeguem","CREATE","","None (New Player)","cmundu9bs0009zjoe6j4u149k","Académico Viseu FC","","first_team","Created from official 2026/27 squad (Central Midfield, TM 501087)"
"2026-09-30T13:37:51.474Z","cmundu9bs0009zjoe6j4u149k","Académico Viseu FC","cmuo5hbw3006s13o5ihvfboqg","Cristian Ferreira","CREATE","","None (New Player)","cmundu9bs0009zjoe6j4u149k","Académico Viseu FC","","first_team","Created from official 2026/27 squad (Central Midfield, TM 548468)"
"2026-09-30T13:37:51.474Z","cmundu9bs0009zjoe6j4u149k","Académico Viseu FC","cmuo5hc2e006u13o5z1hh496p","Cihan Kahraman","CREATE","","None (New Player)","cmundu9bs0009zjoe6j4u149k","Académico Viseu FC","","first_team","Created from official 2026/27 squad (Attacking Midfield, TM 303308)"
"2026-09-30T13:37:51.474Z","cmundu9bs0009zjoe6j4u149k","Académico Viseu FC","cmuo5hckg006w13o56zld3uej","Álvaro Zamora","CREATE","","None (New Player)","cmundu9bs0009zjoe6j4u149k","Académico Viseu FC","","first_team","Created from official 2026/27 squad (Left Winger, TM 731899)"
"2026-09-30T13:37:51.474Z","cmundu9bs0009zjoe6j4u149k","Académico Viseu FC","cmuo5hcpf006y13o50lb0o3k5","Lorougnon Gohi","CREATE","","None (New Player)","cmundu9bs0009zjoe6j4u149k","Académico Viseu FC","","first_team","Created from official 2026/27 squad (Left Winger, TM 1256478)"
"2026-09-30T13:37:51.474Z","cmundu9bs0009zjoe6j4u149k","Académico Viseu FC","cmuo5hczy007013o59hz7t8br","João Guilherme","CREATE","","None (New Player)","cmundu9bs0009zjoe6j4u149k","Académico Viseu FC","","first_team","Created from official 2026/27 squad (Right Winger, TM 808443)"
"2026-09-30T13:37:51.474Z","cmundu9bs0009zjoe6j4u149k","Académico Viseu FC","cmuo5hd4z007213o5bvcruj95","Nils Mortimer","CREATE","","None (New Player)","cmundu9bs0009zjoe6j4u149k","Académico Viseu FC","","first_team","Created from official 2026/27 squad (Right Winger, TM 466812)"
"2026-09-30T13:38:03.661Z","cmuihovp7002rb23fxfslsjdn","CS Marítimo","cmuihw1d50993sexpdb8o7dwo","Fran Vieites","ATTACH","","Unassigned","cmuihovp7002rb23fxfslsjdn","CS Marítimo","departed","first_team","Confirmed in 2026/27 squad (Goalkeeper, TM 551182)"
"2026-09-30T13:38:03.661Z","cmuihovp7002rb23fxfslsjdn","CS Marítimo","cmuihw1bz093csexpozaeazb5","Alfonso Pastor","ATTACH","","Unassigned","cmuihovp7002rb23fxfslsjdn","CS Marítimo","departed","first_team","Confirmed in 2026/27 squad (Goalkeeper, TM 537367)"
"2026-09-30T13:38:03.661Z","cmuihovp7002rb23fxfslsjdn","CS Marítimo","cmuihvzwo07zksexpspwnp2ap","Romain Correia","ATTACH","","Unassigned","cmuihovp7002rb23fxfslsjdn","CS Marítimo","departed","first_team","Confirmed in 2026/27 squad (Centre-Back, TM 416088)"
"2026-09-30T13:38:03.661Z","cmuihovp7002rb23fxfslsjdn","CS Marítimo","cmuihw2q00avzsexp6ai5y58t","Rafael Fernandes","ATTACH","","Unassigned","cmuihovp7002rb23fxfslsjdn","CS Marítimo","departed","first_team","Confirmed in 2026/27 squad (Centre-Back, TM 744074)"
"2026-09-30T13:38:03.661Z","cmuihovp7002rb23fxfslsjdn","CS Marítimo","cmuihw24v0aecsexp15onwh0q","Nilton","ATTACH","","Unassigned","cmuihovp7002rb23fxfslsjdn","CS Marítimo","departed","first_team","Confirmed in 2026/27 squad (Left-Back, TM 681829)"
"2026-09-30T13:38:03.661Z","cmuihovp7002rb23fxfslsjdn","CS Marítimo","cmuihvy5z055esexpusnnz6f1","Igor Julião","ATTACH","","Unassigned","cmuihovp7002rb23fxfslsjdn","CS Marítimo","departed","first_team","Confirmed in 2026/27 squad (Right-Back, TM 223977)"
"2026-09-30T13:38:03.661Z","cmuihovp7002rb23fxfslsjdn","CS Marítimo","cmuihw0jd08c6sexpljavcex2","Vladan Danilovic","ATTACH","","Unassigned","cmuihovp7002rb23fxfslsjdn","CS Marítimo","departed","first_team","Confirmed in 2026/27 squad (Defensive Midfield, TM 456898)"
"2026-09-30T13:38:03.661Z","cmuihovp7002rb23fxfslsjdn","CS Marítimo","cmuihw2pi0ahmsexpr2kyaour","Rodrigo Andrade","ATTACH","","Unassigned","cmuihovp7002rb23fxfslsjdn","CS Marítimo","departed","first_team","Confirmed in 2026/27 squad (Defensive Midfield, TM 696656)"
"2026-09-30T13:38:03.661Z","cmuihovp7002rb23fxfslsjdn","CS Marítimo","cmuihw4rx0d6dsexp9xayst6p","Ibrahim Alani","ATTACH","","Unassigned","cmuihovp7002rb23fxfslsjdn","CS Marítimo","departed","first_team","Confirmed in 2026/27 squad (Central Midfield, TM 1367276)"
"2026-09-30T13:38:03.661Z","cmuihovp7002rb23fxfslsjdn","CS Marítimo","cmuihvxg804rpsexpdkuwz97d","Raphael Guzzo","ATTACH","","Unassigned","cmuihovp7002rb23fxfslsjdn","CS Marítimo","departed","first_team","Confirmed in 2026/27 squad (Central Midfield, TM 197880)"
"2026-09-30T13:38:03.661Z","cmuihovp7002rb23fxfslsjdn","CS Marítimo","cmuihw3fc0bw0sexp1d4m8c5p","Martín Tejón","ATTACH","","Unassigned","cmuihovp7002rb23fxfslsjdn","CS Marítimo","departed","first_team","Confirmed in 2026/27 squad (Left Winger, TM 941883)"
"2026-09-30T13:38:03.661Z","cmuihovp7002rb23fxfslsjdn","CS Marítimo","cmuihw2pf0aewsexptv2rqaul","Samuel Bamba","ATTACH","","Unassigned","cmuihovp7002rb23fxfslsjdn","CS Marítimo","departed","first_team","Confirmed in 2026/27 squad (Right Winger, TM 684318)"
"2026-09-30T13:38:03.661Z","cmuihovp7002rb23fxfslsjdn","CS Marítimo","cmuihw3f50bqgsexphbkbhr0t","Francisco Gomes","ATTACH","","Unassigned","cmuihovp7002rb23fxfslsjdn","CS Marítimo","departed","first_team","Confirmed in 2026/27 squad (Right Winger, TM 927715)"
"2026-09-30T13:38:03.661Z","cmuihovp7002rb23fxfslsjdn","CS Marítimo","cmuihw23w09nwsexpgjr9vhiv","Adrián Butzke","ATTACH","","Unassigned","cmuihovp7002rb23fxfslsjdn","CS Marítimo","departed","first_team","Confirmed in 2026/27 squad (Centre-Forward, TM 596884)"
"2026-09-30T13:38:03.661Z","cmuihovp7002rb23fxfslsjdn","CS Marítimo","cmuihw3fc0bvzsexpjlbsf2f7","Yellu Santiago","REASSIGN","cmuihq3vs0067h29eym5on22u","Hellas Verona","cmuihovp7002rb23fxfslsjdn","CS Marítimo","first_team","first_team","Transferred from Hellas Verona to CS Marítimo (TM 941869)"
"2026-09-30T13:38:03.661Z","cmuihovp7002rb23fxfslsjdn","CS Marítimo","cmuihw0k808rpsexp2ir4qz7v","Bryan Limbombe","REASSIGN","cmuihowzw002tb23f16afl5ce","Heracles Almelo","cmuihovp7002rb23fxfslsjdn","CS Marítimo","first_team","first_team","Transferred from Heracles Almelo to CS Marítimo (TM 502288)"
"2026-09-30T13:38:03.661Z","cmuihovp7002rb23fxfslsjdn","CS Marítimo","cmuo5hk69007513o53d9g321r","Gonçalo Tabuaço","CREATE","","None (New Player)","cmuihovp7002rb23fxfslsjdn","CS Marítimo","","first_team","Created from official 2026/27 squad (Goalkeeper, TM 540182)"
"2026-09-30T13:38:03.661Z","cmuihovp7002rb23fxfslsjdn","CS Marítimo","cmuo5hkgj007713o582fkm1i7","Gábor Szalai","CREATE","","None (New Player)","cmuihovp7002rb23fxfslsjdn","CS Marítimo","","first_team","Created from official 2026/27 squad (Centre-Back, TM 830057)"
"2026-09-30T13:38:03.661Z","cmuihovp7002rb23fxfslsjdn","CS Marítimo","cmuo5hl7u007913o5v1p0qnv0","Paulo Henrique","CREATE","","None (New Player)","cmuihovp7002rb23fxfslsjdn","CS Marítimo","","first_team","Created from official 2026/27 squad (Left-Back, TM 292365)"
"2026-09-30T13:38:03.661Z","cmuihovp7002rb23fxfslsjdn","CS Marítimo","cmuo5hlgz007b13o53spdgqga","Nathanael Ogbeta","CREATE","","None (New Player)","cmuihovp7002rb23fxfslsjdn","CS Marítimo","","first_team","Created from official 2026/27 squad (Left-Back, TM 433168)"
"2026-09-30T13:38:03.661Z","cmuihovp7002rb23fxfslsjdn","CS Marítimo","cmuo5hlly007d13o5dqe62kez","Tomás Tavares","CREATE","","None (New Player)","cmuihovp7002rb23fxfslsjdn","CS Marítimo","","first_team","Created from official 2026/27 squad (Right-Back, TM 550549)"
"2026-09-30T13:38:03.661Z","cmuihovp7002rb23fxfslsjdn","CS Marítimo","cmuo5hlvk007f13o57k48tdyn","Francisco Silva","CREATE","","None (New Player)","cmuihovp7002rb23fxfslsjdn","CS Marítimo","","first_team","Created from official 2026/27 squad (Defensive Midfield, TM 1100298)"
"2026-09-30T13:38:03.661Z","cmuihovp7002rb23fxfslsjdn","CS Marítimo","cmuo5hm0j007h13o5kewovyxz","Israel Isaac Ayuma","CREATE","","None (New Player)","cmuihovp7002rb23fxfslsjdn","CS Marítimo","","first_team","Created from official 2026/27 squad (Central Midfield, TM 1129892)"
"2026-09-30T13:38:03.661Z","cmuihovp7002rb23fxfslsjdn","CS Marítimo","cmuo5hm7f007j13o5t8kdqnyb","Nélio Batista","CREATE","","None (New Player)","cmuihovp7002rb23fxfslsjdn","CS Marítimo","","first_team","Created from official 2026/27 squad (Central Midfield, TM 1210902)"
"2026-09-30T13:38:03.661Z","cmuihovp7002rb23fxfslsjdn","CS Marítimo","cmuo5hmc7007l13o5kxb792gx","Maxime Dominguez","CREATE","","None (New Player)","cmuihovp7002rb23fxfslsjdn","CS Marítimo","","first_team","Created from official 2026/27 squad (Attacking Midfield, TM 207561)"
"2026-09-30T13:38:03.661Z","cmuihovp7002rb23fxfslsjdn","CS Marítimo","cmuo5hmgx007n13o5g4ngzkk7","Simo Bouzaidi","CREATE","","None (New Player)","cmuihovp7002rb23fxfslsjdn","CS Marítimo","","first_team","Created from official 2026/27 squad (Left Winger, TM 537375)"
"2026-09-30T13:38:03.661Z","cmuihovp7002rb23fxfslsjdn","CS Marítimo","cmuo5hmlq007p13o5e4wd4fl9","Enrique Peña Zauner","CREATE","","None (New Player)","cmuihovp7002rb23fxfslsjdn","CS Marítimo","","first_team","Created from official 2026/27 squad (Left Winger, TM 336325)"
"2026-09-30T13:38:03.661Z","cmuihovp7002rb23fxfslsjdn","CS Marítimo","cmuo5hmw0007r13o57c3ie48i","Maurice Boakye","CREATE","","None (New Player)","cmuihovp7002rb23fxfslsjdn","CS Marítimo","","first_team","Created from official 2026/27 squad (Centre-Forward, TM 805595)"
"2026-09-30T13:38:03.661Z","cmuihovp7002rb23fxfslsjdn","CS Marítimo","cmuo5hn5q007t13o511l3wc4b","José Melro","CREATE","","None (New Player)","cmuihovp7002rb23fxfslsjdn","CS Marítimo","","first_team","Created from official 2026/27 squad (Centre-Forward, TM 939765)"
"2026-09-30T13:38:03.661Z","cmuihovp7002rb23fxfslsjdn","CS Marítimo","cmuo5hnfc007v13o57oyjqo20","Mons Bassouamina","CREATE","","None (New Player)","cmuihovp7002rb23fxfslsjdn","CS Marítimo","","first_team","Created from official 2026/27 squad (Centre-Forward, TM 391377)"
