timestamp,clubId,clubName,playerId,fullName,action,oldClubId,oldClubName,newClubId,newClubName,oldStatus,newStatus,notes
"2026-09-30T13:27:33.667Z","cmuihqald009th29eqj2x21un","Inter Milan","cmuihvvyc03casexp1bpd78ba","Stefan de Vrij","DETACH","cmuihqald009th29eqj2x21un","Inter Milan","","Unassigned (Detached)","first_team","departed","Absent from official 2026/27 Transfermarkt squad"
"2026-09-30T13:27:33.667Z","cmuihqald009th29eqj2x21un","Inter Milan","cmuihvzw507owsexpem8e4psl","Davide Frattesi","DETACH","cmuihqald009th29eqj2x21un","Inter Milan","","Unassigned (Detached)","first_team","departed","Absent from official 2026/27 Transfermarkt squad"
"2026-09-30T13:27:33.667Z","cmuihqald009th29eqj2x21un","Inter Milan","cmuihw1cx096tsexp24lpzqsg","Kristjan Asllani","DETACH","cmuihqald009th29eqj2x21un","Inter Milan","","Unassigned (Detached)","first_team","departed","Absent from official 2026/27 Transfermarkt squad"
"2026-09-30T13:27:33.667Z","cmuihqald009th29eqj2x21un","Inter Milan","cmuihw2px0aspsexpf4atzb8y","Franco Carboni","DETACH","cmuihqald009th29eqj2x21un","Inter Milan","","Unassigned (Detached)","first_team","departed","Absent from official 2026/27 Transfermarkt squad"
"2026-09-30T13:27:33.667Z","cmuihqald009th29eqj2x21un","Inter Milan","cmuihw3et0bhksexpuut8hk3z","Leonardo Bovo","DETACH","cmuihqald009th29eqj2x21un","Inter Milan","","Unassigned (Detached)","first_team","departed","Absent from official 2026/27 Transfermarkt squad"
"2026-09-30T13:27:33.667Z","cmuihqald009th29eqj2x21un","Inter Milan","cmuihw3f20bobsexpqmgzywj0","Simone Cinquegrano","DETACH","cmuihqald009th29eqj2x21un","Inter Milan","","Unassigned (Detached)","first_team","departed","Absent from official 2026/27 Transfermarkt squad"
"2026-09-30T13:27:33.667Z","cmuihqald009th29eqj2x21un","Inter Milan","cmuihw43g0c19sexpb83x7nwr","Ebenezer Akinsanmiro","DETACH","cmuihqald009th29eqj2x21un","Inter Milan","","Unassigned (Detached)","first_team","departed","Absent from official 2026/27 Transfermarkt squad"
"2026-09-30T13:27:33.667Z","cmuihqald009th29eqj2x21un","Inter Milan","cmuihw0k208mqsexpa280gxoz","Djed Spence","ATTACH","","Unassigned","cmuihqald009th29eqj2x21un","Inter Milan","departed","first_team","Confirmed in 2026/27 squad (Right-Back, TM 483348)"
"2026-09-30T13:27:33.667Z","cmuihqald009th29eqj2x21un","Inter Milan","cmuihw0it085osexput721p1b","Curtis Jones","ATTACH","","Unassigned","cmuihqald009th29eqj2x21un","Inter Milan","departed","first_team","Confirmed in 2026/27 squad (Central Midfield, TM 433188)"
"2026-09-30T13:27:33.667Z","cmuihqald009th29eqj2x21un","Inter Milan","cmuihvxg804rusexp0ndeh0sa","Ivan Provedel","REASSIGN","cmuihq8em008nh29e1swv1hng","Società Sportiva Lazio S.p.A.","cmuihqald009th29eqj2x21un","Inter Milan","first_team","first_team","Transferred from Società Sportiva Lazio S.p.A. to Inter Milan (TM 197929)"
"2026-09-30T13:27:33.667Z","cmuihqald009th29eqj2x21un","Inter Milan","cmuo540sb0002bpsm3ve8dlsk","Aleksandar Stanković","CREATE","","None (New Player)","cmuihqald009th29eqj2x21un","Inter Milan","","first_team","Created from official 2026/27 squad (Defensive Midfield, TM 780136)"
"2026-09-30T13:27:35.375Z","cmuihqb7i00a9h29e7t17vakf","Juventus FC","cmuihvvwl03bosexpgfbfosru","Mattia Perin","DETACH","cmuihqb7i00a9h29e7t17vakf","Juventus FC","","Unassigned (Detached)","first_team","departed","Absent from official 2026/27 Transfermarkt squad"
"2026-09-30T13:27:35.375Z","cmuihqb7i00a9h29e7t17vakf","Juventus FC","cmuihvzvp07cnsexpwg2spwmt","Loïs Openda","DETACH","cmuihqb7i00a9h29e7t17vakf","Juventus FC","","Unassigned (Detached)","first_team","departed","Absent from official 2026/27 Transfermarkt squad"
"2026-09-30T13:27:35.375Z","cmuihqb7i00a9h29e7t17vakf","Juventus FC","cmuihw3f40bpssexpifkiosof","Lorenzo Anghelè","DETACH","cmuihqb7i00a9h29e7t17vakf","Juventus FC","","Unassigned (Detached)","first_team","departed","Absent from official 2026/27 Transfermarkt squad"
"2026-09-30T13:27:35.375Z","cmuihqb7i00a9h29e7t17vakf","Juventus FC","cmuihw3f40bpusexpt076mb5k","Matteo Fuscaldo","DETACH","cmuihqb7i00a9h29e7t17vakf","Juventus FC","","Unassigned (Detached)","first_team","departed","Absent from official 2026/27 Transfermarkt squad"
"2026-09-30T13:27:35.375Z","cmuihqb7i00a9h29e7t17vakf","Juventus FC","cmuihw1bz093psexph1111ca8","João Mário","DETACH","cmuihqb7i00a9h29e7t17vakf","Juventus FC","","Unassigned (Detached)","first_team","departed","Absent from official 2026/27 Transfermarkt squad"
"2026-09-30T13:27:35.375Z","cmuihqb7i00a9h29e7t17vakf","Juventus FC","cmuihw1dm09gbsexpfi6jy9n5","Fabio Miretti","DETACH","cmuihqb7i00a9h29e7t17vakf","Juventus FC","","Unassigned (Detached)","first_team","departed","Absent from official 2026/27 Transfermarkt squad"
"2026-09-30T13:27:35.375Z","cmuihqb7i00a9h29e7t17vakf","Juventus FC","cmuihw24j0a59sexp1curdp1v","Simone Scaglia","DETACH","cmuihqb7i00a9h29e7t17vakf","Juventus FC","","Unassigned (Detached)","first_team","departed","Absent from official 2026/27 Transfermarkt squad"
"2026-09-30T13:27:35.375Z","cmuihqb7i00a9h29e7t17vakf","Juventus FC","cmuihw2pz0augsexp2jim93g7","Jonas Rouhi","DETACH","cmuihqb7i00a9h29e7t17vakf","Juventus FC","","Unassigned (Detached)","first_team","departed","Absent from official 2026/27 Transfermarkt squad"
"2026-09-30T13:27:35.375Z","cmuihqb7i00a9h29e7t17vakf","Juventus FC","cmuihw3fc0bw3sexpix4g3gfc","Stefano Mangiapoco","DETACH","cmuihqb7i00a9h29e7t17vakf","Juventus FC","","Unassigned (Detached)","first_team","departed","Absent from official 2026/27 Transfermarkt squad"
"2026-09-30T13:27:35.375Z","cmuihqb7i00a9h29e7t17vakf","Juventus FC","cmuihw3fd0bwqsexps7i1o1wh","Vasilije Adžić","DETACH","cmuihqb7i00a9h29e7t17vakf","Juventus FC","","Unassigned (Detached)","first_team","departed","Absent from official 2026/27 Transfermarkt squad"
"2026-09-30T13:27:35.375Z","cmuihqb7i00a9h29e7t17vakf","Juventus FC","cmuihvyqu064ksexp6ttb66ol","Guglielmo Vicario","ATTACH","","Unassigned","cmuihqb7i00a9h29e7t17vakf","Juventus FC","departed","first_team","Confirmed in 2026/27 squad (Goalkeeper, TM 286047)"
"2026-09-30T13:27:35.375Z","cmuihqb7i00a9h29e7t17vakf","Juventus FC","cmuihw1dg09eysexpet5m9lol","Pape Matar Sarr","ATTACH","","Unassigned","cmuihqb7i00a9h29e7t17vakf","Juventus FC","departed","first_team","Confirmed in 2026/27 squad (Central Midfield, TM 568693)"
"2026-09-30T13:27:35.375Z","cmuihqb7i00a9h29e7t17vakf","Juventus FC","cmuihvy5w052ssexpvfcdryyt","Jérémie Boga","ATTACH","","Unassigned","cmuihqb7i00a9h29e7t17vakf","Juventus FC","departed","first_team","Confirmed in 2026/27 squad (Left Winger, TM 216569)"
"2026-09-30T13:27:35.375Z","cmuihqb7i00a9h29e7t17vakf","Juventus FC","cmuihw0jb08btsexpbui71i83","Nick Woltemade","ATTACH","","Unassigned","cmuihqb7i00a9h29e7t17vakf","Juventus FC","departed","first_team","Confirmed in 2026/27 squad (Centre-Forward, TM 455661)"
"2026-09-30T13:27:35.375Z","cmuihqb7i00a9h29e7t17vakf","Juventus FC","cmuihw0k508oosexppdzg9fdq","Randal Kolo Muani","ATTACH","","Unassigned","cmuihqb7i00a9h29e7t17vakf","Juventus FC","departed","first_team","Confirmed in 2026/27 squad (Centre-Forward, TM 487969)"
"2026-09-30T13:27:35.375Z","cmuihqb7i00a9h29e7t17vakf","Juventus FC","cmuihvzb9071jsexpi984dqda","Kamil Grabara","REASSIGN","cmuihqf7s00chh29ehfr98rx6","VfL Wolfsburg","cmuihqb7i00a9h29e7t17vakf","Juventus FC","first_team","first_team","Transferred from VfL Wolfsburg to Juventus FC (TM 346551)"
"2026-09-30T13:27:35.375Z","cmuihqb7i00a9h29e7t17vakf","Juventus FC","cmuihvzwn07yvsexpu0yz6zl6","Jhon Lucumí","REASSIGN","cmuihnmx8000jb23fowusi2kw","Bologna Football Club 1909","cmuihqb7i00a9h29e7t17vakf","Juventus FC","first_team","first_team","Transferred from Bologna Football Club 1909 to Juventus FC (TM 413565)"
"2026-09-30T13:27:35.375Z","cmuihqb7i00a9h29e7t17vakf","Juventus FC","cmuihvy6k05mdsexp1not9wrd","Zeki Çelik","REASSIGN","cmuihoj9l0025b23fj4mplye4","Associazione Sportiva Roma","cmuihqb7i00a9h29e7t17vakf","Juventus FC","first_team","first_team","Transferred from Associazione Sportiva Roma to Juventus FC (TM 251075)"
"2026-09-30T13:27:35.375Z","cmuihqb7i00a9h29e7t17vakf","Juventus FC","cmuihw3f90bt2sexpxwkdu85l","Jeff Ekhator","REASSIGN","cmuihq3ak005th29eolz9qqct","Genoa CFC","cmuihqb7i00a9h29e7t17vakf","Juventus FC","first_team","first_team","Transferred from Genoa CFC to Juventus FC (TM 934878)"
"2026-09-30T13:27:35.375Z","cmuihqb7i00a9h29e7t17vakf","Juventus FC","cmuo5426a0005bpsmq2ku42l2","Neto","CREATE","","None (New Player)","cmuihqb7i00a9h29e7t17vakf","Juventus FC","","first_team","Created from official 2026/27 squad (Goalkeeper, TM 111819)"
"2026-09-30T13:27:35.375Z","cmuihqb7i00a9h29e7t17vakf","Juventus FC","cmuo542fy0007bpsmf6zb18vt","Kerim Alajbegovic","CREATE","","None (New Player)","cmuihqb7i00a9h29e7t17vakf","Juventus FC","","first_team","Created from official 2026/27 squad (Left Winger, TM 929994)"
"2026-09-30T13:27:37.402Z","cmuihntg0000vb23fquzb7c6q","Como 1907","cmuihvxgi04ynsexpbiwv7mx3","Alberto Moreno","DETACH","cmuihntg0000vb23fquzb7c6q","Como 1907","","Unassigned (Detached)","first_team","departed","Absent from official 2026/27 Transfermarkt squad"
"2026-09-30T13:27:37.402Z","cmuihntg0000vb23fquzb7c6q","Como 1907","cmuihvvvk02y6sexpq78jx4lo","Sergi Roberto","DETACH","cmuihntg0000vb23fquzb7c6q","Como 1907","","Unassigned (Detached)","first_team","departed","Absent from official 2026/27 Transfermarkt squad"
"2026-09-30T13:27:37.402Z","cmuihntg0000vb23fquzb7c6q","Como 1907","cmuihvzav06sgsexpw3m6lbuu","Mërgim Vojvoda","DETACH","cmuihntg0000vb23fquzb7c6q","Como 1907","","Unassigned (Detached)","first_team","departed","Absent from official 2026/27 Transfermarkt squad"
"2026-09-30T13:27:37.402Z","cmuihntg0000vb23fquzb7c6q","Como 1907","cmuihvzwg07u1sexpu0e6p4p6","Robert Sánchez","ATTACH","","Unassigned","cmuihntg0000vb23fquzb7c6q","Como 1907","departed","first_team","Confirmed in 2026/27 squad (Goalkeeper, TM 403151)"
"2026-09-30T13:27:37.402Z","cmuihntg0000vb23fquzb7c6q","Como 1907","cmuihw3fe0bxqsexpwd6ajfic","Jacobo Ramón","ATTACH","","Unassigned","cmuihntg0000vb23fquzb7c6q","Como 1907","departed","first_team","Confirmed in 2026/27 squad (Centre-Back, TM 948278)"
"2026-09-30T13:27:37.402Z","cmuihntg0000vb23fquzb7c6q","Como 1907","cmuihvzb80719sexp519zislh","Trevoh Chalobah","ATTACH","","Unassigned","cmuihntg0000vb23fquzb7c6q","Como 1907","departed","first_team","Confirmed in 2026/27 squad (Centre-Back, TM 346314)"
"2026-09-30T13:27:37.402Z","cmuihntg0000vb23fquzb7c6q","Como 1907","cmuihvzvy07j0sexp2clawa6g","Alberto Dossena","ATTACH","","Unassigned","cmuihntg0000vb23fquzb7c6q","Como 1907","departed","first_team","Confirmed in 2026/27 squad (Centre-Back, TM 385394)"
"2026-09-30T13:27:37.402Z","cmuihntg0000vb23fquzb7c6q","Como 1907","cmuihw2q80azpsexpofaa22sm","Willy Kambwala","ATTACH","","Unassigned","cmuihntg0000vb23fquzb7c6q","Como 1907","departed","first_team","Confirmed in 2026/27 squad (Centre-Back, TM 780630)"
"2026-09-30T13:27:37.402Z","cmuihntg0000vb23fquzb7c6q","Como 1907","cmuihw2pr0an0sexp1f2tl1n4","Álex Valle","ATTACH","","Unassigned","cmuihntg0000vb23fquzb7c6q","Como 1907","departed","first_team","Confirmed in 2026/27 squad (Left-Back, TM 709957)"
"2026-09-30T13:27:37.402Z","cmuihntg0000vb23fquzb7c6q","Como 1907","cmuihw24p0ab3sexp69ifrujp","Máximo Perrone","ATTACH","","Unassigned","cmuihntg0000vb23fquzb7c6q","Como 1907","departed","first_team","Confirmed in 2026/27 squad (Defensive Midfield, TM 668547)"
"2026-09-30T13:27:37.402Z","cmuihntg0000vb23fquzb7c6q","Como 1907","cmuihw4rn0d19sexpq76swssd","Adrian Lahdo","ATTACH","","Unassigned","cmuihntg0000vb23fquzb7c6q","Como 1907","departed","first_team","Confirmed in 2026/27 squad (Central Midfield, TM 1231993)"
"2026-09-30T13:27:37.402Z","cmuihntg0000vb23fquzb7c6q","Como 1907","cmuihvyqr061isexp6ugjqym3","Luis Milla","ATTACH","","Unassigned","cmuihntg0000vb23fquzb7c6q","Como 1907","departed","first_team","Confirmed in 2026/27 squad (Central Midfield, TM 281989)"
"2026-09-30T13:27:37.402Z","cmuihntg0000vb23fquzb7c6q","Como 1907","cmuihw1dq09imsexp9caq58ae","Martin Baturina","ATTACH","","Unassigned","cmuihntg0000vb23fquzb7c6q","Como 1907","departed","first_team","Confirmed in 2026/27 squad (Attacking Midfield, TM 580451)"
"2026-09-30T13:27:37.402Z","cmuihntg0000vb23fquzb7c6q","Como 1907","cmuihw43l0c56sexp2riocxx7","Mattia Liberali","ATTACH","","Unassigned","cmuihntg0000vb23fquzb7c6q","Como 1907","departed","first_team","Confirmed in 2026/27 squad (Attacking Midfield, TM 988964)"
"2026-09-30T13:27:37.402Z","cmuihntg0000vb23fquzb7c6q","Como 1907","cmuihw4rh0cynsexp90p0idkh","Jesús Rodríguez","ATTACH","","Unassigned","cmuihntg0000vb23fquzb7c6q","Como 1907","departed","first_team","Confirmed in 2026/27 squad (Left Winger, TM 1190411)"
"2026-09-30T13:27:37.402Z","cmuihntg0000vb23fquzb7c6q","Como 1907","cmuihw2q30axksexpr02drvoi","Jayden Addai","ATTACH","","Unassigned","cmuihntg0000vb23fquzb7c6q","Como 1907","departed","first_team","Confirmed in 2026/27 squad (Right Winger, TM 747720)"
"2026-09-30T13:27:37.402Z","cmuihntg0000vb23fquzb7c6q","Como 1907","cmuihw24909xvsexprfxjb1e3","Yan Couto","REASSIGN","cmuihq09e0045h29ednnt1hkq","Borussia Dortmund","cmuihntg0000vb23fquzb7c6q","Como 1907","first_team","first_team","Transferred from Borussia Dortmund to Como 1907 (TM 627228)"
"2026-09-30T13:27:37.402Z","cmuihntg0000vb23fquzb7c6q","Como 1907","cmuihw0jq08hssexpbyxj3x6q","Samuele Ricci","REASSIGN","cmuihqb6900a7h29eb12tdj1t","AC Milan","cmuihntg0000vb23fquzb7c6q","Como 1907","first_team","first_team","Transferred from AC Milan to Como 1907 (TM 467992)"
"2026-09-30T13:27:37.402Z","cmuihntg0000vb23fquzb7c6q","Como 1907","cmuihvzbm07b6sexp7mrrwntm","Moise Kean","REASSIGN","cmuihqa6q009nh29eeao6masx","ACF Fiorentina","cmuihntg0000vb23fquzb7c6q","Como 1907","first_team","first_team","Transferred from ACF Fiorentina to Como 1907 (TM 364135)"
"2026-09-30T13:27:37.402Z","cmuihntg0000vb23fquzb7c6q","Como 1907","cmuo543o6000abpsmrz553q9g","Kaiki","CREATE","","None (New Player)","cmuihntg0000vb23fquzb7c6q","Como 1907","","first_team","Created from official 2026/27 squad (Left-Back, TM 879217)"
"2026-09-30T13:27:39.137Z","cmuihqb6900a7h29eb12tdj1t","AC Milan","cmuihvwrj03nosexp8j6yoa66","Álvaro Morata","DETACH","cmuihqb6900a7h29eb12tdj1t","AC Milan","","Unassigned (Detached)","first_team","departed","Absent from official 2026/27 Transfermarkt squad"
"2026-09-30T13:27:39.137Z","cmuihqb6900a7h29eb12tdj1t","AC Milan","cmuihvzb706zvsexpx93x8o63","Christopher Nkunku","DETACH","cmuihqb6900a7h29eb12tdj1t","AC Milan","","Unassigned (Detached)","first_team","departed","Absent from official 2026/27 Transfermarkt squad"
"2026-09-30T13:27:39.137Z","cmuihqb6900a7h29eb12tdj1t","AC Milan","cmuihvzbi077vsexpldubidnd","Rafael Leão","DETACH","cmuihqb6900a7h29eb12tdj1t","AC Milan","","Unassigned (Detached)","first_team","departed","Absent from official 2026/27 Transfermarkt squad"
"2026-09-30T13:27:39.137Z","cmuihqb6900a7h29eb12tdj1t","AC Milan","cmuihw43m0c5tsexp6r2aig07","Zachary Athekame","DETACH","cmuihqb6900a7h29eb12tdj1t","AC Milan","","Unassigned (Detached)","first_team","departed","Absent from official 2026/27 Transfermarkt squad"
"2026-09-30T13:27:39.137Z","cmuihqb6900a7h29eb12tdj1t","AC Milan","cmuihw1d6099hsexpnh24acwl","Santiago Gimenez","DETACH","cmuihqb6900a7h29eb12tdj1t","AC Milan","","Unassigned (Detached)","first_team","departed","Absent from official 2026/27 Transfermarkt squad"
"2026-09-30T13:27:39.137Z","cmuihqb6900a7h29eb12tdj1t","AC Milan","cmuihw43o0c6bsexp9qshid9u","Jacopo Sardo","DETACH","cmuihqb6900a7h29eb12tdj1t","AC Milan","","Unassigned (Detached)","first_team","departed","Absent from official 2026/27 Transfermarkt squad"
"2026-09-30T13:27:39.137Z","cmuihqb6900a7h29eb12tdj1t","AC Milan","cmuihw3ew0bk7sexp00n4emrm","David Odogu","DETACH","cmuihqb6900a7h29eb12tdj1t","AC Milan","","Unassigned (Detached)","first_team","departed","Absent from official 2026/27 Transfermarkt squad"
"2026-09-30T13:27:39.137Z","cmuihqb6900a7h29eb12tdj1t","AC Milan","cmuihw4r30csqsexpd2jyxceg","Valeri Vladimirov","ATTACH","","Unassigned","cmuihqb6900a7h29eb12tdj1t","AC Milan","departed","first_team","Confirmed in 2026/27 squad (Centre-Back, TM 1136279)"
"2026-09-30T13:27:39.137Z","cmuihqb6900a7h29eb12tdj1t","AC Milan","cmuihw43f0c0isexpj2ajfmp7","Alphadjo Cissè","ATTACH","","Unassigned","cmuihqb6900a7h29eb12tdj1t","AC Milan","departed","first_team","Confirmed in 2026/27 squad (Attacking Midfield, TM 964087)"
"2026-09-30T13:27:39.137Z","cmuihqb6900a7h29eb12tdj1t","AC Milan","cmuihw2pz0aulsexpujgcu4g1","Omari Hutchinson","ATTACH","","Unassigned","cmuihqb6900a7h29eb12tdj1t","AC Milan","departed","first_team","Confirmed in 2026/27 squad (Right Winger, TM 741238)"
"2026-09-30T13:27:39.137Z","cmuihqb6900a7h29eb12tdj1t","AC Milan","cmuihw24509uvsexpnr7e46y3","Mario Gila","REASSIGN","cmuihq8em008nh29e1swv1hng","Società Sportiva Lazio S.p.A.","cmuihqb6900a7h29eb12tdj1t","AC Milan","first_team","first_team","Transferred from Società Sportiva Lazio S.p.A. to AC Milan (TM 618341)"
"2026-09-30T13:27:39.137Z","cmuihqb6900a7h29eb12tdj1t","AC Milan","cmuihw24k0a6gsexpuc6683wc","Diego Moreira","REASSIGN","cmuihqd8900bbh29em5y4p2o4","RC Strasbourg Alsace","cmuihqb6900a7h29eb12tdj1t","AC Milan","first_team","first_team","Transferred from RC Strasbourg Alsace to AC Milan (TM 655006)"
"2026-09-30T13:27:39.137Z","cmuihqb6900a7h29eb12tdj1t","AC Milan","cmuo544zm000dbpsmcnofv3xr","Sankhoun Diawara","CREATE","","None (New Player)","cmuihqb6900a7h29eb12tdj1t","AC Milan","","first_team","Created from official 2026/27 squad (Centre-Back, TM 1179195)"
"2026-09-30T13:27:39.137Z","cmuihqb6900a7h29eb12tdj1t","AC Milan","cmuo5452p000fbpsmtqkmi6df","Christian Comotto","CREATE","","None (New Player)","cmuihqb6900a7h29eb12tdj1t","AC Milan","","first_team","Created from official 2026/27 squad (Central Midfield, TM 1058363)"
"2026-09-30T13:27:40.768Z","cmuihoj9l0025b23fj4mplye4","AS Roma","cmuihvzb706zisexpqbwmb7v8","Artem Dovbyk","DETACH","cmuihoj9l0025b23fj4mplye4","AS Roma","","Unassigned (Detached)","first_team","departed","Absent from official 2026/27 Transfermarkt squad"
"2026-09-30T13:27:40.768Z","cmuihoj9l0025b23fj4mplye4","AS Roma","cmuihw0k708qgsexpnao8uyzd","Devis Vásquez","ATTACH","","Unassigned","cmuihoj9l0025b23fj4mplye4","AS Roma","departed","first_team","Confirmed in 2026/27 squad (Goalkeeper, TM 495722)"
"2026-09-30T13:27:40.768Z","cmuihoj9l0025b23fj4mplye4","AS Roma","cmuihw3fc0bw2sexp99meuwa2","Giorgio De Marzi","ATTACH","","Unassigned","cmuihoj9l0025b23fj4mplye4","AS Roma","departed","first_team","Confirmed in 2026/27 squad (Goalkeeper, TM 942004)"
"2026-09-30T13:27:40.768Z","cmuihoj9l0025b23fj4mplye4","AS Roma","cmuihw2pk0aj8sexp433ngns6","Daniele Ghilardi","ATTACH","","Unassigned","cmuihoj9l0025b23fj4mplye4","AS Roma","departed","first_team","Confirmed in 2026/27 squad (Centre-Back, TM 701819)"
"2026-09-30T13:27:40.768Z","cmuihoj9l0025b23fj4mplye4","AS Roma","cmuihvyqq061bsexpaxkg476u","Mario Hermoso","ATTACH","","Unassigned","cmuihoj9l0025b23fj4mplye4","AS Roma","departed","first_team","Confirmed in 2026/27 squad (Centre-Back, TM 281769)"
"2026-09-30T13:27:40.768Z","cmuihoj9l0025b23fj4mplye4","AS Roma","cmuihw43f0c0psexp32oabd8n","Wesley","ATTACH","","Unassigned","cmuihoj9l0025b23fj4mplye4","AS Roma","departed","first_team","Confirmed in 2026/27 squad (Right-Back, TM 964580)"
"2026-09-30T13:27:40.768Z","cmuihoj9l0025b23fj4mplye4","AS Roma","cmuihvzwu082lsexpxf17wm1k","Nahuel Molina","ATTACH","","Unassigned","cmuihoj9l0025b23fj4mplye4","AS Roma","departed","first_team","Confirmed in 2026/27 squad (Right-Back, TM 424042)"
"2026-09-30T13:27:40.768Z","cmuihoj9l0025b23fj4mplye4","AS Roma","cmuihw4rd0cwbsexpq737x1yh","Emanuele Lulli","ATTACH","","Unassigned","cmuihoj9l0025b23fj4mplye4","AS Roma","departed","first_team","Confirmed in 2026/27 squad (Right-Back, TM 1175298)"
"2026-09-30T13:27:40.768Z","cmuihoj9l0025b23fj4mplye4","AS Roma","cmuihvzap06ntsexp10sjsfb9","Donyell Malen","ATTACH","","Unassigned","cmuihoj9l0025b23fj4mplye4","AS Roma","departed","first_team","Confirmed in 2026/27 squad (Centre-Forward, TM 326029)"
"2026-09-30T13:27:40.768Z","cmuihoj9l0025b23fj4mplye4","AS Roma","cmuihw4rp0d24sexppepnmt75","Antonio Arena","ATTACH","","Unassigned","cmuihoj9l0025b23fj4mplye4","AS Roma","departed","first_team","Confirmed in 2026/27 squad (Centre-Forward, TM 1251220)"
"2026-09-30T13:27:40.768Z","cmuihoj9l0025b23fj4mplye4","AS Roma","cmuihw24p0ab8sexp8ajeoazg","Konstantinos Koulierakis","REASSIGN","cmuihqf7s00chh29ehfr98rx6","VfL Wolfsburg","cmuihoj9l0025b23fj4mplye4","AS Roma","first_team","first_team","Transferred from VfL Wolfsburg to AS Roma (TM 669380)"
"2026-09-30T13:27:40.768Z","cmuihoj9l0025b23fj4mplye4","AS Roma","cmuihw1do09hfsexpl7wmyu36","Leonardo Balerdi","REASSIGN","cmuihq2sw005jh29e5ugg799e","Olympique Marseille","cmuihoj9l0025b23fj4mplye4","AS Roma","first_team","first_team","Transferred from Olympique Marseille to AS Roma (TM 575998)"
"2026-09-30T13:27:40.768Z","cmuihoj9l0025b23fj4mplye4","AS Roma","cmuihvwrn03qysexp86fqncas","Marten de Roon","REASSIGN","cmuihqf7m00ceh29eo8vo509b","Atalanta BC","cmuihoj9l0025b23fj4mplye4","AS Roma","first_team","first_team","Transferred from Atalanta BC to AS Roma (TM 133179)"
"2026-09-30T13:27:40.768Z","cmuihoj9l0025b23fj4mplye4","AS Roma","cmuihw43d0bzhsexpn0liljph","Rodrigo Mora","REASSIGN","cmuihqe6h00brh29ew01veugs","FC Porto","cmuihoj9l0025b23fj4mplye4","AS Roma","first_team","first_team","Transferred from FC Porto to AS Roma (TM 957653)"
"2026-09-30T13:27:40.768Z","cmuihoj9l0025b23fj4mplye4","AS Roma","cmuihw3em0bc9sexppmg615pj","Santiago Castro","REASSIGN","cmuihnmx8000jb23fowusi2kw","Bologna Football Club 1909","cmuihoj9l0025b23fj4mplye4","AS Roma","first_team","first_team","Transferred from Bologna Football Club 1909 to AS Roma (TM 849520)"
"2026-09-30T13:27:42.292Z","cmuihqf7m00ceh29eo8vo509b","Atalanta BC","cmuihvwsb047qsexpe1tqmgdo","Berat Djimsiti","DETACH","cmuihqf7m00ceh29eo8vo509b","Atalanta BC","","Unassigned (Detached)","first_team","departed","Absent from official 2026/27 Transfermarkt squad"
"2026-09-30T13:27:42.292Z","cmuihqf7m00ceh29eo8vo509b","Atalanta BC","cmuihvwrh03lcsexphzwung5q","Francesco Rossi","DETACH","cmuihqf7m00ceh29eo8vo509b","Atalanta BC","","Unassigned (Detached)","first_team","departed","Absent from official 2026/27 Transfermarkt squad"
"2026-09-30T13:27:42.292Z","cmuihqf7m00ceh29eo8vo509b","Atalanta BC","cmuihw3fa0bu4sexplw21ak3y","Pietro Comi","DETACH","cmuihqf7m00ceh29eo8vo509b","Atalanta BC","","Unassigned (Detached)","first_team","departed","Absent from official 2026/27 Transfermarkt squad"
"2026-09-30T13:27:42.292Z","cmuihqf7m00ceh29eo8vo509b","Atalanta BC","cmuihw43y0ce3sexpnki4dzow","Federico Cassa","DETACH","cmuihqf7m00ceh29eo8vo509b","Atalanta BC","","Unassigned (Detached)","first_team","departed","Absent from official 2026/27 Transfermarkt squad"
"2026-09-30T13:27:42.292Z","cmuihqf7m00ceh29eo8vo509b","Atalanta BC","cmuihw3fa0bu1sexp9ppqf1vn","Dominic Vavassori","DETACH","cmuihqf7m00ceh29eo8vo509b","Atalanta BC","","Unassigned (Detached)","first_team","departed","Absent from official 2026/27 Transfermarkt squad"
"2026-09-30T13:27:42.292Z","cmuihqf7m00ceh29eo8vo509b","Atalanta BC","cmuihw43g0c1isexpsime7r5t","Piotr Pardel","DETACH","cmuihqf7m00ceh29eo8vo509b","Atalanta BC","","Unassigned (Detached)","first_team","departed","Absent from official 2026/27 Transfermarkt squad"
"2026-09-30T13:27:42.292Z","cmuihqf7m00ceh29eo8vo509b","Atalanta BC","cmuihvxgc04u5sexp2pwzgd7s","Marco Sportiello","ATTACH","","Unassigned","cmuihqf7m00ceh29eo8vo509b","Atalanta BC","departed","first_team","Confirmed in 2026/27 squad (Goalkeeper, TM 199976)"
"2026-09-30T13:27:42.292Z","cmuihqf7m00ceh29eo8vo509b","Atalanta BC","cmuihw24g0a3asexp6hg4lfko","Odilon Kossounou","ATTACH","","Unassigned","cmuihqf7m00ceh29eo8vo509b","Atalanta BC","departed","first_team","Confirmed in 2026/27 squad (Centre-Back, TM 644771)"
"2026-09-30T13:27:42.292Z","cmuihqf7m00ceh29eo8vo509b","Atalanta BC","cmuihw2pq0amesexpirxfh4n9","Lorenzo Bernasconi","ATTACH","","Unassigned","cmuihqf7m00ceh29eo8vo509b","Atalanta BC","departed","first_team","Confirmed in 2026/27 squad (Left-Back, TM 708635)"
"2026-09-30T13:27:42.292Z","cmuihqf7m00ceh29eo8vo509b","Atalanta BC","cmuihvzbj078usexpv4jusedw","Gianluca Gaetano","ATTACH","","Unassigned","cmuihqf7m00ceh29eo8vo509b","Atalanta BC","departed","first_team","Confirmed in 2026/27 squad (Defensive Midfield, TM 358008)"
"2026-09-30T13:27:42.292Z","cmuihqf7m00ceh29eo8vo509b","Atalanta BC","cmuihw1d4098ssexpg50ohxhj","Nicola Zalewski","ATTACH","","Unassigned","cmuihqf7m00ceh29eo8vo509b","Atalanta BC","departed","first_team","Confirmed in 2026/27 squad (Unknown, TM 550108)"
"2026-09-30T13:27:42.292Z","cmuihqf7m00ceh29eo8vo509b","Atalanta BC","cmuihw1bs0901sexpwlpib2pj","Lazar Samardžić","ATTACH","","Unassigned","cmuihqf7m00ceh29eo8vo509b","Atalanta BC","departed","first_team","Confirmed in 2026/27 squad (Attacking Midfield, TM 528833)"
"2026-09-30T13:27:42.292Z","cmuihqf7m00ceh29eo8vo509b","Atalanta BC","cmuihvzwe07svsexpps0dvbqo","Eljif Elmas","ATTACH","","Unassigned","cmuihqf7m00ceh29eo8vo509b","Atalanta BC","departed","first_team","Confirmed in 2026/27 squad (Attacking Midfield, TM 400489)"
"2026-09-30T13:27:42.292Z","cmuihqf7m00ceh29eo8vo509b","Atalanta BC","cmuihw24s0acssexpva15olol","Jonathan Rowe","ATTACH","","Unassigned","cmuihqf7m00ceh29eo8vo509b","Atalanta BC","departed","first_team","Confirmed in 2026/27 squad (Left Winger, TM 672381)"
"2026-09-30T13:27:42.292Z","cmuihqf7m00ceh29eo8vo509b","Atalanta BC","cmuihw2q20awxsexpji5h2ceu","Kamaldeen Sulemana","ATTACH","","Unassigned","cmuihqf7m00ceh29eo8vo509b","Atalanta BC","departed","first_team","Confirmed in 2026/27 squad (Left Winger, TM 746695)"
"2026-09-30T13:27:42.292Z","cmuihqf7m00ceh29eo8vo509b","Atalanta BC","cmuihvzwi07v1sexpy08i9vgs","Giacomo Raspadori","ATTACH","","Unassigned","cmuihqf7m00ceh29eo8vo509b","Atalanta BC","departed","first_team","Confirmed in 2026/27 squad (Second Striker, TM 405885)"
"2026-09-30T13:27:42.292Z","cmuihqf7m00ceh29eo8vo509b","Atalanta BC","cmuihw0iv086asexp7r7bb512","Nikola Krstović","ATTACH","","Unassigned","cmuihqf7m00ceh29eo8vo509b","Atalanta BC","departed","first_team","Confirmed in 2026/27 squad (Centre-Forward, TM 434433)"
"2026-09-30T13:27:42.292Z","cmuihqf7m00ceh29eo8vo509b","Atalanta BC","cmuihw2pi0ai5sexp1pcdw39q","Thomas Kristensen","REASSIGN","cmuihq93e0093h29eq2t4j538","Udinese Calcio","cmuihqf7m00ceh29eo8vo509b","Atalanta BC","first_team","first_team","Transferred from Udinese Calcio to Atalanta BC (TM 698259)"
"2026-09-30T13:27:42.292Z","cmuihqf7m00ceh29eo8vo509b","Atalanta BC","cmuo547j9000jbpsmg3880nnb","Thomas Pompei","CREATE","","None (New Player)","cmuihqf7m00ceh29eo8vo509b","Atalanta BC","","first_team","Created from official 2026/27 squad (Goalkeeper, TM 962246)"
"2026-09-30T13:27:42.292Z","cmuihqf7m00ceh29eo8vo509b","Atalanta BC","cmuo547mq000lbpsmra7g76ri","Franck Kessié","CREATE","","None (New Player)","cmuihqf7m00ceh29eo8vo509b","Atalanta BC","","first_team","Created from official 2026/27 squad (Central Midfield, TM 294808)"
"2026-09-30T13:27:44.082Z","cmuihqcp500axh29eqi1p52xi","SSC Napoli","cmuihvvw5035xsexpgzkw4qzx","Romelu Lukaku","DETACH","cmuihqcp500axh29eqi1p52xi","SSC Napoli","","Unassigned (Detached)","first_team","departed","Absent from official 2026/27 Transfermarkt squad"
"2026-09-30T13:27:44.082Z","cmuihqcp500axh29eqi1p52xi","SSC Napoli","cmuihvy6j05lusexpyt6fc9dd","Pasquale Mazzocchi","DETACH","cmuihqcp500axh29eqi1p52xi","SSC Napoli","","Unassigned (Detached)","first_team","departed","Absent from official 2026/27 Transfermarkt squad"
"2026-09-30T13:27:44.082Z","cmuihqcp500axh29eqi1p52xi","SSC Napoli","cmuihvzbj078wsexpmjzrty1n","Cyril Ngonge","DETACH","cmuihqcp500axh29eqi1p52xi","SSC Napoli","","Unassigned (Detached)","first_team","departed","Absent from official 2026/27 Transfermarkt squad"
"2026-09-30T13:27:44.082Z","cmuihqcp500axh29eqi1p52xi","SSC Napoli","cmuihw2pp0alssexp4wasnc65","Giuseppe Ambrosino","DETACH","cmuihqcp500axh29eqi1p52xi","SSC Napoli","","Unassigned (Detached)","first_team","departed","Absent from official 2026/27 Transfermarkt squad"
"2026-09-30T13:27:44.082Z","cmuihqcp500axh29eqi1p52xi","SSC Napoli","cmuihvzvv07g2sexpb0qsatqf","Michael Folorunsho","DETACH","cmuihqcp500axh29eqi1p52xi","SSC Napoli","","Unassigned (Detached)","first_team","departed","Absent from official 2026/27 Transfermarkt squad"
"2026-09-30T13:27:44.082Z","cmuihqcp500axh29eqi1p52xi","SSC Napoli","cmuihvzwb07rgsexp5l37150j","Alessandro Zanoli","DETACH","cmuihqcp500axh29eqi1p52xi","SSC Napoli","","Unassigned (Detached)","first_team","departed","Absent from official 2026/27 Transfermarkt squad"
"2026-09-30T13:27:44.082Z","cmuihqcp500axh29eqi1p52xi","SSC Napoli","cmuihw0iu085tsexp4d23shv2","Alessio Zerbin","DETACH","cmuihqcp500axh29eqi1p52xi","SSC Napoli","","Unassigned (Detached)","first_team","departed","Absent from official 2026/27 Transfermarkt squad"
"2026-09-30T13:27:44.082Z","cmuihqcp500axh29eqi1p52xi","SSC Napoli","cmuihw1as08vmsexpd6b6lrqh","Jesper Lindstrøm","DETACH","cmuihqcp500axh29eqi1p52xi","SSC Napoli","","Unassigned (Detached)","first_team","departed","Absent from official 2026/27 Transfermarkt squad"
"2026-09-30T13:27:44.082Z","cmuihqcp500axh29eqi1p52xi","SSC Napoli","cmuihw1bj08xmsexp2b74b1z9","Walid Cheddira","DETACH","cmuihqcp500axh29eqi1p52xi","SSC Napoli","","Unassigned (Detached)","first_team","departed","Absent from official 2026/27 Transfermarkt squad"
"2026-09-30T13:27:44.082Z","cmuihqcp500axh29eqi1p52xi","SSC Napoli","cmuihw1bq08z1sexp7sr0logf","Miguel Gutiérrez","DETACH","cmuihqcp500axh29eqi1p52xi","SSC Napoli","","Unassigned (Detached)","first_team","departed","Absent from official 2026/27 Transfermarkt squad"
"2026-09-30T13:27:44.082Z","cmuihqcp500axh29eqi1p52xi","SSC Napoli","cmuihw2pv0ar1sexpbx47yn93","Luis Hasa","DETACH","cmuihqcp500axh29eqi1p52xi","SSC Napoli","","Unassigned (Detached)","first_team","departed","Absent from official 2026/27 Transfermarkt squad"
"2026-09-30T13:27:44.082Z","cmuihqcp500axh29eqi1p52xi","SSC Napoli","cmuihw3eg0b7ysexpgq3hkc3a","Coli Saco","DETACH","cmuihqcp500axh29eqi1p52xi","SSC Napoli","","Unassigned (Detached)","first_team","departed","Absent from official 2026/27 Transfermarkt squad"
"2026-09-30T13:27:44.082Z","cmuihqcp500axh29eqi1p52xi","SSC Napoli","cmuihw4rj0cz9sexp0efv53dw","Mathias Ferrante","DETACH","cmuihqcp500axh29eqi1p52xi","SSC Napoli","","Unassigned (Detached)","first_team","departed","Absent from official 2026/27 Transfermarkt squad"
"2026-09-30T13:27:44.082Z","cmuihqcp500axh29eqi1p52xi","SSC Napoli","cmuihw0jn08fusexpncuohc1c","Benoît Badiashile","ATTACH","","Unassigned","cmuihqcp500axh29eqi1p52xi","SSC Napoli","departed","first_team","Confirmed in 2026/27 squad (Centre-Back, TM 463603)"
"2026-09-30T13:27:44.082Z","cmuihqcp500axh29eqi1p52xi","SSC Napoli","cmuihw3eg0b7zsexppzuphjp7","Costantino Favasuli","ATTACH","","Unassigned","cmuihqcp500axh29eqi1p52xi","SSC Napoli","departed","first_team","Confirmed in 2026/27 squad (Right-Back, TM 820635)"
"2026-09-30T13:27:44.082Z","cmuihqcp500axh29eqi1p52xi","SSC Napoli","cmuo548q6000obpsm7lbgm3kp","Claudio Pugliese","CREATE","","None (New Player)","cmuihqcp500axh29eqi1p52xi","SSC Napoli","","first_team","Created from official 2026/27 squad (Goalkeeper, TM 1270926)"
"2026-09-30T13:27:45.537Z","cmuihqa6q009nh29eeao6masx","ACF Fiorentina","cmuihvyr806ftsexpde5hy3dh","Rolando Mandragora","DETACH","cmuihqa6q009nh29eeao6masx","ACF Fiorentina","","Unassigned (Detached)","first_team","departed","Absent from official 2026/27 Transfermarkt squad"
"2026-09-30T13:27:45.537Z","cmuihqa6q009nh29eeao6masx","ACF Fiorentina","cmuihw3fa0buhsexp0iyjdh12","Pietro Leonardelli","DETACH","cmuihqa6q009nh29eeao6masx","ACF Fiorentina","","Unassigned (Detached)","first_team","departed","Absent from official 2026/27 Transfermarkt squad"
"2026-09-30T13:27:45.537Z","cmuihqa6q009nh29eeao6masx","ACF Fiorentina","cmuihw2q20awzsexplvimn7jv","Pietro Comuzzo","DETACH","cmuihqa6q009nh29eeao6masx","ACF Fiorentina","","Unassigned (Detached)","first_team","departed","Absent from official 2026/27 Transfermarkt squad"
"2026-09-30T13:27:45.537Z","cmuihqa6q009nh29eeao6masx","ACF Fiorentina","cmuihvwro03rzsexp6em7agpb","Luca Lezzerini","ATTACH","","Unassigned","cmuihqa6q009nh29eeao6masx","ACF Fiorentina","departed","first_team","Confirmed in 2026/27 squad (Goalkeeper, TM 135747)"
"2026-09-30T13:27:45.537Z","cmuihqa6q009nh29eeao6masx","ACF Fiorentina","cmuihw1dg09ewsexpvn4sq5qv","Radu Drăgușin","ATTACH","","Unassigned","cmuihqa6q009nh29eeao6masx","ACF Fiorentina","departed","first_team","Confirmed in 2026/27 squad (Centre-Back, TM 568559)"
"2026-09-30T13:27:45.537Z","cmuihqa6q009nh29eeao6masx","ACF Fiorentina","cmuihw4rg0cy4sexp13jdr37p","Víctor Valdepeñas","ATTACH","","Unassigned","cmuihqa6q009nh29eeao6masx","ACF Fiorentina","departed","first_team","Confirmed in 2026/27 squad (Centre-Back, TM 1186245)"
"2026-09-30T13:27:45.537Z","cmuihqa6q009nh29eeao6masx","ACF Fiorentina","cmuihw2pz0auosexpuxd857vv","Álex Jiménez","ATTACH","","Unassigned","cmuihqa6q009nh29eeao6masx","ACF Fiorentina","departed","first_team","Confirmed in 2026/27 squad (Right-Back, TM 741257)"
"2026-09-30T13:27:45.537Z","cmuihqa6q009nh29eeao6masx","ACF Fiorentina","cmuihw1bz093psexph1111ca8","João Mário","ATTACH","","Unassigned","cmuihqa6q009nh29eeao6masx","ACF Fiorentina","departed","first_team","Confirmed in 2026/27 squad (Right-Back, TM 537602)"
"2026-09-30T13:27:45.537Z","cmuihqa6q009nh29eeao6masx","ACF Fiorentina","cmuihw3eo0bd9sexpkfmdioze","Arthur Atta","ATTACH","","Unassigned","cmuihqa6q009nh29eeao6masx","ACF Fiorentina","departed","first_team","Confirmed in 2026/27 squad (Central Midfield, TM 855308)"
"2026-09-30T13:27:45.537Z","cmuihqa6q009nh29eeao6masx","ACF Fiorentina","cmuihw0is084zsexpuos9zmm6","Nicolò Fagioli","ATTACH","","Unassigned","cmuihqa6q009nh29eeao6masx","ACF Fiorentina","departed","first_team","Confirmed in 2026/27 squad (Central Midfield, TM 432090)"
"2026-09-30T13:27:45.537Z","cmuihqa6q009nh29eeao6masx","ACF Fiorentina","cmuihw0jf08dasexpvscbzdj0","Marco Brescianini","ATTACH","","Unassigned","cmuihqa6q009nh29eeao6masx","ACF Fiorentina","departed","first_team","Confirmed in 2026/27 squad (Central Midfield, TM 459128)"
"2026-09-30T13:27:45.537Z","cmuihqa6q009nh29eeao6masx","ACF Fiorentina","cmuihvzvz07jlsexpu6fulj1c","Riccardo Sottil","ATTACH","","Unassigned","cmuihqa6q009nh29eeao6masx","ACF Fiorentina","departed","first_team","Confirmed in 2026/27 squad (Left Winger, TM 386455)"
"2026-09-30T13:27:45.537Z","cmuihqa6q009nh29eeao6masx","ACF Fiorentina","cmuihw24909y8sexpt3k55pn3","Wilfried Gnonto","ATTACH","","Unassigned","cmuihqa6q009nh29eeao6masx","ACF Fiorentina","departed","first_team","Confirmed in 2026/27 squad (Right Winger, TM 627626)"
"2026-09-30T13:27:45.537Z","cmuihqa6q009nh29eeao6masx","ACF Fiorentina","cmuihw23v09n8sexpk9amd02x","Beto","ATTACH","","Unassigned","cmuihqa6q009nh29eeao6masx","ACF Fiorentina","departed","first_team","Confirmed in 2026/27 squad (Centre-Forward, TM 595809)"
"2026-09-30T13:27:45.537Z","cmuihqa6q009nh29eeao6masx","ACF Fiorentina","cmuihw0io083isexpu4c74wnv","Pedro Gonçalves","REASSIGN","cmuihq6jo007lh29e9jpaabxs","Sporting CP","cmuihqa6q009nh29eeao6masx","ACF Fiorentina","first_team","first_team","Transferred from Sporting CP to ACF Fiorentina (TM 426620)"
"2026-09-30T13:27:45.537Z","cmuihqa6q009nh29eeao6masx","ACF Fiorentina","cmuihw3f80bswsexpirtzoxtf","Alieu Njie","REASSIGN","cmuihq9hw0099h29erttwt92h","Torino FC","cmuihqa6q009nh29eeao6masx","ACF Fiorentina","first_team","first_team","Transferred from Torino FC to ACF Fiorentina (TM 934527)"
"2026-09-30T13:27:45.537Z","cmuihqa6q009nh29eeao6masx","ACF Fiorentina","cmuihw3eo0bdksexpo1w91szg","Mateo Pellegrino","REASSIGN","cmuihouiw002pb23fjq3m9qng","Parma Calcio 1913","cmuihqa6q009nh29eeao6masx","ACF Fiorentina","first_team","first_team","Transferred from Parma Calcio 1913 to ACF Fiorentina (TM 856530)"
"2026-09-30T13:27:45.537Z","cmuihqa6q009nh29eeao6masx","ACF Fiorentina","cmuo549xd000rbpsmg49246p8","Oliver Christensen","CREATE","","None (New Player)","cmuihqa6q009nh29eeao6masx","ACF Fiorentina","","first_team","Created from official 2026/27 squad (Goalkeeper, TM 471936)"
"2026-09-30T13:27:45.537Z","cmuihqa6q009nh29eeao6masx","ACF Fiorentina","cmuo54a0v000tbpsmr5docxoq","Viery","CREATE","","None (New Player)","cmuihqa6q009nh29eeao6masx","ACF Fiorentina","","first_team","Created from official 2026/27 squad (Centre-Back, TM 950393)"
"2026-09-30T13:27:45.537Z","cmuihqa6q009nh29eeao6masx","ACF Fiorentina","cmuo54a54000vbpsmxmwyv145","Christ Inao Oulaï","CREATE","","None (New Player)","cmuihqa6q009nh29eeao6masx","ACF Fiorentina","","first_team","Created from official 2026/27 squad (Central Midfield, TM 1279526)"
"2026-09-30T13:27:45.537Z","cmuihqa6q009nh29eeao6masx","ACF Fiorentina","cmuo54a8i000xbpsmk3ug7c51","Federico Croci","CREATE","","None (New Player)","cmuihqa6q009nh29eeao6masx","ACF Fiorentina","","first_team","Created from official 2026/27 squad (Left Winger, TM 1350478)"
"2026-09-30T13:27:47.444Z","cmuihq8em008nh29e1swv1hng","SS Lazio","cmuihvxg704rjsexpavqxn9vj","Alessio Romagnoli","DETACH","cmuihq8em008nh29e1swv1hng","SS Lazio","","Unassigned (Detached)","first_team","departed","Absent from official 2026/27 Transfermarkt squad"
"2026-09-30T13:27:47.444Z","cmuihq8em008nh29e1swv1hng","SS Lazio","cmuihvwrh03lvsexpu4iabt11","Patric","DETACH","cmuihq8em008nh29e1swv1hng","SS Lazio","","Unassigned (Detached)","first_team","departed","Absent from official 2026/27 Transfermarkt squad"
"2026-09-30T13:27:47.444Z","cmuihq8em008nh29e1swv1hng","SS Lazio","cmuihw43u0cb6sexpr1ro6goj","Saná Fernandes","DETACH","cmuihq8em008nh29e1swv1hng","SS Lazio","","Unassigned (Detached)","first_team","departed","Absent from official 2026/27 Transfermarkt squad"
"2026-09-30T13:27:47.444Z","cmuihq8em008nh29e1swv1hng","SS Lazio","cmuihw0k208mdsexpofl6plbm","Christos Mandas","ATTACH","","Unassigned","cmuihq8em008nh29e1swv1hng","SS Lazio","departed","first_team","Confirmed in 2026/27 squad (Goalkeeper, TM 481675)"
"2026-09-30T13:27:47.444Z","cmuihq8em008nh29e1swv1hng","SS Lazio","cmuihw3f10bnlsexpjax5szlm","Edoardo Motta","ATTACH","","Unassigned","cmuihq8em008nh29e1swv1hng","SS Lazio","departed","first_team","Confirmed in 2026/27 squad (Goalkeeper, TM 916430)"
"2026-09-30T13:27:47.444Z","cmuihq8em008nh29e1swv1hng","SS Lazio","cmuihw3f20bo6sexpqaddcv17","Davide Renzetti","ATTACH","","Unassigned","cmuihq8em008nh29e1swv1hng","SS Lazio","departed","first_team","Confirmed in 2026/27 squad (Goalkeeper, TM 918957)"
"2026-09-30T13:27:47.444Z","cmuihq8em008nh29e1swv1hng","SS Lazio","cmuihvzw007k3sexp8o0w03fd","Danilho Doekhi","ATTACH","","Unassigned","cmuihq8em008nh29e1swv1hng","SS Lazio","departed","first_team","Confirmed in 2026/27 squad (Centre-Back, TM 387047)"
"2026-09-30T13:27:47.444Z","cmuihq8em008nh29e1swv1hng","SS Lazio","cmuihvzbi077ssexp9rly6q48","Diogo Leite","ATTACH","","Unassigned","cmuihq8em008nh29e1swv1hng","SS Lazio","departed","first_team","Confirmed in 2026/27 squad (Centre-Back, TM 357156)"
"2026-09-30T13:27:47.444Z","cmuihq8em008nh29e1swv1hng","SS Lazio","cmuihw44d0cppsexpryon8jpl","Filipe Bordon","ATTACH","","Unassigned","cmuihq8em008nh29e1swv1hng","SS Lazio","departed","first_team","Confirmed in 2026/27 squad (Centre-Back, TM 1110645)"
"2026-09-30T13:27:47.444Z","cmuihq8em008nh29e1swv1hng","SS Lazio","cmuihw1bx092ksexpsosx4c5i","Nuno Tavares","ATTACH","","Unassigned","cmuihq8em008nh29e1swv1hng","SS Lazio","departed","first_team","Confirmed in 2026/27 squad (Left-Back, TM 535955)"
"2026-09-30T13:27:47.444Z","cmuihq8em008nh29e1swv1hng","SS Lazio","cmuihvzb9071psexpy2pqeq07","Luca Pellegrini","ATTACH","","Unassigned","cmuihq8em008nh29e1swv1hng","SS Lazio","departed","first_team","Confirmed in 2026/27 squad (Left-Back, TM 346567)"
"2026-09-30T13:27:47.444Z","cmuihq8em008nh29e1swv1hng","SS Lazio","cmuihvzbi077fsexpysdzcsid","Alfonso Pedraza","ATTACH","","Unassigned","cmuihq8em008nh29e1swv1hng","SS Lazio","departed","first_team","Confirmed in 2026/27 squad (Left-Back, TM 356197)"
"2026-09-30T13:27:47.444Z","cmuihq8em008nh29e1swv1hng","SS Lazio","cmuihw2pq0am7sexpikgvy7wl","Romano Floriani Mussolini","ATTACH","","Unassigned","cmuihq8em008nh29e1swv1hng","SS Lazio","departed","first_team","Confirmed in 2026/27 squad (Right-Back, TM 708086)"
"2026-09-30T13:27:47.444Z","cmuihq8em008nh29e1swv1hng","SS Lazio","cmuihw1bq08z7sexphw2v7j8z","Nicolò Rovella","ATTACH","","Unassigned","cmuihq8em008nh29e1swv1hng","SS Lazio","departed","first_team","Confirmed in 2026/27 squad (Defensive Midfield, TM 525704)"
"2026-09-30T13:27:47.444Z","cmuihq8em008nh29e1swv1hng","SS Lazio","cmuihvxgc04tosexpmyp62x32","Danilo Cataldi","ATTACH","","Unassigned","cmuihq8em008nh29e1swv1hng","SS Lazio","departed","first_team","Confirmed in 2026/27 squad (Defensive Midfield, TM 199733)"
"2026-09-30T13:27:47.444Z","cmuihq8em008nh29e1swv1hng","SS Lazio","cmuihw0js08ilsexppfym2346","Kenneth Taylor","ATTACH","","Unassigned","cmuihq8em008nh29e1swv1hng","SS Lazio","departed","first_team","Confirmed in 2026/27 squad (Central Midfield, TM 470394)"
"2026-09-30T13:27:47.444Z","cmuihq8em008nh29e1swv1hng","SS Lazio","cmuihvzw507owsexpem8e4psl","Davide Frattesi","ATTACH","","Unassigned","cmuihq8em008nh29e1swv1hng","SS Lazio","departed","first_team","Confirmed in 2026/27 squad (Central Midfield, TM 394300)"
"2026-09-30T13:27:47.444Z","cmuihq8em008nh29e1swv1hng","SS Lazio","cmuihw1bu090nsexp3dkt13qx","Fisayo Dele-Bashiru","ATTACH","","Unassigned","cmuihq8em008nh29e1swv1hng","SS Lazio","departed","first_team","Confirmed in 2026/27 squad (Central Midfield, TM 530742)"
"2026-09-30T13:27:47.444Z","cmuihq8em008nh29e1swv1hng","SS Lazio","cmuihw3er0bfasexpk3flxw2c","Valerio Farcomeni","ATTACH","","Unassigned","cmuihq8em008nh29e1swv1hng","SS Lazio","departed","first_team","Confirmed in 2026/27 squad (Central Midfield, TM 866255)"
"2026-09-30T13:27:47.444Z","cmuihq8em008nh29e1swv1hng","SS Lazio","cmuihw43t0ca8sexps740q03y","Adrian Przyborek","ATTACH","","Unassigned","cmuihq8em008nh29e1swv1hng","SS Lazio","departed","first_team","Confirmed in 2026/27 squad (Attacking Midfield, TM 1018395)"
"2026-09-30T13:27:47.444Z","cmuihq8em008nh29e1swv1hng","SS Lazio","cmuihw1d4098rsexply019i2m","Matteo Cancellieri","ATTACH","","Unassigned","cmuihq8em008nh29e1swv1hng","SS Lazio","departed","first_team","Confirmed in 2026/27 squad (Right Winger, TM 550106)"
"2026-09-30T13:27:47.444Z","cmuihq8em008nh29e1swv1hng","SS Lazio","cmuihvyr706f7sexp9i7l5bsf","Albert Gudmundsson","ATTACH","","Unassigned","cmuihq8em008nh29e1swv1hng","SS Lazio","departed","first_team","Confirmed in 2026/27 squad (Second Striker, TM 305947)"
"2026-09-30T13:27:47.444Z","cmuihq8em008nh29e1swv1hng","SS Lazio","cmuihvyrc06jksexpq1ckbvha","Andrea Pinamonti","ATTACH","","Unassigned","cmuihq8em008nh29e1swv1hng","SS Lazio","departed","first_team","Confirmed in 2026/27 squad (Centre-Forward, TM 315865)"
"2026-09-30T13:27:47.444Z","cmuihq8em008nh29e1swv1hng","SS Lazio","cmuihvzvq07dhsexpg2xekoxr","Josip Sutalo","REASSIGN","cmuihqce400ath29e227zx42b","Ajax Amsterdam","cmuihq8em008nh29e1swv1hng","SS Lazio","first_team","first_team","Transferred from Ajax Amsterdam to SS Lazio (TM 371001)"
"2026-09-30T13:27:47.444Z","cmuihq8em008nh29e1swv1hng","SS Lazio","cmuo54bet0010bpsmmwp8n2rq","Ricardo Bordon","CREATE","","None (New Player)","cmuihq8em008nh29e1swv1hng","SS Lazio","","first_team","Created from official 2026/27 squad (Centre-Back, TM 1253815)"
"2026-09-30T13:27:47.444Z","cmuihq8em008nh29e1swv1hng","SS Lazio","cmuo54bhz0012bpsm7mzwopno","Mohamed Fares","CREATE","","None (New Player)","cmuihq8em008nh29e1swv1hng","SS Lazio","","first_team","Created from official 2026/27 squad (Left-Back, TM 287700)"
"2026-09-30T13:27:47.444Z","cmuihq8em008nh29e1swv1hng","SS Lazio","cmuo54bl50014bpsmrhf38dfj","Bruno Galassi","CREATE","","None (New Player)","cmuihq8em008nh29e1swv1hng","SS Lazio","","first_team","Created from official 2026/27 squad (Defensive Midfield, TM 1455976)"
"2026-09-30T13:27:49.159Z","cmuihnmx8000jb23fowusi2kw","Bologna FC 1909","cmuihvwrv03xjsexp3v53ee25","Remo Freuler","DETACH","cmuihnmx8000jb23fowusi2kw","Bologna FC 1909","","Unassigned (Detached)","first_team","departed","Absent from official 2026/27 Transfermarkt squad"
"2026-09-30T13:27:49.159Z","cmuihnmx8000jb23fowusi2kw","Bologna FC 1909","cmuihvzw107ljsexpebjwapng","Federico Ravaglia","DETACH","cmuihnmx8000jb23fowusi2kw","Bologna FC 1909","","Unassigned (Detached)","first_team","departed","Absent from official 2026/27 Transfermarkt squad"
"2026-09-30T13:27:49.159Z","cmuihnmx8000jb23fowusi2kw","Bologna FC 1909","cmuihw1cs094dsexpo8yt1gwk","Thijs Dallinga","DETACH","cmuihnmx8000jb23fowusi2kw","Bologna FC 1909","","Unassigned (Detached)","first_team","departed","Absent from official 2026/27 Transfermarkt squad"
"2026-09-30T13:27:49.159Z","cmuihnmx8000jb23fowusi2kw","Bologna FC 1909","cmuihw3ev0bjlsexpd4nd2wdt","Davide Baroncioni","DETACH","cmuihnmx8000jb23fowusi2kw","Bologna FC 1909","","Unassigned (Detached)","first_team","departed","Absent from official 2026/27 Transfermarkt squad"
"2026-09-30T13:27:49.159Z","cmuihnmx8000jb23fowusi2kw","Bologna FC 1909","cmuihw43e0bzusexp4z0opun0","Benja Domínguez","DETACH","cmuihnmx8000jb23fowusi2kw","Bologna FC 1909","","Unassigned (Detached)","first_team","departed","Absent from official 2026/27 Transfermarkt squad"
"2026-09-30T13:27:49.159Z","cmuihnmx8000jb23fowusi2kw","Bologna FC 1909","cmuihw43n0c68sexpxkstsb1v","Massimo Pessina","ATTACH","","Unassigned","cmuihnmx8000jb23fowusi2kw","Bologna FC 1909","departed","first_team","Confirmed in 2026/27 squad (Goalkeeper, TM 992569)"
"2026-09-30T13:27:49.159Z","cmuihnmx8000jb23fowusi2kw","Bologna FC 1909","cmuihw43t0ca6sexptonktr7u","Ukko Happonen","ATTACH","","Unassigned","cmuihnmx8000jb23fowusi2kw","Bologna FC 1909","departed","first_team","Confirmed in 2026/27 squad (Goalkeeper, TM 1018026)"
"2026-09-30T13:27:49.159Z","cmuihnmx8000jb23fowusi2kw","Bologna FC 1909","cmuihw0jo08gesexptz6vnery","Torbjørn Heggem","ATTACH","","Unassigned","cmuihnmx8000jb23fowusi2kw","Bologna FC 1909","departed","first_team","Confirmed in 2026/27 squad (Centre-Back, TM 464469)"
"2026-09-30T13:27:49.159Z","cmuihnmx8000jb23fowusi2kw","Bologna FC 1909","cmuihw24j0a5nsexp6hsiotny","Martin Vitík","ATTACH","","Unassigned","cmuihnmx8000jb23fowusi2kw","Bologna FC 1909","departed","first_team","Confirmed in 2026/27 squad (Centre-Back, TM 652054)"
"2026-09-30T13:27:49.159Z","cmuihnmx8000jb23fowusi2kw","Bologna FC 1909","cmuihw4r00crhsexpsiryk5o5","Eivind Helland","ATTACH","","Unassigned","cmuihnmx8000jb23fowusi2kw","Bologna FC 1909","departed","first_team","Confirmed in 2026/27 squad (Centre-Back, TM 1129198)"
"2026-09-30T13:27:49.159Z","cmuihnmx8000jb23fowusi2kw","Bologna FC 1909","cmuihvzw107lcsexplsf6zien","Nicolò Casale","ATTACH","","Unassigned","cmuihnmx8000jb23fowusi2kw","Bologna FC 1909","departed","first_team","Confirmed in 2026/27 squad (Centre-Back, TM 389837)"
"2026-09-30T13:27:49.159Z","cmuihnmx8000jb23fowusi2kw","Bologna FC 1909","cmuihw0k708qpsexp0k1n4zdj","Emil Holm","ATTACH","","Unassigned","cmuihnmx8000jb23fowusi2kw","Bologna FC 1909","departed","first_team","Confirmed in 2026/27 squad (Right-Back, TM 496745)"
"2026-09-30T13:27:49.159Z","cmuihnmx8000jb23fowusi2kw","Bologna FC 1909","cmuihvzw407o7sexpp96fq7dh","Nadir Zortea","ATTACH","","Unassigned","cmuihnmx8000jb23fowusi2kw","Bologna FC 1909","departed","first_team","Confirmed in 2026/27 squad (Right-Back, TM 392966)"
"2026-09-30T13:27:49.159Z","cmuihnmx8000jb23fowusi2kw","Bologna FC 1909","cmuihw1bu090ssexp5cklmzcn","Oussama El Azzouzi","ATTACH","","Unassigned","cmuihnmx8000jb23fowusi2kw","Bologna FC 1909","departed","first_team","Confirmed in 2026/27 squad (Defensive Midfield, TM 531065)"
"2026-09-30T13:27:49.159Z","cmuihnmx8000jb23fowusi2kw","Bologna FC 1909","cmuihvzw307n8sexp42dylf24","Tommaso Pobega","ATTACH","","Unassigned","cmuihnmx8000jb23fowusi2kw","Bologna FC 1909","departed","first_team","Confirmed in 2026/27 squad (Central Midfield, TM 392538)"
"2026-09-30T13:27:49.159Z","cmuihnmx8000jb23fowusi2kw","Bologna FC 1909","cmuihw24k0a6fsexpdnyckwwj","Samuel Mbangula","ATTACH","","Unassigned","cmuihnmx8000jb23fowusi2kw","Bologna FC 1909","departed","first_team","Confirmed in 2026/27 squad (Left Winger, TM 654991)"
"2026-09-30T13:27:49.159Z","cmuihnmx8000jb23fowusi2kw","Bologna FC 1909","cmuihvxg704qpsexpgzkbidbo","Federico Bernardeschi","ATTACH","","Unassigned","cmuihnmx8000jb23fowusi2kw","Bologna FC 1909","departed","first_team","Confirmed in 2026/27 squad (Right Winger, TM 197300)"
"2026-09-30T13:27:49.159Z","cmuihnmx8000jb23fowusi2kw","Bologna FC 1909","cmuihw0is0850sexpilvxigxz","Roberto Piccoli","ATTACH","","Unassigned","cmuihnmx8000jb23fowusi2kw","Bologna FC 1909","departed","first_team","Confirmed in 2026/27 squad (Centre-Forward, TM 432092)"
"2026-09-30T13:27:49.159Z","cmuihnmx8000jb23fowusi2kw","Bologna FC 1909","cmuihvzb706zisexpqbwmb7v8","Artem Dovbyk","ATTACH","","Unassigned","cmuihnmx8000jb23fowusi2kw","Bologna FC 1909","departed","first_team","Confirmed in 2026/27 squad (Centre-Forward, TM 343537)"
"2026-09-30T13:27:49.159Z","cmuihnmx8000jb23fowusi2kw","Bologna FC 1909","cmuihvzvp07cosexpppijmg4l","Arthur Theate","REASSIGN","cmuihq2b80057h29e0r17uj2f","Eintracht Frankfurt","cmuihnmx8000jb23fowusi2kw","Bologna FC 1909","first_team","first_team","Transferred from Eintracht Frankfurt to Bologna FC 1909 (TM 368891)"
"2026-09-30T13:27:49.159Z","cmuihnmx8000jb23fowusi2kw","Bologna FC 1909","cmuihw3f70brgsexpwx0x89e8","Rahim Alhassane","REASSIGN","cmuihq2wf005ph29erkyba1oh","Real Oviedo","cmuihnmx8000jb23fowusi2kw","Bologna FC 1909","first_team","first_team","Transferred from Real Oviedo to Bologna FC 1909 (TM 929899)"
"2026-09-30T13:27:49.159Z","cmuihnmx8000jb23fowusi2kw","Bologna FC 1909","cmuo54cpm0017bpsmxvumlqp5","Mikel Amondarain","CREATE","","None (New Player)","cmuihnmx8000jb23fowusi2kw","Bologna FC 1909","","first_team","Created from official 2026/27 squad (Central Midfield, TM 1283311)"
"2026-09-30T13:27:49.159Z","cmuihnmx8000jb23fowusi2kw","Bologna FC 1909","cmuo54cst0019bpsm1mdjqiun","Marco Libra","CREATE","","None (New Player)","cmuihnmx8000jb23fowusi2kw","Bologna FC 1909","","first_team","Created from official 2026/27 squad (Central Midfield, TM 1311378)"
"2026-09-30T13:27:49.159Z","cmuihnmx8000jb23fowusi2kw","Bologna FC 1909","cmuo54cw9001bbpsmwrt7bc4c","Jay Enem","CREATE","","None (New Player)","cmuihnmx8000jb23fowusi2kw","Bologna FC 1909","","first_team","Created from official 2026/27 squad (Centre-Forward, TM 678035)"
"2026-09-30T13:27:50.996Z","cmuihqd7y00b9h29e7s5ob4n6","US Sassuolo","cmuihvy6o05p9sexpodku9log","Filippo Romagna","DETACH","cmuihqd7y00b9h29e7s5ob4n6","US Sassuolo","","Unassigned (Detached)","first_team","departed","Absent from official 2026/27 Transfermarkt squad"
"2026-09-30T13:27:50.996Z","cmuihqd7y00b9h29e7s5ob4n6","US Sassuolo","cmuihw2pj0aipsexpjzcnvb12","Edoardo Iannoni","DETACH","cmuihqd7y00b9h29e7s5ob4n6","US Sassuolo","","Unassigned (Detached)","first_team","departed","Absent from official 2026/27 Transfermarkt squad"
"2026-09-30T13:27:50.996Z","cmuihqd7y00b9h29e7s5ob4n6","US Sassuolo","cmuihw0je08cjsexpqdvwec7w","Samuele Mulattieri","DETACH","cmuihqd7y00b9h29e7s5ob4n6","US Sassuolo","","Unassigned (Detached)","first_team","departed","Absent from official 2026/27 Transfermarkt squad"
"2026-09-30T13:27:50.996Z","cmuihqd7y00b9h29e7s5ob4n6","US Sassuolo","cmuihw23y09owsexptlldavyd","Luca Moro","DETACH","cmuihqd7y00b9h29e7s5ob4n6","US Sassuolo","","Unassigned (Detached)","first_team","departed","Absent from official 2026/27 Transfermarkt squad"
"2026-09-30T13:27:50.996Z","cmuihqd7y00b9h29e7s5ob4n6","US Sassuolo","cmuihw24j0a5bsexp5ek82c1j","Filippo Missori","DETACH","cmuihqd7y00b9h29e7s5ob4n6","US Sassuolo","","Unassigned (Detached)","first_team","departed","Absent from official 2026/27 Transfermarkt squad"
"2026-09-30T13:27:50.996Z","cmuihqd7y00b9h29e7s5ob4n6","US Sassuolo","cmuihvzvq07dksexpcswtxjb4","Arijanet Murić","ATTACH","","Unassigned","cmuihqd7y00b9h29e7s5ob4n6","US Sassuolo","departed","first_team","Confirmed in 2026/27 squad (Goalkeeper, TM 371021)"
"2026-09-30T13:27:50.996Z","cmuihqd7y00b9h29e7s5ob4n6","US Sassuolo","cmuihw1cw096qsexpa5qmeeti","Stefano Turati","ATTACH","","Unassigned","cmuihqd7y00b9h29e7s5ob4n6","US Sassuolo","departed","first_team","Confirmed in 2026/27 squad (Goalkeeper, TM 543666)"
"2026-09-30T13:27:50.996Z","cmuihqd7y00b9h29e7s5ob4n6","US Sassuolo","cmuihw4rc0cvgsexpbscg0e6q","Lorenzo Nyarko","ATTACH","","Unassigned","cmuihqd7y00b9h29e7s5ob4n6","US Sassuolo","departed","first_team","Confirmed in 2026/27 squad (Goalkeeper, TM 1168024)"
"2026-09-30T13:27:50.996Z","cmuihqd7y00b9h29e7s5ob4n6","US Sassuolo","cmuihw1cy097hsexpgokkelbj","Jay Idzes","ATTACH","","Unassigned","cmuihqd7y00b9h29e7s5ob4n6","US Sassuolo","departed","first_team","Confirmed in 2026/27 squad (Centre-Back, TM 546926)"
"2026-09-30T13:27:50.996Z","cmuihqd7y00b9h29e7s5ob4n6","US Sassuolo","cmuihw1bi08xdsexpe1b7mgxf","Fali Candé","ATTACH","","Unassigned","cmuihqd7y00b9h29e7s5ob4n6","US Sassuolo","departed","first_team","Confirmed in 2026/27 squad (Centre-Back, TM 520530)"
"2026-09-30T13:27:50.996Z","cmuihqd7y00b9h29e7s5ob4n6","US Sassuolo","cmuihvy6905d3sexpwt47vsrj","Duje Caleta-Car","ATTACH","","Unassigned","cmuihqd7y00b9h29e7s5ob4n6","US Sassuolo","departed","first_team","Confirmed in 2026/27 squad (Centre-Back, TM 238266)"
"2026-09-30T13:27:50.996Z","cmuihqd7y00b9h29e7s5ob4n6","US Sassuolo","cmuihw43t0cahsexpzi4i6lcj","Giorgio Vezzosi","ATTACH","","Unassigned","cmuihqd7y00b9h29e7s5ob4n6","US Sassuolo","departed","first_team","Confirmed in 2026/27 squad (Centre-Back, TM 1019116)"
"2026-09-30T13:27:50.996Z","cmuihqd7y00b9h29e7s5ob4n6","US Sassuolo","cmuihw0k608pcsexpwnsds0l9","Ignace Van der Brempt","ATTACH","","Unassigned","cmuihqd7y00b9h29e7s5ob4n6","US Sassuolo","departed","first_team","Confirmed in 2026/27 squad (Right-Back, TM 490423)"
"2026-09-30T13:27:50.996Z","cmuihqd7y00b9h29e7s5ob4n6","US Sassuolo","cmuihw43i0c39sexple7zoref","Ibrahim Sulemana","ATTACH","","Unassigned","cmuihqd7y00b9h29e7s5ob4n6","US Sassuolo","departed","first_team","Confirmed in 2026/27 squad (Defensive Midfield, TM 982267)"
"2026-09-30T13:27:50.996Z","cmuihqd7y00b9h29e7s5ob4n6","US Sassuolo","cmuihvvss02pysexpac9sxpbc","Nemanja Matić","ATTACH","","Unassigned","cmuihqd7y00b9h29e7s5ob4n6","US Sassuolo","departed","first_team","Confirmed in 2026/27 squad (Defensive Midfield, TM 74683)"
"2026-09-30T13:27:50.996Z","cmuihqd7y00b9h29e7s5ob4n6","US Sassuolo","cmuihw3f20bonsexpop91b4va","Ismaël Koné","ATTACH","","Unassigned","cmuihqd7y00b9h29e7s5ob4n6","US Sassuolo","departed","first_team","Confirmed in 2026/27 squad (Central Midfield, TM 921655)"
"2026-09-30T13:27:50.996Z","cmuihqd7y00b9h29e7s5ob4n6","US Sassuolo","cmuihw4rc0cvosexpom1at2zg","Darryl Bakola","ATTACH","","Unassigned","cmuihqd7y00b9h29e7s5ob4n6","US Sassuolo","departed","first_team","Confirmed in 2026/27 squad (Central Midfield, TM 1170286)"
"2026-09-30T13:27:50.996Z","cmuihqd7y00b9h29e7s5ob4n6","US Sassuolo","cmuihw3f20bobsexpqmgzywj0","Simone Cinquegrano","ATTACH","","Unassigned","cmuihqd7y00b9h29e7s5ob4n6","US Sassuolo","departed","first_team","Confirmed in 2026/27 squad (Unknown, TM 919669)"
"2026-09-30T13:27:50.996Z","cmuihqd7y00b9h29e7s5ob4n6","US Sassuolo","cmuihw3fd0bwqsexps7i1o1wh","Vasilije Adžić","ATTACH","","Unassigned","cmuihqd7y00b9h29e7s5ob4n6","US Sassuolo","departed","first_team","Confirmed in 2026/27 squad (Attacking Midfield, TM 944570)"
"2026-09-30T13:27:50.996Z","cmuihqd7y00b9h29e7s5ob4n6","US Sassuolo","cmuihw43e0bzusexp4z0opun0","Benja Domínguez","ATTACH","","Unassigned","cmuihqd7y00b9h29e7s5ob4n6","US Sassuolo","departed","first_team","Confirmed in 2026/27 squad (Left Winger, TM 961022)"
"2026-09-30T13:27:50.996Z","cmuihqd7y00b9h29e7s5ob4n6","US Sassuolo","cmuihw1cs0946sexpp9ko6352","Sebastiano Esposito","ATTACH","","Unassigned","cmuihqd7y00b9h29e7s5ob4n6","US Sassuolo","departed","first_team","Confirmed in 2026/27 squad (Second Striker, TM 538918)"
"2026-09-30T13:27:50.996Z","cmuihqd7y00b9h29e7s5ob4n6","US Sassuolo","cmuihw24h0a43sexp6komzqjb","Rafa Obrador","REASSIGN","cmuihq4q6006lh29eutf0qltf","SL Benfica","cmuihqd7y00b9h29e7s5ob4n6","US Sassuolo","first_team","first_team","Transferred from SL Benfica to US Sassuolo (TM 646747)"
"2026-09-30T13:27:50.996Z","cmuihqd7y00b9h29e7s5ob4n6","US Sassuolo","cmuihvzb8070ssexperbxg4un","Sebastian Walukiewicz","REASSIGN","cmuihq9hw0099h29erttwt92h","Torino FC","cmuihqd7y00b9h29e7s5ob4n6","US Sassuolo","first_team","first_team","Transferred from Torino FC to US Sassuolo (TM 345458)"
"2026-09-30T13:27:50.996Z","cmuihqd7y00b9h29e7s5ob4n6","US Sassuolo","cmuo54e54001ebpsmrmm9p95d","Fedde Leysen","CREATE","","None (New Player)","cmuihqd7y00b9h29e7s5ob4n6","US Sassuolo","","first_team","Created from official 2026/27 squad (Centre-Back, TM 660746)"
"2026-09-30T13:27:50.996Z","cmuihqd7y00b9h29e7s5ob4n6","US Sassuolo","cmuo54e8a001gbpsm6mn6ivro","Kieron Bowie","CREATE","","None (New Player)","cmuihqd7y00b9h29e7s5ob4n6","US Sassuolo","","first_team","Created from official 2026/27 squad (Centre-Forward, TM 647280)"
"2026-09-30T13:27:52.610Z","cmuihq9hw0099h29erttwt92h","Torino FC","cmuihvws7045bsexpv3mloras","Alberto Paleari","DETACH","cmuihq9hw0099h29erttwt92h","Torino FC","","Unassigned (Detached)","first_team","departed","Absent from official 2026/27 Transfermarkt squad"
"2026-09-30T13:27:52.610Z","cmuihq9hw0099h29erttwt92h","Torino FC","cmuihw0it085jsexp2ke52q01","Tino Anjorin","DETACH","cmuihq9hw0099h29erttwt92h","Torino FC","","Unassigned (Detached)","first_team","departed","Absent from official 2026/27 Transfermarkt squad"
"2026-09-30T13:27:52.610Z","cmuihq9hw0099h29erttwt92h","Torino FC","cmuihw43i0c31sexpru76ha6s","Sergiu Perciun","DETACH","cmuihq9hw0099h29erttwt92h","Torino FC","","Unassigned (Detached)","first_team","departed","Absent from official 2026/27 Transfermarkt squad"
"2026-09-30T13:27:52.610Z","cmuihq9hw0099h29erttwt92h","Torino FC","cmuihw0js08issexp6979lh5p","Ivan Ilić","DETACH","cmuihq9hw0099h29erttwt92h","Torino FC","","Unassigned (Detached)","first_team","departed","Absent from official 2026/27 Transfermarkt squad"
"2026-09-30T13:27:52.610Z","cmuihq9hw0099h29erttwt92h","Torino FC","cmuihw1ej09jrsexp1ayxnyrn","Marcus Pedersen","DETACH","cmuihq9hw0099h29erttwt92h","Torino FC","","Unassigned (Detached)","first_team","departed","Absent from official 2026/27 Transfermarkt squad"
"2026-09-30T13:27:52.610Z","cmuihq9hw0099h29erttwt92h","Torino FC","cmuihw43q0c7rsexpo7joprg5","Ali Dembélé","DETACH","cmuihq9hw0099h29erttwt92h","Torino FC","","Unassigned (Detached)","first_team","departed","Absent from official 2026/27 Transfermarkt squad"
"2026-09-30T13:27:52.610Z","cmuihq9hw0099h29erttwt92h","Torino FC","cmuihw4410cgrsexp4on9pycr","Côme Bianay Balcot","DETACH","cmuihq9hw0099h29erttwt92h","Torino FC","","Unassigned (Detached)","first_team","departed","Absent from official 2026/27 Transfermarkt squad"
"2026-09-30T13:27:52.610Z","cmuihq9hw0099h29erttwt92h","Torino FC","cmuihvzbc074jsexpoun6sog0","Lucas Perri","ATTACH","","Unassigned","cmuihq9hw0099h29erttwt92h","Torino FC","departed","first_team","Confirmed in 2026/27 squad (Goalkeeper, TM 352041)"
"2026-09-30T13:27:52.610Z","cmuihq9hw0099h29erttwt92h","Torino FC","cmuihw2q20awzsexplvimn7jv","Pietro Comuzzo","ATTACH","","Unassigned","cmuihq9hw0099h29erttwt92h","Torino FC","departed","first_team","Confirmed in 2026/27 squad (Centre-Back, TM 746712)"
"2026-09-30T13:27:52.610Z","cmuihq9hw0099h29erttwt92h","Torino FC","cmuihvyr606desexpbq99iq0m","Eray Cömert","ATTACH","","Unassigned","cmuihq9hw0099h29erttwt92h","Torino FC","departed","first_team","Confirmed in 2026/27 squad (Centre-Back, TM 298583)"
"2026-09-30T13:27:52.610Z","cmuihq9hw0099h29erttwt92h","Torino FC","cmuihw43j0c46sexp9a98nl2p","Niccolò Fortini","ATTACH","","Unassigned","cmuihq9hw0099h29erttwt92h","Torino FC","departed","first_team","Confirmed in 2026/27 squad (Left-Back, TM 984964)"
"2026-09-30T13:27:52.610Z","cmuihq9hw0099h29erttwt92h","Torino FC","cmuihvvvo02zqsexpwhautq88","Ricardo Rodríguez","ATTACH","","Unassigned","cmuihq9hw0099h29erttwt92h","Torino FC","departed","first_team","Confirmed in 2026/27 squad (Left-Back, TM 86784)"
"2026-09-30T13:27:52.610Z","cmuihq9hw0099h29erttwt92h","Torino FC","cmuihvzwu082ksexpkmi7f97w","Nathan Patterson","ATTACH","","Unassigned","cmuihq9hw0099h29erttwt92h","Torino FC","departed","first_team","Confirmed in 2026/27 squad (Right-Back, TM 424015)"
"2026-09-30T13:27:52.610Z","cmuihq9hw0099h29erttwt92h","Torino FC","cmuihvyr806ftsexpde5hy3dh","Rolando Mandragora","ATTACH","","Unassigned","cmuihq9hw0099h29erttwt92h","Torino FC","departed","first_team","Confirmed in 2026/27 squad (Defensive Midfield, TM 308279)"
"2026-09-30T13:27:52.610Z","cmuihq9hw0099h29erttwt92h","Torino FC","cmuihw4rh0cyesexpimzp0jpc","Alessio Cacciamani","ATTACH","","Unassigned","cmuihq9hw0099h29erttwt92h","Torino FC","departed","first_team","Confirmed in 2026/27 squad (Unknown, TM 1188619)"
"2026-09-30T13:27:52.610Z","cmuihq9hw0099h29erttwt92h","Torino FC","cmuihvzbm07b4sexpx8dzdyky","Pietro Pellegri","ATTACH","","Unassigned","cmuihq9hw0099h29erttwt92h","Torino FC","departed","first_team","Confirmed in 2026/27 squad (Centre-Forward, TM 364133)"
"2026-09-30T13:27:52.610Z","cmuihq9hw0099h29erttwt92h","Torino FC","cmuihw0jl08f9sexpivxj0jg5","Daniel Bragança","REASSIGN","cmuihq6jo007lh29e9jpaabxs","Sporting CP","cmuihq9hw0099h29erttwt92h","Torino FC","first_team","first_team","Transferred from Sporting CP to Torino FC (TM 461943)"
"2026-09-30T13:27:52.610Z","cmuihq9hw0099h29erttwt92h","Torino FC","cmuihw1d909bgsexp6rwgjq3h","Kian Fitz-Jim","REASSIGN","cmuihqce400ath29e227zx42b","Ajax Amsterdam","cmuihq9hw0099h29erttwt92h","Torino FC","first_team","first_team","Transferred from Ajax Amsterdam to Torino FC (TM 559333)"
"2026-09-30T13:27:52.610Z","cmuihq9hw0099h29erttwt92h","Torino FC","cmuihw24309t5sexpq8rrblwh","Gaetano Oristanio","REASSIGN","cmuihqc8e00arh29e87zakfd6","Venezia FC","cmuihq9hw0099h29erttwt92h","Torino FC","first_team","first_team","Transferred from Venezia FC to Torino FC (TM 613393)"
"2026-09-30T13:27:52.610Z","cmuihq9hw0099h29erttwt92h","Torino FC","cmuo54fen001jbpsmajmdrsu7","Diego Mascardi","CREATE","","None (New Player)","cmuihq9hw0099h29erttwt92h","Torino FC","","first_team","Created from official 2026/27 squad (Goalkeeper, TM 981998)"
"2026-09-30T13:27:52.610Z","cmuihq9hw0099h29erttwt92h","Torino FC","cmuo54fhp001lbpsm0fb4yxu4","Rafik Belghali","CREATE","","None (New Player)","cmuihq9hw0099h29erttwt92h","Torino FC","","first_team","Created from official 2026/27 squad (Right-Back, TM 864306)"
"2026-09-30T13:27:52.610Z","cmuihq9hw0099h29erttwt92h","Torino FC","cmuo54fla001nbpsmy1vzkf9r","Andrea Luongo","CREATE","","None (New Player)","cmuihq9hw0099h29erttwt92h","Torino FC","","first_team","Created from official 2026/27 squad (Central Midfield, TM 1191921)"
"2026-09-30T13:27:54.448Z","cmuihq3ak005th29eolz9qqct","Genoa CFC","cmuihvwro03s1sexpei4euuba","Nicola Leali","DETACH","cmuihq3ak005th29eolz9qqct","Genoa CFC","","Unassigned (Detached)","first_team","departed","Absent from official 2026/27 Transfermarkt squad"
"2026-09-30T13:27:54.448Z","cmuihq3ak005th29eolz9qqct","Genoa CFC","cmuihw3eq0bf9sexpy1bfcpgm","Seydou Fini","DETACH","cmuihq3ak005th29eolz9qqct","Genoa CFC","","Unassigned (Detached)","first_team","departed","Absent from official 2026/27 Transfermarkt squad"
"2026-09-30T13:27:54.448Z","cmuihq3ak005th29eolz9qqct","Genoa CFC","cmuihw3ey0blrsexpsq8n86ct","Hugo Cuenca","DETACH","cmuihq3ak005th29eolz9qqct","Genoa CFC","","Unassigned (Detached)","first_team","departed","Absent from official 2026/27 Transfermarkt squad"
"2026-09-30T13:27:54.448Z","cmuihq3ak005th29eolz9qqct","Genoa CFC","cmuihw0jg08dmsexp4lk3fep3","Patrizio Masini","DETACH","cmuihq3ak005th29eolz9qqct","Genoa CFC","","Unassigned (Detached)","first_team","departed","Absent from official 2026/27 Transfermarkt squad"
"2026-09-30T13:27:54.448Z","cmuihq3ak005th29eolz9qqct","Genoa CFC","cmuihvyrb06ijsexpl7df228o","Justin Bijlow","ATTACH","","Unassigned","cmuihq3ak005th29eolz9qqct","Genoa CFC","departed","first_team","Confirmed in 2026/27 squad (Goalkeeper, TM 315121)"
"2026-09-30T13:27:54.448Z","cmuihq3ak005th29eolz9qqct","Genoa CFC","cmuihw4rt0d3bsexpekzig3a5","Rendijs Mihelsons","ATTACH","","Unassigned","cmuihq3ak005th29eolz9qqct","Genoa CFC","departed","first_team","Confirmed in 2026/27 squad (Goalkeeper, TM 1289670)"
"2026-09-30T13:27:54.448Z","cmuihq3ak005th29eolz9qqct","Genoa CFC","cmuihw3ef0b77sexpx9gwdbpj","Alessandro Marcandalli","ATTACH","","Unassigned","cmuihq3ak005th29eolz9qqct","Genoa CFC","departed","first_team","Confirmed in 2026/27 squad (Centre-Back, TM 818448)"
"2026-09-30T13:27:54.448Z","cmuihq3ak005th29eolz9qqct","Genoa CFC","cmuihvzvo07c7sexpkylndxnx","Leo Østigård","ATTACH","","Unassigned","cmuihq3ak005th29eolz9qqct","Genoa CFC","departed","first_team","Confirmed in 2026/27 squad (Centre-Back, TM 367284)"
"2026-09-30T13:27:54.448Z","cmuihq3ak005th29eolz9qqct","Genoa CFC","cmuihw44d0cp3sexpz3fpq3eg","Mamedi Doucouré","ATTACH","","Unassigned","cmuihq3ak005th29eolz9qqct","Genoa CFC","departed","first_team","Confirmed in 2026/27 squad (Centre-Back, TM 1105948)"
"2026-09-30T13:27:54.448Z","cmuihq3ak005th29eolz9qqct","Genoa CFC","cmuihw3es0bgcsexpw255bwe0","Lukas Klišys","ATTACH","","Unassigned","cmuihq3ak005th29eolz9qqct","Genoa CFC","departed","first_team","Confirmed in 2026/27 squad (Centre-Back, TM 874974)"
"2026-09-30T13:27:54.448Z","cmuihq3ak005th29eolz9qqct","Genoa CFC","cmuihw1bv0916sexpqb1fjkf8","Cody Drameh","ATTACH","","Unassigned","cmuihq3ak005th29eolz9qqct","Genoa CFC","departed","first_team","Confirmed in 2026/27 squad (Right-Back, TM 531957)"
"2026-09-30T13:27:54.448Z","cmuihq3ak005th29eolz9qqct","Genoa CFC","cmuihw4490cm4sexpg78sz5hy","Amorim","ATTACH","","Unassigned","cmuihq3ak005th29eolz9qqct","Genoa CFC","departed","first_team","Confirmed in 2026/27 squad (Central Midfield, TM 1082774)"
"2026-09-30T13:27:54.448Z","cmuihq3ak005th29eolz9qqct","Genoa CFC","cmuihvy5u050csexpfkzkjhf5","Djibril Sow","ATTACH","","Unassigned","cmuihq3ak005th29eolz9qqct","Genoa CFC","departed","first_team","Confirmed in 2026/27 squad (Central Midfield, TM 212723)"
"2026-09-30T13:27:54.448Z","cmuihq3ak005th29eolz9qqct","Genoa CFC","cmuihw1de09dmsexpgkso6rhm","Mikael Egill Ellertsson","ATTACH","","Unassigned","cmuihq3ak005th29eolz9qqct","Genoa CFC","departed","first_team","Confirmed in 2026/27 squad (Central Midfield, TM 566615)"
"2026-09-30T13:27:54.448Z","cmuihq3ak005th29eolz9qqct","Genoa CFC","cmuihw24g0a2tsexpbrpbdeh2","Tommaso Baldanzi","ATTACH","","Unassigned","cmuihq3ak005th29eolz9qqct","Genoa CFC","departed","first_team","Confirmed in 2026/27 squad (Attacking Midfield, TM 641537)"
"2026-09-30T13:27:54.448Z","cmuihq3ak005th29eolz9qqct","Genoa CFC","cmuihvzw207m1sexpsm5z4i54","Hamed Traoré","ATTACH","","Unassigned","cmuihq3ak005th29eolz9qqct","Genoa CFC","departed","first_team","Confirmed in 2026/27 squad (Left Winger, TM 391065)"
"2026-09-30T13:27:54.448Z","cmuihq3ak005th29eolz9qqct","Genoa CFC","cmuihvvw3034wsexplca7evqt","Stephan El Shaarawy","ATTACH","","Unassigned","cmuihq3ak005th29eolz9qqct","Genoa CFC","departed","first_team","Confirmed in 2026/27 squad (Left Winger, TM 94529)"
"2026-09-30T13:27:54.448Z","cmuihq3ak005th29eolz9qqct","Genoa CFC","cmuihw4420chjsexpynp79112","Lorenzo Venturino","ATTACH","","Unassigned","cmuihq3ak005th29eolz9qqct","Genoa CFC","departed","first_team","Confirmed in 2026/27 squad (Right Winger, TM 1061820)"
"2026-09-30T13:27:54.448Z","cmuihq3ak005th29eolz9qqct","Genoa CFC","cmuihw0k508oksexpp2fdq7jc","Lorenzo Colombo","ATTACH","","Unassigned","cmuihq3ak005th29eolz9qqct","Genoa CFC","departed","first_team","Confirmed in 2026/27 squad (Centre-Forward, TM 487843)"
"2026-09-30T13:27:54.448Z","cmuihq3ak005th29eolz9qqct","Genoa CFC","cmuihw44b0cngsexpo18i4z5i","Joi Nuredini","ATTACH","","Unassigned","cmuihq3ak005th29eolz9qqct","Genoa CFC","departed","first_team","Confirmed in 2026/27 squad (Centre-Forward, TM 1089770)"
"2026-09-30T13:27:54.448Z","cmuihq3ak005th29eolz9qqct","Genoa CFC","cmuihvyqm05xgsexpx77u9hsy","Kingsley Ehizibue","REASSIGN","cmuihq93e0093h29eq2t4j538","Udinese Calcio","cmuihq3ak005th29eolz9qqct","Genoa CFC","first_team","first_team","Transferred from Udinese Calcio to Genoa CFC (TM 272812)"
"2026-09-30T13:27:54.448Z","cmuihq3ak005th29eolz9qqct","Genoa CFC","cmuo54gti001qbpsmic1011x2","Franz Stolz","CREATE","","None (New Player)","cmuihq3ak005th29eolz9qqct","Genoa CFC","","first_team","Created from official 2026/27 squad (Goalkeeper, TM 462699)"
"2026-09-30T13:27:54.448Z","cmuihq3ak005th29eolz9qqct","Genoa CFC","cmuo54gwm001sbpsmpymu391y","Mario Mitaj","CREATE","","None (New Player)","cmuihq3ak005th29eolz9qqct","Genoa CFC","","first_team","Created from official 2026/27 squad (Left-Back, TM 726114)"
"2026-09-30T13:27:54.448Z","cmuihq3ak005th29eolz9qqct","Genoa CFC","cmuo54gzq001ubpsm67y4kcmz","David Puczka","CREATE","","None (New Player)","cmuihq3ak005th29eolz9qqct","Genoa CFC","","first_team","Created from official 2026/27 squad (Left-Back, TM 715894)"
"2026-09-30T13:27:54.448Z","cmuihq3ak005th29eolz9qqct","Genoa CFC","cmuo54h2w001wbpsmemvaao78","Marcelo Vaz","CREATE","","None (New Player)","cmuihq3ak005th29eolz9qqct","Genoa CFC","","first_team","Created from official 2026/27 squad (Left-Back, TM 1438038)"
"2026-09-30T13:27:54.448Z","cmuihq3ak005th29eolz9qqct","Genoa CFC","cmuo54h5z001ybpsmwlatr4u5","Franz-Ethan Meichtry","CREATE","","None (New Player)","cmuihq3ak005th29eolz9qqct","Genoa CFC","","first_team","Created from official 2026/27 squad (Central Midfield, TM 1172166)"
"2026-09-30T13:27:54.448Z","cmuihq3ak005th29eolz9qqct","Genoa CFC","cmuo54h9z0020bpsmanb83kmq","Samuel Wiafe","CREATE","","None (New Player)","cmuihq3ak005th29eolz9qqct","Genoa CFC","","first_team","Created from official 2026/27 squad (Central Midfield, TM 1295778)"
"2026-09-30T13:27:54.448Z","cmuihq3ak005th29eolz9qqct","Genoa CFC","cmuo54hd20022bpsmaqjw86i6","Robinho Junior","CREATE","","None (New Player)","cmuihq3ak005th29eolz9qqct","Genoa CFC","","first_team","Created from official 2026/27 squad (Right Winger, TM 1355385)"
"2026-09-30T13:27:54.448Z","cmuihq3ak005th29eolz9qqct","Genoa CFC","cmuo54hgk0024bpsmnkbnqv5z","Milutin Osmajic","CREATE","","None (New Player)","cmuihq3ak005th29eolz9qqct","Genoa CFC","","first_team","Created from official 2026/27 squad (Centre-Forward, TM 542819)"
"2026-09-30T13:27:54.448Z","cmuihq3ak005th29eolz9qqct","Genoa CFC","cmuo54hjp0026bpsm2gedjc0a","Elias Havel","CREATE","","None (New Player)","cmuihq3ak005th29eolz9qqct","Genoa CFC","","first_team","Created from official 2026/27 squad (Centre-Forward, TM 566626)"
"2026-09-30T13:27:57.145Z","cmuihq93e0093h29eq2t4j538","Udinese Calcio","cmuihw1dg09exsexpkrl4mjr9","Răzvan Sava","DETACH","cmuihq93e0093h29eq2t4j538","Udinese Calcio","","Unassigned (Detached)","first_team","departed","Absent from official 2026/27 Transfermarkt squad"
"2026-09-30T13:27:57.145Z","cmuihq93e0093h29eq2t4j538","Udinese Calcio","cmuihw24c0a0hsexpik7i5re4","Jordan Zemura","DETACH","cmuihq93e0093h29eq2t4j538","Udinese Calcio","","Unassigned (Detached)","first_team","departed","Absent from official 2026/27 Transfermarkt squad"
"2026-09-30T13:27:57.145Z","cmuihq93e0093h29eq2t4j538","Udinese Calcio","cmuihw24i0a4hsexpzpgd3lbm","James Abankwah","ATTACH","","Unassigned","cmuihq93e0093h29eq2t4j538","Udinese Calcio","departed","first_team","Confirmed in 2026/27 squad (Centre-Back, TM 648032)"
"2026-09-30T13:27:57.145Z","cmuihq93e0093h29eq2t4j538","Udinese Calcio","cmuihw4400cgjsexp7ngg8v2q","Matteo Palma","ATTACH","","Unassigned","cmuihq93e0093h29eq2t4j538","Udinese Calcio","departed","first_team","Confirmed in 2026/27 squad (Centre-Back, TM 1058354)"
"2026-09-30T13:27:57.145Z","cmuihq93e0093h29eq2t4j538","Udinese Calcio","cmuihw24c0a02sexpmaacy7dw","Nicolò Bertola","ATTACH","","Unassigned","cmuihq93e0093h29eq2t4j538","Udinese Calcio","departed","first_team","Confirmed in 2026/27 squad (Centre-Back, TM 632831)"
"2026-09-30T13:27:57.145Z","cmuihq93e0093h29eq2t4j538","Udinese Calcio","cmuihvuxx02cjsexpuwiwslnm","David Alaba","ATTACH","","Unassigned","cmuihq93e0093h29eq2t4j538","Udinese Calcio","departed","first_team","Confirmed in 2026/27 squad (Centre-Back, TM 59016)"
"2026-09-30T13:27:57.145Z","cmuihq93e0093h29eq2t4j538","Udinese Calcio","cmuihvzb606z6sexpapjic30f","Enzo Ebosse","ATTACH","","Unassigned","cmuihq93e0093h29eq2t4j538","Udinese Calcio","departed","first_team","Confirmed in 2026/27 squad (Centre-Back, TM 342877)"
"2026-09-30T13:27:57.145Z","cmuihq93e0093h29eq2t4j538","Udinese Calcio","cmuihvzwb07rgsexp5l37150j","Alessandro Zanoli","ATTACH","","Unassigned","cmuihq93e0093h29eq2t4j538","Udinese Calcio","departed","first_team","Confirmed in 2026/27 squad (Right-Back, TM 397225)"
"2026-09-30T13:27:57.145Z","cmuihq93e0093h29eq2t4j538","Udinese Calcio","cmuihvzav06sgsexpw3m6lbuu","Mërgim Vojvoda","ATTACH","","Unassigned","cmuihq93e0093h29eq2t4j538","Udinese Calcio","departed","first_team","Confirmed in 2026/27 squad (Right-Back, TM 336125)"
"2026-09-30T13:27:57.145Z","cmuihq93e0093h29eq2t4j538","Udinese Calcio","cmuihw3f30bpgsexp9uq6ovsf","Lennon Miller","ATTACH","","Unassigned","cmuihq93e0093h29eq2t4j538","Udinese Calcio","departed","first_team","Confirmed in 2026/27 squad (Central Midfield, TM 924857)"
"2026-09-30T13:27:57.145Z","cmuihq93e0093h29eq2t4j538","Udinese Calcio","cmuihvzvv07g6sexpxvio6jtz","Jakub Piotrowski","ATTACH","","Unassigned","cmuihq93e0093h29eq2t4j538","Udinese Calcio","departed","first_team","Confirmed in 2026/27 squad (Central Midfield, TM 377243)"
"2026-09-30T13:27:57.145Z","cmuihq93e0093h29eq2t4j538","Udinese Calcio","cmuihvyqh05vesexpxxvjq0x9","Sandi Lovrić","ATTACH","","Unassigned","cmuihq93e0093h29eq2t4j538","Udinese Calcio","departed","first_team","Confirmed in 2026/27 squad (Central Midfield, TM 268429)"
"2026-09-30T13:27:57.145Z","cmuihq93e0093h29eq2t4j538","Udinese Calcio","cmuihw4qy0cqfsexpxjzrpsgx","Juan Arizala","ATTACH","","Unassigned","cmuihq93e0093h29eq2t4j538","Udinese Calcio","departed","first_team","Confirmed in 2026/27 squad (Unknown, TM 1118347)"
"2026-09-30T13:27:57.145Z","cmuihq93e0093h29eq2t4j538","Udinese Calcio","cmuihw3ei0ba8sexp4swuvocx","Unai Gómez","ATTACH","","Unassigned","cmuihq93e0093h29eq2t4j538","Udinese Calcio","departed","first_team","Confirmed in 2026/27 squad (Attacking Midfield, TM 834752)"
"2026-09-30T13:27:57.145Z","cmuihq93e0093h29eq2t4j538","Udinese Calcio","cmuihw3ew0bkcsexpr5i1fxte","Lazar Jovanovic","ATTACH","","Unassigned","cmuihq93e0093h29eq2t4j538","Udinese Calcio","departed","first_team","Confirmed in 2026/27 squad (Right Winger, TM 897505)"
"2026-09-30T13:27:57.145Z","cmuihq93e0093h29eq2t4j538","Udinese Calcio","cmuihvzw307mnsexp1jrffknu","Nicolò Zaniolo","ATTACH","","Unassigned","cmuihq93e0093h29eq2t4j538","Udinese Calcio","departed","first_team","Confirmed in 2026/27 squad (Second Striker, TM 392085)"
"2026-09-30T13:27:57.145Z","cmuihq93e0093h29eq2t4j538","Udinese Calcio","cmuihw4re0cwwsexpwfkzyjo6","Idrissa Gueye","ATTACH","","Unassigned","cmuihq93e0093h29eq2t4j538","Udinese Calcio","departed","first_team","Confirmed in 2026/27 squad (Centre-Forward, TM 1178488)"
"2026-09-30T13:27:57.145Z","cmuihq93e0093h29eq2t4j538","Udinese Calcio","cmuihvzvu07fqsexpz5obh4xz","Vakoun Bayo","ATTACH","","Unassigned","cmuihq93e0093h29eq2t4j538","Udinese Calcio","departed","first_team","Confirmed in 2026/27 squad (Centre-Forward, TM 375877)"
"2026-09-30T13:27:57.145Z","cmuihq93e0093h29eq2t4j538","Udinese Calcio","cmuihw4480clcsexph1nk03so","Giulio Vinciati","ATTACH","","Unassigned","cmuihq93e0093h29eq2t4j538","Udinese Calcio","departed","first_team","Confirmed in 2026/27 squad (Centre-Forward, TM 1078784)"
"2026-09-30T13:27:57.145Z","cmuihq93e0093h29eq2t4j538","Udinese Calcio","cmuihvzwm07xvsexpw4wyy1e9","Giorgi Chakvetadze","REASSIGN","cmuihnlvh000hb23fzna6vhfo","Watford FC","cmuihq93e0093h29eq2t4j538","Udinese Calcio","first_team","first_team","Transferred from Watford FC to Udinese Calcio (TM 412616)"
"2026-09-30T13:27:57.145Z","cmuihq93e0093h29eq2t4j538","Udinese Calcio","cmuo54izv0029bpsmsda5y3no","Bartosz Mrozek","CREATE","","None (New Player)","cmuihq93e0093h29eq2t4j538","Udinese Calcio","","first_team","Created from official 2026/27 squad (Goalkeeper, TM 345452)"
"2026-09-30T13:27:58.810Z","cmuihouiw002pb23fjq3m9qng","Parma Calcio 1913","cmuihw3ep0be3sexp6xzsgjjw","Peter Amoran","DETACH","cmuihouiw002pb23fjq3m9qng","Parma Calcio 1913","","Unassigned (Detached)","first_team","departed","Absent from official 2026/27 Transfermarkt squad"
"2026-09-30T13:27:58.810Z","cmuihouiw002pb23fjq3m9qng","Parma Calcio 1913","cmuihw24n0a9csexpis8y8yti","Jacob Ondrejka","DETACH","cmuihouiw002pb23fjq3m9qng","Parma Calcio 1913","","Unassigned (Detached)","first_team","departed","Absent from official 2026/27 Transfermarkt squad"
"2026-09-30T13:27:58.810Z","cmuihouiw002pb23fjq3m9qng","Parma Calcio 1913","cmuihw2pq0am8sexpoorsijh1","Tjas Begic","DETACH","cmuihouiw002pb23fjq3m9qng","Parma Calcio 1913","","Unassigned (Detached)","first_team","departed","Absent from official 2026/27 Transfermarkt squad"
"2026-09-30T13:27:58.810Z","cmuihouiw002pb23fjq3m9qng","Parma Calcio 1913","cmuihw3er0bfisexpqqs6l0c0","Alessandro Circati","DETACH","cmuihouiw002pb23fjq3m9qng","Parma Calcio 1913","","Unassigned (Detached)","first_team","departed","Absent from official 2026/27 Transfermarkt squad"
"2026-09-30T13:27:58.810Z","cmuihouiw002pb23fjq3m9qng","Parma Calcio 1913","cmuihw3f90bt3sexpnf9ffq0v","Marlon Mena Martinez","DETACH","cmuihouiw002pb23fjq3m9qng","Parma Calcio 1913","","Unassigned (Detached)","first_team","departed","Absent from official 2026/27 Transfermarkt squad"
"2026-09-30T13:27:58.810Z","cmuihouiw002pb23fjq3m9qng","Parma Calcio 1913","cmuihw44a0cmlsexp1e9vh9yg","Elia Plicco","DETACH","cmuihouiw002pb23fjq3m9qng","Parma Calcio 1913","","Unassigned (Detached)","first_team","departed","Absent from official 2026/27 Transfermarkt squad"
"2026-09-30T13:27:58.810Z","cmuihouiw002pb23fjq3m9qng","Parma Calcio 1913","cmuihw2qg0b5nsexph2tjd3y1","Giovanni Daffara","ATTACH","","Unassigned","cmuihouiw002pb23fjq3m9qng","Parma Calcio 1913","departed","first_team","Confirmed in 2026/27 squad (Goalkeeper, TM 814473)"
"2026-09-30T13:27:58.810Z","cmuihouiw002pb23fjq3m9qng","Parma Calcio 1913","cmuihvzbj078lsexpmvvz74mt","Simone Ghidotti","ATTACH","","Unassigned","cmuihouiw002pb23fjq3m9qng","Parma Calcio 1913","departed","first_team","Confirmed in 2026/27 squad (Goalkeeper, TM 357983)"
"2026-09-30T13:27:58.810Z","cmuihouiw002pb23fjq3m9qng","Parma Calcio 1913","cmuihw4ra0cuosexp9zrzplpo","Mariano Troilo","ATTACH","","Unassigned","cmuihouiw002pb23fjq3m9qng","Parma Calcio 1913","departed","first_team","Confirmed in 2026/27 squad (Centre-Back, TM 1159864)"
"2026-09-30T13:27:58.810Z","cmuihouiw002pb23fjq3m9qng","Parma Calcio 1913","cmuihw24s0ad5sexp391vasg3","Abdoulaye Ndiaye","ATTACH","","Unassigned","cmuihouiw002pb23fjq3m9qng","Parma Calcio 1913","departed","first_team","Confirmed in 2026/27 squad (Centre-Back, TM 673514)"
"2026-09-30T13:27:58.810Z","cmuihouiw002pb23fjq3m9qng","Parma Calcio 1913","cmuihvzaq06oqsexp94h04phq","Diego Carlos","ATTACH","","Unassigned","cmuihouiw002pb23fjq3m9qng","Parma Calcio 1913","departed","first_team","Confirmed in 2026/27 squad (Centre-Back, TM 329145)"
"2026-09-30T13:27:58.810Z","cmuihouiw002pb23fjq3m9qng","Parma Calcio 1913","cmuihw43r0c93sexp4md7ol98","Dominik Drobnic","ATTACH","","Unassigned","cmuihouiw002pb23fjq3m9qng","Parma Calcio 1913","departed","first_team","Confirmed in 2026/27 squad (Centre-Back, TM 1009616)"
"2026-09-30T13:27:58.810Z","cmuihouiw002pb23fjq3m9qng","Parma Calcio 1913","cmuihw2px0aspsexpf4atzb8y","Franco Carboni","ATTACH","","Unassigned","cmuihouiw002pb23fjq3m9qng","Parma Calcio 1913","departed","first_team","Confirmed in 2026/27 squad (Left-Back, TM 731491)"
"2026-09-30T13:27:58.810Z","cmuihouiw002pb23fjq3m9qng","Parma Calcio 1913","cmuihw0iq084isexpvz5k7fhg","Hans Nicolussi Caviglia","ATTACH","","Unassigned","cmuihouiw002pb23fjq3m9qng","Parma Calcio 1913","departed","first_team","Confirmed in 2026/27 squad (Defensive Midfield, TM 430280)"
"2026-09-30T13:27:58.810Z","cmuihouiw002pb23fjq3m9qng","Parma Calcio 1913","cmuihw43w0ccxsexpsrydpq61","Christian Ordóñez","ATTACH","","Unassigned","cmuihouiw002pb23fjq3m9qng","Parma Calcio 1913","departed","first_team","Confirmed in 2026/27 squad (Central Midfield, TM 1043646)"
"2026-09-30T13:27:58.810Z","cmuihouiw002pb23fjq3m9qng","Parma Calcio 1913","cmuihw43p0c72sexphmivepcq","Benja Cremaschi","ATTACH","","Unassigned","cmuihouiw002pb23fjq3m9qng","Parma Calcio 1913","departed","first_team","Confirmed in 2026/27 squad (Central Midfield, TM 999127)"
"2026-09-30T13:27:58.810Z","cmuihouiw002pb23fjq3m9qng","Parma Calcio 1913","cmuihw44a0cmzsexp25hha16u","Abdou-Salam Konate","ATTACH","","Unassigned","cmuihouiw002pb23fjq3m9qng","Parma Calcio 1913","departed","first_team","Confirmed in 2026/27 squad (Central Midfield, TM 1087009)"
"2026-09-30T13:27:58.810Z","cmuihouiw002pb23fjq3m9qng","Parma Calcio 1913","cmuihw24d0a0lsexpewyxuzsy","Giovanni Fabbian","ATTACH","","Unassigned","cmuihouiw002pb23fjq3m9qng","Parma Calcio 1913","departed","first_team","Confirmed in 2026/27 squad (Attacking Midfield, TM 633668)"
"2026-09-30T13:27:58.810Z","cmuihouiw002pb23fjq3m9qng","Parma Calcio 1913","cmuihw3eq0bensexphwulb02p","Nesta Elphege","ATTACH","","Unassigned","cmuihouiw002pb23fjq3m9qng","Parma Calcio 1913","departed","first_team","Confirmed in 2026/27 squad (Centre-Forward, TM 862606)"
"2026-09-30T13:27:58.810Z","cmuihouiw002pb23fjq3m9qng","Parma Calcio 1913","cmuo54k2m002cbpsmer3t0i7g","Sascha Britschgi","CREATE","","None (New Player)","cmuihouiw002pb23fjq3m9qng","Parma Calcio 1913","","first_team","Created from official 2026/27 squad (Right-Back, TM 932187)"
"2026-09-30T13:27:58.810Z","cmuihouiw002pb23fjq3m9qng","Parma Calcio 1913","cmuo54k5u002ebpsmloqhbbjr","Vincent Sierro","CREATE","","None (New Player)","cmuihouiw002pb23fjq3m9qng","Parma Calcio 1913","","first_team","Created from official 2026/27 squad (Central Midfield, TM 280387)"
"2026-09-30T13:27:58.810Z","cmuihouiw002pb23fjq3m9qng","Parma Calcio 1913","cmuo54k9g002gbpsmp5k84te3","El Bilal Touré","CREATE","","None (New Player)","cmuihouiw002pb23fjq3m9qng","Parma Calcio 1913","","first_team","Created from official 2026/27 squad (Left Winger, TM 649016)"
"2026-09-30T13:27:58.810Z","cmuihouiw002pb23fjq3m9qng","Parma Calcio 1913","cmuo54kck002ibpsmgkofg1kl","Ousmane Diallo","CREATE","","None (New Player)","cmuihouiw002pb23fjq3m9qng","Parma Calcio 1913","","first_team","Created from official 2026/27 squad (Left Winger, TM 962149)"
"2026-09-30T13:27:58.810Z","cmuihouiw002pb23fjq3m9qng","Parma Calcio 1913","cmuo54kfs002kbpsmoc9clg5n","Simone Lontani","CREATE","","None (New Player)","cmuihouiw002pb23fjq3m9qng","Parma Calcio 1913","","first_team","Created from official 2026/27 squad (Second Striker, TM 1058366)"
"2026-09-30T13:27:58.810Z","cmuihouiw002pb23fjq3m9qng","Parma Calcio 1913","cmuo54kiw002mbpsmqjz7d6sa","David Romero","CREATE","","None (New Player)","cmuihouiw002pb23fjq3m9qng","Parma Calcio 1913","","first_team","Created from official 2026/27 squad (Centre-Forward, TM 668512)"
"2026-09-30T13:27:58.810Z","cmuihouiw002pb23fjq3m9qng","Parma Calcio 1913","cmuo54klz002obpsm4atzb6d7","Matija Frigan","CREATE","","None (New Player)","cmuihouiw002pb23fjq3m9qng","Parma Calcio 1913","","first_team","Created from official 2026/27 squad (Centre-Forward, TM 840149)"
"2026-09-30T13:27:58.810Z","cmuihouiw002pb23fjq3m9qng","Parma Calcio 1913","cmuo54kpm002qbpsmihxzjcf0","Thomás De Martis","CREATE","","None (New Player)","cmuihouiw002pb23fjq3m9qng","Parma Calcio 1913","","first_team","Created from official 2026/27 squad (Centre-Forward, TM 1231230)"
"2026-09-30T13:28:01.023Z","cmuihpy660033h29egvkno1rw","Cagliari Calcio","cmuihvzw307ncsexpdmdgu7y2","Gabriele Zappa","DETACH","cmuihpy660033h29egvkno1rw","Cagliari Calcio","","Unassigned (Detached)","first_team","departed","Absent from official 2026/27 Transfermarkt squad"
"2026-09-30T13:28:01.023Z","cmuihpy660033h29egvkno1rw","Cagliari Calcio","cmuihw1bx092esexpel1fecx2","Giuseppe Ciocci","DETACH","cmuihpy660033h29egvkno1rw","Cagliari Calcio","","Unassigned (Detached)","first_team","departed","Absent from official 2026/27 Transfermarkt squad"
"2026-09-30T13:28:01.023Z","cmuihpy660033h29egvkno1rw","Cagliari Calcio","cmuihw2pk0aj9sexp70giyglu","Nicolò Cavuoti","DETACH","cmuihpy660033h29egvkno1rw","Cagliari Calcio","","Unassigned (Detached)","first_team","departed","Absent from official 2026/27 Transfermarkt squad"
"2026-09-30T13:28:01.023Z","cmuihpy660033h29egvkno1rw","Cagliari Calcio","cmuihw43i0c2wsexpvh5b91r8","Andrea Cogoni","DETACH","cmuihpy660033h29egvkno1rw","Cagliari Calcio","","Unassigned (Detached)","first_team","departed","Absent from official 2026/27 Transfermarkt squad"
"2026-09-30T13:28:01.023Z","cmuihpy660033h29egvkno1rw","Cagliari Calcio","cmuihvzwt081psexp91t16d9i","Elia Caprile","ATTACH","","Unassigned","cmuihpy660033h29egvkno1rw","Cagliari Calcio","departed","first_team","Confirmed in 2026/27 squad (Goalkeeper, TM 421873)"
"2026-09-30T13:28:01.023Z","cmuihpy660033h29egvkno1rw","Cagliari Calcio","cmuihvyr706eysexpi4j0hst8","Alen Sherri","ATTACH","","Unassigned","cmuihpy660033h29egvkno1rw","Cagliari Calcio","departed","first_team","Confirmed in 2026/27 squad (Goalkeeper, TM 304144)"
"2026-09-30T13:28:01.023Z","cmuihpy660033h29egvkno1rw","Cagliari Calcio","cmuihw4rm0d0zsexpdt6fdksa","Juan Rodríguez","ATTACH","","Unassigned","cmuihpy660033h29egvkno1rw","Cagliari Calcio","departed","first_team","Confirmed in 2026/27 squad (Centre-Back, TM 1228231)"
"2026-09-30T13:28:01.023Z","cmuihpy660033h29egvkno1rw","Cagliari Calcio","cmuihvzwi07v7sexpgeacho7y","Zé Pedro","ATTACH","","Unassigned","cmuihpy660033h29egvkno1rw","Cagliari Calcio","departed","first_team","Confirmed in 2026/27 squad (Centre-Back, TM 406151)"
"2026-09-30T13:28:01.023Z","cmuihpy660033h29egvkno1rw","Cagliari Calcio","cmuihw3et0bhosexprfc4mrpb","Riyad Idrissi","ATTACH","","Unassigned","cmuihpy660033h29egvkno1rw","Cagliari Calcio","departed","first_team","Confirmed in 2026/27 squad (Left-Back, TM 885226)"
"2026-09-30T13:28:01.023Z","cmuihpy660033h29egvkno1rw","Cagliari Calcio","cmuihw0je08cksexpje8rg13p","Giuseppe Aurelio","ATTACH","","Unassigned","cmuihpy660033h29egvkno1rw","Cagliari Calcio","departed","first_team","Confirmed in 2026/27 squad (Left-Back, TM 457444)"
"2026-09-30T13:28:01.023Z","cmuihpy660033h29egvkno1rw","Cagliari Calcio","cmuihw43y0ce1sexp2lqlp10z","Nicola Grandu","ATTACH","","Unassigned","cmuihpy660033h29egvkno1rw","Cagliari Calcio","departed","first_team","Confirmed in 2026/27 squad (Left-Back, TM 1048013)"
"2026-09-30T13:28:01.023Z","cmuihpy660033h29egvkno1rw","Cagliari Calcio","cmuihw3ez0bmhsexp4wnm2vqh","Alessandro Romano","ATTACH","","Unassigned","cmuihpy660033h29egvkno1rw","Cagliari Calcio","departed","first_team","Confirmed in 2026/27 squad (Defensive Midfield, TM 911224)"
"2026-09-30T13:28:01.023Z","cmuihpy660033h29egvkno1rw","Cagliari Calcio","cmuihvy6i05l8sexpbs40hjex","Harry Winks","ATTACH","","Unassigned","cmuihpy660033h29egvkno1rw","Cagliari Calcio","departed","first_team","Confirmed in 2026/27 squad (Defensive Midfield, TM 249126)"
"2026-09-30T13:28:01.023Z","cmuihpy660033h29egvkno1rw","Cagliari Calcio","cmuihw1dc09cpsexpsckgvw8g","Michel Adopo","ATTACH","","Unassigned","cmuihpy660033h29egvkno1rw","Cagliari Calcio","departed","first_team","Confirmed in 2026/27 squad (Central Midfield, TM 564305)"
"2026-09-30T13:28:01.023Z","cmuihpy660033h29egvkno1rw","Cagliari Calcio","cmuihw2pg0afysexp9vt92wx5","Jacopo Fazzini","ATTACH","","Unassigned","cmuihpy660033h29egvkno1rw","Cagliari Calcio","departed","first_team","Confirmed in 2026/27 squad (Central Midfield, TM 691482)"
"2026-09-30T13:28:01.023Z","cmuihpy660033h29egvkno1rw","Cagliari Calcio","cmuihw4r20csgsexp5x7880qa","Joseph Liteta","ATTACH","","Unassigned","cmuihpy660033h29egvkno1rw","Cagliari Calcio","departed","first_team","Confirmed in 2026/27 squad (Central Midfield, TM 1134304)"
"2026-09-30T13:28:01.023Z","cmuihpy660033h29egvkno1rw","Cagliari Calcio","cmuihvxg704qtsexphhz8q15c","Roberto Gagliardini","ATTACH","","Unassigned","cmuihpy660033h29egvkno1rw","Cagliari Calcio","departed","first_team","Confirmed in 2026/27 squad (Central Midfield, TM 197471)"
"2026-09-30T13:28:01.023Z","cmuihpy660033h29egvkno1rw","Cagliari Calcio","cmuihw3f50bq3sexpk4i1as3e","Ivan Sulev","ATTACH","","Unassigned","cmuihpy660033h29egvkno1rw","Cagliari Calcio","departed","first_team","Confirmed in 2026/27 squad (Central Midfield, TM 926839)"
"2026-09-30T13:28:01.023Z","cmuihpy660033h29egvkno1rw","Cagliari Calcio","cmuihw1ct094psexpqcjxb8wx","Daniel Maldini","ATTACH","","Unassigned","cmuihpy660033h29egvkno1rw","Cagliari Calcio","departed","first_team","Confirmed in 2026/27 squad (Attacking Midfield, TM 539134)"
"2026-09-30T13:28:01.023Z","cmuihpy660033h29egvkno1rw","Cagliari Calcio","cmuihw3f10bnisexplb6ilpjv","Yanis Massolin","ATTACH","","Unassigned","cmuihpy660033h29egvkno1rw","Cagliari Calcio","departed","first_team","Confirmed in 2026/27 squad (Attacking Midfield, TM 915849)"
"2026-09-30T13:28:01.023Z","cmuihpy660033h29egvkno1rw","Cagliari Calcio","cmuihw2q60ay0sexphvrdi4nr","Alieu Fadera","ATTACH","","Unassigned","cmuihpy660033h29egvkno1rw","Cagliari Calcio","departed","first_team","Confirmed in 2026/27 squad (Left Winger, TM 749552)"
"2026-09-30T13:28:01.023Z","cmuihpy660033h29egvkno1rw","Cagliari Calcio","cmuihw24a09yqsexpkpuodnpe","Riccardo Ciervo","ATTACH","","Unassigned","cmuihpy660033h29egvkno1rw","Cagliari Calcio","departed","first_team","Confirmed in 2026/27 squad (Left Winger, TM 628558)"
"2026-09-30T13:28:01.023Z","cmuihpy660033h29egvkno1rw","Cagliari Calcio","cmuihw4sf0d6jsexprux72fpx","Paul Mendy","ATTACH","","Unassigned","cmuihpy660033h29egvkno1rw","Cagliari Calcio","departed","first_team","Confirmed in 2026/27 squad (Centre-Forward, TM 1371793)"
"2026-09-30T13:28:01.023Z","cmuihpy660033h29egvkno1rw","Cagliari Calcio","cmuihvzbh076gsexpedvswg1p","M'Bala Nzola","ATTACH","","Unassigned","cmuihpy660033h29egvkno1rw","Cagliari Calcio","departed","first_team","Confirmed in 2026/27 squad (Centre-Forward, TM 354814)"
"2026-09-30T13:28:01.023Z","cmuihpy660033h29egvkno1rw","Cagliari Calcio","cmuihw44c0coesexpq1ry2zpl","Yael Trepy","ATTACH","","Unassigned","cmuihpy660033h29egvkno1rw","Cagliari Calcio","departed","first_team","Confirmed in 2026/27 squad (Centre-Forward, TM 1099924)"
"2026-09-30T13:28:01.023Z","cmuihpy660033h29egvkno1rw","Cagliari Calcio","cmuihvzwh07umsexp71lo5yqe","Yukinari Sugawara","REASSIGN","cmuihq0t3004hh29e03es83vu","Southampton FC","cmuihpy660033h29egvkno1rw","Cagliari Calcio","first_team","first_team","Transferred from Southampton FC to Cagliari Calcio (TM 405385)"
"2026-09-30T13:28:01.023Z","cmuihpy660033h29egvkno1rw","Cagliari Calcio","cmuo54lzp002tbpsmsp24vr54","Raphael Kofler","CREATE","","None (New Player)","cmuihpy660033h29egvkno1rw","Cagliari Calcio","","first_team","Created from official 2026/27 squad (Centre-Back, TM 1039342)"
"2026-09-30T13:28:01.023Z","cmuihpy660033h29egvkno1rw","Cagliari Calcio","cmuo54m38002vbpsm5ry0g944","Demi Akarakiri","CREATE","","None (New Player)","cmuihpy660033h29egvkno1rw","Cagliari Calcio","","first_team","Created from official 2026/27 squad (Central Midfield, TM 1078164)"
"2026-09-30T13:28:01.023Z","cmuihpy660033h29egvkno1rw","Cagliari Calcio","cmuo54m6c002xbpsms74wd101","Kevin Carlos","CREATE","","None (New Player)","cmuihpy660033h29egvkno1rw","Cagliari Calcio","","first_team","Created from official 2026/27 squad (Centre-Forward, TM 718201)"
"2026-09-30T13:28:02.911Z","cmuihqc8e00arh29e87zakfd6","Venezia FC","cmuihw0k608pgsexpe9vuoo59","Seid Korac","DETACH","cmuihqc8e00arh29e87zakfd6","Venezia FC","","Unassigned (Detached)","first_team","departed","Absent from official 2026/27 Transfermarkt squad"
"2026-09-30T13:28:02.911Z","cmuihqc8e00arh29e87zakfd6","Venezia FC","cmuihw1de09dlsexpvgrsclio","Bjarki Bjarkason","DETACH","cmuihqc8e00arh29e87zakfd6","Venezia FC","","Unassigned (Detached)","first_team","departed","Absent from official 2026/27 Transfermarkt squad"
"2026-09-30T13:28:02.911Z","cmuihqc8e00arh29e87zakfd6","Venezia FC","cmuihw24n0a9asexpofh1vr88","Marko Farji","DETACH","cmuihqc8e00arh29e87zakfd6","Venezia FC","","Unassigned (Detached)","first_team","departed","Absent from official 2026/27 Transfermarkt squad"
"2026-09-30T13:28:02.911Z","cmuihqc8e00arh29e87zakfd6","Venezia FC","cmuihw1d50998sexpfsxfmlo4","Filip Stanković","ATTACH","","Unassigned","cmuihqc8e00arh29e87zakfd6","Venezia FC","departed","first_team","Confirmed in 2026/27 squad (Goalkeeper, TM 552223)"
"2026-09-30T13:28:02.911Z","cmuihqc8e00arh29e87zakfd6","Venezia FC","cmuihvws1040dsexp8hkqjs8s","Matteo Grandi","ATTACH","","Unassigned","cmuihqc8e00arh29e87zakfd6","Venezia FC","departed","first_team","Confirmed in 2026/27 squad (Goalkeeper, TM 155038)"
"2026-09-30T13:28:02.911Z","cmuihqc8e00arh29e87zakfd6","Venezia FC","cmuihw4r50ctfsexp8e9s39ki","Matías Moreno","ATTACH","","Unassigned","cmuihqc8e00arh29e87zakfd6","Venezia FC","departed","first_team","Confirmed in 2026/27 squad (Centre-Back, TM 1144700)"
"2026-09-30T13:28:02.911Z","cmuihqc8e00arh29e87zakfd6","Venezia FC","cmuihvyqr061rsexpgih2lc0x","Marin Šverko","ATTACH","","Unassigned","cmuihqc8e00arh29e87zakfd6","Venezia FC","departed","first_team","Confirmed in 2026/27 squad (Centre-Back, TM 282169)"
"2026-09-30T13:28:02.911Z","cmuihqc8e00arh29e87zakfd6","Venezia FC","cmuihvwrc03hjsexpn3we2v9x","Juan Jesus","ATTACH","","Unassigned","cmuihqc8e00arh29e87zakfd6","Venezia FC","departed","first_team","Confirmed in 2026/27 squad (Centre-Back, TM 121985)"
"2026-09-30T13:28:02.911Z","cmuihqc8e00arh29e87zakfd6","Venezia FC","cmuihvy6j05lusexpyt6fc9dd","Pasquale Mazzocchi","ATTACH","","Unassigned","cmuihqc8e00arh29e87zakfd6","Venezia FC","departed","first_team","Confirmed in 2026/27 squad (Right-Back, TM 250153)"
"2026-09-30T13:28:02.911Z","cmuihqc8e00arh29e87zakfd6","Venezia FC","cmuihw0ka08tfsexpl2nxepwk","Gianluca Busio","ATTACH","","Unassigned","cmuihqc8e00arh29e87zakfd6","Venezia FC","departed","first_team","Confirmed in 2026/27 squad (Defensive Midfield, TM 504209)"
"2026-09-30T13:28:02.911Z","cmuihqc8e00arh29e87zakfd6","Venezia FC","cmuihw0k508ohsexp5l7c6z1p","Simone Panada","ATTACH","","Unassigned","cmuihqc8e00arh29e87zakfd6","Venezia FC","departed","first_team","Confirmed in 2026/27 squad (Defensive Midfield, TM 487836)"
"2026-09-30T13:28:02.911Z","cmuihqc8e00arh29e87zakfd6","Venezia FC","cmuihw0kd08ujsexpx8zntn6s","Simon Sohm","ATTACH","","Unassigned","cmuihqc8e00arh29e87zakfd6","Venezia FC","departed","first_team","Confirmed in 2026/27 squad (Central Midfield, TM 507486)"
"2026-09-30T13:28:02.911Z","cmuihqc8e00arh29e87zakfd6","Venezia FC","cmuihw1br08zrsexp95qvf41g","Kike Pérez","ATTACH","","Unassigned","cmuihqc8e00arh29e87zakfd6","Venezia FC","departed","first_team","Confirmed in 2026/27 squad (Central Midfield, TM 527698)"
"2026-09-30T13:28:02.911Z","cmuihqc8e00arh29e87zakfd6","Venezia FC","cmuihw0k508p0sexpjpg6cnyw","Thórir Jóhann Helgason","ATTACH","","Unassigned","cmuihqc8e00arh29e87zakfd6","Venezia FC","departed","first_team","Confirmed in 2026/27 squad (Central Midfield, TM 488996)"
"2026-09-30T13:28:02.911Z","cmuihqc8e00arh29e87zakfd6","Venezia FC","cmuihvxfx04iksexpzmnlgivz","Alfred Duncan","ATTACH","","Unassigned","cmuihqc8e00arh29e87zakfd6","Venezia FC","departed","first_team","Confirmed in 2026/27 squad (Central Midfield, TM 184894)"
"2026-09-30T13:28:02.911Z","cmuihqc8e00arh29e87zakfd6","Venezia FC","cmuihw3f10bnwsexp4xyn2ahc","Antoine Hainaut","ATTACH","","Unassigned","cmuihqc8e00arh29e87zakfd6","Venezia FC","departed","first_team","Confirmed in 2026/27 squad (Unknown, TM 917375)"
"2026-09-30T13:28:02.911Z","cmuihqc8e00arh29e87zakfd6","Venezia FC","cmuihvzvo07casexpq3mry9bf","Thierry Correia","ATTACH","","Unassigned","cmuihqc8e00arh29e87zakfd6","Venezia FC","departed","first_team","Confirmed in 2026/27 squad (Unknown, TM 367466)"
"2026-09-30T13:28:02.911Z","cmuihqc8e00arh29e87zakfd6","Venezia FC","cmuihw24k0a6hsexpnab341nk","Richie Sagrado","ATTACH","","Unassigned","cmuihqc8e00arh29e87zakfd6","Venezia FC","departed","first_team","Confirmed in 2026/27 squad (Unknown, TM 655009)"
"2026-09-30T13:28:02.911Z","cmuihqc8e00arh29e87zakfd6","Venezia FC","cmuihvy620582sexp64xh8aap","Ridgeciano Haps","ATTACH","","Unassigned","cmuihqc8e00arh29e87zakfd6","Venezia FC","departed","first_team","Confirmed in 2026/27 squad (Unknown, TM 228444)"
"2026-09-30T13:28:02.911Z","cmuihqc8e00arh29e87zakfd6","Venezia FC","cmuihw4460cj5sexp902d0hgq","Toni Fernández","ATTACH","","Unassigned","cmuihqc8e00arh29e87zakfd6","Venezia FC","departed","first_team","Confirmed in 2026/27 squad (Attacking Midfield, TM 1066206)"
"2026-09-30T13:28:02.911Z","cmuihqc8e00arh29e87zakfd6","Venezia FC","cmuihw24109qwsexpx39ia496","Akor Adams","ATTACH","","Unassigned","cmuihqc8e00arh29e87zakfd6","Venezia FC","departed","first_team","Confirmed in 2026/27 squad (Centre-Forward, TM 607034)"
"2026-09-30T13:28:02.911Z","cmuihqc8e00arh29e87zakfd6","Venezia FC","cmuihvzbm07b9sexpirsl0nhd","Andrea Adorante","ATTACH","","Unassigned","cmuihqc8e00arh29e87zakfd6","Venezia FC","departed","first_team","Confirmed in 2026/27 squad (Centre-Forward, TM 364206)"
"2026-09-30T13:28:02.911Z","cmuihqc8e00arh29e87zakfd6","Venezia FC","cmuihvy6e05hbsexpj8cmv5n2","Lorenzo Montipò","REASSIGN","cmuihq3vs0067h29eym5on22u","Hellas Verona","cmuihqc8e00arh29e87zakfd6","Venezia FC","first_team","first_team","Transferred from Hellas Verona to Venezia FC (TM 241923)"
"2026-09-30T13:28:02.911Z","cmuihqc8e00arh29e87zakfd6","Venezia FC","cmuihw0jq08hlsexplr857eaw","Armel Bella-Kotchap","REASSIGN","cmuihq3vs0067h29eym5on22u","Hellas Verona","cmuihqc8e00arh29e87zakfd6","Venezia FC","first_team","first_team","Transferred from Hellas Verona to Venezia FC (TM 467563)"
"2026-09-30T13:28:02.911Z","cmuihqc8e00arh29e87zakfd6","Venezia FC","cmuo54ncj0030bpsm83aucu9b","Alessio Pozzi","CREATE","","None (New Player)","cmuihqc8e00arh29e87zakfd6","Venezia FC","","first_team","Created from official 2026/27 squad (Goalkeeper, TM 494805)"
"2026-09-30T13:28:02.911Z","cmuihqc8e00arh29e87zakfd6","Venezia FC","cmuo54nfo0032bpsm7gjza5gn","Joël Schingtienne","CREATE","","None (New Player)","cmuihqc8e00arh29e87zakfd6","Venezia FC","","first_team","Created from official 2026/27 squad (Centre-Back, TM 707809)"
"2026-09-30T13:28:02.911Z","cmuihqc8e00arh29e87zakfd6","Venezia FC","cmuo54nj10034bpsmt4d3bjbz","Redouane Halhal","CREATE","","None (New Player)","cmuihqc8e00arh29e87zakfd6","Venezia FC","","first_team","Created from official 2026/27 squad (Centre-Back, TM 913660)"
"2026-09-30T13:28:02.911Z","cmuihqc8e00arh29e87zakfd6","Venezia FC","cmuo54nm80036bpsmos3w1i6i","Ale Gomes","CREATE","","None (New Player)","cmuihqc8e00arh29e87zakfd6","Venezia FC","","first_team","Created from official 2026/27 squad (Centre-Back, TM 1371198)"
"2026-09-30T13:28:02.911Z","cmuihqc8e00arh29e87zakfd6","Venezia FC","cmuo54npc0038bpsm7lfwv3ge","Bartol Franjic","CREATE","","None (New Player)","cmuihqc8e00arh29e87zakfd6","Venezia FC","","first_team","Created from official 2026/27 squad (Centre-Back, TM 370998)"
"2026-09-30T13:28:02.911Z","cmuihqc8e00arh29e87zakfd6","Venezia FC","cmuo54nsf003abpsmjb0m6o05","Rufai Mohammed","CREATE","","None (New Player)","cmuihqc8e00arh29e87zakfd6","Venezia FC","","first_team","Created from official 2026/27 squad (Centre-Back, TM 1321938)"
"2026-09-30T13:28:02.911Z","cmuihqc8e00arh29e87zakfd6","Venezia FC","cmuo54nvs003cbpsmi2k2u3jk","Matteo Dagasso","CREATE","","None (New Player)","cmuihqc8e00arh29e87zakfd6","Venezia FC","","first_team","Created from official 2026/27 squad (Central Midfield, TM 744621)"
"2026-09-30T13:28:02.911Z","cmuihqc8e00arh29e87zakfd6","Venezia FC","cmuo54nz4003ebpsmsjmcd6oz","Lamine Fanne","CREATE","","None (New Player)","cmuihqc8e00arh29e87zakfd6","Venezia FC","","first_team","Created from official 2026/27 squad (Central Midfield, TM 1126888)"
"2026-09-30T13:28:02.911Z","cmuihqc8e00arh29e87zakfd6","Venezia FC","cmuo54o2c003gbpsmtm2rffyg","Lorenzo Berardi","CREATE","","None (New Player)","cmuihqc8e00arh29e87zakfd6","Venezia FC","","first_team","Created from official 2026/27 squad (Unknown, TM 1130743)"
"2026-09-30T13:28:02.911Z","cmuihqc8e00arh29e87zakfd6","Venezia FC","cmuo54o5p003ibpsmko9kohik","Kornel Lisman","CREATE","","None (New Player)","cmuihqc8e00arh29e87zakfd6","Venezia FC","","first_team","Created from official 2026/27 squad (Left Winger, TM 1148082)"
"2026-09-30T13:28:02.911Z","cmuihqc8e00arh29e87zakfd6","Venezia FC","cmuo54o92003kbpsmwxb8vzdy","Albion Rrahmani","CREATE","","None (New Player)","cmuihqc8e00arh29e87zakfd6","Venezia FC","","first_team","Created from official 2026/27 squad (Centre-Forward, TM 903706)"
"2026-09-30T13:28:02.911Z","cmuihqc8e00arh29e87zakfd6","Venezia FC","cmuo54obw003mbpsmeq4z06ek","Lion Lauberbach","CREATE","","None (New Player)","cmuihqc8e00arh29e87zakfd6","Venezia FC","","first_team","Created from official 2026/27 squad (Centre-Forward, TM 307800)"
"2026-09-30T13:28:05.728Z","cmuihqgcj00d1h29e5nz2aiov","Frosinone Calcio","cmuihw2po0akwsexp28mwm39s","Lorenzo Palmisani","ATTACH","","Unassigned","cmuihqgcj00d1h29e5nz2aiov","Frosinone Calcio","departed","first_team","Confirmed in 2026/27 squad (Goalkeeper, TM 705355)"
"2026-09-30T13:28:05.728Z","cmuihqgcj00d1h29e5nz2aiov","Frosinone Calcio","cmuihw1df09e4sexp3d3qso24","Sebastiano Desplanches","ATTACH","","Unassigned","cmuihqgcj00d1h29e5nz2aiov","Frosinone Calcio","departed","first_team","Confirmed in 2026/27 squad (Goalkeeper, TM 567465)"
"2026-09-30T13:28:05.728Z","cmuihqgcj00d1h29e5nz2aiov","Frosinone Calcio","cmuihw2pz0audsexpxp5f8s17","Eldin Lolic","ATTACH","","Unassigned","cmuihqgcj00d1h29e5nz2aiov","Frosinone Calcio","departed","first_team","Confirmed in 2026/27 squad (Goalkeeper, TM 740517)"
"2026-09-30T13:28:05.728Z","cmuihqgcj00d1h29e5nz2aiov","Frosinone Calcio","cmuihw1d4098tsexpf4oregeq","Ilario Monterisi","ATTACH","","Unassigned","cmuihqgcj00d1h29e5nz2aiov","Frosinone Calcio","departed","first_team","Confirmed in 2026/27 squad (Centre-Back, TM 550116)"
"2026-09-30T13:28:05.728Z","cmuihqgcj00d1h29e5nz2aiov","Frosinone Calcio","cmuihw24409u5sexpp8y2x4kz","Giorgio Cittadini","ATTACH","","Unassigned","cmuihqgcj00d1h29e5nz2aiov","Frosinone Calcio","departed","first_team","Confirmed in 2026/27 squad (Centre-Back, TM 616628)"
"2026-09-30T13:28:05.728Z","cmuihqgcj00d1h29e5nz2aiov","Frosinone Calcio","cmuihvws4043fsexped9uhox1","Kevin Akpoguma","ATTACH","","Unassigned","cmuihqgcj00d1h29e5nz2aiov","Frosinone Calcio","departed","first_team","Confirmed in 2026/27 squad (Centre-Back, TM 160241)"
"2026-09-30T13:28:05.728Z","cmuihqgcj00d1h29e5nz2aiov","Frosinone Calcio","cmuihw3ef0b7bsexp2uy3jvfx","Wisdom Amey","ATTACH","","Unassigned","cmuihqgcj00d1h29e5nz2aiov","Frosinone Calcio","departed","first_team","Confirmed in 2026/27 squad (Centre-Back, TM 818878)"
"2026-09-30T13:28:05.728Z","cmuihqgcj00d1h29e5nz2aiov","Frosinone Calcio","cmuihw43v0cc6sexpqyba2e9g","Omar Fayed","ATTACH","","Unassigned","cmuihqgcj00d1h29e5nz2aiov","Frosinone Calcio","departed","first_team","Confirmed in 2026/27 squad (Centre-Back, TM 1036405)"
"2026-09-30T13:28:05.728Z","cmuihqgcj00d1h29e5nz2aiov","Frosinone Calcio","cmuihw2qc0b31sexpzf8hbo05","Anthony Oyono","ATTACH","","Unassigned","cmuihqgcj00d1h29e5nz2aiov","Frosinone Calcio","departed","first_team","Confirmed in 2026/27 squad (Right-Back, TM 804812)"
"2026-09-30T13:28:05.728Z","cmuihqgcj00d1h29e5nz2aiov","Frosinone Calcio","cmuihw3ej0bb1sexpll3hwj2g","Enzo Tchato","ATTACH","","Unassigned","cmuihqgcj00d1h29e5nz2aiov","Frosinone Calcio","departed","first_team","Confirmed in 2026/27 squad (Right-Back, TM 842338)"
"2026-09-30T13:28:05.728Z","cmuihqgcj00d1h29e5nz2aiov","Frosinone Calcio","cmuihvyr606dysexpft5bv1cl","Giacomo Calò","ATTACH","","Unassigned","cmuihqgcj00d1h29e5nz2aiov","Frosinone Calcio","departed","first_team","Confirmed in 2026/27 squad (Defensive Midfield, TM 301235)"
"2026-09-30T13:28:05.728Z","cmuihqgcj00d1h29e5nz2aiov","Frosinone Calcio","cmuihw2pv0ar1sexpbx47yn93","Luis Hasa","ATTACH","","Unassigned","cmuihqgcj00d1h29e5nz2aiov","Frosinone Calcio","departed","first_team","Confirmed in 2026/27 squad (Central Midfield, TM 724178)"
"2026-09-30T13:28:05.728Z","cmuihqgcj00d1h29e5nz2aiov","Frosinone Calcio","cmuihw0jg08dmsexp4lk3fep3","Patrizio Masini","ATTACH","","Unassigned","cmuihqgcj00d1h29e5nz2aiov","Frosinone Calcio","departed","first_team","Confirmed in 2026/27 squad (Central Midfield, TM 459665)"
"2026-09-30T13:28:05.728Z","cmuihqgcj00d1h29e5nz2aiov","Frosinone Calcio","cmuihw1eu09mlsexp9pkrk65v","Anouar El Azzouzi","ATTACH","","Unassigned","cmuihqgcj00d1h29e5nz2aiov","Frosinone Calcio","departed","first_team","Confirmed in 2026/27 squad (Central Midfield, TM 593774)"
"2026-09-30T13:28:05.728Z","cmuihqgcj00d1h29e5nz2aiov","Frosinone Calcio","cmuihw1bj08y1sexp0pko8vhb","Ben Lhassine Kone","ATTACH","","Unassigned","cmuihqgcj00d1h29e5nz2aiov","Frosinone Calcio","departed","first_team","Confirmed in 2026/27 squad (Central Midfield, TM 522681)"
"2026-09-30T13:28:05.728Z","cmuihqgcj00d1h29e5nz2aiov","Frosinone Calcio","cmuihvzaz06u7sexpyv1txlid","Francesco Gelli","ATTACH","","Unassigned","cmuihqgcj00d1h29e5nz2aiov","Frosinone Calcio","departed","first_team","Confirmed in 2026/27 squad (Central Midfield, TM 337811)"
"2026-09-30T13:28:05.728Z","cmuihqgcj00d1h29e5nz2aiov","Frosinone Calcio","cmuihw0iu085tsexp4d23shv2","Alessio Zerbin","ATTACH","","Unassigned","cmuihqgcj00d1h29e5nz2aiov","Frosinone Calcio","departed","first_team","Confirmed in 2026/27 squad (Unknown, TM 433584)"
"2026-09-30T13:28:05.728Z","cmuihqgcj00d1h29e5nz2aiov","Frosinone Calcio","cmuihw3eu0bi9sexp21rg0152","Farès Ghedjemis","ATTACH","","Unassigned","cmuihqgcj00d1h29e5nz2aiov","Frosinone Calcio","departed","first_team","Confirmed in 2026/27 squad (Right Winger, TM 888738)"
"2026-09-30T13:28:05.728Z","cmuihqgcj00d1h29e5nz2aiov","Frosinone Calcio","cmuihw3eq0bf9sexpy1bfcpgm","Seydou Fini","ATTACH","","Unassigned","cmuihqgcj00d1h29e5nz2aiov","Frosinone Calcio","departed","first_team","Confirmed in 2026/27 squad (Right Winger, TM 866250)"
"2026-09-30T13:28:05.728Z","cmuihqgcj00d1h29e5nz2aiov","Frosinone Calcio","cmuihw3ef0b7esexp46sp0s75","Antonio Raimondo","ATTACH","","Unassigned","cmuihqgcj00d1h29e5nz2aiov","Frosinone Calcio","departed","first_team","Confirmed in 2026/27 squad (Centre-Forward, TM 818888)"
"2026-09-30T13:28:05.728Z","cmuihqgcj00d1h29e5nz2aiov","Frosinone Calcio","cmuihvxg504pmsexp88le02ob","Florian Grillitsch","REASSIGN","cmuihnyer0015b23fholjonq1","SC Braga","cmuihqgcj00d1h29e5nz2aiov","Frosinone Calcio","first_team","first_team","Transferred from SC Braga to Frosinone Calcio (TM 195736)"
"2026-09-30T13:28:05.728Z","cmuihqgcj00d1h29e5nz2aiov","Frosinone Calcio","cmuihvzb9071wsexp5h6gkkfp","Romano Schmid","REASSIGN","cmuihqfqk00cnh29e7bfyem85","SV Werder Bremen","cmuihqgcj00d1h29e5nz2aiov","Frosinone Calcio","first_team","first_team","Transferred from SV Werder Bremen to Frosinone Calcio (TM 346853)"
"2026-09-30T13:28:05.728Z","cmuihqgcj00d1h29e5nz2aiov","Frosinone Calcio","cmuo54pfr003pbpsmvlq24r78","Matteo Pisseri","CREATE","","None (New Player)","cmuihqgcj00d1h29e5nz2aiov","Frosinone Calcio","","first_team","Created from official 2026/27 squad (Goalkeeper, TM 168444)"
"2026-09-30T13:28:05.728Z","cmuihqgcj00d1h29e5nz2aiov","Frosinone Calcio","cmuo54piu003rbpsmh6pjqbik","Gabriele Calvani","CREATE","","None (New Player)","cmuihqgcj00d1h29e5nz2aiov","Frosinone Calcio","","first_team","Created from official 2026/27 squad (Centre-Back, TM 745778)"
"2026-09-30T13:28:05.728Z","cmuihqgcj00d1h29e5nz2aiov","Frosinone Calcio","cmuo54plw003tbpsmmtx0c211","Gabriele Bracaglia","CREATE","","None (New Player)","cmuihqgcj00d1h29e5nz2aiov","Frosinone Calcio","","first_team","Created from official 2026/27 squad (Left-Back, TM 571600)"
"2026-09-30T13:28:05.728Z","cmuihqgcj00d1h29e5nz2aiov","Frosinone Calcio","cmuo54poz003vbpsmzmxpt701","Aleksa Terzić","CREATE","","None (New Player)","cmuihqgcj00d1h29e5nz2aiov","Frosinone Calcio","","first_team","Created from official 2026/27 squad (Left-Back, TM 404260)"
"2026-09-30T13:28:05.728Z","cmuihqgcj00d1h29e5nz2aiov","Frosinone Calcio","cmuo54psd003xbpsm9fo4bxd3","Matteo Cichella","CREATE","","None (New Player)","cmuihqgcj00d1h29e5nz2aiov","Frosinone Calcio","","first_team","Created from official 2026/27 squad (Defensive Midfield, TM 927905)"
"2026-09-30T13:28:05.728Z","cmuihqgcj00d1h29e5nz2aiov","Frosinone Calcio","cmuo54pvg003zbpsmqf47w7vi","Tomas Bobcek","CREATE","","None (New Player)","cmuihqgcj00d1h29e5nz2aiov","Frosinone Calcio","","first_team","Created from official 2026/27 squad (Centre-Forward, TM 510103)"
"2026-09-30T13:28:05.728Z","cmuihqgcj00d1h29e5nz2aiov","Frosinone Calcio","cmuo54pz10041bpsm4xvjdsij","Daniel Bîrligea","CREATE","","None (New Player)","cmuihqgcj00d1h29e5nz2aiov","Frosinone Calcio","","first_team","Created from official 2026/27 squad (Centre-Forward, TM 468192)"
"2026-09-30T13:28:07.825Z","cmuihq4hx006hh29enfwx58cb","AC Monza","cmuihw2px0asisexp1tsa6b39","Noel Törnqvist","ATTACH","","Unassigned","cmuihq4hx006hh29enfwx58cb","AC Monza","departed","first_team","Confirmed in 2026/27 squad (Goalkeeper, TM 730531)"
"2026-09-30T13:28:07.825Z","cmuihq4hx006hh29enfwx58cb","AC Monza","cmuihw0j1086nsexpylorzdy6","Demba Thiam","ATTACH","","Unassigned","cmuihq4hx006hh29enfwx58cb","AC Monza","departed","first_team","Confirmed in 2026/27 squad (Goalkeeper, TM 435406)"
"2026-09-30T13:28:07.825Z","cmuihq4hx006hh29enfwx58cb","AC Monza","cmuihw43x0cdjsexpechep6t2","Jan Ziolkowski","ATTACH","","Unassigned","cmuihq4hx006hh29enfwx58cb","AC Monza","departed","first_team","Confirmed in 2026/27 squad (Centre-Back, TM 1046867)"
"2026-09-30T13:28:07.825Z","cmuihq4hx006hh29enfwx58cb","AC Monza","cmuihw43e0bzksexpcw0yan1i","Eddy Kouadio","ATTACH","","Unassigned","cmuihq4hx006hh29enfwx58cb","AC Monza","departed","first_team","Confirmed in 2026/27 squad (Centre-Back, TM 957822)"
"2026-09-30T13:28:07.825Z","cmuihq4hx006hh29enfwx58cb","AC Monza","cmuihw3ey0blosexpfbi0tijo","Saba Goglichidze","ATTACH","","Unassigned","cmuihq4hx006hh29enfwx58cb","AC Monza","departed","first_team","Confirmed in 2026/27 squad (Centre-Back, TM 906160)"
"2026-09-30T13:28:07.825Z","cmuihq4hx006hh29enfwx58cb","AC Monza","cmuihw1df09e3sexp56xl1e75","Lorenzo Lucchesi","ATTACH","","Unassigned","cmuihq4hx006hh29enfwx58cb","AC Monza","departed","first_team","Confirmed in 2026/27 squad (Centre-Back, TM 567454)"
"2026-09-30T13:28:07.825Z","cmuihq4hx006hh29enfwx58cb","AC Monza","cmuihw0k208mgsexp3f6sm1pw","Andrea Carboni","ATTACH","","Unassigned","cmuihq4hx006hh29enfwx58cb","AC Monza","departed","first_team","Confirmed in 2026/27 squad (Centre-Back, TM 481834)"
"2026-09-30T13:28:07.825Z","cmuihq4hx006hh29enfwx58cb","AC Monza","cmuihw43w0ccgsexpr9zyqy8l","Yvan Maye","ATTACH","","Unassigned","cmuihq4hx006hh29enfwx58cb","AC Monza","departed","first_team","Confirmed in 2026/27 squad (Centre-Back, TM 1041129)"
"2026-09-30T13:28:07.825Z","cmuihq4hx006hh29enfwx58cb","AC Monza","cmuihw0jk08ejsexp2h6pfy3t","Samuele Birindelli","ATTACH","","Unassigned","cmuihq4hx006hh29enfwx58cb","AC Monza","departed","first_team","Confirmed in 2026/27 squad (Right-Back, TM 461019)"
"2026-09-30T13:28:07.825Z","cmuihq4hx006hh29enfwx58cb","AC Monza","cmuihw3ev0bizsexpyau6bbt3","Leonardo Colombo","ATTACH","","Unassigned","cmuihq4hx006hh29enfwx58cb","AC Monza","departed","first_team","Confirmed in 2026/27 squad (Defensive Midfield, TM 891869)"
"2026-09-30T13:28:07.825Z","cmuihq4hx006hh29enfwx58cb","AC Monza","cmuihw43g0c19sexpb83x7nwr","Ebenezer Akinsanmiro","ATTACH","","Unassigned","cmuihq4hx006hh29enfwx58cb","AC Monza","departed","first_team","Confirmed in 2026/27 squad (Central Midfield, TM 969192)"
"2026-09-30T13:28:07.825Z","cmuihq4hx006hh29enfwx58cb","AC Monza","cmuihvzar06pusexpts72oakl","Matteo Pessina","ATTACH","","Unassigned","cmuihq4hx006hh29enfwx58cb","AC Monza","departed","first_team","Confirmed in 2026/27 squad (Central Midfield, TM 332179)"
"2026-09-30T13:28:07.825Z","cmuihq4hx006hh29enfwx58cb","AC Monza","cmuihvzvv07g2sexpb0qsatqf","Michael Folorunsho","ATTACH","","Unassigned","cmuihq4hx006hh29enfwx58cb","AC Monza","departed","first_team","Confirmed in 2026/27 squad (Central Midfield, TM 377042)"
"2026-09-30T13:28:07.825Z","cmuihq4hx006hh29enfwx58cb","AC Monza","cmuihw4r40ct7sexp1yxse7qm","Foe Ondoa","ATTACH","","Unassigned","cmuihq4hx006hh29enfwx58cb","AC Monza","departed","first_team","Confirmed in 2026/27 squad (Central Midfield, TM 1143375)"
"2026-09-30T13:28:07.825Z","cmuihq4hx006hh29enfwx58cb","AC Monza","cmuihvy6n05onsexpyix4g3h4","Patrick Ciurria","ATTACH","","Unassigned","cmuihq4hx006hh29enfwx58cb","AC Monza","departed","first_team","Confirmed in 2026/27 squad (Unknown, TM 255838)"
"2026-09-30T13:28:07.825Z","cmuihq4hx006hh29enfwx58cb","AC Monza","cmuihvzw407o4sexpocok8to5","Andrea Colpani","ATTACH","","Unassigned","cmuihq4hx006hh29enfwx58cb","AC Monza","departed","first_team","Confirmed in 2026/27 squad (Attacking Midfield, TM 392959)"
"2026-09-30T13:28:07.825Z","cmuihq4hx006hh29enfwx58cb","AC Monza","cmuihw43x0cdasexp7w4o2uwe","Jay Robinson","ATTACH","","Unassigned","cmuihq4hx006hh29enfwx58cb","AC Monza","departed","first_team","Confirmed in 2026/27 squad (Left Winger, TM 1045124)"
"2026-09-30T13:28:07.825Z","cmuihq4hx006hh29enfwx58cb","AC Monza","cmuihvy6a05drsexpnoeu3cr4","Keita Baldé","ATTACH","","Unassigned","cmuihq4hx006hh29enfwx58cb","AC Monza","departed","first_team","Confirmed in 2026/27 squad (Left Winger, TM 238752)"
"2026-09-30T13:28:07.825Z","cmuihq4hx006hh29enfwx58cb","AC Monza","cmuihvzbj078wsexpmjzrty1n","Cyril Ngonge","ATTACH","","Unassigned","cmuihq4hx006hh29enfwx58cb","AC Monza","departed","first_team","Confirmed in 2026/27 squad (Right Winger, TM 358032)"
"2026-09-30T13:28:07.825Z","cmuihq4hx006hh29enfwx58cb","AC Monza","cmuihw24q0abwsexpdwo4moet","Omari Forson","ATTACH","","Unassigned","cmuihq4hx006hh29enfwx58cb","AC Monza","departed","first_team","Confirmed in 2026/27 squad (Right Winger, TM 670845)"
"2026-09-30T13:28:07.825Z","cmuihq4hx006hh29enfwx58cb","AC Monza","cmuihw2pv0aqvsexp73suskot","Kevin Martins","ATTACH","","Unassigned","cmuihq4hx006hh29enfwx58cb","AC Monza","departed","first_team","Confirmed in 2026/27 squad (Right Winger, TM 724069)"
"2026-09-30T13:28:07.825Z","cmuihq4hx006hh29enfwx58cb","AC Monza","cmuihw3f80bs3sexp9q2ihitr","Gustavo Varela","ATTACH","","Unassigned","cmuihq4hx006hh29enfwx58cb","AC Monza","departed","first_team","Confirmed in 2026/27 squad (Centre-Forward, TM 931900)"
"2026-09-30T13:28:07.825Z","cmuihq4hx006hh29enfwx58cb","AC Monza","cmuihvyqg05ubsexpbydmnw2r","Patrick Cutrone","ATTACH","","Unassigned","cmuihq4hx006hh29enfwx58cb","AC Monza","departed","first_team","Confirmed in 2026/27 squad (Centre-Forward, TM 265078)"
"2026-09-30T13:28:07.825Z","cmuihq4hx006hh29enfwx58cb","AC Monza","cmuihvzb90726sexpzcpdb448","Dany Mota","ATTACH","","Unassigned","cmuihq4hx006hh29enfwx58cb","AC Monza","departed","first_team","Confirmed in 2026/27 squad (Centre-Forward, TM 347253)"
"2026-09-30T13:28:07.825Z","cmuihq4hx006hh29enfwx58cb","AC Monza","cmuihvzau06rusexpqoek20d9","Idrissa Touré","REASSIGN","cmuihq9qz009fh29erhvyqmi9","Pisa Sporting Club","cmuihq4hx006hh29enfwx58cb","AC Monza","first_team","first_team","Transferred from Pisa Sporting Club to AC Monza (TM 335516)"
"2026-09-30T13:28:07.825Z","cmuihq4hx006hh29enfwx58cb","AC Monza","cmuo54r0z0044bpsmikeps3cf","Aljaz Strajnar","CREATE","","None (New Player)","cmuihq4hx006hh29enfwx58cb","AC Monza","","first_team","Created from official 2026/27 squad (Goalkeeper, TM 1009618)"
"2026-09-30T13:28:07.825Z","cmuihq4hx006hh29enfwx58cb","AC Monza","cmuo54r4b0046bpsmleo9d7o6","Ricardo Mangas","CREATE","","None (New Player)","cmuihq4hx006hh29enfwx58cb","AC Monza","","first_team","Created from official 2026/27 squad (Left-Back, TM 314944)"
"2026-09-30T13:28:07.825Z","cmuihq4hx006hh29enfwx58cb","AC Monza","cmuo54r7m0048bpsm2ds8kbez","Adam Bakoune","CREATE","","None (New Player)","cmuihq4hx006hh29enfwx58cb","AC Monza","","first_team","Created from official 2026/27 squad (Right-Back, TM 1010150)"
"2026-09-30T13:28:07.825Z","cmuihq4hx006hh29enfwx58cb","AC Monza","cmuo54rap004abpsmek0wn4ug","Mathis Mout","CREATE","","None (New Player)","cmuihq4hx006hh29enfwx58cb","AC Monza","","first_team","Created from official 2026/27 squad (Central Midfield, TM 1167990)"
"2026-09-30T13:28:07.825Z","cmuihq4hx006hh29enfwx58cb","AC Monza","cmuo54re3004cbpsmzwvoqm9i","Exequiel Zeballos","CREATE","","None (New Player)","cmuihq4hx006hh29enfwx58cb","AC Monza","","first_team","Created from official 2026/27 squad (Right Winger, TM 661132)"
"2026-09-30T13:28:09.652Z","cmuihnki5000fb23fj5zntsyp","US Lecce","cmuihvzaw06sksexpy06jb4ox","Christian Früchtl","DETACH","cmuihnki5000fb23fj5zntsyp","US Lecce","","Unassigned (Detached)","first_team","departed","Absent from official 2026/27 Transfermarkt squad"
"2026-09-30T13:28:09.652Z","cmuihnki5000fb23fj5zntsyp","US Lecce","cmuihw24g0a2wsexpkdoq32d8","Balthazar Pierret","DETACH","cmuihnki5000fb23fj5zntsyp","US Lecce","","Unassigned (Detached)","first_team","departed","Absent from official 2026/27 Transfermarkt squad"
"2026-09-30T13:28:09.652Z","cmuihnki5000fb23fj5zntsyp","US Lecce","cmuihw2ps0aoesexpzoeiekac","Jasper Samooja","DETACH","cmuihnki5000fb23fj5zntsyp","US Lecce","","Unassigned (Detached)","first_team","departed","Absent from official 2026/27 Transfermarkt squad"
"2026-09-30T13:28:09.652Z","cmuihnki5000fb23fj5zntsyp","US Lecce","cmuihw4400cg9sexp02v5fbbr","Christ-Owen Kouassi","DETACH","cmuihnki5000fb23fj5zntsyp","US Lecce","","Unassigned (Detached)","first_team","departed","Absent from official 2026/27 Transfermarkt squad"
"2026-09-30T13:28:09.652Z","cmuihnki5000fb23fj5zntsyp","US Lecce","cmuihvzwq080bsexpz0jyrvxv","Hamza Rafia","DETACH","cmuihnki5000fb23fj5zntsyp","US Lecce","","Unassigned (Detached)","first_team","departed","Absent from official 2026/27 Transfermarkt squad"
"2026-09-30T13:28:09.652Z","cmuihnki5000fb23fj5zntsyp","US Lecce","cmuihw0j4087ysexppc5ze6ec","Ylber Ramadani","DETACH","cmuihnki5000fb23fj5zntsyp","US Lecce","","Unassigned (Detached)","first_team","departed","Absent from official 2026/27 Transfermarkt squad"
"2026-09-30T13:28:09.652Z","cmuihnki5000fb23fj5zntsyp","US Lecce","cmuihw1cx0973sexpkv4xlfsh","Lameck Banda","DETACH","cmuihnki5000fb23fj5zntsyp","US Lecce","","Unassigned (Detached)","first_team","departed","Absent from official 2026/27 Transfermarkt squad"
"2026-09-30T13:28:09.652Z","cmuihnki5000fb23fj5zntsyp","US Lecce","cmuihw1d709aasexpzntgrjed","Filip Marchwinski","DETACH","cmuihnki5000fb23fj5zntsyp","US Lecce","","Unassigned (Detached)","first_team","departed","Absent from official 2026/27 Transfermarkt squad"
"2026-09-30T13:28:09.652Z","cmuihnki5000fb23fj5zntsyp","US Lecce","cmuihvy5v051zsexp00ofisg7","Marco Bleve","ATTACH","","Unassigned","cmuihnki5000fb23fj5zntsyp","US Lecce","departed","first_team","Confirmed in 2026/27 squad (Goalkeeper, TM 215167)"
"2026-09-30T13:28:09.652Z","cmuihnki5000fb23fj5zntsyp","US Lecce","cmuihw24o0aafsexp1h01rbak","Alexandru Borbei","ATTACH","","Unassigned","cmuihnki5000fb23fj5zntsyp","US Lecce","departed","first_team","Confirmed in 2026/27 squad (Goalkeeper, TM 667640)"
"2026-09-30T13:28:09.652Z","cmuihnki5000fb23fj5zntsyp","US Lecce","cmuihw44a0cmisexpb7zsqpcm","Plamen Penev","ATTACH","","Unassigned","cmuihnki5000fb23fj5zntsyp","US Lecce","departed","first_team","Confirmed in 2026/27 squad (Goalkeeper, TM 1084756)"
"2026-09-30T13:28:09.652Z","cmuihnki5000fb23fj5zntsyp","US Lecce","cmuihw23z09plsexppgsaux7k","Jamil Siebert","ATTACH","","Unassigned","cmuihnki5000fb23fj5zntsyp","US Lecce","departed","first_team","Confirmed in 2026/27 squad (Centre-Back, TM 604113)"
"2026-09-30T13:28:09.652Z","cmuihnki5000fb23fj5zntsyp","US Lecce","cmuihw44c0coysexpvrrl08xi","Elijah Scott","ATTACH","","Unassigned","cmuihnki5000fb23fj5zntsyp","US Lecce","departed","first_team","Confirmed in 2026/27 squad (Centre-Back, TM 1105124)"
"2026-09-30T13:28:09.652Z","cmuihnki5000fb23fj5zntsyp","US Lecce","cmuihw0it085qsexpo3tii9ja","Corrie Ndaba","ATTACH","","Unassigned","cmuihnki5000fb23fj5zntsyp","US Lecce","departed","first_team","Confirmed in 2026/27 squad (Left-Back, TM 433329)"
"2026-09-30T13:28:09.652Z","cmuihnki5000fb23fj5zntsyp","US Lecce","cmuihw43t0ca5sexpquzuezk0","Vernon Addo","ATTACH","","Unassigned","cmuihnki5000fb23fj5zntsyp","US Lecce","departed","first_team","Confirmed in 2026/27 squad (Left-Back, TM 1017950)"
"2026-09-30T13:28:09.652Z","cmuihnki5000fb23fj5zntsyp","US Lecce","cmuihw43q0c7rsexpo7joprg5","Ali Dembélé","ATTACH","","Unassigned","cmuihnki5000fb23fj5zntsyp","US Lecce","departed","first_team","Confirmed in 2026/27 squad (Right-Back, TM 1004344)"
"2026-09-30T13:28:09.652Z","cmuihnki5000fb23fj5zntsyp","US Lecce","cmuihw43i0c2zsexpvh7a33o9","Oumar Ngom","ATTACH","","Unassigned","cmuihnki5000fb23fj5zntsyp","US Lecce","departed","first_team","Confirmed in 2026/27 squad (Defensive Midfield, TM 980575)"
"2026-09-30T13:28:09.652Z","cmuihnki5000fb23fj5zntsyp","US Lecce","cmuihw24g0a38sexpbb9dfpow","Sadik Fofana","ATTACH","","Unassigned","cmuihnki5000fb23fj5zntsyp","US Lecce","departed","first_team","Confirmed in 2026/27 squad (Defensive Midfield, TM 644613)"
"2026-09-30T13:28:09.652Z","cmuihnki5000fb23fj5zntsyp","US Lecce","cmuihw0js08issexp6979lh5p","Ivan Ilić","ATTACH","","Unassigned","cmuihnki5000fb23fj5zntsyp","US Lecce","departed","first_team","Confirmed in 2026/27 squad (Central Midfield, TM 470794)"
"2026-09-30T13:28:09.652Z","cmuihnki5000fb23fj5zntsyp","US Lecce","cmuihw3ez0bmisexp8chgvoju","Mohamed Kaba","ATTACH","","Unassigned","cmuihnki5000fb23fj5zntsyp","US Lecce","departed","first_team","Confirmed in 2026/27 squad (Central Midfield, TM 911328)"
"2026-09-30T13:28:09.652Z","cmuihnki5000fb23fj5zntsyp","US Lecce","cmuihvzao06n0sexpoo04wyqg","Youssef Maleh","ATTACH","","Unassigned","cmuihnki5000fb23fj5zntsyp","US Lecce","departed","first_team","Confirmed in 2026/27 squad (Central Midfield, TM 324377)"
"2026-09-30T13:28:09.652Z","cmuihnki5000fb23fj5zntsyp","US Lecce","cmuihw2q80azosexpsf5h23ya","Omri Gandelman","ATTACH","","Unassigned","cmuihnki5000fb23fj5zntsyp","US Lecce","departed","first_team","Confirmed in 2026/27 squad (Attacking Midfield, TM 780548)"
"2026-09-30T13:28:09.652Z","cmuihnki5000fb23fj5zntsyp","US Lecce","cmuihw23v09n7sexpxvcs1pju","Nikola Stulic","ATTACH","","Unassigned","cmuihnki5000fb23fj5zntsyp","US Lecce","departed","first_team","Confirmed in 2026/27 squad (Centre-Forward, TM 595650)"
"2026-09-30T13:28:09.652Z","cmuihnki5000fb23fj5zntsyp","US Lecce","cmuihw0jn08g0sexpz3wjti57","Willem Geubbels","REASSIGN","cmuihnihk000bb23fi54xeh0d","Paris FC","cmuihnki5000fb23fj5zntsyp","US Lecce","first_team","first_team","Transferred from Paris FC to US Lecce (TM 463620)"
"2026-09-30T13:28:09.652Z","cmuihnki5000fb23fj5zntsyp","US Lecce","cmuo54sjj004fbpsmy035mkvy","Sebastian Esposito","CREATE","","None (New Player)","cmuihnki5000fb23fj5zntsyp","US Lecce","","first_team","Created from official 2026/27 squad (Centre-Back, TM 1118086)"
"2026-09-30T13:28:09.652Z","cmuihnki5000fb23fj5zntsyp","US Lecce","cmuo54smn004hbpsmzs6g5bym","Marlon Ubani","CREATE","","None (New Player)","cmuihnki5000fb23fj5zntsyp","US Lecce","","first_team","Created from official 2026/27 squad (Right-Back, TM 745595)"
"2026-09-30T13:28:09.652Z","cmuihnki5000fb23fj5zntsyp","US Lecce","cmuo54spp004jbpsmas5jis2i","Joël Monteiro","CREATE","","None (New Player)","cmuihnki5000fb23fj5zntsyp","US Lecce","","first_team","Created from official 2026/27 squad (Left Winger, TM 410787)"
"2026-09-30T13:28:09.652Z","cmuihnki5000fb23fj5zntsyp","US Lecce","cmuo54str004lbpsm96fvma5h","Amar Fatah","CREATE","","None (New Player)","cmuihnki5000fb23fj5zntsyp","US Lecce","","first_team","Created from official 2026/27 squad (Left Winger, TM 931841)"
"2026-09-30T13:28:09.652Z","cmuihnki5000fb23fj5zntsyp","US Lecce","cmuo54sx2004nbpsmnw9xkjlg","Paco Esteban","CREATE","","None (New Player)","cmuihnki5000fb23fj5zntsyp","US Lecce","","first_team","Created from official 2026/27 squad (Centre-Forward, TM 937954)"
