timestamp,clubId,clubName,playerId,transfermarktId,fullName,action,oldClubId,oldClubName,newClubId,newClubName,oldStatus,newStatus,notes
"2026-09-30T13:29:49.334Z","cmuihq0az0047h29ew2gfpbqj","AS Monaco","cmuihvy62058fsexpo7x77vo7","228948","Thilo Kehrer","DETACH","cmuihq0az0047h29ew2gfpbqj","AS Monaco","","Unassigned (Detached)","first_team","departed","Absent from official 2026/27 Transfermarkt squad"
"2026-09-30T13:29:49.334Z","cmuihq0az0047h29ew2gfpbqj","AS Monaco","cmuihvzwr080xsexpab6o9o8g","420064","Caio Henrique","DETACH","cmuihq0az0047h29ew2gfpbqj","AS Monaco","","Unassigned (Detached)","first_team","departed","Absent from official 2026/27 Transfermarkt squad"
"2026-09-30T13:29:49.334Z","cmuihq0az0047h29ew2gfpbqj","AS Monaco","cmuihw3fe0bxasexpdnikrjyj","947360","Kassoum Ouattara","DETACH","cmuihq0az0047h29ew2gfpbqj","AS Monaco","","Unassigned (Detached)","first_team","departed","Absent from official 2026/27 Transfermarkt squad"
"2026-09-30T13:29:49.334Z","cmuihq0az0047h29ew2gfpbqj","AS Monaco","cmuihw0k608pdsexpoxn1batg","490426","Krépin Diatta","DETACH","cmuihq0az0047h29ew2gfpbqj","AS Monaco","","Unassigned (Detached)","first_team","departed","Absent from official 2026/27 Transfermarkt squad"
"2026-09-30T13:29:49.334Z","cmuihq0az0047h29ew2gfpbqj","AS Monaco","cmuihw2q10awgsexpdrh5h8ku","745341","Yann Lienard","DETACH","cmuihq0az0047h29ew2gfpbqj","AS Monaco","","Unassigned (Detached)","first_team","departed","Absent from official 2026/27 Transfermarkt squad"
"2026-09-30T13:29:49.334Z","cmuihq0az0047h29ew2gfpbqj","AS Monaco","cmuihvux701zmsexpsyy557rr","48015","Lukas Hradecky","ATTACH","","Unassigned","cmuihq0az0047h29ew2gfpbqj","AS Monaco","departed","first_team","Confirmed in 2026/27 squad (Goalkeeper, TM 48015)"
"2026-09-30T13:29:49.334Z","cmuihq0az0047h29ew2gfpbqj","AS Monaco","cmuihvxfo04desexpuapdnxbh","175722","Eric Dier","ATTACH","","Unassigned","cmuihq0az0047h29ew2gfpbqj","AS Monaco","departed","first_team","Confirmed in 2026/27 squad (Centre-Back, TM 175722)"
"2026-09-30T13:29:49.334Z","cmuihq0az0047h29ew2gfpbqj","AS Monaco","cmuihw43i0c35sexpe4weyjuw","981700","Samuel Nibombe","ATTACH","","Unassigned","cmuihq0az0047h29ew2gfpbqj","AS Monaco","departed","first_team","Confirmed in 2026/27 squad (Centre-Back, TM 981700)"
"2026-09-30T13:29:49.334Z","cmuihq0az0047h29ew2gfpbqj","AS Monaco","cmuihw2q10awbsexpyg95n2kx","745173","Mamadou Coulibaly","ATTACH","","Unassigned","cmuihq0az0047h29ew2gfpbqj","AS Monaco","departed","first_team","Confirmed in 2026/27 squad (Central Midfield, TM 745173)"
"2026-09-30T13:29:49.334Z","cmuihq0az0047h29ew2gfpbqj","AS Monaco","cmuihw2q00avbsexpv809ltzy","743387","Stanis Idumbo","ATTACH","","Unassigned","cmuihq0az0047h29ew2gfpbqj","AS Monaco","departed","first_team","Confirmed in 2026/27 squad (Attacking Midfield, TM 743387)"
"2026-09-30T13:29:49.334Z","cmuihq0az0047h29ew2gfpbqj","AS Monaco","cmuihw0jp08hbsexp8hr5bbiz","466810","Ansu Fati","ATTACH","","Unassigned","cmuihq0az0047h29ew2gfpbqj","AS Monaco","departed","first_team","Confirmed in 2026/27 squad (Left Winger, TM 466810)"
"2026-09-30T13:29:49.334Z","cmuihq0az0047h29ew2gfpbqj","AS Monaco","cmuihw3f10bo4sexp9lxf13be","918414","Paris Brunner","ATTACH","","Unassigned","cmuihq0az0047h29ew2gfpbqj","AS Monaco","departed","first_team","Confirmed in 2026/27 squad (Centre-Forward, TM 918414)"
"2026-09-30T13:29:49.334Z","cmuihq0az0047h29ew2gfpbqj","AS Monaco","cmuihw44e0cpxsexp6nc00boy","1111777","Sadibou Sané","REASSIGN","cmuihq6mo007ph29enroholtq","FC Metz","cmuihq0az0047h29ew2gfpbqj","AS Monaco","first_team","first_team","Transferred from FC Metz to AS Monaco (TM 1111777)"
"2026-09-30T13:29:49.334Z","cmuihq0az0047h29ew2gfpbqj","AS Monaco","cmuihw24m0a89sexprhbx7i11","659543","Matthis Abline","REASSIGN","cmuihqhd100djh29et2cb4bdz","FC Nantes","cmuihq0az0047h29ew2gfpbqj","AS Monaco","first_team","first_team","Transferred from FC Nantes to AS Monaco (TM 659543)"
"2026-09-30T13:29:49.334Z","cmuihq0az0047h29ew2gfpbqj","AS Monaco","cmuo56xkw0003ti9k357q8cgi","668587","Nazinho","CREATE","","None (New Player)","cmuihq0az0047h29ew2gfpbqj","AS Monaco","","first_team","Created from official 2026/27 squad (Left-Back, TM 668587)"
"2026-09-30T13:29:49.334Z","cmuihq0az0047h29ew2gfpbqj","AS Monaco","cmuo56xsh0005ti9k5sb5wvw8","1075588","Pape Cabral","CREATE","","None (New Player)","cmuihq0az0047h29ew2gfpbqj","AS Monaco","","first_team","Created from official 2026/27 squad (Central Midfield, TM 1075588)"
"2026-09-30T13:29:49.334Z","cmuihq0az0047h29ew2gfpbqj","AS Monaco","cmuo56xww0007ti9kozy9a25l","745178","Edan Diop","CREATE","","None (New Player)","cmuihq0az0047h29ew2gfpbqj","AS Monaco","","first_team","Created from official 2026/27 squad (Central Midfield, TM 745178)"
"2026-09-30T13:29:49.334Z","cmuihq0az0047h29ew2gfpbqj","AS Monaco","cmuo56y1a0009ti9kuzs1xj40","1307000","Anis Soubeir","CREATE","","None (New Player)","cmuihq0az0047h29ew2gfpbqj","AS Monaco","","first_team","Created from official 2026/27 squad (Central Midfield, TM 1307000)"
"2026-09-30T13:29:49.334Z","cmuihq0az0047h29ew2gfpbqj","AS Monaco","cmuo56y6x000bti9krutev8om","1171981","Mathys Detourbet","CREATE","","None (New Player)","cmuihq0az0047h29ew2gfpbqj","AS Monaco","","first_team","Created from official 2026/27 squad (Left Winger, TM 1171981)"
"2026-09-30T13:29:52.363Z","cmuihqd8900bbh29em5y4p2o4","RC Strasbourg Alsace","cmuihvvyf03dfsexp074qej4t","112822","Karl-Johan Johnsson","DETACH","cmuihqd8900bbh29em5y4p2o4","RC Strasbourg Alsace","","Unassigned (Detached)","first_team","departed","Absent from official 2026/27 Transfermarkt squad"
"2026-09-30T13:29:52.363Z","cmuihqd8900bbh29em5y4p2o4","RC Strasbourg Alsace","cmuihw2ps0ao6sexp75b9vdcm","711980","Guéla Doué","DETACH","cmuihqd8900bbh29em5y4p2o4","RC Strasbourg Alsace","","Unassigned (Detached)","first_team","departed","Absent from official 2026/27 Transfermarkt squad"
"2026-09-30T13:29:52.363Z","cmuihqd8900bbh29em5y4p2o4","RC Strasbourg Alsace","cmuihw1em09k8sexp0g4adg4x","585323","Filip Jørgensen","ATTACH","","Unassigned","cmuihqd8900bbh29em5y4p2o4","RC Strasbourg Alsace","departed","first_team","Confirmed in 2026/27 squad (Goalkeeper, TM 585323)"
"2026-09-30T13:29:52.363Z","cmuihqd8900bbh29em5y4p2o4","RC Strasbourg Alsace","cmuihw44a0cmhsexpy4qh8x80","1084638","Karim Coulibaly","ATTACH","","Unassigned","cmuihqd8900bbh29em5y4p2o4","RC Strasbourg Alsace","departed","first_team","Confirmed in 2026/27 squad (Centre-Back, TM 1084638)"
"2026-09-30T13:29:52.363Z","cmuihqd8900bbh29em5y4p2o4","RC Strasbourg Alsace","cmuihw43v0cbtsexp14m58kgw","1032280","Oso","ATTACH","","Unassigned","cmuihqd8900bbh29em5y4p2o4","RC Strasbourg Alsace","departed","first_team","Confirmed in 2026/27 squad (Left-Back, TM 1032280)"
"2026-09-30T13:29:52.363Z","cmuihqd8900bbh29em5y4p2o4","RC Strasbourg Alsace","cmuihw43x0cd8sexphxzw639a","1045121","Genesis Antwi","ATTACH","","Unassigned","cmuihqd8900bbh29em5y4p2o4","RC Strasbourg Alsace","departed","first_team","Confirmed in 2026/27 squad (Right-Back, TM 1045121)"
"2026-09-30T13:29:52.363Z","cmuihqd8900bbh29em5y4p2o4","RC Strasbourg Alsace","cmuihw24q0abrsexp9m14t0ai","670717","Dário Essugo","ATTACH","","Unassigned","cmuihqd8900bbh29em5y4p2o4","RC Strasbourg Alsace","departed","first_team","Confirmed in 2026/27 squad (Defensive Midfield, TM 670717)"
"2026-09-30T13:29:52.363Z","cmuihqd8900bbh29em5y4p2o4","RC Strasbourg Alsace","cmuihw3fa0bumsexpv1ar89pf","937729","Diogo Sousa","ATTACH","","Unassigned","cmuihqd8900bbh29em5y4p2o4","RC Strasbourg Alsace","departed","first_team","Confirmed in 2026/27 squad (Defensive Midfield, TM 937729)"
"2026-09-30T13:29:52.363Z","cmuihqd8900bbh29em5y4p2o4","RC Strasbourg Alsace","cmuihw3eq0bersexp2p9sdni1","863204","Maxi Oyedele","ATTACH","","Unassigned","cmuihqd8900bbh29em5y4p2o4","RC Strasbourg Alsace","departed","first_team","Confirmed in 2026/27 squad (Defensive Midfield, TM 863204)"
"2026-09-30T13:29:52.363Z","cmuihqd8900bbh29em5y4p2o4","RC Strasbourg Alsace","cmuihw4r00crnsexpj6vco5ml","1130514","Samir El Mourabet","ATTACH","","Unassigned","cmuihqd8900bbh29em5y4p2o4","RC Strasbourg Alsace","departed","first_team","Confirmed in 2026/27 squad (Central Midfield, TM 1130514)"
"2026-09-30T13:29:52.363Z","cmuihqd8900bbh29em5y4p2o4","RC Strasbourg Alsace","cmuihw3fe0bxvsexpklfxl6eh","949113","Pape Demba Diop","ATTACH","","Unassigned","cmuihqd8900bbh29em5y4p2o4","RC Strasbourg Alsace","departed","first_team","Confirmed in 2026/27 squad (Central Midfield, TM 949113)"
"2026-09-30T13:29:52.363Z","cmuihqd8900bbh29em5y4p2o4","RC Strasbourg Alsace","cmuihw0ka08tgsexpimq46nrf","504215","Giovanni Reyna","ATTACH","","Unassigned","cmuihqd8900bbh29em5y4p2o4","RC Strasbourg Alsace","departed","first_team","Confirmed in 2026/27 squad (Attacking Midfield, TM 504215)"
"2026-09-30T13:29:52.363Z","cmuihqd8900bbh29em5y4p2o4","RC Strasbourg Alsace","cmuihw3f40bpvsexpctb4nus1","926135","Omari Kellyman","ATTACH","","Unassigned","cmuihqd8900bbh29em5y4p2o4","RC Strasbourg Alsace","departed","first_team","Confirmed in 2026/27 squad (Attacking Midfield, TM 926135)"
"2026-09-30T13:29:52.363Z","cmuihqd8900bbh29em5y4p2o4","RC Strasbourg Alsace","cmuihw43n0c69sexpl626rcgf","992686","Martial Godo","ATTACH","","Unassigned","cmuihqd8900bbh29em5y4p2o4","RC Strasbourg Alsace","departed","first_team","Confirmed in 2026/27 squad (Left Winger, TM 992686)"
"2026-09-30T13:29:52.363Z","cmuihqd8900bbh29em5y4p2o4","RC Strasbourg Alsace","cmuihw4r60cu0sexphryitydi","1151929","Gessime Yassine","ATTACH","","Unassigned","cmuihqd8900bbh29em5y4p2o4","RC Strasbourg Alsace","departed","first_team","Confirmed in 2026/27 squad (Right Winger, TM 1151929)"
"2026-09-30T13:29:52.363Z","cmuihqd8900bbh29em5y4p2o4","RC Strasbourg Alsace","cmuihw3f80bsgsexpg9lq6w9a","933900","Samuel Amo-Ameyaw","ATTACH","","Unassigned","cmuihqd8900bbh29em5y4p2o4","RC Strasbourg Alsace","departed","first_team","Confirmed in 2026/27 squad (Right Winger, TM 933900)"
"2026-09-30T13:29:52.363Z","cmuihqd8900bbh29em5y4p2o4","RC Strasbourg Alsace","cmuihw4r20cs4sexpzpfrgqdj","1133733","Yaya Diémé","ATTACH","","Unassigned","cmuihqd8900bbh29em5y4p2o4","RC Strasbourg Alsace","departed","first_team","Confirmed in 2026/27 squad (Right Winger, TM 1133733)"
"2026-09-30T13:29:52.363Z","cmuihqd8900bbh29em5y4p2o4","RC Strasbourg Alsace","cmuihw4450ciosexpwesj09qn","1064871","Joaquín Panichelli","ATTACH","","Unassigned","cmuihqd8900bbh29em5y4p2o4","RC Strasbourg Alsace","departed","first_team","Confirmed in 2026/27 squad (Centre-Forward, TM 1064871)"
"2026-09-30T13:29:52.363Z","cmuihqd8900bbh29em5y4p2o4","RC Strasbourg Alsace","cmuihw2qd0b3zsexpo0th1cwz","807386","Conrad Harder","ATTACH","","Unassigned","cmuihqd8900bbh29em5y4p2o4","RC Strasbourg Alsace","departed","first_team","Confirmed in 2026/27 squad (Centre-Forward, TM 807386)"
"2026-09-30T13:29:52.363Z","cmuihqd8900bbh29em5y4p2o4","RC Strasbourg Alsace","cmuihw1d909b3sexp07gdhs9g","557612","Sékou Mara","ATTACH","","Unassigned","cmuihqd8900bbh29em5y4p2o4","RC Strasbourg Alsace","departed","first_team","Confirmed in 2026/27 squad (Centre-Forward, TM 557612)"
"2026-09-30T13:29:52.363Z","cmuihqd8900bbh29em5y4p2o4","RC Strasbourg Alsace","cmuihw3ez0bmesexp3ua0r8u9","910541","Fábio Baldé","REASSIGN","cmuihq9070091h29ex9cb7wyt","Hamburger SV","cmuihqd8900bbh29em5y4p2o4","RC Strasbourg Alsace","first_team","first_team","Transferred from Hamburger SV to RC Strasbourg Alsace (TM 910541)"
"2026-09-30T13:29:52.363Z","cmuihqd8900bbh29em5y4p2o4","RC Strasbourg Alsace","cmuo56zvr000eti9k0qjww7if","965043","Milosz Piekutowski","CREATE","","None (New Player)","cmuihqd8900bbh29em5y4p2o4","RC Strasbourg Alsace","","first_team","Created from official 2026/27 squad (Goalkeeper, TM 965043)"
"2026-09-30T13:29:52.363Z","cmuihqd8900bbh29em5y4p2o4","RC Strasbourg Alsace","cmuo5705u000gti9kd07rdp7k","926978","Lucas Høgsberg","CREATE","","None (New Player)","cmuihqd8900bbh29em5y4p2o4","RC Strasbourg Alsace","","first_team","Created from official 2026/27 squad (Centre-Back, TM 926978)"
"2026-09-30T13:29:52.363Z","cmuihqd8900bbh29em5y4p2o4","RC Strasbourg Alsace","cmuo570aj000iti9kxa597fw8","856068","Jeyland Mitchell","CREATE","","None (New Player)","cmuihqd8900bbh29em5y4p2o4","RC Strasbourg Alsace","","first_team","Created from official 2026/27 squad (Centre-Back, TM 856068)"
"2026-09-30T13:29:52.363Z","cmuihqd8900bbh29em5y4p2o4","RC Strasbourg Alsace","cmuo570ew000kti9k6d1yivbp","1185890","Hermann Malonga","CREATE","","None (New Player)","cmuihqd8900bbh29em5y4p2o4","RC Strasbourg Alsace","","first_team","Created from official 2026/27 squad (Centre-Back, TM 1185890)"
"2026-09-30T13:29:52.363Z","cmuihqd8900bbh29em5y4p2o4","RC Strasbourg Alsace","cmuo570jc000mti9kz6q136a5","984529","Mateo Del Blanco","CREATE","","None (New Player)","cmuihqd8900bbh29em5y4p2o4","RC Strasbourg Alsace","","first_team","Created from official 2026/27 squad (Left-Back, TM 984529)"
"2026-09-30T13:29:52.363Z","cmuihqd8900bbh29em5y4p2o4","RC Strasbourg Alsace","cmuo570sl000oti9kmau6jklf","1172441","Benjamin Brantlind","CREATE","","None (New Player)","cmuihqd8900bbh29em5y4p2o4","RC Strasbourg Alsace","","first_team","Created from official 2026/27 squad (Attacking Midfield, TM 1172441)"
"2026-09-30T13:29:52.363Z","cmuihqd8900bbh29em5y4p2o4","RC Strasbourg Alsace","cmuo570xb000qti9kyyfpd630","1186237","Jacobo Ortega","CREATE","","None (New Player)","cmuihqd8900bbh29em5y4p2o4","RC Strasbourg Alsace","","first_team","Created from official 2026/27 squad (Centre-Forward, TM 1186237)"
"2026-09-30T13:29:52.363Z","cmuihqd8900bbh29em5y4p2o4","RC Strasbourg Alsace","cmuo5711o000sti9kk279g1fz","1082850","Deivid Washington","CREATE","","None (New Player)","cmuihqd8900bbh29em5y4p2o4","RC Strasbourg Alsace","","first_team","Created from official 2026/27 squad (Centre-Forward, TM 1082850)"
"2026-09-30T13:29:56.021Z","cmuihnsd9000tb23f30w9l9tm","Olympique Lyon","cmuihvzak06k2sexpbirgn899","316884","Dominik Greif","ATTACH","","Unassigned","cmuihnsd9000tb23f30w9l9tm","Olympique Lyon","departed","first_team","Confirmed in 2026/27 squad (Goalkeeper, TM 316884)"
"2026-09-30T13:29:56.021Z","cmuihnsd9000tb23f30w9l9tm","Olympique Lyon","cmuihw1do09hwsexpudcvr40m","578421","Ruben Kluivert","ATTACH","","Unassigned","cmuihnsd9000tb23f30w9l9tm","Olympique Lyon","departed","first_team","Confirmed in 2026/27 squad (Centre-Back, TM 578421)"
"2026-09-30T13:29:56.021Z","cmuihnsd9000tb23f30w9l9tm","Olympique Lyon","cmuihw4rt0d31sexp9ncygy9q","1275040","Noham Kamara","ATTACH","","Unassigned","cmuihnsd9000tb23f30w9l9tm","Olympique Lyon","departed","first_team","Confirmed in 2026/27 squad (Centre-Back, TM 1275040)"
"2026-09-30T13:29:56.021Z","cmuihnsd9000tb23f30w9l9tm","Olympique Lyon","cmuihw43m0c5tsexp6r2aig07","990637","Zachary Athekame","ATTACH","","Unassigned","cmuihnsd9000tb23f30w9l9tm","Olympique Lyon","departed","first_team","Confirmed in 2026/27 squad (Right-Back, TM 990637)"
"2026-09-30T13:29:56.021Z","cmuihnsd9000tb23f30w9l9tm","Olympique Lyon","cmuihw24509v1sexpc0523j1p","618494","Tyler Morton","ATTACH","","Unassigned","cmuihnsd9000tb23f30w9l9tm","Olympique Lyon","departed","first_team","Confirmed in 2026/27 squad (Defensive Midfield, TM 618494)"
"2026-09-30T13:29:56.021Z","cmuihnsd9000tb23f30w9l9tm","Olympique Lyon","cmuihw0iq084dsexpjl9xsmrc","429901","Paul Akouokou","ATTACH","","Unassigned","cmuihnsd9000tb23f30w9l9tm","Olympique Lyon","departed","first_team","Confirmed in 2026/27 squad (Defensive Midfield, TM 429901)"
"2026-09-30T13:29:56.021Z","cmuihnsd9000tb23f30w9l9tm","Olympique Lyon","cmuihw4rh0cybsexp24r0gnei","1187942","Khalis Merah","ATTACH","","Unassigned","cmuihnsd9000tb23f30w9l9tm","Olympique Lyon","departed","first_team","Confirmed in 2026/27 squad (Central Midfield, TM 1187942)"
"2026-09-30T13:29:56.021Z","cmuihnsd9000tb23f30w9l9tm","Olympique Lyon","cmuihw2qb0b2lsexp9rbyxf8d","802515","Noah Nartey","ATTACH","","Unassigned","cmuihnsd9000tb23f30w9l9tm","Olympique Lyon","departed","first_team","Confirmed in 2026/27 squad (Attacking Midfield, TM 802515)"
"2026-09-30T13:29:56.021Z","cmuihnsd9000tb23f30w9l9tm","Olympique Lyon","cmuihw4rk0czmsexpcrtgdrjc","1200423","Rémi Himbert","ATTACH","","Unassigned","cmuihnsd9000tb23f30w9l9tm","Olympique Lyon","departed","first_team","Confirmed in 2026/27 squad (Left Winger, TM 1200423)"
"2026-09-30T13:29:56.021Z","cmuihnsd9000tb23f30w9l9tm","Olympique Lyon","cmuihw44c0co6sexpdujwducf","1097113","Kaïl Boudache","ATTACH","","Unassigned","cmuihnsd9000tb23f30w9l9tm","Olympique Lyon","departed","first_team","Confirmed in 2026/27 squad (Right Winger, TM 1097113)"
"2026-09-30T13:29:56.021Z","cmuihnsd9000tb23f30w9l9tm","Olympique Lyon","cmuihvzvp07cnsexpwg2spwmt","368887","Loïs Openda","ATTACH","","Unassigned","cmuihnsd9000tb23f30w9l9tm","Olympique Lyon","departed","first_team","Confirmed in 2026/27 squad (Centre-Forward, TM 368887)"
"2026-09-30T13:29:56.021Z","cmuihnsd9000tb23f30w9l9tm","Olympique Lyon","cmuihw44d0cpksexpjqr9vnj6","1108478","Alejandro Gomes Rodríguez","ATTACH","","Unassigned","cmuihnsd9000tb23f30w9l9tm","Olympique Lyon","departed","first_team","Confirmed in 2026/27 squad (Centre-Forward, TM 1108478)"
"2026-09-30T13:29:56.021Z","cmuihnsd9000tb23f30w9l9tm","Olympique Lyon","cmuihvzw507otsexp4xt7uh8s","394134","Felix Bacher","REASSIGN","cmuihpzrk003th29ed2012pii","GD Estoril Praia","cmuihnsd9000tb23f30w9l9tm","Olympique Lyon","first_team","first_team","Transferred from GD Estoril Praia to Olympique Lyon (TM 394134)"
"2026-09-30T13:29:56.021Z","cmuihnsd9000tb23f30w9l9tm","Olympique Lyon","cmuihvzwh07upsexpcsoxjol8","405397","Keito Nakamura","REASSIGN","cmuihpyvo003dh29e5d7h1ghc","Stade Reims","cmuihnsd9000tb23f30w9l9tm","Olympique Lyon","first_team","first_team","Transferred from Stade Reims to Olympique Lyon (TM 405397)"
"2026-09-30T13:29:56.021Z","cmuihnsd9000tb23f30w9l9tm","Olympique Lyon","cmuihw3ef0b7msexped7m0rgh","819215","Julien Duranville","REASSIGN","cmuihq09e0045h29ednnt1hkq","Borussia Dortmund","cmuihnsd9000tb23f30w9l9tm","Olympique Lyon","first_team","first_team","Transferred from Borussia Dortmund to Olympique Lyon (TM 819215)"
"2026-09-30T13:29:56.021Z","cmuihnsd9000tb23f30w9l9tm","Olympique Lyon","cmuo572ne000vti9kbf2w3rk0","802986","Justin Bengui","CREATE","","None (New Player)","cmuihnsd9000tb23f30w9l9tm","Olympique Lyon","","first_team","Created from official 2026/27 squad (Goalkeeper, TM 802986)"
"2026-09-30T13:29:56.021Z","cmuihnsd9000tb23f30w9l9tm","Olympique Lyon","cmuo572rw000xti9kezcivc6z","1107570","Mohamed Ouédraogo","CREATE","","None (New Player)","cmuihnsd9000tb23f30w9l9tm","Olympique Lyon","","first_team","Created from official 2026/27 squad (Left-Back, TM 1107570)"
"2026-09-30T13:29:56.021Z","cmuihnsd9000tb23f30w9l9tm","Olympique Lyon","cmuo572wg000zti9kske7pa52","462832","Mads Bidstrup","CREATE","","None (New Player)","cmuihnsd9000tb23f30w9l9tm","Olympique Lyon","","first_team","Created from official 2026/27 squad (Central Midfield, TM 462832)"
"2026-09-30T13:29:56.021Z","cmuihnsd9000tb23f30w9l9tm","Olympique Lyon","cmuo5731a0011ti9k9p2hxsdg","500053","Pavel Sulc","CREATE","","None (New Player)","cmuihnsd9000tb23f30w9l9tm","Olympique Lyon","","first_team","Created from official 2026/27 squad (Attacking Midfield, TM 500053)"
"2026-09-30T13:29:58.456Z","cmuihq3s40065h29eahz6rosv","Stade Rennais FC","cmuihvxft04gwsexpywhsdwpc","182893","Seko Fofana","DETACH","cmuihq3s40065h29eahz6rosv","Stade Rennais FC","","Unassigned (Detached)","first_team","departed","Absent from official 2026/27 Transfermarkt squad"
"2026-09-30T13:29:58.456Z","cmuihq3s40065h29eahz6rosv","Stade Rennais FC","cmuihvy6905cusexpq2x5a2hl","237662","Breel Embolo","DETACH","cmuihq3s40065h29eahz6rosv","Stade Rennais FC","","Unassigned (Detached)","first_team","departed","Absent from official 2026/27 Transfermarkt squad"
"2026-09-30T13:29:58.456Z","cmuihq3s40065h29eahz6rosv","Stade Rennais FC","cmuihvy6f05i1sexpndcoow6f","242632","Glen Kamara","DETACH","cmuihq3s40065h29eahz6rosv","Stade Rennais FC","","Unassigned (Detached)","first_team","departed","Absent from official 2026/27 Transfermarkt squad"
"2026-09-30T13:29:58.456Z","cmuihq3s40065h29eahz6rosv","Stade Rennais FC","cmuihvyqo05yssexpuuu14pgo","275303","Hans Hateboer","DETACH","cmuihq3s40065h29eahz6rosv","Stade Rennais FC","","Unassigned (Detached)","first_team","departed","Absent from official 2026/27 Transfermarkt squad"
"2026-09-30T13:29:58.456Z","cmuihq3s40065h29eahz6rosv","Stade Rennais FC","cmuihw0k408nnsexpdkhr4z7m","485960","Lilian Brassier","DETACH","cmuihq3s40065h29eahz6rosv","Stade Rennais FC","","Unassigned (Detached)","first_team","departed","Absent from official 2026/27 Transfermarkt squad"
"2026-09-30T13:29:58.456Z","cmuihq3s40065h29eahz6rosv","Stade Rennais FC","cmuihw24o0aaesexp87vdoyr1","667517","Jordan James","DETACH","cmuihq3s40065h29eahz6rosv","Stade Rennais FC","","Unassigned (Detached)","first_team","departed","Absent from official 2026/27 Transfermarkt squad"
"2026-09-30T13:29:58.456Z","cmuihq3s40065h29eahz6rosv","Stade Rennais FC","cmuihw24o0aa1sexp3sjiepk8","666974","Mikayil Faye","DETACH","cmuihq3s40065h29eahz6rosv","Stade Rennais FC","","Unassigned (Detached)","first_team","departed","Absent from official 2026/27 Transfermarkt squad"
"2026-09-30T13:29:58.456Z","cmuihq3s40065h29eahz6rosv","Stade Rennais FC","cmuihw2qa0b1rsexp6tk95efq","798404","Alidu Seidu","DETACH","cmuihq3s40065h29eahz6rosv","Stade Rennais FC","","Unassigned (Detached)","first_team","departed","Absent from official 2026/27 Transfermarkt squad"
"2026-09-30T13:29:58.456Z","cmuihq3s40065h29eahz6rosv","Stade Rennais FC","cmuihw43i0c2usexp02npvr7t","979761","Mathys Silistrie","DETACH","cmuihq3s40065h29eahz6rosv","Stade Rennais FC","","Unassigned (Detached)","first_team","departed","Absent from official 2026/27 Transfermarkt squad"
"2026-09-30T13:29:58.456Z","cmuihq3s40065h29eahz6rosv","Stade Rennais FC","cmuihw43j0c4jsexpo0banu3u","986285","Nordan Mukiele","DETACH","cmuihq3s40065h29eahz6rosv","Stade Rennais FC","","Unassigned (Detached)","first_team","departed","Absent from official 2026/27 Transfermarkt squad"
"2026-09-30T13:29:58.456Z","cmuihq3s40065h29eahz6rosv","Stade Rennais FC","cmuihw43q0c86sexphm082ezw","1005076","Paolo Limon","DETACH","cmuihq3s40065h29eahz6rosv","Stade Rennais FC","","Unassigned (Detached)","first_team","departed","Absent from official 2026/27 Transfermarkt squad"
"2026-09-30T13:29:58.456Z","cmuihq3s40065h29eahz6rosv","Stade Rennais FC","cmuihvzvt07evsexpl5incxx2","373939","Nicolas Lemaître","ATTACH","","Unassigned","cmuihq3s40065h29eahz6rosv","Stade Rennais FC","departed","first_team","Confirmed in 2026/27 squad (Goalkeeper, TM 373939)"
"2026-09-30T13:29:58.456Z","cmuihq3s40065h29eahz6rosv","Stade Rennais FC","cmuihw4rc0cvmsexpppvhh8i7","1169721","Kilian Belazzoug","ATTACH","","Unassigned","cmuihq3s40065h29eahz6rosv","Stade Rennais FC","departed","first_team","Confirmed in 2026/27 squad (Goalkeeper, TM 1169721)"
"2026-09-30T13:29:58.456Z","cmuihq3s40065h29eahz6rosv","Stade Rennais FC","cmuihw4480clgsexpkqnkdimc","1078918","Gonçalo Oliveira","ATTACH","","Unassigned","cmuihq3s40065h29eahz6rosv","Stade Rennais FC","departed","first_team","Confirmed in 2026/27 squad (Centre-Back, TM 1078918)"
"2026-09-30T13:29:58.456Z","cmuihq3s40065h29eahz6rosv","Stade Rennais FC","cmuihvy6b05elsexp09fth116","239743","Przemyslaw Frankowski","ATTACH","","Unassigned","cmuihq3s40065h29eahz6rosv","Stade Rennais FC","departed","first_team","Confirmed in 2026/27 squad (Right-Back, TM 239743)"
"2026-09-30T13:29:58.456Z","cmuihq3s40065h29eahz6rosv","Stade Rennais FC","cmuihw43h0c2hsexpy5rdmff7","977877","Ayanda Sishuba","ATTACH","","Unassigned","cmuihq3s40065h29eahz6rosv","Stade Rennais FC","departed","first_team","Confirmed in 2026/27 squad (Attacking Midfield, TM 977877)"
"2026-09-30T13:29:58.456Z","cmuihq3s40065h29eahz6rosv","Stade Rennais FC","cmuihw4rc0cvnsexpm7plhj9s","1170001","Henrick Do Marcolino","ATTACH","","Unassigned","cmuihq3s40065h29eahz6rosv","Stade Rennais FC","departed","first_team","Confirmed in 2026/27 squad (Attacking Midfield, TM 1170001)"
"2026-09-30T13:29:58.456Z","cmuihq3s40065h29eahz6rosv","Stade Rennais FC","cmuihvzao06nfsexpgagfc5m3","324811","Arnaud Nordin","ATTACH","","Unassigned","cmuihq3s40065h29eahz6rosv","Stade Rennais FC","departed","first_team","Confirmed in 2026/27 squad (Right Winger, TM 324811)"
"2026-09-30T13:29:58.456Z","cmuihq3s40065h29eahz6rosv","Stade Rennais FC","cmuihw43g0c15sexpjzcvyrj0","967346","Eliezer Mayenda","ATTACH","","Unassigned","cmuihq3s40065h29eahz6rosv","Stade Rennais FC","departed","first_team","Confirmed in 2026/27 squad (Centre-Forward, TM 967346)"
"2026-09-30T13:29:58.456Z","cmuihq3s40065h29eahz6rosv","Stade Rennais FC","cmuihw24909xmsexpi6k6pyvr","626913","Boulaye Dia","ATTACH","","Unassigned","cmuihq3s40065h29eahz6rosv","Stade Rennais FC","departed","first_team","Confirmed in 2026/27 squad (Centre-Forward, TM 626913)"
"2026-09-30T13:29:58.456Z","cmuihq3s40065h29eahz6rosv","Stade Rennais FC","cmuihw23w09o5sexpb7dsomqz","597659","Charlie Cresswell","REASSIGN","cmuihq9dj0097h29elsved1su","FC Toulouse","cmuihq3s40065h29eahz6rosv","Stade Rennais FC","first_team","first_team","Transferred from FC Toulouse to Stade Rennais FC (TM 597659)"
"2026-09-30T13:29:58.456Z","cmuihq3s40065h29eahz6rosv","Stade Rennais FC","cmuihw1dh09f1sexpjwjtpws6","568698","Issa Soumaré","REASSIGN","cmuihqelr00bzh29ek4d30ziu","Le Havre AC","cmuihq3s40065h29eahz6rosv","Stade Rennais FC","first_team","first_team","Transferred from Le Havre AC to Stade Rennais FC (TM 568698)"
"2026-09-30T13:29:58.456Z","cmuihq3s40065h29eahz6rosv","Stade Rennais FC","cmuo574n50014ti9k5alfybbd","475208","Bryan Reynolds","CREATE","","None (New Player)","cmuihq3s40065h29eahz6rosv","Stade Rennais FC","","first_team","Created from official 2026/27 squad (Right-Back, TM 475208)"
"2026-09-30T13:30:00.737Z","cmuihnzfj0017b23f7qeka8w7","LOSC Lille","cmuihvxgh04xcsexpa7yqrtue","205465","Marc-Aurèle Caillard","DETACH","cmuihnzfj0017b23f7qeka8w7","LOSC Lille","","Unassigned (Detached)","first_team","departed","Absent from official 2026/27 Transfermarkt squad"
"2026-09-30T13:30:00.737Z","cmuihnzfj0017b23f7qeka8w7","LOSC Lille","cmuihw4qz0cqtsexpuecshkoq","1119911","Morgan Costarelli","DETACH","cmuihnzfj0017b23f7qeka8w7","LOSC Lille","","Unassigned (Detached)","first_team","departed","Absent from official 2026/27 Transfermarkt squad"
"2026-09-30T13:30:00.737Z","cmuihnzfj0017b23f7qeka8w7","LOSC Lille","cmuihw43v0cc2sexp5nu2ub0h","1035659","Younes Lachaab","DETACH","cmuihnzfj0017b23f7qeka8w7","LOSC Lille","","Unassigned (Detached)","first_team","departed","Absent from official 2026/27 Transfermarkt squad"
"2026-09-30T13:30:00.737Z","cmuihnzfj0017b23f7qeka8w7","LOSC Lille","cmuihvzbl07acsexprnifd69s","361256","Berke Özer","ATTACH","","Unassigned","cmuihnzfj0017b23f7qeka8w7","LOSC Lille","departed","first_team","Confirmed in 2026/27 squad (Goalkeeper, TM 361256)"
"2026-09-30T13:30:00.737Z","cmuihnzfj0017b23f7qeka8w7","LOSC Lille","cmuihw1d10980sexp0iif3yna","548254","Nathan Ngoy","ATTACH","","Unassigned","cmuihnzfj0017b23f7qeka8w7","LOSC Lille","departed","first_team","Confirmed in 2026/27 squad (Centre-Back, TM 548254)"
"2026-09-30T13:30:00.737Z","cmuihnzfj0017b23f7qeka8w7","LOSC Lille","cmuihw4rb0cuvsexpk1owu0pb","1160753","Isaac Cossier","ATTACH","","Unassigned","cmuihnzfj0017b23f7qeka8w7","LOSC Lille","departed","first_team","Confirmed in 2026/27 squad (Centre-Back, TM 1160753)"
"2026-09-30T13:30:00.737Z","cmuihnzfj0017b23f7qeka8w7","LOSC Lille","cmuihw1ct094msexppy24dn6z","538996","Tanguy Nianzou","ATTACH","","Unassigned","cmuihnzfj0017b23f7qeka8w7","LOSC Lille","departed","first_team","Confirmed in 2026/27 squad (Centre-Back, TM 538996)"
"2026-09-30T13:30:00.737Z","cmuihnzfj0017b23f7qeka8w7","LOSC Lille","cmuihw4rv0d49sexpzs6cbpk0","1306455","Maxima Goffi","ATTACH","","Unassigned","cmuihnzfj0017b23f7qeka8w7","LOSC Lille","departed","first_team","Confirmed in 2026/27 squad (Centre-Back, TM 1306455)"
"2026-09-30T13:30:00.737Z","cmuihnzfj0017b23f7qeka8w7","LOSC Lille","cmuihvzal06knsexp44w39lla","318523","Romain Perraud","ATTACH","","Unassigned","cmuihnzfj0017b23f7qeka8w7","LOSC Lille","departed","first_team","Confirmed in 2026/27 squad (Left-Back, TM 318523)"
"2026-09-30T13:30:00.737Z","cmuihnzfj0017b23f7qeka8w7","LOSC Lille","cmuihvy6r05qysexp54y9fjzw","258364","Calvin Verdonk","ATTACH","","Unassigned","cmuihnzfj0017b23f7qeka8w7","LOSC Lille","departed","first_team","Confirmed in 2026/27 squad (Left-Back, TM 258364)"
"2026-09-30T13:30:00.737Z","cmuihnzfj0017b23f7qeka8w7","LOSC Lille","cmuihw4rf0cxlsexpr93zd63t","1184007","Soriba Diaoune","ATTACH","","Unassigned","cmuihnzfj0017b23f7qeka8w7","LOSC Lille","departed","first_team","Confirmed in 2026/27 squad (Left Winger, TM 1184007)"
"2026-09-30T13:30:00.737Z","cmuihnzfj0017b23f7qeka8w7","LOSC Lille","cmuihw2qg0b6csexpm7bxhitd","815652","Tiago Morais","ATTACH","","Unassigned","cmuihnzfj0017b23f7qeka8w7","LOSC Lille","departed","first_team","Confirmed in 2026/27 squad (Left Winger, TM 815652)"
"2026-09-30T13:30:00.737Z","cmuihnzfj0017b23f7qeka8w7","LOSC Lille","cmuihw1cu095dsexpeefo1ewh","540664","Dilane Bakwa","ATTACH","","Unassigned","cmuihnzfj0017b23f7qeka8w7","LOSC Lille","departed","first_team","Confirmed in 2026/27 squad (Right Winger, TM 540664)"
"2026-09-30T13:30:00.737Z","cmuihnzfj0017b23f7qeka8w7","LOSC Lille","cmuihvzbf075jsexpqabxgp87","353404","Gaëtan Perrin","ATTACH","","Unassigned","cmuihnzfj0017b23f7qeka8w7","LOSC Lille","departed","first_team","Confirmed in 2026/27 squad (Right Winger, TM 353404)"
"2026-09-30T13:30:00.737Z","cmuihnzfj0017b23f7qeka8w7","LOSC Lille","cmuihw3et0bhtsexp8l2iar97","885445","Hamza Igamane","ATTACH","","Unassigned","cmuihnzfj0017b23f7qeka8w7","LOSC Lille","departed","first_team","Confirmed in 2026/27 squad (Centre-Forward, TM 885445)"
"2026-09-30T13:30:00.737Z","cmuihnzfj0017b23f7qeka8w7","LOSC Lille","cmuihvvva02vlsexpicfypwhc","82442","Olivier Giroud","ATTACH","","Unassigned","cmuihnzfj0017b23f7qeka8w7","LOSC Lille","departed","first_team","Confirmed in 2026/27 squad (Centre-Forward, TM 82442)"
"2026-09-30T13:30:00.737Z","cmuihnzfj0017b23f7qeka8w7","LOSC Lille","cmuihw3eq0beusexpdvr79tc9","864112","Başar Önal","REASSIGN","cmuihqali009vh29e33t7l1kw","NEC Nijmegen","cmuihnzfj0017b23f7qeka8w7","LOSC Lille","first_team","first_team","Transferred from NEC Nijmegen to LOSC Lille (TM 864112)"
"2026-09-30T13:30:00.737Z","cmuihnzfj0017b23f7qeka8w7","LOSC Lille","cmuihw1er09lasexpx1dw7gbm","589128","Ayase Ueda","REASSIGN","cmuihq1t5004zh29exb9q00c1","Feyenoord Rotterdam","cmuihnzfj0017b23f7qeka8w7","LOSC Lille","first_team","first_team","Transferred from Feyenoord Rotterdam to LOSC Lille (TM 589128)"
"2026-09-30T13:30:00.737Z","cmuihnzfj0017b23f7qeka8w7","LOSC Lille","cmuo576dz0017ti9knf335zyg","643259","Orlando Gill","CREATE","","None (New Player)","cmuihnzfj0017b23f7qeka8w7","LOSC Lille","","first_team","Created from official 2026/27 squad (Goalkeeper, TM 643259)"
"2026-09-30T13:30:00.737Z","cmuihnzfj0017b23f7qeka8w7","LOSC Lille","cmuo576if0019ti9kmbbj1aqn","999886","Loun Srdanovic","CREATE","","None (New Player)","cmuihnzfj0017b23f7qeka8w7","LOSC Lille","","first_team","Created from official 2026/27 squad (Right-Back, TM 999886)"
"2026-09-30T13:30:00.737Z","cmuihnzfj0017b23f7qeka8w7","LOSC Lille","cmuo576n8001bti9k6l0t3f1s","610405","Maurits Kjærgaard","CREATE","","None (New Player)","cmuihnzfj0017b23f7qeka8w7","LOSC Lille","","first_team","Created from official 2026/27 squad (Central Midfield, TM 610405)"
"2026-09-30T13:30:03.292Z","cmuihqfi000cjh29exp3khwxc","RC Lens","cmuihvzb70703sexpuhm7d9fu","344596","Malang Sarr","DETACH","cmuihqfi000cjh29exp3khwxc","RC Lens","","Unassigned (Detached)","first_team","departed","Absent from official 2026/27 Transfermarkt squad"
"2026-09-30T13:30:03.292Z","cmuihqfi000cjh29exp3khwxc","RC Lens","cmuihvzwn07z8sexpk4xh8ix7","415383","Hervé Koffi","DETACH","cmuihqfi000cjh29exp3khwxc","RC Lens","","Unassigned (Detached)","first_team","departed","Absent from official 2026/27 Transfermarkt squad"
"2026-09-30T13:30:03.292Z","cmuihqfi000cjh29exp3khwxc","RC Lens","cmuihw1bq08ywsexpado8nuto","525140","Goduine Koyalipou","DETACH","cmuihqfi000cjh29exp3khwxc","RC Lens","","Unassigned (Detached)","first_team","departed","Absent from official 2026/27 Transfermarkt squad"
"2026-09-30T13:30:03.292Z","cmuihqfi000cjh29exp3khwxc","RC Lens","cmuihw4rb0cuxsexpis4sq5ny","1160814","Rayan Fofana","DETACH","cmuihqfi000cjh29exp3khwxc","RC Lens","","Unassigned (Detached)","first_team","departed","Absent from official 2026/27 Transfermarkt squad"
"2026-09-30T13:30:03.292Z","cmuihqfi000cjh29exp3khwxc","RC Lens","cmuihw3f10bnxsexpqce70tnt","917778","Rémy Labeau Lascary","DETACH","cmuihqfi000cjh29exp3khwxc","RC Lens","","Unassigned (Detached)","first_team","departed","Absent from official 2026/27 Transfermarkt squad"
"2026-09-30T13:30:03.292Z","cmuihqfi000cjh29exp3khwxc","RC Lens","cmuihw43d0bz5sexpurr78s2h","955359","Fodé Sylla","DETACH","cmuihqfi000cjh29exp3khwxc","RC Lens","","Unassigned (Detached)","first_team","departed","Absent from official 2026/27 Transfermarkt squad"
"2026-09-30T13:30:03.292Z","cmuihqfi000cjh29exp3khwxc","RC Lens","cmuihw44a0cn5sexpp2drb3ej","1088110","Anthony Bermont","DETACH","cmuihqfi000cjh29exp3khwxc","RC Lens","","Unassigned (Detached)","first_team","departed","Absent from official 2026/27 Transfermarkt squad"
"2026-09-30T13:30:03.292Z","cmuihqfi000cjh29exp3khwxc","RC Lens","cmuihw4re0cwjsexpcbq31bdk","1176271","Erawan Garnier","DETACH","cmuihqfi000cjh29exp3khwxc","RC Lens","","Unassigned (Detached)","first_team","departed","Absent from official 2026/27 Transfermarkt squad"
"2026-09-30T13:30:03.292Z","cmuihqfi000cjh29exp3khwxc","RC Lens","cmuihw4rk0cznsexps0nq0gar","1200424","Ilan Jourdren","ATTACH","","Unassigned","cmuihqfi000cjh29exp3khwxc","RC Lens","departed","first_team","Confirmed in 2026/27 squad (Goalkeeper, TM 1200424)"
"2026-09-30T13:30:03.292Z","cmuihqfi000cjh29exp3khwxc","RC Lens","cmuihw4rb0cutsexpfc31u6b6","1160378","Souleymane Sagnan","ATTACH","","Unassigned","cmuihqfi000cjh29exp3khwxc","RC Lens","departed","first_team","Confirmed in 2026/27 squad (Centre-Back, TM 1160378)"
"2026-09-30T13:30:03.292Z","cmuihqfi000cjh29exp3khwxc","RC Lens","cmuihvzb70705sexprh5s9ho8","344600","Michaël Cuisance","ATTACH","","Unassigned","cmuihqfi000cjh29exp3khwxc","RC Lens","departed","first_team","Confirmed in 2026/27 squad (Central Midfield, TM 344600)"
"2026-09-30T13:30:03.292Z","cmuihqfi000cjh29exp3khwxc","RC Lens","cmuihw4ru0d3vsexpwsugwlgt","1297674","Mezian Mesloub","ATTACH","","Unassigned","cmuihqfi000cjh29exp3khwxc","RC Lens","departed","first_team","Confirmed in 2026/27 squad (Attacking Midfield, TM 1297674)"
"2026-09-30T13:30:03.292Z","cmuihqfi000cjh29exp3khwxc","RC Lens","cmuihw23z09pusexpqddfd5oe","605184","Jean-Clair Todibo","REASSIGN","cmuihq5qq0075h29elabq5hjd","FC Schalke 04","cmuihqfi000cjh29exp3khwxc","RC Lens","first_team","first_team","Transferred from FC Schalke 04 to RC Lens (TM 605184)"
"2026-09-30T13:30:03.292Z","cmuihqfi000cjh29exp3khwxc","RC Lens","cmuo578pj001eti9kwpl5ieul","407745","Maik Nawrocki","CREATE","","None (New Player)","cmuihqfi000cjh29exp3khwxc","RC Lens","","first_team","Created from official 2026/27 squad (Centre-Back, TM 407745)"
"2026-09-30T13:30:03.292Z","cmuihqfi000cjh29exp3khwxc","RC Lens","cmuo578u7001gti9kw24148w9","713787","Jhoanner Chávez","CREATE","","None (New Player)","cmuihqfi000cjh29exp3khwxc","RC Lens","","first_team","Created from official 2026/27 squad (Left-Back, TM 713787)"
"2026-09-30T13:30:03.292Z","cmuihqfi000cjh29exp3khwxc","RC Lens","cmuo578ym001iti9k5w4p86yl","748445","Yacine Titraoui","CREATE","","None (New Player)","cmuihqfi000cjh29exp3khwxc","RC Lens","","first_team","Created from official 2026/27 squad (Central Midfield, TM 748445)"
"2026-09-30T13:30:03.292Z","cmuihqfi000cjh29exp3khwxc","RC Lens","cmuo5797x001kti9kaw5npoib","102226","Thorgan Hazard","CREATE","","None (New Player)","cmuihqfi000cjh29exp3khwxc","RC Lens","","first_team","Created from official 2026/27 squad (Attacking Midfield, TM 102226)"
"2026-09-30T13:30:03.292Z","cmuihqfi000cjh29exp3khwxc","RC Lens","cmuo579ce001mti9kfgdbah65","393565","Michal Skoras","CREATE","","None (New Player)","cmuihqfi000cjh29exp3khwxc","RC Lens","","first_team","Created from official 2026/27 squad (Left Winger, TM 393565)"
"2026-09-30T13:30:03.292Z","cmuihqfi000cjh29exp3khwxc","RC Lens","cmuo579h2001oti9klo17pm90","585958","Junior Kadile","CREATE","","None (New Player)","cmuihqfi000cjh29exp3khwxc","RC Lens","","first_team","Created from official 2026/27 squad (Left Winger, TM 585958)"
"2026-09-30T13:30:03.292Z","cmuihqfi000cjh29exp3khwxc","RC Lens","cmuo579uo001qti9kkrqg5z3y","548028","Franjo Ivanović","CREATE","","None (New Player)","cmuihqfi000cjh29exp3khwxc","RC Lens","","first_team","Created from official 2026/27 squad (Centre-Forward, TM 548028)"
"2026-09-30T13:30:07.785Z","cmuihnihk000bb23fi54xeh0d","Paris FC","cmuihvvwe039hsexpmgwf0c5w","105521","Ciro Immobile","DETACH","cmuihnihk000bb23fi54xeh0d","Paris FC","","Unassigned (Detached)","first_team","departed","Absent from official 2026/27 Transfermarkt squad"
"2026-09-30T13:30:07.785Z","cmuihnihk000bb23fi54xeh0d","Paris FC","cmuihvxfn04cmsexpvoneimox","173750","Nouha Dicko","DETACH","cmuihnihk000bb23fi54xeh0d","Paris FC","","Unassigned (Detached)","first_team","departed","Absent from official 2026/27 Transfermarkt squad"
"2026-09-30T13:30:07.785Z","cmuihnihk000bb23fi54xeh0d","Paris FC","cmuihw3fd0bwvsexp5d9gmgv8","945517","Anis Fatahine","DETACH","cmuihnihk000bb23fi54xeh0d","Paris FC","","Unassigned (Detached)","first_team","departed","Absent from official 2026/27 Transfermarkt squad"
"2026-09-30T13:30:07.785Z","cmuihnihk000bb23fi54xeh0d","Paris FC","cmuihvzwd07sjsexpukjf1qyt","399383","Mathieu Cafaro","DETACH","cmuihnihk000bb23fi54xeh0d","Paris FC","","Unassigned (Detached)","first_team","departed","Absent from official 2026/27 Transfermarkt squad"
"2026-09-30T13:30:07.785Z","cmuihnihk000bb23fi54xeh0d","Paris FC","cmuihw0iu085zsexppsb2uua5","433887","Tuomas Ollila","DETACH","cmuihnihk000bb23fi54xeh0d","Paris FC","","Unassigned (Detached)","first_team","departed","Absent from official 2026/27 Transfermarkt squad"
"2026-09-30T13:30:07.785Z","cmuihnihk000bb23fi54xeh0d","Paris FC","cmuihw0j1086osexp1s1new0g","435492","Alimami Gory","DETACH","cmuihnihk000bb23fi54xeh0d","Paris FC","","Unassigned (Detached)","first_team","departed","Absent from official 2026/27 Transfermarkt squad"
"2026-09-30T13:30:07.785Z","cmuihnihk000bb23fi54xeh0d","Paris FC","cmuihw43p0c79sexpe4ofxkbn","1000355","Killian Prouchet","DETACH","cmuihnihk000bb23fi54xeh0d","Paris FC","","Unassigned (Detached)","first_team","departed","Absent from official 2026/27 Transfermarkt squad"
"2026-09-30T13:30:07.785Z","cmuihnihk000bb23fi54xeh0d","Paris FC","cmuihw3ei0b9ksexp2hwaf1av","830265","Lohann Doucet","DETACH","cmuihnihk000bb23fi54xeh0d","Paris FC","","Unassigned (Detached)","first_team","departed","Absent from official 2026/27 Transfermarkt squad"
"2026-09-30T13:30:07.785Z","cmuihnihk000bb23fi54xeh0d","Paris FC","cmuihw4r40ctasexp7ytipp8w","1143701","Zakarya Khaldi","DETACH","cmuihnihk000bb23fi54xeh0d","Paris FC","","Unassigned (Detached)","first_team","departed","Absent from official 2026/27 Transfermarkt squad"
"2026-09-30T13:30:07.785Z","cmuihnihk000bb23fi54xeh0d","Paris FC","cmuihw24m0a8ksexpfkjvacdt","660860","Diego Coppola","ATTACH","","Unassigned","cmuihnihk000bb23fi54xeh0d","Paris FC","departed","first_team","Confirmed in 2026/27 squad (Centre-Back, TM 660860)"
"2026-09-30T13:30:07.785Z","cmuihnihk000bb23fi54xeh0d","Paris FC","cmuihw4rx0d65sexpcjnullsb","1363293","Patrick Zabi","ATTACH","","Unassigned","cmuihnihk000bb23fi54xeh0d","Paris FC","departed","first_team","Confirmed in 2026/27 squad (Central Midfield, TM 1363293)"
"2026-09-30T13:30:07.785Z","cmuihnihk000bb23fi54xeh0d","Paris FC","cmuihw2qe0b4qsexpvegpnkfe","810411","Pablo Pagis","REASSIGN","cmuihodrf001xb23fkcn0k6ut","FC Lorient","cmuihnihk000bb23fi54xeh0d","Paris FC","first_team","first_team","Transferred from FC Lorient to Paris FC (TM 810411)"
"2026-09-30T13:30:07.785Z","cmuihnihk000bb23fi54xeh0d","Paris FC","cmuihw2q10awlsexpf1ztpbvs","745461","Luca Koleosho","REASSIGN","cmuihoaiv001rb23fn6cviuyz","Burnley FC","cmuihnihk000bb23fi54xeh0d","Paris FC","first_team","first_team","Transferred from Burnley FC to Paris FC (TM 745461)"
"2026-09-30T13:30:07.785Z","cmuihnihk000bb23fi54xeh0d","Paris FC","cmuihw1dh09f8sexpsyer2y54","569140","Lassine Sinayoko","REASSIGN","cmuihq4bo006eh29ep1anor93","AJ Auxerre","cmuihnihk000bb23fi54xeh0d","Paris FC","first_team","first_team","Transferred from AJ Auxerre to Paris FC (TM 569140)"
"2026-09-30T13:30:07.785Z","cmuihnihk000bb23fi54xeh0d","Paris FC","cmuo57c34001tti9k5o3n4i6q","1185941","Emmanuel Mbemba","CREATE","","None (New Player)","cmuihnihk000bb23fi54xeh0d","Paris FC","","first_team","Created from official 2026/27 squad (Left-Back, TM 1185941)"
"2026-09-30T13:30:07.785Z","cmuihnihk000bb23fi54xeh0d","Paris FC","cmuo57c7r001vti9klgeju6u1","1132426","Omar Sissoko","CREATE","","None (New Player)","cmuihnihk000bb23fi54xeh0d","Paris FC","","first_team","Created from official 2026/27 squad (Centre-Forward, TM 1132426)"
"2026-09-30T13:30:10.692Z","cmuihq2sw005jh29e5ugg799e","Olympique Marseille","cmuihw24m0a86sexpeatli6q7","659520","Bilal Nadir","DETACH","cmuihq2sw005jh29e5ugg799e","Olympique Marseille","","Unassigned (Detached)","first_team","departed","Absent from official 2026/27 Transfermarkt squad"
"2026-09-30T13:30:10.692Z","cmuihq2sw005jh29e5ugg799e","Olympique Marseille","cmuihw4rb0cv8sexp7setmzi3","1164662","Nouhoum Kamissoko","DETACH","cmuihq2sw005jh29e5ugg799e","Olympique Marseille","","Unassigned (Detached)","first_team","departed","Absent from official 2026/27 Transfermarkt squad"
"2026-09-30T13:30:10.692Z","cmuihq2sw005jh29e5ugg799e","Olympique Marseille","cmuihw1bv091hsexprfjcicv5","532826","Mason Greenwood","DETACH","cmuihq2sw005jh29e5ugg799e","Olympique Marseille","","Unassigned (Detached)","first_team","departed","Absent from official 2026/27 Transfermarkt squad"
"2026-09-30T13:30:10.692Z","cmuihq2sw005jh29e5ugg799e","Olympique Marseille","cmuihw4qy0cqcsexp8et4pfkt","1117771","Ange Lago","DETACH","cmuihq2sw005jh29e5ugg799e","Olympique Marseille","","Unassigned (Detached)","first_team","departed","Absent from official 2026/27 Transfermarkt squad"
"2026-09-30T13:30:10.692Z","cmuihq2sw005jh29e5ugg799e","Olympique Marseille","cmuihvzbl07aisexpoha0ektq","361914","Nayef Aguerd","ATTACH","","Unassigned","cmuihq2sw005jh29e5ugg799e","Olympique Marseille","departed","first_team","Confirmed in 2026/27 squad (Centre-Back, TM 361914)"
"2026-09-30T13:30:10.692Z","cmuihq2sw005jh29e5ugg799e","Olympique Marseille","cmuihw1dq09iysexp82xd81mn","581669","CJ Egan-Riley","ATTACH","","Unassigned","cmuihq2sw005jh29e5ugg799e","Olympique Marseille","departed","first_team","Confirmed in 2026/27 squad (Centre-Back, TM 581669)"
"2026-09-30T13:30:10.692Z","cmuihq2sw005jh29e5ugg799e","Olympique Marseille","cmuihw2qd0b3wsexpqepgj6mt","807165","Bamo Meïté","ATTACH","","Unassigned","cmuihq2sw005jh29e5ugg799e","Olympique Marseille","departed","first_team","Confirmed in 2026/27 squad (Centre-Back, TM 807165)"
"2026-09-30T13:30:10.692Z","cmuihq2sw005jh29e5ugg799e","Olympique Marseille","cmuihvzap06ofsexp6q2u8l44","328609","Derek Cornelius","ATTACH","","Unassigned","cmuihq2sw005jh29e5ugg799e","Olympique Marseille","departed","first_team","Confirmed in 2026/27 squad (Centre-Back, TM 328609)"
"2026-09-30T13:30:10.692Z","cmuihq2sw005jh29e5ugg799e","Olympique Marseille","cmuihvxfr04g1sexpoigj6rkm","181778","Emerson","ATTACH","","Unassigned","cmuihq2sw005jh29e5ugg799e","Olympique Marseille","departed","first_team","Confirmed in 2026/27 squad (Left-Back, TM 181778)"
"2026-09-30T13:30:10.692Z","cmuihq2sw005jh29e5ugg799e","Olympique Marseille","cmuihvxg304nosexp50dynk7b","192616","Ulisses Garcia","ATTACH","","Unassigned","cmuihq2sw005jh29e5ugg799e","Olympique Marseille","departed","first_team","Confirmed in 2026/27 squad (Left-Back, TM 192616)"
"2026-09-30T13:30:10.692Z","cmuihq2sw005jh29e5ugg799e","Olympique Marseille","cmuihvzvq07dgsexpt3gl37yw","370846","Timothy Weah","ATTACH","","Unassigned","cmuihq2sw005jh29e5ugg799e","Olympique Marseille","departed","first_team","Confirmed in 2026/27 squad (Right-Back, TM 370846)"
"2026-09-30T13:30:10.692Z","cmuihq2sw005jh29e5ugg799e","Olympique Marseille","cmuihw3f20boesexpmlifp8sm","920470","Tochukwu Nnadi","ATTACH","","Unassigned","cmuihq2sw005jh29e5ugg799e","Olympique Marseille","departed","first_team","Confirmed in 2026/27 squad (Defensive Midfield, TM 920470)"
"2026-09-30T13:30:10.692Z","cmuihq2sw005jh29e5ugg799e","Olympique Marseille","cmuihw1et09m9sexpy6ivhtd3","592979","Himad Abdelli","ATTACH","","Unassigned","cmuihq2sw005jh29e5ugg799e","Olympique Marseille","departed","first_team","Confirmed in 2026/27 squad (Central Midfield, TM 592979)"
"2026-09-30T13:30:10.692Z","cmuihq2sw005jh29e5ugg799e","Olympique Marseille","cmuihvzw407nqsexp3yvhauax","392770","Angel Gomes","ATTACH","","Unassigned","cmuihq2sw005jh29e5ugg799e","Olympique Marseille","departed","first_team","Confirmed in 2026/27 squad (Attacking Midfield, TM 392770)"
"2026-09-30T13:30:10.692Z","cmuihq2sw005jh29e5ugg799e","Olympique Marseille","cmuihw24j0a5xsexp94hozkf5","653610","Igor Paixão","ATTACH","","Unassigned","cmuihq2sw005jh29e5ugg799e","Olympique Marseille","departed","first_team","Confirmed in 2026/27 squad (Left Winger, TM 653610)"
"2026-09-30T13:30:10.692Z","cmuihq2sw005jh29e5ugg799e","Olympique Marseille","cmuihw4rk0d00sexphj669o2j","1206824","Tadjidine Mmadi","ATTACH","","Unassigned","cmuihq2sw005jh29e5ugg799e","Olympique Marseille","departed","first_team","Confirmed in 2026/27 squad (Left Winger, TM 1206824)"
"2026-09-30T13:30:10.692Z","cmuihq2sw005jh29e5ugg799e","Olympique Marseille","cmuihw4rf0cxksexpj3g2i1y0","1183719","Keyliane Abdallah","ATTACH","","Unassigned","cmuihq2sw005jh29e5ugg799e","Olympique Marseille","departed","first_team","Confirmed in 2026/27 squad (Right Winger, TM 1183719)"
"2026-09-30T13:30:10.692Z","cmuihq2sw005jh29e5ugg799e","Olympique Marseille","cmuihvy5x0531sexpkbz8h328","217115","Neal Maupay","ATTACH","","Unassigned","cmuihq2sw005jh29e5ugg799e","Olympique Marseille","departed","first_team","Confirmed in 2026/27 squad (Centre-Forward, TM 217115)"
"2026-09-30T13:30:10.692Z","cmuihq2sw005jh29e5ugg799e","Olympique Marseille","cmuihw23y09olsexp689m6wm5","599663","Faris Moumbagna","ATTACH","","Unassigned","cmuihq2sw005jh29e5ugg799e","Olympique Marseille","departed","first_team","Confirmed in 2026/27 squad (Centre-Forward, TM 599663)"
"2026-09-30T13:30:10.692Z","cmuihq2sw005jh29e5ugg799e","Olympique Marseille","cmuihvxfi048vsexpr82o0duc","167799","Pierre-Emile Højbjerg","REASSIGN","cmuihq5qq0075h29elabq5hjd","FC Schalke 04","cmuihq2sw005jh29e5ugg799e","Olympique Marseille","first_team","first_team","Transferred from FC Schalke 04 to Olympique Marseille (TM 167799)"
"2026-09-30T13:30:10.692Z","cmuihq2sw005jh29e5ugg799e","Olympique Marseille","cmuihvzvs07eisexpbp2dadnx","372711","Amine Harit","REASSIGN","cmuihq5qq0075h29elabq5hjd","FC Schalke 04","cmuihq2sw005jh29e5ugg799e","Olympique Marseille","first_team","first_team","Transferred from FC Schalke 04 to Olympique Marseille (TM 372711)"
"2026-09-30T13:30:13.403Z","cmuihq9ie009bh29e4ay5p2yp","OGC Nice","cmuihvwri03musexprsxgoxpk","127188","Maxime Dupé","DETACH","cmuihq9ie009bh29e4ay5p2yp","OGC Nice","","Unassigned (Detached)","first_team","departed","Absent from official 2026/27 Transfermarkt squad"
"2026-09-30T13:30:13.403Z","cmuihq9ie009bh29e4ay5p2yp","OGC Nice","cmuihw0j808a3sexp1lovhg94","450936","Tanguy Ndombélé","DETACH","cmuihq9ie009bh29e4ay5p2yp","OGC Nice","","Unassigned (Detached)","first_team","departed","Absent from official 2026/27 Transfermarkt squad"
"2026-09-30T13:30:13.403Z","cmuihq9ie009bh29e4ay5p2yp","OGC Nice","cmuihw43i0c3isexpxvuzud1c","982858","Laurenzo Monteiro","DETACH","cmuihq9ie009bh29e4ay5p2yp","OGC Nice","","Unassigned (Detached)","first_team","departed","Absent from official 2026/27 Transfermarkt squad"
"2026-09-30T13:30:13.403Z","cmuihq9ie009bh29e4ay5p2yp","OGC Nice","cmuihw0k608pusexpbasx45ul","493702","Mattia Viti","DETACH","cmuihq9ie009bh29e4ay5p2yp","OGC Nice","","Unassigned (Detached)","first_team","departed","Absent from official 2026/27 Transfermarkt squad"
"2026-09-30T13:30:13.403Z","cmuihq9ie009bh29e4ay5p2yp","OGC Nice","cmuihw2q60ay5sexpsyfd33p3","750904","Tom Louchet","DETACH","cmuihq9ie009bh29e4ay5p2yp","OGC Nice","","Unassigned (Detached)","first_team","departed","Absent from official 2026/27 Transfermarkt squad"
"2026-09-30T13:30:13.403Z","cmuihq9ie009bh29e4ay5p2yp","OGC Nice","cmuihw0j7089lsexpzz91vvlt","448632","Yehvann Diouf","ATTACH","","Unassigned","cmuihq9ie009bh29e4ay5p2yp","OGC Nice","departed","first_team","Confirmed in 2026/27 squad (Goalkeeper, TM 448632)"
"2026-09-30T13:30:13.403Z","cmuihq9ie009bh29e4ay5p2yp","OGC Nice","cmuihw2q90b0msexp1gdusggv","789419","Teddy Boulhendi","ATTACH","","Unassigned","cmuihq9ie009bh29e4ay5p2yp","OGC Nice","departed","first_team","Confirmed in 2026/27 squad (Goalkeeper, TM 789419)"
"2026-09-30T13:30:13.403Z","cmuihq9ie009bh29e4ay5p2yp","OGC Nice","cmuihw2qa0b1rsexp6tk95efq","798404","Alidu Seidu","ATTACH","","Unassigned","cmuihq9ie009bh29e4ay5p2yp","OGC Nice","departed","first_team","Confirmed in 2026/27 squad (Centre-Back, TM 798404)"
"2026-09-30T13:30:13.403Z","cmuihq9ie009bh29e4ay5p2yp","OGC Nice","cmuihw1es09lmsexpoc43atdk","591193","Niels Nkounkou","ATTACH","","Unassigned","cmuihq9ie009bh29e4ay5p2yp","OGC Nice","departed","first_team","Confirmed in 2026/27 squad (Left-Back, TM 591193)"
"2026-09-30T13:30:13.403Z","cmuihq9ie009bh29e4ay5p2yp","OGC Nice","cmuihw4r20csesexppf7vxthr","1134250","Hamza Koutoune","ATTACH","","Unassigned","cmuihq9ie009bh29e4ay5p2yp","OGC Nice","departed","first_team","Confirmed in 2026/27 squad (Right-Back, TM 1134250)"
"2026-09-30T13:30:13.403Z","cmuihq9ie009bh29e4ay5p2yp","OGC Nice","cmuihw2pg0afgsexprw3fcbel","688707","Salis Abdul Samed","ATTACH","","Unassigned","cmuihq9ie009bh29e4ay5p2yp","OGC Nice","departed","first_team","Confirmed in 2026/27 squad (Defensive Midfield, TM 688707)"
"2026-09-30T13:30:13.403Z","cmuihq9ie009bh29e4ay5p2yp","OGC Nice","cmuihw4ri0cyxsexpfld2vlgb","1191473","Everton","ATTACH","","Unassigned","cmuihq9ie009bh29e4ay5p2yp","OGC Nice","departed","first_team","Confirmed in 2026/27 squad (Defensive Midfield, TM 1191473)"
"2026-09-30T13:30:13.403Z","cmuihq9ie009bh29e4ay5p2yp","OGC Nice","cmuihw4rl0d06sexpzuh2qbko","1208968","Djibril Coulibaly","ATTACH","","Unassigned","cmuihq9ie009bh29e4ay5p2yp","OGC Nice","departed","first_team","Confirmed in 2026/27 squad (Central Midfield, TM 1208968)"
"2026-09-30T13:30:13.403Z","cmuihq9ie009bh29e4ay5p2yp","OGC Nice","cmuihw2q20ax8sexpa32md8yy","746910","Mohamed Amoura","ATTACH","","Unassigned","cmuihq9ie009bh29e4ay5p2yp","OGC Nice","departed","first_team","Confirmed in 2026/27 squad (Left Winger, TM 746910)"
"2026-09-30T13:30:13.403Z","cmuihq9ie009bh29e4ay5p2yp","OGC Nice","cmuihw1bx092gsexph7zm03n8","535820","Isak Jansson","ATTACH","","Unassigned","cmuihq9ie009bh29e4ay5p2yp","OGC Nice","departed","first_team","Confirmed in 2026/27 squad (Left Winger, TM 535820)"
"2026-09-30T13:30:13.403Z","cmuihq9ie009bh29e4ay5p2yp","OGC Nice","cmuihw24m0a88sexpno67j7hr","659542","Elye Wahi","ATTACH","","Unassigned","cmuihq9ie009bh29e4ay5p2yp","OGC Nice","departed","first_team","Confirmed in 2026/27 squad (Centre-Forward, TM 659542)"
"2026-09-30T13:30:13.403Z","cmuihq9ie009bh29e4ay5p2yp","OGC Nice","cmuihw43q0c7tsexp0825npee","1004479","Zoumana Diallo","ATTACH","","Unassigned","cmuihq9ie009bh29e4ay5p2yp","OGC Nice","departed","first_team","Confirmed in 2026/27 squad (Centre-Forward, TM 1004479)"
"2026-09-30T13:30:13.403Z","cmuihq9ie009bh29e4ay5p2yp","OGC Nice","cmuihvy6a05dfsexpmkhkau0l","238626","Laurent Abergel","REASSIGN","cmuihodrf001xb23fkcn0k6ut","FC Lorient","cmuihq9ie009bh29e4ay5p2yp","OGC Nice","first_team","first_team","Transferred from FC Lorient to OGC Nice (TM 238626)"
"2026-09-30T13:30:13.403Z","cmuihq9ie009bh29e4ay5p2yp","OGC Nice","cmuihvu4p01kisexpj3jtgg8w","35047","Axel Witsel","REASSIGN","cmuiholli0029b23fvytgha8z","Girona FC","cmuihq9ie009bh29e4ay5p2yp","OGC Nice","first_team","first_team","Transferred from Girona FC to OGC Nice (TM 35047)"
"2026-09-30T13:30:13.403Z","cmuihq9ie009bh29e4ay5p2yp","OGC Nice","cmuihvzb8070hsexpbzy3w7cx","344892","Gauthier Hein","REASSIGN","cmuihq6mo007ph29enroholtq","FC Metz","cmuihq9ie009bh29e4ay5p2yp","OGC Nice","first_team","first_team","Transferred from FC Metz to OGC Nice (TM 344892)"
"2026-09-30T13:30:13.403Z","cmuihq9ie009bh29e4ay5p2yp","OGC Nice","cmuihw24a09z2sexp1td26114","629588","Nathan Ngoumou","REASSIGN","cmuihq0qz004fh29e00fpn7fy","Borussia Mönchengladbach","cmuihq9ie009bh29e4ay5p2yp","OGC Nice","first_team","first_team","Transferred from Borussia Mönchengladbach to OGC Nice (TM 629588)"
"2026-09-30T13:30:13.403Z","cmuihq9ie009bh29e4ay5p2yp","OGC Nice","cmuo57g7v001zti9kyd19zmjk","1297633","Martin Ponsot","CREATE","","None (New Player)","cmuihq9ie009bh29e4ay5p2yp","OGC Nice","","first_team","Created from official 2026/27 squad (Goalkeeper, TM 1297633)"
"2026-09-30T13:30:13.403Z","cmuihq9ie009bh29e4ay5p2yp","OGC Nice","cmuo57gc30021ti9kfdcd4ngg","1297638","Xavier Mandza","CREATE","","None (New Player)","cmuihq9ie009bh29e4ay5p2yp","OGC Nice","","first_team","Created from official 2026/27 squad (Centre-Back, TM 1297638)"
"2026-09-30T13:30:13.403Z","cmuihq9ie009bh29e4ay5p2yp","OGC Nice","cmuo57ggq0023ti9k5lrtyt7o","1297635","Nassim Laarej","CREATE","","None (New Player)","cmuihq9ie009bh29e4ay5p2yp","OGC Nice","","first_team","Created from official 2026/27 squad (Unknown, TM 1297635)"
"2026-09-30T13:30:13.403Z","cmuihq9ie009bh29e4ay5p2yp","OGC Nice","cmuo57gkn0025ti9kjxbjm52v","1180835","Issiaga Camara","CREATE","","None (New Player)","cmuihq9ie009bh29e4ay5p2yp","OGC Nice","","first_team","Created from official 2026/27 squad (Central Midfield, TM 1180835)"
"2026-09-30T13:30:16.013Z","cmuihq9dj0097h29elsved1su","FC Toulouse","cmuihvws5044ksexp8kq39jgw","161869","Djibril Sidibé","DETACH","cmuihq9dj0097h29elsved1su","FC Toulouse","","Unassigned (Detached)","first_team","departed","Absent from official 2026/27 Transfermarkt squad"
"2026-09-30T13:30:16.013Z","cmuihq9dj0097h29elsved1su","FC Toulouse","cmuihw43f0c0wsexphe415xed","966575","Naime Said Mchindra","DETACH","cmuihq9dj0097h29elsved1su","FC Toulouse","","Unassigned (Detached)","first_team","departed","Absent from official 2026/27 Transfermarkt squad"
"2026-09-30T13:30:16.013Z","cmuihq9dj0097h29elsved1su","FC Toulouse","cmuihw43k0c4psexpey5pz3nv","986310","Mathis Saka","DETACH","cmuihq9dj0097h29elsved1su","FC Toulouse","","Unassigned (Detached)","first_team","departed","Absent from official 2026/27 Transfermarkt squad"
"2026-09-30T13:30:16.013Z","cmuihq9dj0097h29elsved1su","FC Toulouse","cmuihw2pr0anmsexprl9piqhc","710885","Mario Sauer","DETACH","cmuihq9dj0097h29elsved1su","FC Toulouse","","Unassigned (Detached)","first_team","departed","Absent from official 2026/27 Transfermarkt squad"
"2026-09-30T13:30:16.013Z","cmuihq9dj0097h29elsved1su","FC Toulouse","cmuihw44a0cmosexpfxwmo4j2","1085625","Gaëtan Bakhouche Piernas","DETACH","cmuihq9dj0097h29elsved1su","FC Toulouse","","Unassigned (Detached)","first_team","departed","Absent from official 2026/27 Transfermarkt squad"
"2026-09-30T13:30:16.013Z","cmuihq9dj0097h29elsved1su","FC Toulouse","cmuihw4460cjesexpi68x814h","1069459","Noah Lahmadi","DETACH","cmuihq9dj0097h29elsved1su","FC Toulouse","","Unassigned (Detached)","first_team","departed","Absent from official 2026/27 Transfermarkt squad"
"2026-09-30T13:30:16.013Z","cmuihq9dj0097h29elsved1su","FC Toulouse","cmuihw4460cjfsexprvl8t5s5","1069461","Nicolas Wasbauer","DETACH","cmuihq9dj0097h29elsved1su","FC Toulouse","","Unassigned (Detached)","first_team","departed","Absent from official 2026/27 Transfermarkt squad"
"2026-09-30T13:30:16.013Z","cmuihq9dj0097h29elsved1su","FC Toulouse","cmuihw44a0cmnsexpxgkniye0","1085624","Frédéric Efuele Ngoyala","DETACH","cmuihq9dj0097h29elsved1su","FC Toulouse","","Unassigned (Detached)","first_team","departed","Absent from official 2026/27 Transfermarkt squad"
"2026-09-30T13:30:16.013Z","cmuihq9dj0097h29elsved1su","FC Toulouse","cmuihw4480ckpsexp2rf74xid","1075580","Mathys Niflore","ATTACH","","Unassigned","cmuihq9dj0097h29elsved1su","FC Toulouse","departed","first_team","Confirmed in 2026/27 squad (Goalkeeper, TM 1075580)"
"2026-09-30T13:30:16.013Z","cmuihq9dj0097h29elsved1su","FC Toulouse","cmuihw3ew0bk7sexp00n4emrm","897423","David Odogu","ATTACH","","Unassigned","cmuihq9dj0097h29elsved1su","FC Toulouse","departed","first_team","Confirmed in 2026/27 squad (Centre-Back, TM 897423)"
"2026-09-30T13:30:16.013Z","cmuihq9dj0097h29elsved1su","FC Toulouse","cmuihw43s0c9asexp3s778gb7","1010854","Mathis Amougou","ATTACH","","Unassigned","cmuihq9dj0097h29elsved1su","FC Toulouse","departed","first_team","Confirmed in 2026/27 squad (Central Midfield, TM 1010854)"
"2026-09-30T13:30:16.013Z","cmuihq9dj0097h29elsved1su","FC Toulouse","cmuihw4rj0czjsexpw4eqlatq","1200417","Ilyas Azizi","ATTACH","","Unassigned","cmuihq9dj0097h29elsved1su","FC Toulouse","departed","first_team","Confirmed in 2026/27 squad (Left Winger, TM 1200417)"
"2026-09-30T13:30:16.013Z","cmuihq9dj0097h29elsved1su","FC Toulouse","cmuihw0jo08gfsexpnlh4vc7w","464598","Casper Tengstedt","REASSIGN","cmuihq1t5004zh29exb9q00c1","Feyenoord Rotterdam","cmuihq9dj0097h29elsved1su","FC Toulouse","first_team","first_team","Transferred from Feyenoord Rotterdam to FC Toulouse (TM 464598)"
"2026-09-30T13:30:16.013Z","cmuihq9dj0097h29elsved1su","FC Toulouse","cmuo57i810028ti9kddqxjdzt","1270796","Christ Tapé","CREATE","","None (New Player)","cmuihq9dj0097h29elsved1su","FC Toulouse","","first_team","Created from official 2026/27 squad (Left-Back, TM 1270796)"
"2026-09-30T13:30:16.013Z","cmuihq9dj0097h29elsved1su","FC Toulouse","cmuo57iby002ati9kn0eals52","1177290","Ismaïl Diallo","CREATE","","None (New Player)","cmuihq9dj0097h29elsved1su","FC Toulouse","","first_team","Created from official 2026/27 squad (Right-Back, TM 1177290)"
"2026-09-30T13:30:16.013Z","cmuihq9dj0097h29elsved1su","FC Toulouse","cmuo57ifv002cti9khkqlcv6v","1045375","Niko Sigur","CREATE","","None (New Player)","cmuihq9dj0097h29elsved1su","FC Toulouse","","first_team","Created from official 2026/27 squad (Defensive Midfield, TM 1045375)"
"2026-09-30T13:30:16.013Z","cmuihq9dj0097h29elsved1su","FC Toulouse","cmuo57im9002eti9kkemc2ue4","953004","Thomas Jørgensen","CREATE","","None (New Player)","cmuihq9dj0097h29elsved1su","FC Toulouse","","first_team","Created from official 2026/27 squad (Central Midfield, TM 953004)"
"2026-09-30T13:30:16.013Z","cmuihq9dj0097h29elsved1su","FC Toulouse","cmuo57ir5002gti9k6tj1qn6x","658533","Abu Francis","CREATE","","None (New Player)","cmuihq9dj0097h29elsved1su","FC Toulouse","","first_team","Created from official 2026/27 squad (Central Midfield, TM 658533)"
"2026-09-30T13:30:16.013Z","cmuihq9dj0097h29elsved1su","FC Toulouse","cmuo57ive002iti9kh34f354c","1297670","Aymen Amaaouch","CREATE","","None (New Player)","cmuihq9dj0097h29elsved1su","FC Toulouse","","first_team","Created from official 2026/27 squad (Central Midfield, TM 1297670)"
"2026-09-30T13:30:16.013Z","cmuihq9dj0097h29elsved1su","FC Toulouse","cmuo57izu002kti9k64bvlf3b","1368526","Sion Oppong","CREATE","","None (New Player)","cmuihq9dj0097h29elsved1su","FC Toulouse","","first_team","Created from official 2026/27 squad (Left Winger, TM 1368526)"
"2026-09-30T13:30:19.187Z","cmuihodrf001xb23fkcn0k6ut","FC Lorient","cmuihw2pj0aiqsexp31iwpyds","700078","Joel Mvuka","DETACH","cmuihodrf001xb23fkcn0k6ut","FC Lorient","","Unassigned (Detached)","first_team","departed","Absent from official 2026/27 Transfermarkt squad"
"2026-09-30T13:30:19.187Z","cmuihodrf001xb23fkcn0k6ut","FC Lorient","cmuihw4rf0cx8sexp7519omfd","1180573","Lucas Leaudais","DETACH","cmuihodrf001xb23fkcn0k6ut","FC Lorient","","Unassigned (Detached)","first_team","departed","Absent from official 2026/27 Transfermarkt squad"
"2026-09-30T13:30:19.187Z","cmuihodrf001xb23fkcn0k6ut","FC Lorient","cmuihw2pt0aozsexpg718s0bt","717118","Darlin Yongwa","DETACH","cmuihodrf001xb23fkcn0k6ut","FC Lorient","","Unassigned (Detached)","first_team","departed","Absent from official 2026/27 Transfermarkt squad"
"2026-09-30T13:30:19.187Z","cmuihodrf001xb23fkcn0k6ut","FC Lorient","cmuihw4470ckhsexp5fy1tkxf","1074650","Sohan Baldoni","DETACH","cmuihodrf001xb23fkcn0k6ut","FC Lorient","","Unassigned (Detached)","first_team","departed","Absent from official 2026/27 Transfermarkt squad"
"2026-09-30T13:30:19.187Z","cmuihodrf001xb23fkcn0k6ut","FC Lorient","cmuihw4490clksexpm8jqi13r","1079441","Izak Akakpo","DETACH","cmuihodrf001xb23fkcn0k6ut","FC Lorient","","Unassigned (Detached)","first_team","departed","Absent from official 2026/27 Transfermarkt squad"
"2026-09-30T13:30:19.187Z","cmuihodrf001xb23fkcn0k6ut","FC Lorient","cmuihw4r50ctcsexp4o80eop7","1144121","Daniel Semedo","DETACH","cmuihodrf001xb23fkcn0k6ut","FC Lorient","","Unassigned (Detached)","first_team","departed","Absent from official 2026/27 Transfermarkt squad"
"2026-09-30T13:30:19.187Z","cmuihodrf001xb23fkcn0k6ut","FC Lorient","cmuihvzao06ncsexpbm7o29m0","324800","Alec Georgen","ATTACH","","Unassigned","cmuihodrf001xb23fkcn0k6ut","FC Lorient","departed","first_team","Confirmed in 2026/27 squad (Right-Back, TM 324800)"
"2026-09-30T13:30:19.187Z","cmuihodrf001xb23fkcn0k6ut","FC Lorient","cmuihw4rq0d27sexp9807zh03","1254786","Gabin Bernardeau","ATTACH","","Unassigned","cmuihodrf001xb23fkcn0k6ut","FC Lorient","departed","first_team","Confirmed in 2026/27 squad (Attacking Midfield, TM 1254786)"
"2026-09-30T13:30:19.187Z","cmuihodrf001xb23fkcn0k6ut","FC Lorient","cmuihw2qc0b33sexpbmzyaum4","804884","Ibrahima Baldé","ATTACH","","Unassigned","cmuihodrf001xb23fkcn0k6ut","FC Lorient","departed","first_team","Confirmed in 2026/27 squad (Centre-Forward, TM 804884)"
"2026-09-30T13:30:19.187Z","cmuihodrf001xb23fkcn0k6ut","FC Lorient","cmuihw4st0d7lsexpel3ess8f","1459673","Mamadou Koné","ATTACH","","Unassigned","cmuihodrf001xb23fkcn0k6ut","FC Lorient","departed","first_team","Confirmed in 2026/27 squad (Centre-Forward, TM 1459673)"
"2026-09-30T13:30:19.187Z","cmuihodrf001xb23fkcn0k6ut","FC Lorient","cmuihw2qb0b2hsexpcov1xkrz","801886","Isak Jensen","REASSIGN","cmuiho33d001db23ffg0co70a","AZ Alkmaar","cmuihodrf001xb23fkcn0k6ut","FC Lorient","first_team","first_team","Transferred from AZ Alkmaar to FC Lorient (TM 801886)"
"2026-09-30T13:30:19.187Z","cmuihodrf001xb23fkcn0k6ut","FC Lorient","cmuihw24o0aa0sexphhf9cb4i","666971","Souleymane Faye","REASSIGN","cmuihq6jo007lh29e9jpaabxs","Sporting CP","cmuihodrf001xb23fkcn0k6ut","FC Lorient","first_team","first_team","Transferred from Sporting CP to FC Lorient (TM 666971)"
"2026-09-30T13:30:19.187Z","cmuihodrf001xb23fkcn0k6ut","FC Lorient","cmuo57kmi002nti9k0d2vlcez","704456","Nosa Edward Obaretin","CREATE","","None (New Player)","cmuihodrf001xb23fkcn0k6ut","FC Lorient","","first_team","Created from official 2026/27 squad (Centre-Back, TM 704456)"
"2026-09-30T13:30:19.187Z","cmuihodrf001xb23fkcn0k6ut","FC Lorient","cmuo57kqv002pti9kw1gl9cv8","722375","Srdjan Kuzmic","CREATE","","None (New Player)","cmuihodrf001xb23fkcn0k6ut","FC Lorient","","first_team","Created from official 2026/27 squad (Left-Back, TM 722375)"
"2026-09-30T13:30:19.187Z","cmuihodrf001xb23fkcn0k6ut","FC Lorient","cmuo57kv7002rti9k0gy20xh3","1049151","Dembo Sylla","CREATE","","None (New Player)","cmuihodrf001xb23fkcn0k6ut","FC Lorient","","first_team","Created from official 2026/27 squad (Right-Back, TM 1049151)"
"2026-09-30T13:30:19.187Z","cmuihodrf001xb23fkcn0k6ut","FC Lorient","cmuo57kzi002tti9kbp82ckcg","743395","Noah Mbamba","CREATE","","None (New Player)","cmuihodrf001xb23fkcn0k6ut","FC Lorient","","first_team","Created from official 2026/27 squad (Central Midfield, TM 743395)"
"2026-09-30T13:30:21.730Z","cmuihq4bo006eh29ep1anor93","AJ Auxerre","cmuihvxfl04b5sexpunwa9y5s","170911","Donovan Léon","DETACH","cmuihq4bo006eh29ep1anor93","AJ Auxerre","","Unassigned (Detached)","first_team","departed","Absent from official 2026/27 Transfermarkt squad"
"2026-09-30T13:30:21.730Z","cmuihq4bo006eh29ep1anor93","AJ Auxerre","cmuihvzvn07blsexp4qctf65p","364409","Gabriel Osho","DETACH","cmuihq4bo006eh29ep1anor93","AJ Auxerre","","Unassigned (Detached)","first_team","departed","Absent from official 2026/27 Transfermarkt squad"
"2026-09-30T13:30:21.730Z","cmuihq4bo006eh29ep1anor93","AJ Auxerre","cmuihvzvr07dusexpt9huukxv","371436","Francisco Sierralta","DETACH","cmuihq4bo006eh29ep1anor93","AJ Auxerre","","Unassigned (Detached)","first_team","departed","Absent from official 2026/27 Transfermarkt squad"
"2026-09-30T13:30:21.730Z","cmuihq4bo006eh29ep1anor93","AJ Auxerre","cmuihvzw607q2sexpqeqhnhw8","395695","Elisha Owusu","DETACH","cmuihq4bo006eh29ep1anor93","AJ Auxerre","","Unassigned (Detached)","first_team","departed","Absent from official 2026/27 Transfermarkt squad"
"2026-09-30T13:30:21.730Z","cmuihq4bo006eh29ep1anor93","AJ Auxerre","cmuihvzwb07rdsexprebs0p3b","397171","Gideon Mensah","DETACH","cmuihq4bo006eh29ep1anor93","AJ Auxerre","","Unassigned (Detached)","first_team","departed","Absent from official 2026/27 Transfermarkt squad"
"2026-09-30T13:30:21.730Z","cmuihq4bo006eh29ep1anor93","AJ Auxerre","cmuihw0k808rlsexpsv9lj83w","501709","Theo Bair","DETACH","cmuihq4bo006eh29ep1anor93","AJ Auxerre","","Unassigned (Detached)","first_team","departed","Absent from official 2026/27 Transfermarkt squad"
"2026-09-30T13:30:21.730Z","cmuihq4bo006eh29ep1anor93","AJ Auxerre","cmuihw1d809amsexpayfql9iy","556865","Saad Agouzoul","DETACH","cmuihq4bo006eh29ep1anor93","AJ Auxerre","","Unassigned (Detached)","first_team","departed","Absent from official 2026/27 Transfermarkt squad"
"2026-09-30T13:30:21.730Z","cmuihq4bo006eh29ep1anor93","AJ Auxerre","cmuihw24l0a7osexps8p17vvj","658534","Lasso Coulibaly","DETACH","cmuihq4bo006eh29ep1anor93","AJ Auxerre","","Unassigned (Detached)","first_team","departed","Absent from official 2026/27 Transfermarkt squad"
"2026-09-30T13:30:21.730Z","cmuihq4bo006eh29ep1anor93","AJ Auxerre","cmuihw2ph0ah2sexpn4glgfxz","695422","Théo De Percin","DETACH","cmuihq4bo006eh29ep1anor93","AJ Auxerre","","Unassigned (Detached)","first_team","departed","Absent from official 2026/27 Transfermarkt squad"
"2026-09-30T13:30:21.730Z","cmuihq4bo006eh29ep1anor93","AJ Auxerre","cmuihw2q60aydsexphk8al4l7","763182","Josué Casimir","DETACH","cmuihq4bo006eh29ep1anor93","AJ Auxerre","","Unassigned (Detached)","first_team","departed","Absent from official 2026/27 Transfermarkt squad"
"2026-09-30T13:30:21.730Z","cmuihq4bo006eh29ep1anor93","AJ Auxerre","cmuihw3er0bfgsexp0gk0ykr2","866916","Tom Negrel","DETACH","cmuihq4bo006eh29ep1anor93","AJ Auxerre","","Unassigned (Detached)","first_team","departed","Absent from official 2026/27 Transfermarkt squad"
"2026-09-30T13:30:21.730Z","cmuihq4bo006eh29ep1anor93","AJ Auxerre","cmuihw4rc0cvfsexp5qpmy41w","1167216","Louis Mezerette","ATTACH","","Unassigned","cmuihq4bo006eh29ep1anor93","AJ Auxerre","departed","first_team","Confirmed in 2026/27 squad (Goalkeeper, TM 1167216)"
"2026-09-30T13:30:21.730Z","cmuihq4bo006eh29ep1anor93","AJ Auxerre","cmuihw4rt0d3dsexp2dzi2dy4","1291928","Elikya Legros","ATTACH","","Unassigned","cmuihq4bo006eh29ep1anor93","AJ Auxerre","departed","first_team","Confirmed in 2026/27 squad (Centre-Back, TM 1291928)"
"2026-09-30T13:30:21.730Z","cmuihq4bo006eh29ep1anor93","AJ Auxerre","cmuihw4r50ctgsexpds7qxlko","1144938","Alvin Petit Dol","ATTACH","","Unassigned","cmuihq4bo006eh29ep1anor93","AJ Auxerre","departed","first_team","Confirmed in 2026/27 squad (Centre-Back, TM 1144938)"
"2026-09-30T13:30:21.730Z","cmuihq4bo006eh29ep1anor93","AJ Auxerre","cmuihw1cs094lsexpuajbzxg2","538994","Pierre Ekwah","ATTACH","","Unassigned","cmuihq4bo006eh29ep1anor93","AJ Auxerre","departed","first_team","Confirmed in 2026/27 squad (Defensive Midfield, TM 538994)"
"2026-09-30T13:30:21.730Z","cmuihq4bo006eh29ep1anor93","AJ Auxerre","cmuihw4rt0d3csexpua9gdeb4","1291922","Lamfia Dioubaté","ATTACH","","Unassigned","cmuihq4bo006eh29ep1anor93","AJ Auxerre","departed","first_team","Confirmed in 2026/27 squad (Defensive Midfield, TM 1291922)"
"2026-09-30T13:30:21.730Z","cmuihq4bo006eh29ep1anor93","AJ Auxerre","cmuihw1d709a9sexpl01no323","555076","Romain Faivre","ATTACH","","Unassigned","cmuihq4bo006eh29ep1anor93","AJ Auxerre","departed","first_team","Confirmed in 2026/27 squad (Attacking Midfield, TM 555076)"
"2026-09-30T13:30:21.730Z","cmuihq4bo006eh29ep1anor93","AJ Auxerre","cmuihw4rv0d4nsexp9x5djbr7","1310513","Aristide Zossou","ATTACH","","Unassigned","cmuihq4bo006eh29ep1anor93","AJ Auxerre","departed","first_team","Confirmed in 2026/27 squad (Left Winger, TM 1310513)"
"2026-09-30T13:30:21.730Z","cmuihq4bo006eh29ep1anor93","AJ Auxerre","cmuihw1bw091vsexpmdp0lt8c","533662","Cameron Archer","ATTACH","","Unassigned","cmuihq4bo006eh29ep1anor93","AJ Auxerre","departed","first_team","Confirmed in 2026/27 squad (Centre-Forward, TM 533662)"
"2026-09-30T13:30:21.730Z","cmuihq4bo006eh29ep1anor93","AJ Auxerre","cmuihw3f10bnxsexpqce70tnt","917778","Rémy Labeau Lascary","ATTACH","","Unassigned","cmuihq4bo006eh29ep1anor93","AJ Auxerre","departed","first_team","Confirmed in 2026/27 squad (Centre-Forward, TM 917778)"
"2026-09-30T13:30:21.730Z","cmuihq4bo006eh29ep1anor93","AJ Auxerre","cmuihvzb506yhsexpz8ss045b","342046","Axel Tuanzebe","REASSIGN","cmuihoaiv001rb23fn6cviuyz","Burnley FC","cmuihq4bo006eh29ep1anor93","AJ Auxerre","first_team","first_team","Transferred from Burnley FC to AJ Auxerre (TM 342046)"
"2026-09-30T13:30:21.730Z","cmuihq4bo006eh29ep1anor93","AJ Auxerre","cmuo57mxd002wti9kn0qdpyzi","917147","Mamadou Diop","CREATE","","None (New Player)","cmuihq4bo006eh29ep1anor93","AJ Auxerre","","first_team","Created from official 2026/27 squad (Goalkeeper, TM 917147)"
"2026-09-30T13:30:21.730Z","cmuihq4bo006eh29ep1anor93","AJ Auxerre","cmuo57n1x002yti9kt80evu8y","189744","Paul Nardi","CREATE","","None (New Player)","cmuihq4bo006eh29ep1anor93","AJ Auxerre","","first_team","Created from official 2026/27 squad (Goalkeeper, TM 189744)"
"2026-09-30T13:30:21.730Z","cmuihq4bo006eh29ep1anor93","AJ Auxerre","cmuo57n690030ti9keaivcuac","1113528","Christ Makosso","CREATE","","None (New Player)","cmuihq4bo006eh29ep1anor93","AJ Auxerre","","first_team","Created from official 2026/27 squad (Centre-Back, TM 1113528)"
"2026-09-30T13:30:21.730Z","cmuihq4bo006eh29ep1anor93","AJ Auxerre","cmuo57naf0032ti9k64cgmbjp","668941","Sékou Fofana","CREATE","","None (New Player)","cmuihq4bo006eh29ep1anor93","AJ Auxerre","","first_team","Created from official 2026/27 squad (Left-Back, TM 668941)"
"2026-09-30T13:30:21.730Z","cmuihq4bo006eh29ep1anor93","AJ Auxerre","cmuo57net0034ti9k0rpiulft","1205629","Ackah-Tidiane Zoukrou","CREATE","","None (New Player)","cmuihq4bo006eh29ep1anor93","AJ Auxerre","","first_team","Created from official 2026/27 squad (Left-Back, TM 1205629)"
"2026-09-30T13:30:21.730Z","cmuihq4bo006eh29ep1anor93","AJ Auxerre","cmuo57njo0036ti9kc40smktw","775981","Arthur Piedfort","CREATE","","None (New Player)","cmuihq4bo006eh29ep1anor93","AJ Auxerre","","first_team","Created from official 2026/27 squad (Defensive Midfield, TM 775981)"
"2026-09-30T13:30:21.730Z","cmuihq4bo006eh29ep1anor93","AJ Auxerre","cmuo57no40038ti9kgupgdxyp","1119338","Rayan Mandengue","CREATE","","None (New Player)","cmuihq4bo006eh29ep1anor93","AJ Auxerre","","first_team","Created from official 2026/27 squad (Left Winger, TM 1119338)"
"2026-09-30T13:30:21.730Z","cmuihq4bo006eh29ep1anor93","AJ Auxerre","cmuo57nsq003ati9k41p41dyf","1265965","Xiangxin Wei","CREATE","","None (New Player)","cmuihq4bo006eh29ep1anor93","AJ Auxerre","","first_team","Created from official 2026/27 squad (Centre-Forward, TM 1265965)"
"2026-09-30T13:30:25.636Z","cmuihq8e9008lh29ed3170t61","Stade Brestois 29","cmuihw1bq08yxsexpqbtpg1e5","525155","Grégoire Coudert","DETACH","cmuihq8e9008lh29ed3170t61","Stade Brestois 29","","Unassigned (Detached)","first_team","departed","Absent from official 2026/27 Transfermarkt squad"
"2026-09-30T13:30:25.636Z","cmuihq8e9008lh29ed3170t61","Stade Brestois 29","cmuihw2pf0aepsexply9evmuc","684062","Hianga'a Mbock","DETACH","cmuihq8e9008lh29ed3170t61","Stade Brestois 29","","Unassigned (Detached)","first_team","departed","Absent from official 2026/27 Transfermarkt squad"
"2026-09-30T13:30:25.636Z","cmuihq8e9008lh29ed3170t61","Stade Brestois 29","cmuihw43h0c2asexpqyvxygw6","975438","Noah Jauny","DETACH","cmuihq8e9008lh29ed3170t61","Stade Brestois 29","","Unassigned (Detached)","first_team","departed","Absent from official 2026/27 Transfermarkt squad"
"2026-09-30T13:30:25.636Z","cmuihq8e9008lh29ed3170t61","Stade Brestois 29","cmuihw2q90b11sexpzi9k0llh","794349","Julien Le Cardinal","DETACH","cmuihq8e9008lh29ed3170t61","Stade Brestois 29","","Unassigned (Detached)","first_team","departed","Absent from official 2026/27 Transfermarkt squad"
"2026-09-30T13:30:25.636Z","cmuihq8e9008lh29ed3170t61","Stade Brestois 29","cmuihw3f30bpfsexpg0rt7sp5","924800","Axel Camblan","DETACH","cmuihq8e9008lh29ed3170t61","Stade Brestois 29","","Unassigned (Detached)","first_team","departed","Absent from official 2026/27 Transfermarkt squad"
"2026-09-30T13:30:25.636Z","cmuihq8e9008lh29ed3170t61","Stade Brestois 29","cmuihw4rj0czhsexpav41wbrb","1200289","Hamidou Makalou","DETACH","cmuihq8e9008lh29ed3170t61","Stade Brestois 29","","Unassigned (Detached)","first_team","departed","Absent from official 2026/27 Transfermarkt squad"
"2026-09-30T13:30:25.636Z","cmuihq8e9008lh29ed3170t61","Stade Brestois 29","cmuihvyql05x0sexpmshulx50","272619","Romain Cagnon","ATTACH","","Unassigned","cmuihq8e9008lh29ed3170t61","Stade Brestois 29","departed","first_team","Confirmed in 2026/27 squad (Goalkeeper, TM 272619)"
"2026-09-30T13:30:25.636Z","cmuihq8e9008lh29ed3170t61","Stade Brestois 29","cmuihw4rc0cvcsexpc7sx1yuy","1166473","Raphaël Le Guen","ATTACH","","Unassigned","cmuihq8e9008lh29ed3170t61","Stade Brestois 29","departed","first_team","Confirmed in 2026/27 squad (Centre-Back, TM 1166473)"
"2026-09-30T13:30:25.636Z","cmuihq8e9008lh29ed3170t61","Stade Brestois 29","cmuihw43u0cbjsexp84a264b5","1030153","Justin Bourgault","ATTACH","","Unassigned","cmuihq8e9008lh29ed3170t61","Stade Brestois 29","departed","first_team","Confirmed in 2026/27 squad (Left-Back, TM 1030153)"
"2026-09-30T13:30:25.636Z","cmuihq8e9008lh29ed3170t61","Stade Brestois 29","cmuihw24809wvsexppltek2u0","624037","Joris Chotard","ATTACH","","Unassigned","cmuihq8e9008lh29ed3170t61","Stade Brestois 29","departed","first_team","Confirmed in 2026/27 squad (Defensive Midfield, TM 624037)"
"2026-09-30T13:30:25.636Z","cmuihq8e9008lh29ed3170t61","Stade Brestois 29","cmuihvzbf075xsexpfsuirzfu","353948","Lucas Tousart","ATTACH","","Unassigned","cmuihq8e9008lh29ed3170t61","Stade Brestois 29","departed","first_team","Confirmed in 2026/27 squad (Central Midfield, TM 353948)"
"2026-09-30T13:30:25.636Z","cmuihq8e9008lh29ed3170t61","Stade Brestois 29","cmuihw43h0c2rsexpb9xrfbgm","979551","Pathé Mboup","ATTACH","","Unassigned","cmuihq8e9008lh29ed3170t61","Stade Brestois 29","departed","first_team","Confirmed in 2026/27 squad (Left Winger, TM 979551)"
"2026-09-30T13:30:25.636Z","cmuihq8e9008lh29ed3170t61","Stade Brestois 29","cmuihw3f20bovsexp00adsgam","922685","Giovani Versini","ATTACH","","Unassigned","cmuihq8e9008lh29ed3170t61","Stade Brestois 29","departed","first_team","Confirmed in 2026/27 squad (Right Winger, TM 922685)"
"2026-09-30T13:30:25.636Z","cmuihq8e9008lh29ed3170t61","Stade Brestois 29","cmuihw4480cl9sexp566xrf5y","1078326","Noah Edjouma","ATTACH","","Unassigned","cmuihq8e9008lh29ed3170t61","Stade Brestois 29","departed","first_team","Confirmed in 2026/27 squad (Right Winger, TM 1078326)"
"2026-09-30T13:30:25.636Z","cmuihq8e9008lh29ed3170t61","Stade Brestois 29","cmuihw4rk0czlsexpyjvc5t7a","1200419","Djylian N'Guessan","ATTACH","","Unassigned","cmuihq8e9008lh29ed3170t61","Stade Brestois 29","departed","first_team","Confirmed in 2026/27 squad (Centre-Forward, TM 1200419)"
"2026-09-30T13:30:25.636Z","cmuihq8e9008lh29ed3170t61","Stade Brestois 29","cmuihvyqs0637sexppf97gmba","283994","Ludovic Ajorque","ATTACH","","Unassigned","cmuihq8e9008lh29ed3170t61","Stade Brestois 29","departed","first_team","Confirmed in 2026/27 squad (Centre-Forward, TM 283994)"
"2026-09-30T13:30:25.636Z","cmuihq8e9008lh29ed3170t61","Stade Brestois 29","cmuihvzvw07hlsexp45dsjw1l","380744","Egil Selvik","REASSIGN","cmuihnlvh000hb23fzna6vhfo","Watford FC","cmuihq8e9008lh29ed3170t61","Stade Brestois 29","first_team","first_team","Transferred from Watford FC to Stade Brestois 29 (TM 380744)"
"2026-09-30T13:30:25.636Z","cmuihq8e9008lh29ed3170t61","Stade Brestois 29","cmuihvy6j05lksexpgt58jqyc","249636","Gautier Lloris","REASSIGN","cmuihqelr00bzh29ek4d30ziu","Le Havre AC","cmuihq8e9008lh29ed3170t61","Stade Brestois 29","first_team","first_team","Transferred from Le Havre AC to Stade Brestois 29 (TM 249636)"
"2026-09-30T13:30:25.636Z","cmuihq8e9008lh29ed3170t61","Stade Brestois 29","cmuo57plv003dti9kj5aticnr","744934","Mathieu Patouillet","CREATE","","None (New Player)","cmuihq8e9008lh29ed3170t61","Stade Brestois 29","","first_team","Created from official 2026/27 squad (Goalkeeper, TM 744934)"
"2026-09-30T13:30:25.636Z","cmuihq8e9008lh29ed3170t61","Stade Brestois 29","cmuo57pqr003fti9ksqeo42ps","1228465","Noé Poillion","CREATE","","None (New Player)","cmuihq8e9008lh29ed3170t61","Stade Brestois 29","","first_team","Created from official 2026/27 squad (Goalkeeper, TM 1228465)"
"2026-09-30T13:30:25.636Z","cmuihq8e9008lh29ed3170t61","Stade Brestois 29","cmuo57pvj003hti9kkn8uolnf","671593","Mamady Diambou","CREATE","","None (New Player)","cmuihq8e9008lh29ed3170t61","Stade Brestois 29","","first_team","Created from official 2026/27 squad (Defensive Midfield, TM 671593)"
"2026-09-30T13:30:25.636Z","cmuihq8e9008lh29ed3170t61","Stade Brestois 29","cmuo57q06003jti9k0az10muy","748807","Joseph Nonge","CREATE","","None (New Player)","cmuihq8e9008lh29ed3170t61","Stade Brestois 29","","first_team","Created from official 2026/27 squad (Central Midfield, TM 748807)"
"2026-09-30T13:30:28.352Z","cmuihpysp003bh29eh8ctgbgf","Angers SCO","cmuihw4470ckosexp5l362gg9","1075575","Marius Courcoul","DETACH","cmuihpysp003bh29eh8ctgbgf","Angers SCO","","Unassigned (Detached)","first_team","departed","Absent from official 2026/27 Transfermarkt squad"
"2026-09-30T13:30:28.352Z","cmuihpysp003bh29eh8ctgbgf","Angers SCO","cmuihw43d0bz1sexpwczyeb7n","955354","Dan Sinaté","DETACH","cmuihpysp003bh29eh8ctgbgf","Angers SCO","","Unassigned (Detached)","first_team","departed","Absent from official 2026/27 Transfermarkt squad"
"2026-09-30T13:30:28.352Z","cmuihpysp003bh29eh8ctgbgf","Angers SCO","cmuihw43g0c1csexpyfsy4x8p","970279","Jacques Ekomié","DETACH","cmuihpysp003bh29eh8ctgbgf","Angers SCO","","Unassigned (Detached)","first_team","departed","Absent from official 2026/27 Transfermarkt squad"
"2026-09-30T13:30:28.352Z","cmuihpysp003bh29eh8ctgbgf","Angers SCO","cmuihw44c0co5sexp6fm4gdys","1096744","Lanroy Machine","DETACH","cmuihpysp003bh29eh8ctgbgf","Angers SCO","","Unassigned (Detached)","first_team","departed","Absent from official 2026/27 Transfermarkt squad"
"2026-09-30T13:30:28.352Z","cmuihpysp003bh29eh8ctgbgf","Angers SCO","cmuihvxgg04wlsexp03o3nb8v","203938","Branco van den Boomen","ATTACH","","Unassigned","cmuihpysp003bh29eh8ctgbgf","Angers SCO","departed","first_team","Confirmed in 2026/27 squad (Central Midfield, TM 203938)"
"2026-09-30T13:30:28.352Z","cmuihpysp003bh29eh8ctgbgf","Angers SCO","cmuihw4si0d6qsexpfdb00ujf","1382453","Bané Diatta","ATTACH","","Unassigned","cmuihpysp003bh29eh8ctgbgf","Angers SCO","departed","first_team","Confirmed in 2026/27 squad (Attacking Midfield, TM 1382453)"
"2026-09-30T13:30:28.352Z","cmuihpysp003bh29eh8ctgbgf","Angers SCO","cmuihw44a0cn5sexpp2drb3ej","1088110","Anthony Bermont","ATTACH","","Unassigned","cmuihpysp003bh29eh8ctgbgf","Angers SCO","departed","first_team","Confirmed in 2026/27 squad (Left Winger, TM 1088110)"
"2026-09-30T13:30:28.352Z","cmuihpysp003bh29eh8ctgbgf","Angers SCO","cmuihw2q70aytsexpop2a74wb","766839","Usman Simbakoli","ATTACH","","Unassigned","cmuihpysp003bh29eh8ctgbgf","Angers SCO","departed","first_team","Confirmed in 2026/27 squad (Centre-Forward, TM 766839)"
"2026-09-30T13:30:28.352Z","cmuihpysp003bh29eh8ctgbgf","Angers SCO","cmuihvuxz02dusexpbevprqs6","60561","Anthony Lopes","REASSIGN","cmuihqhd100djh29et2cb4bdz","FC Nantes","cmuihpysp003bh29eh8ctgbgf","Angers SCO","first_team","first_team","Transferred from FC Nantes to Angers SCO (TM 60561)"
"2026-09-30T13:30:28.352Z","cmuihpysp003bh29eh8ctgbgf","Angers SCO","cmuihw2py0atbsexprnetwvfi","735051","Amine El Ouazzani","REASSIGN","cmuihnyer0015b23fholjonq1","SC Braga","cmuihpysp003bh29eh8ctgbgf","Angers SCO","first_team","first_team","Transferred from SC Braga to Angers SCO (TM 735051)"
"2026-09-30T13:30:28.352Z","cmuihpysp003bh29eh8ctgbgf","Angers SCO","cmuo57s4l003mti9kf2reyai3","1117092","Joseph Kalulu","CREATE","","None (New Player)","cmuihpysp003bh29eh8ctgbgf","Angers SCO","","first_team","Created from official 2026/27 squad (Left-Back, TM 1117092)"
"2026-09-30T13:30:31.948Z","cmuihqelr00bzh29ek4d30ziu","Le Havre AC","cmuihvwrd03i5sexpsfr398r8","122840","Loïc Nego","DETACH","cmuihqelr00bzh29ek4d30ziu","Le Havre AC","","Unassigned (Detached)","first_team","departed","Absent from official 2026/27 Transfermarkt squad"
"2026-09-30T13:30:31.948Z","cmuihqelr00bzh29ek4d30ziu","Le Havre AC","cmuihvwsb047csexpsy45bkno","164904","Mory Diaw","DETACH","cmuihqelr00bzh29ek4d30ziu","Le Havre AC","","Unassigned (Detached)","first_team","departed","Absent from official 2026/27 Transfermarkt squad"
"2026-09-30T13:30:31.948Z","cmuihqelr00bzh29ek4d30ziu","Le Havre AC","cmuihvxfr04fnsexpomb7getf","181382","Abdoulaye Touré","DETACH","cmuihqelr00bzh29ek4d30ziu","Le Havre AC","","Unassigned (Detached)","first_team","departed","Absent from official 2026/27 Transfermarkt squad"
"2026-09-30T13:30:31.948Z","cmuihqelr00bzh29ek4d30ziu","Le Havre AC","cmuihw24o0aajsexpbly5r0wt","667967","Yassine Kechta","DETACH","cmuihqelr00bzh29ek4d30ziu","Le Havre AC","","Unassigned (Detached)","first_team","departed","Absent from official 2026/27 Transfermarkt squad"
"2026-09-30T13:30:31.948Z","cmuihqelr00bzh29ek4d30ziu","Le Havre AC","cmuihw24f0a2csexpimcjdgia","639712","Étienne Youté Kinkoué","DETACH","cmuihqelr00bzh29ek4d30ziu","Le Havre AC","","Unassigned (Detached)","first_team","departed","Absent from official 2026/27 Transfermarkt squad"
"2026-09-30T13:30:31.948Z","cmuihqelr00bzh29ek4d30ziu","Le Havre AC","cmuihw24j0a5lsexpevod1txk","651973","Godson Kyeremeh","DETACH","cmuihqelr00bzh29ek4d30ziu","Le Havre AC","","Unassigned (Detached)","first_team","departed","Absent from official 2026/27 Transfermarkt squad"
"2026-09-30T13:30:31.948Z","cmuihqelr00bzh29ek4d30ziu","Le Havre AC","cmuihw2pg0ag2sexpwxxadwra","691841","Yanis Zouaoui","DETACH","cmuihqelr00bzh29ek4d30ziu","Le Havre AC","","Unassigned (Detached)","first_team","departed","Absent from official 2026/27 Transfermarkt squad"
"2026-09-30T13:30:31.948Z","cmuihqelr00bzh29ek4d30ziu","Le Havre AC","cmuihw4rb0cv4sexpk0xrdmze","1162654","Noam Obougou","DETACH","cmuihqelr00bzh29ek4d30ziu","Le Havre AC","","Unassigned (Detached)","first_team","departed","Absent from official 2026/27 Transfermarkt squad"
"2026-09-30T13:30:31.948Z","cmuihqelr00bzh29ek4d30ziu","Le Havre AC","cmuihw4rs0d2rsexp7inj0fa3","1268390","Adams Diabaté","DETACH","cmuihqelr00bzh29ek4d30ziu","Le Havre AC","","Unassigned (Detached)","first_team","departed","Absent from official 2026/27 Transfermarkt squad"
"2026-09-30T13:30:31.948Z","cmuihqelr00bzh29ek4d30ziu","Le Havre AC","cmuihw2qa0b1usexpcb0mzw6x","798925","Fodé Doucouré","DETACH","cmuihqelr00bzh29ek4d30ziu","Le Havre AC","","Unassigned (Detached)","first_team","departed","Absent from official 2026/27 Transfermarkt squad"
"2026-09-30T13:30:31.948Z","cmuihqelr00bzh29ek4d30ziu","Le Havre AC","cmuihw43k0c53sexpx8v9to39","988275","Paul Argney","DETACH","cmuihqelr00bzh29ek4d30ziu","Le Havre AC","","Unassigned (Detached)","first_team","departed","Absent from official 2026/27 Transfermarkt squad"
"2026-09-30T13:30:31.948Z","cmuihqelr00bzh29ek4d30ziu","Le Havre AC","cmuihw4r40ct9sexpeqjy6351","1143517","Yanis Beau Djellel","DETACH","cmuihqelr00bzh29ek4d30ziu","Le Havre AC","","Unassigned (Detached)","first_team","departed","Absent from official 2026/27 Transfermarkt squad"
"2026-09-30T13:30:31.948Z","cmuihqelr00bzh29ek4d30ziu","Le Havre AC","cmuihvzwo07zusexp5rwbncc6","417278","Arnaud Bodart","ATTACH","","Unassigned","cmuihqelr00bzh29ek4d30ziu","Le Havre AC","departed","first_team","Confirmed in 2026/27 squad (Goalkeeper, TM 417278)"
"2026-09-30T13:30:31.948Z","cmuihqelr00bzh29ek4d30ziu","Le Havre AC","cmuihvwrc03hnsexprtxkohhn","122115","Vincent Sasso","ATTACH","","Unassigned","cmuihqelr00bzh29ek4d30ziu","Le Havre AC","departed","first_team","Confirmed in 2026/27 squad (Centre-Back, TM 122115)"
"2026-09-30T13:30:31.948Z","cmuihqelr00bzh29ek4d30ziu","Le Havre AC","cmuihw1ct094nsexpn292sopa","538998","Timothée Pembélé","ATTACH","","Unassigned","cmuihqelr00bzh29ek4d30ziu","Le Havre AC","departed","first_team","Confirmed in 2026/27 squad (Right-Back, TM 538998)"
"2026-09-30T13:30:31.948Z","cmuihqelr00bzh29ek4d30ziu","Le Havre AC","cmuihw43s0c9hsexpfu8polvj","1011200","Junior Mwanga","ATTACH","","Unassigned","cmuihqelr00bzh29ek4d30ziu","Le Havre AC","departed","first_team","Confirmed in 2026/27 squad (Defensive Midfield, TM 1011200)"
"2026-09-30T13:30:31.948Z","cmuihqelr00bzh29ek4d30ziu","Le Havre AC","cmuihw3ev0bjhsexppo3ks26y","893675","Amir Richardson","ATTACH","","Unassigned","cmuihqelr00bzh29ek4d30ziu","Le Havre AC","departed","first_team","Confirmed in 2026/27 squad (Central Midfield, TM 893675)"
"2026-09-30T13:30:31.948Z","cmuihqelr00bzh29ek4d30ziu","Le Havre AC","cmuihw4qz0cqpsexp8vaewyov","1119877","Guy-Noël Zohouri","ATTACH","","Unassigned","cmuihqelr00bzh29ek4d30ziu","Le Havre AC","departed","first_team","Confirmed in 2026/27 squad (Central Midfield, TM 1119877)"
"2026-09-30T13:30:31.948Z","cmuihqelr00bzh29ek4d30ziu","Le Havre AC","cmuihw24u0adpsexpc45gwd5z","677794","Kaito Mizuta","ATTACH","","Unassigned","cmuihqelr00bzh29ek4d30ziu","Le Havre AC","departed","first_team","Confirmed in 2026/27 squad (Attacking Midfield, TM 677794)"
"2026-09-30T13:30:31.948Z","cmuihqelr00bzh29ek4d30ziu","Le Havre AC","cmuihw4rb0cuxsexpis4sq5ny","1160814","Rayan Fofana","ATTACH","","Unassigned","cmuihqelr00bzh29ek4d30ziu","Le Havre AC","departed","first_team","Confirmed in 2026/27 squad (Centre-Forward, TM 1160814)"
"2026-09-30T13:30:31.948Z","cmuihqelr00bzh29ek4d30ziu","Le Havre AC","cmuihw0ja08b9sexpat717gki","453824","Josh Maja","ATTACH","","Unassigned","cmuihqelr00bzh29ek4d30ziu","Le Havre AC","departed","first_team","Confirmed in 2026/27 squad (Centre-Forward, TM 453824)"
"2026-09-30T13:30:31.948Z","cmuihqelr00bzh29ek4d30ziu","Le Havre AC","cmuihw2q70ayzsexpcup9fz92","770407","Elysée Logbo","ATTACH","","Unassigned","cmuihqelr00bzh29ek4d30ziu","Le Havre AC","departed","first_team","Confirmed in 2026/27 squad (Centre-Forward, TM 770407)"
"2026-09-30T13:30:31.948Z","cmuihqelr00bzh29ek4d30ziu","Le Havre AC","cmuihw43h0c29sexp7eg55mpe","975348","Joan Tincres","ATTACH","","Unassigned","cmuihqelr00bzh29ek4d30ziu","Le Havre AC","departed","first_team","Confirmed in 2026/27 squad (Centre-Forward, TM 975348)"
"2026-09-30T13:30:31.948Z","cmuihqelr00bzh29ek4d30ziu","Le Havre AC","cmuo57uli003pti9khaswbo8y","193256","Gauthier Gallon","CREATE","","None (New Player)","cmuihqelr00bzh29ek4d30ziu","Le Havre AC","","first_team","Created from official 2026/27 squad (Goalkeeper, TM 193256)"
"2026-09-30T13:30:31.948Z","cmuihqelr00bzh29ek4d30ziu","Le Havre AC","cmuo57uqm003rti9ko9t9adxy","325924","Ahmed Touba","CREATE","","None (New Player)","cmuihqelr00bzh29ek4d30ziu","Le Havre AC","","first_team","Created from official 2026/27 squad (Centre-Back, TM 325924)"
"2026-09-30T13:30:31.948Z","cmuihqelr00bzh29ek4d30ziu","Le Havre AC","cmuo57uwk003tti9kn65d1ji7","646478","Elias Jelert","CREATE","","None (New Player)","cmuihqelr00bzh29ek4d30ziu","Le Havre AC","","first_team","Created from official 2026/27 squad (Right-Back, TM 646478)"
"2026-09-30T13:30:31.948Z","cmuihqelr00bzh29ek4d30ziu","Le Havre AC","cmuo57v15003vti9ku75nj8ul","1524445","Djibril Ouziad","CREATE","","None (New Player)","cmuihqelr00bzh29ek4d30ziu","Le Havre AC","","first_team","Created from official 2026/27 squad (Right-Back, TM 1524445)"
"2026-09-30T13:30:31.948Z","cmuihqelr00bzh29ek4d30ziu","Le Havre AC","cmuo57v5l003xti9k4gl0h19p","1268075","Sota Nakamura","CREATE","","None (New Player)","cmuihqelr00bzh29ek4d30ziu","Le Havre AC","","first_team","Created from official 2026/27 squad (Centre-Forward, TM 1268075)"
"2026-09-30T13:30:34.671Z","cmuiho49g001fb23fa7sw5ed8","ESTAC Troyes","cmuihw43r0c92sexp7tbbiwr5","1009596","Junior Diaz","ATTACH","","Unassigned","cmuiho49g001fb23fa7sw5ed8","ESTAC Troyes","departed","first_team","Confirmed in 2026/27 squad (Centre-Back, TM 1009596)"
"2026-09-30T13:30:34.671Z","cmuiho49g001fb23fa7sw5ed8","ESTAC Troyes","cmuihw0k508o6sexpdpevd87h","487333","Paolo Gozzi","ATTACH","","Unassigned","cmuiho49g001fb23fa7sw5ed8","ESTAC Troyes","departed","first_team","Confirmed in 2026/27 squad (Centre-Back, TM 487333)"
"2026-09-30T13:30:34.671Z","cmuiho49g001fb23fa7sw5ed8","ESTAC Troyes","cmuihw1em09kfsexp2tas0rjd","585951","Alexandre Phliponeau","ATTACH","","Unassigned","cmuiho49g001fb23fa7sw5ed8","ESTAC Troyes","departed","first_team","Confirmed in 2026/27 squad (Defensive Midfield, TM 585951)"
"2026-09-30T13:30:34.671Z","cmuiho49g001fb23fa7sw5ed8","ESTAC Troyes","cmuihw43g0c1asexpvbuats22","969447","Dermane Karim","ATTACH","","Unassigned","cmuiho49g001fb23fa7sw5ed8","ESTAC Troyes","departed","first_team","Confirmed in 2026/27 squad (Attacking Midfield, TM 969447)"
"2026-09-30T13:30:34.671Z","cmuiho49g001fb23fa7sw5ed8","ESTAC Troyes","cmuihw1dn09h8sexp2ygitk5o","575319","Kandet Diawara","ATTACH","","Unassigned","cmuiho49g001fb23fa7sw5ed8","ESTAC Troyes","departed","first_team","Confirmed in 2026/27 squad (Left Winger, TM 575319)"
"2026-09-30T13:30:34.671Z","cmuiho49g001fb23fa7sw5ed8","ESTAC Troyes","cmuihw2py0atosexpsaszptni","737781","Jérémy Le Douaron","ATTACH","","Unassigned","cmuiho49g001fb23fa7sw5ed8","ESTAC Troyes","departed","first_team","Confirmed in 2026/27 squad (Centre-Forward, TM 737781)"
"2026-09-30T13:30:34.671Z","cmuiho49g001fb23fa7sw5ed8","ESTAC Troyes","cmuihvy6505axsexpc9fgdnre","234802","Renaud Ripart","ATTACH","","Unassigned","cmuiho49g001fb23fa7sw5ed8","ESTAC Troyes","departed","first_team","Confirmed in 2026/27 squad (Centre-Forward, TM 234802)"
"2026-09-30T13:30:34.671Z","cmuiho49g001fb23fa7sw5ed8","ESTAC Troyes","cmuo57wbp0040ti9k3ak8aokb","983578","Patrick Beach","CREATE","","None (New Player)","cmuiho49g001fb23fa7sw5ed8","ESTAC Troyes","","first_team","Created from official 2026/27 squad (Goalkeeper, TM 983578)"
"2026-09-30T13:30:34.671Z","cmuiho49g001fb23fa7sw5ed8","ESTAC Troyes","cmuo57wg50042ti9kqixvdbcm","170549","Hillel Konaté","CREATE","","None (New Player)","cmuiho49g001fb23fa7sw5ed8","ESTAC Troyes","","first_team","Created from official 2026/27 squad (Goalkeeper, TM 170549)"
"2026-09-30T13:30:34.671Z","cmuiho49g001fb23fa7sw5ed8","ESTAC Troyes","cmuo57wma0044ti9kl9uamjyx","111041","Zacharie Boucher","CREATE","","None (New Player)","cmuiho49g001fb23fa7sw5ed8","ESTAC Troyes","","first_team","Created from official 2026/27 squad (Goalkeeper, TM 111041)"
"2026-09-30T13:30:34.671Z","cmuiho49g001fb23fa7sw5ed8","ESTAC Troyes","cmuo57wr50046ti9k8jjv71ga","281611","Adrien Monfray","CREATE","","None (New Player)","cmuiho49g001fb23fa7sw5ed8","ESTAC Troyes","","first_team","Created from official 2026/27 squad (Centre-Back, TM 281611)"
"2026-09-30T13:30:34.671Z","cmuiho49g001fb23fa7sw5ed8","ESTAC Troyes","cmuo57wvo0048ti9k1xrgjy78","1119845","Anis Ouzenadji","CREATE","","None (New Player)","cmuiho49g001fb23fa7sw5ed8","ESTAC Troyes","","first_team","Created from official 2026/27 squad (Left-Back, TM 1119845)"
"2026-09-30T13:30:34.671Z","cmuiho49g001fb23fa7sw5ed8","ESTAC Troyes","cmuo57xah004ati9ku2qu7qlr","986299","Yvann Titi","CREATE","","None (New Player)","cmuiho49g001fb23fa7sw5ed8","ESTAC Troyes","","first_team","Created from official 2026/27 squad (Right-Back, TM 986299)"
"2026-09-30T13:30:34.671Z","cmuiho49g001fb23fa7sw5ed8","ESTAC Troyes","cmuo57xeh004cti9kcok74v2u","536473","Lucas Maronnier","CREATE","","None (New Player)","cmuiho49g001fb23fa7sw5ed8","ESTAC Troyes","","first_team","Created from official 2026/27 squad (Right-Back, TM 536473)"
"2026-09-30T13:30:34.671Z","cmuiho49g001fb23fa7sw5ed8","ESTAC Troyes","cmuo57xiw004eti9kimj3o6lu","1119840","Noah Donkor","CREATE","","None (New Player)","cmuiho49g001fb23fa7sw5ed8","ESTAC Troyes","","first_team","Created from official 2026/27 squad (Right-Back, TM 1119840)"
"2026-09-30T13:30:34.671Z","cmuiho49g001fb23fa7sw5ed8","ESTAC Troyes","cmuo57xne004gti9k1x8o30ca","1174523","Roman Murcy","CREATE","","None (New Player)","cmuiho49g001fb23fa7sw5ed8","ESTAC Troyes","","first_team","Created from official 2026/27 squad (Defensive Midfield, TM 1174523)"
"2026-09-30T13:30:34.671Z","cmuiho49g001fb23fa7sw5ed8","ESTAC Troyes","cmuo57xry004iti9kbl9qt7u6","933147","Mouhamed Diop","CREATE","","None (New Player)","cmuiho49g001fb23fa7sw5ed8","ESTAC Troyes","","first_team","Created from official 2026/27 squad (Central Midfield, TM 933147)"
"2026-09-30T13:30:34.671Z","cmuiho49g001fb23fa7sw5ed8","ESTAC Troyes","cmuo57xxa004kti9kktvtkfmk","807653","Antoine Mille","CREATE","","None (New Player)","cmuiho49g001fb23fa7sw5ed8","ESTAC Troyes","","first_team","Created from official 2026/27 squad (Central Midfield, TM 807653)"
"2026-09-30T13:30:34.671Z","cmuiho49g001fb23fa7sw5ed8","ESTAC Troyes","cmuo57y23004mti9kldx36gdb","693352","Iron Gomis","CREATE","","None (New Player)","cmuiho49g001fb23fa7sw5ed8","ESTAC Troyes","","first_team","Created from official 2026/27 squad (Central Midfield, TM 693352)"
"2026-09-30T13:30:34.671Z","cmuiho49g001fb23fa7sw5ed8","ESTAC Troyes","cmuo57y6x004oti9kcc27hg9z","944181","Hugo Picard","CREATE","","None (New Player)","cmuiho49g001fb23fa7sw5ed8","ESTAC Troyes","","first_team","Created from official 2026/27 squad (Unknown, TM 944181)"
"2026-09-30T13:30:34.671Z","cmuiho49g001fb23fa7sw5ed8","ESTAC Troyes","cmuo57ybe004qti9khbquozu2","1364925","Idrissa Soukouna","CREATE","","None (New Player)","cmuiho49g001fb23fa7sw5ed8","ESTAC Troyes","","first_team","Created from official 2026/27 squad (Attacking Midfield, TM 1364925)"
"2026-09-30T13:30:34.671Z","cmuiho49g001fb23fa7sw5ed8","ESTAC Troyes","cmuo57yfr004sti9kieaax2n3","976861","Merwan Ifnaoui","CREATE","","None (New Player)","cmuiho49g001fb23fa7sw5ed8","ESTAC Troyes","","first_team","Created from official 2026/27 squad (Right Winger, TM 976861)"
"2026-09-30T13:30:34.671Z","cmuiho49g001fb23fa7sw5ed8","ESTAC Troyes","cmuo57yjo004uti9k15unoad5","1179193","Amadou Diakité","CREATE","","None (New Player)","cmuiho49g001fb23fa7sw5ed8","ESTAC Troyes","","first_team","Created from official 2026/27 squad (Right Winger, TM 1179193)"
"2026-09-30T13:30:34.671Z","cmuiho49g001fb23fa7sw5ed8","ESTAC Troyes","cmuo57ynu004wti9kbx0rz1xw","522788","Timothé Nkada","CREATE","","None (New Player)","cmuiho49g001fb23fa7sw5ed8","ESTAC Troyes","","first_team","Created from official 2026/27 squad (Centre-Forward, TM 522788)"
"2026-09-30T13:30:34.671Z","cmuiho49g001fb23fa7sw5ed8","ESTAC Troyes","cmuo57yso004yti9klmqx5flp","1523861","Yacouba Koné","CREATE","","None (New Player)","cmuiho49g001fb23fa7sw5ed8","ESTAC Troyes","","first_team","Created from official 2026/27 squad (Centre-Forward, TM 1523861)"
"2026-09-30T13:30:34.671Z","cmuiho49g001fb23fa7sw5ed8","ESTAC Troyes","cmuo57z1k0050ti9kw6meas7i","1146422","Ibrahim Traoré","CREATE","","None (New Player)","cmuiho49g001fb23fa7sw5ed8","ESTAC Troyes","","first_team","Created from official 2026/27 squad (Centre-Forward, TM 1146422)"
"2026-09-30T13:30:34.671Z","cmuiho49g001fb23fa7sw5ed8","ESTAC Troyes","cmuo57z6a0052ti9kbc38t8bc","1337539","Christ Batola","CREATE","","None (New Player)","cmuiho49g001fb23fa7sw5ed8","ESTAC Troyes","","first_team","Created from official 2026/27 squad (Centre-Forward, TM 1337539)"
"2026-09-30T13:30:40.159Z","cmundu8pm0007zjoeofq74h3t","Le Mans FC","cmuihw2pw0arksexpexd5yicc","725963","Ewan Hatfout","ATTACH","","Unassigned","cmundu8pm0007zjoeofq74h3t","Le Mans FC","departed","first_team","Confirmed in 2026/27 squad (Goalkeeper, TM 725963)"
"2026-09-30T13:30:40.159Z","cmundu8pm0007zjoeofq74h3t","Le Mans FC","cmuihw3ep0bdrsexpjdkv9bfo","857653","Lucas Calodat","ATTACH","","Unassigned","cmundu8pm0007zjoeofq74h3t","Le Mans FC","departed","first_team","Confirmed in 2026/27 squad (Left-Back, TM 857653)"
"2026-09-30T13:30:40.159Z","cmundu8pm0007zjoeofq74h3t","Le Mans FC","cmuihw1bv0917sexpfoi594er","531960","Lucas Buades","ATTACH","","Unassigned","cmundu8pm0007zjoeofq74h3t","Le Mans FC","departed","first_team","Confirmed in 2026/27 squad (Right-Back, TM 531960)"
"2026-09-30T13:30:40.159Z","cmundu8pm0007zjoeofq74h3t","Le Mans FC","cmuihw43i0c2tsexp31iol4ol","979760","Rayan Bamba","ATTACH","","Unassigned","cmundu8pm0007zjoeofq74h3t","Le Mans FC","departed","first_team","Confirmed in 2026/27 squad (Right-Back, TM 979760)"
"2026-09-30T13:30:40.159Z","cmundu8pm0007zjoeofq74h3t","Le Mans FC","cmuihvws5044ksexp8kq39jgw","161869","Djibril Sidibé","ATTACH","","Unassigned","cmundu8pm0007zjoeofq74h3t","Le Mans FC","departed","first_team","Confirmed in 2026/27 squad (Right-Back, TM 161869)"
"2026-09-30T13:30:40.159Z","cmundu8pm0007zjoeofq74h3t","Le Mans FC","cmuihw24o0a9zsexpsj4mjot0","666744","Alexandre Lauray","ATTACH","","Unassigned","cmundu8pm0007zjoeofq74h3t","Le Mans FC","departed","first_team","Confirmed in 2026/27 squad (Defensive Midfield, TM 666744)"
"2026-09-30T13:30:40.159Z","cmundu8pm0007zjoeofq74h3t","Le Mans FC","cmuihw43k0c4osexprv4hoqry","986300","Daouda Traoré","ATTACH","","Unassigned","cmundu8pm0007zjoeofq74h3t","Le Mans FC","departed","first_team","Confirmed in 2026/27 squad (Central Midfield, TM 986300)"
"2026-09-30T13:30:40.159Z","cmundu8pm0007zjoeofq74h3t","Le Mans FC","cmuihw2qc0b2ssexpqc9keayq","804386","Erwan Colas","ATTACH","","Unassigned","cmundu8pm0007zjoeofq74h3t","Le Mans FC","departed","first_team","Confirmed in 2026/27 squad (Left Winger, TM 804386)"
"2026-09-30T13:30:40.159Z","cmundu8pm0007zjoeofq74h3t","Le Mans FC","cmuihw1cw096fsexpz186ybwv","543051","Billal Brahimi","ATTACH","","Unassigned","cmundu8pm0007zjoeofq74h3t","Le Mans FC","departed","first_team","Confirmed in 2026/27 squad (Right Winger, TM 543051)"
"2026-09-30T13:30:40.159Z","cmundu8pm0007zjoeofq74h3t","Le Mans FC","cmuihw0jk08ezsexpfdoucdvr","461790","Louis Mafouta","ATTACH","","Unassigned","cmundu8pm0007zjoeofq74h3t","Le Mans FC","departed","first_team","Confirmed in 2026/27 squad (Centre-Forward, TM 461790)"
"2026-09-30T13:30:40.159Z","cmundu8pm0007zjoeofq74h3t","Le Mans FC","cmuihvwru03wosexpf17t65gj","146373","Antoine Rabillard","ATTACH","","Unassigned","cmundu8pm0007zjoeofq74h3t","Le Mans FC","departed","first_team","Confirmed in 2026/27 squad (Centre-Forward, TM 146373)"
"2026-09-30T13:30:40.159Z","cmundu8pm0007zjoeofq74h3t","Le Mans FC","cmuihvzb8070gsexp80noa3d0","344888","Habib Diallo","REASSIGN","cmuihq6mo007ph29enroholtq","FC Metz","cmundu8pm0007zjoeofq74h3t","Le Mans FC","first_team","first_team","Transferred from FC Metz to Le Mans FC (TM 344888)"
"2026-09-30T13:30:40.159Z","cmundu8pm0007zjoeofq74h3t","Le Mans FC","cmuo580rq0055ti9kx6fnuj40","357069","Nicolas Kocik","CREATE","","None (New Player)","cmundu8pm0007zjoeofq74h3t","Le Mans FC","","first_team","Created from official 2026/27 squad (Goalkeeper, TM 357069)"
"2026-09-30T13:30:40.159Z","cmundu8pm0007zjoeofq74h3t","Le Mans FC","cmuo580zg0057ti9kqpy5dl0f","569359","Augustin Delbecque","CREATE","","None (New Player)","cmundu8pm0007zjoeofq74h3t","Le Mans FC","","first_team","Created from official 2026/27 squad (Goalkeeper, TM 569359)"
"2026-09-30T13:30:40.159Z","cmundu8pm0007zjoeofq74h3t","Le Mans FC","cmuo581if0059ti9kd3tvotgw","1169041","Noa Boissé","CREATE","","None (New Player)","cmundu8pm0007zjoeofq74h3t","Le Mans FC","","first_team","Created from official 2026/27 squad (Centre-Back, TM 1169041)"
"2026-09-30T13:30:40.159Z","cmundu8pm0007zjoeofq74h3t","Le Mans FC","cmuo581re005bti9ki9n1433w","631222","Raúl Torrente","CREATE","","None (New Player)","cmundu8pm0007zjoeofq74h3t","Le Mans FC","","first_team","Created from official 2026/27 squad (Centre-Back, TM 631222)"
"2026-09-30T13:30:40.159Z","cmundu8pm0007zjoeofq74h3t","Le Mans FC","cmuo58208005dti9ku7utd9ef","801762","Théo Eyoum","CREATE","","None (New Player)","cmundu8pm0007zjoeofq74h3t","Le Mans FC","","first_team","Created from official 2026/27 squad (Centre-Back, TM 801762)"
"2026-09-30T13:30:40.159Z","cmundu8pm0007zjoeofq74h3t","Le Mans FC","cmuo58294005fti9klq1l3cx9","344382","Harold Voyer","CREATE","","None (New Player)","cmundu8pm0007zjoeofq74h3t","Le Mans FC","","first_team","Created from official 2026/27 squad (Centre-Back, TM 344382)"
"2026-09-30T13:30:40.159Z","cmundu8pm0007zjoeofq74h3t","Le Mans FC","cmuo582hz005hti9ksyunfd7c","386048","Samuel Yohou","CREATE","","None (New Player)","cmundu8pm0007zjoeofq74h3t","Le Mans FC","","first_team","Created from official 2026/27 squad (Centre-Back, TM 386048)"
"2026-09-30T13:30:40.159Z","cmundu8pm0007zjoeofq74h3t","Le Mans FC","cmuo582qv005jti9k0uanav29","554251","Yasser Larouci","CREATE","","None (New Player)","cmundu8pm0007zjoeofq74h3t","Le Mans FC","","first_team","Created from official 2026/27 squad (Left-Back, TM 554251)"
"2026-09-30T13:30:40.159Z","cmundu8pm0007zjoeofq74h3t","Le Mans FC","cmuo582zr005lti9k6nqp6otj","1092429","João Almeida","CREATE","","None (New Player)","cmundu8pm0007zjoeofq74h3t","Le Mans FC","","first_team","Created from official 2026/27 squad (Left-Back, TM 1092429)"
"2026-09-30T13:30:40.159Z","cmundu8pm0007zjoeofq74h3t","Le Mans FC","cmuo5834b005nti9kemha6ggc","941561","Lucas Bretelle","CREATE","","None (New Player)","cmundu8pm0007zjoeofq74h3t","Le Mans FC","","first_team","Created from official 2026/27 squad (Defensive Midfield, TM 941561)"
"2026-09-30T13:30:40.159Z","cmundu8pm0007zjoeofq74h3t","Le Mans FC","cmuo58390005pti9kydc99db9","1166137","Adil Bourabaa","CREATE","","None (New Player)","cmundu8pm0007zjoeofq74h3t","Le Mans FC","","first_team","Created from official 2026/27 squad (Central Midfield, TM 1166137)"
"2026-09-30T13:30:40.159Z","cmundu8pm0007zjoeofq74h3t","Le Mans FC","cmuo583fx005rti9kiulhxlmk","626592","Jean Vercruysse","CREATE","","None (New Player)","cmundu8pm0007zjoeofq74h3t","Le Mans FC","","first_team","Created from official 2026/27 squad (Central Midfield, TM 626592)"
"2026-09-30T13:30:40.159Z","cmundu8pm0007zjoeofq74h3t","Le Mans FC","cmuo583lm005tti9k33uzmwlw","590048","Edwin Quarshie","CREATE","","None (New Player)","cmundu8pm0007zjoeofq74h3t","Le Mans FC","","first_team","Created from official 2026/27 squad (Central Midfield, TM 590048)"
"2026-09-30T13:30:40.159Z","cmundu8pm0007zjoeofq74h3t","Le Mans FC","cmuo5843r005vti9kv0pcrqjt","1010671","Martin Rossignol","CREATE","","None (New Player)","cmundu8pm0007zjoeofq74h3t","Le Mans FC","","first_team","Created from official 2026/27 squad (Central Midfield, TM 1010671)"
"2026-09-30T13:30:40.159Z","cmundu8pm0007zjoeofq74h3t","Le Mans FC","cmuo5848k005xti9krel48vou","422711","Dame Gueye","CREATE","","None (New Player)","cmundu8pm0007zjoeofq74h3t","Le Mans FC","","first_team","Created from official 2026/27 squad (Centre-Forward, TM 422711)"
"2026-09-30T13:30:40.159Z","cmundu8pm0007zjoeofq74h3t","Le Mans FC","cmuo584d1005zti9kvg060y58","1029482","William Harhouz","CREATE","","None (New Player)","cmundu8pm0007zjoeofq74h3t","Le Mans FC","","first_team","Created from official 2026/27 squad (Centre-Forward, TM 1029482)"
"2026-09-30T13:30:40.159Z","cmundu8pm0007zjoeofq74h3t","Le Mans FC","cmuo584ib0061ti9kn5dldqoh","1027788","Enzo Vagner","CREATE","","None (New Player)","cmundu8pm0007zjoeofq74h3t","Le Mans FC","","first_team","Created from official 2026/27 squad (Centre-Forward, TM 1027788)"
