timestamp,clubId,clubName,playerId,transfermarktId,fullName,action,oldClubId,oldClubName,newClubId,newClubName,oldStatus,newStatus,notes
"2026-09-30T13:24:32.567Z","cmuihq9wg009hh29ermlar2c7","Real Madrid","cmuihw43g0c1usexpoyvhnmbv","973314","Sergio Mestre","DETACH","cmuihq9wg009hh29ermlar2c7","Real Madrid","","Unassigned (Detached)","first_team","departed","Absent from official 2026/27 Transfermarkt squad"
"2026-09-30T13:24:36.484Z","cmuihoy3o002vb23f8egwo6vd","FC Barcelona","cmuihvvss02q7sexpqzpx8ho5","74857","Marc-André ter Stegen","DETACH","cmuihoy3o002vb23f8egwo6vd","FC Barcelona","","Unassigned (Detached)","first_team","departed","Absent from official 2026/27 Transfermarkt squad"
"2026-09-30T13:24:36.484Z","cmuihoy3o002vb23f8egwo6vd","FC Barcelona","cmuihw4460cj4sexpja4dbqjy","1066202","Eder Aller","DETACH","cmuihoy3o002vb23f8egwo6vd","FC Barcelona","","Unassigned (Detached)","first_team","departed","Absent from official 2026/27 Transfermarkt squad"
"2026-09-30T13:24:36.484Z","cmuihoy3o002vb23f8egwo6vd","FC Barcelona","cmuihvyqs062usexp2dgrq0ia","283170","Iñaki Peña","DETACH","cmuihoy3o002vb23f8egwo6vd","FC Barcelona","","Unassigned (Detached)","first_team","departed","Absent from official 2026/27 Transfermarkt squad"
"2026-09-30T13:24:36.484Z","cmuihoy3o002vb23f8egwo6vd","FC Barcelona","cmuihw3fb0buzsexp1fp9wgz6","938144","Diego Kochen","DETACH","cmuihoy3o002vb23f8egwo6vd","FC Barcelona","","Unassigned (Detached)","first_team","departed","Absent from official 2026/27 Transfermarkt squad"
"2026-09-30T13:24:36.484Z","cmuihoy3o002vb23f8egwo6vd","FC Barcelona","cmuihw43y0cecsexpynmi2300","1050120","Guille Fernández","DETACH","cmuihoy3o002vb23f8egwo6vd","FC Barcelona","","Unassigned (Detached)","first_team","departed","Absent from official 2026/27 Transfermarkt squad"
"2026-09-30T13:24:38.510Z","cmuihotfm002nb23fe7004xbm","Atlético de Madrid","cmuihvy6j05m7sexp65fjys1l","250845","José María Giménez","DETACH","cmuihotfm002nb23fe7004xbm","Atlético de Madrid","","Unassigned (Detached)","first_team","departed","Absent from official 2026/27 Transfermarkt squad"
"2026-09-30T13:24:38.510Z","cmuihotfm002nb23fe7004xbm","Atlético de Madrid","cmuihw2pz0aunsexptd6junw4","741253","Javier Boñar","DETACH","cmuihotfm002nb23fe7004xbm","Atlético de Madrid","","Unassigned (Detached)","first_team","departed","Absent from official 2026/27 Transfermarkt squad"
"2026-09-30T13:24:38.510Z","cmuihotfm002nb23fe7004xbm","Atlético de Madrid","cmuihw3fd0bwysexptv4n9f4s","945753","Julio Díaz","DETACH","cmuihotfm002nb23fe7004xbm","Atlético de Madrid","","Unassigned (Detached)","first_team","departed","Absent from official 2026/27 Transfermarkt squad"
"2026-09-30T13:24:38.510Z","cmuihotfm002nb23fe7004xbm","Atlético de Madrid","cmuihvzwu082lsexpxf17wm1k","424042","Nahuel Molina","DETACH","cmuihotfm002nb23fe7004xbm","Atlético de Madrid","","Unassigned (Detached)","first_team","departed","Absent from official 2026/27 Transfermarkt squad"
"2026-09-30T13:24:38.510Z","cmuihotfm002nb23fe7004xbm","Atlético de Madrid","cmuihw24409trsexp5uycayhm","614988","Ilias Kostis","DETACH","cmuihotfm002nb23fe7004xbm","Atlético de Madrid","","Unassigned (Detached)","first_team","departed","Absent from official 2026/27 Transfermarkt squad"
"2026-09-30T13:24:38.510Z","cmuihotfm002nb23fe7004xbm","Atlético de Madrid","cmuihw24p0aansexppg36p6bm","668177","Javi Serrano","DETACH","cmuihotfm002nb23fe7004xbm","Atlético de Madrid","","Unassigned (Detached)","first_team","departed","Absent from official 2026/27 Transfermarkt squad"
"2026-09-30T13:24:38.510Z","cmuihotfm002nb23fe7004xbm","Atlético de Madrid","cmuihw2pj0aigsexp1vf075zj","699233","Aleksa Puric","DETACH","cmuihotfm002nb23fe7004xbm","Atlético de Madrid","","Unassigned (Detached)","first_team","departed","Absent from official 2026/27 Transfermarkt squad"
"2026-09-30T13:24:38.510Z","cmuihotfm002nb23fe7004xbm","Atlético de Madrid","cmuihw2pt0ap7sexpyfoe8u8y","717952","Mario de Luis","DETACH","cmuihotfm002nb23fe7004xbm","Atlético de Madrid","","Unassigned (Detached)","first_team","departed","Absent from official 2026/27 Transfermarkt squad"
"2026-09-30T13:24:38.510Z","cmuihotfm002nb23fe7004xbm","Atlético de Madrid","cmuihw4r90cugsexpmobpdv8j","1158985","Gerónimo Spina","DETACH","cmuihotfm002nb23fe7004xbm","Atlético de Madrid","","Unassigned (Detached)","first_team","departed","Absent from official 2026/27 Transfermarkt squad"
"2026-09-30T13:24:38.510Z","cmuihotfm002nb23fe7004xbm","Atlético de Madrid","cmuihw3fd0bwusexpfbtxk1ro","945500","Rayane Belaid","DETACH","cmuihotfm002nb23fe7004xbm","Atlético de Madrid","","Unassigned (Detached)","first_team","departed","Absent from official 2026/27 Transfermarkt squad"
"2026-09-30T13:24:38.510Z","cmuihotfm002nb23fe7004xbm","Atlético de Madrid","cmuihw4rf0cx6sexpl6tqduhh","1179482","Iker Luque","DETACH","cmuihotfm002nb23fe7004xbm","Atlético de Madrid","","Unassigned (Detached)","first_team","departed","Absent from official 2026/27 Transfermarkt squad"
"2026-09-30T13:24:38.510Z","cmuihotfm002nb23fe7004xbm","Atlético de Madrid","cmuihvy6f05hosexpgb5xq0e0","242359","Juan Musso","ATTACH","","Unassigned","cmuihotfm002nb23fe7004xbm","Atlético de Madrid","departed","first_team","Confirmed in 2026/27 squad (Goalkeeper, TM 242359)"
"2026-09-30T13:24:38.510Z","cmuihotfm002nb23fe7004xbm","Atlético de Madrid","cmuihvzbi0776sexp57a41jij","355915","Cristian Romero","ATTACH","","Unassigned","cmuihotfm002nb23fe7004xbm","Atlético de Madrid","departed","first_team","Confirmed in 2026/27 squad (Centre-Back, TM 355915)"
"2026-09-30T13:24:38.510Z","cmuihotfm002nb23fe7004xbm","Atlético de Madrid","cmuihvzwg07ucsexp2c86h4tf","404418","Dávid Hancko","ATTACH","","Unassigned","cmuihotfm002nb23fe7004xbm","Atlético de Madrid","departed","first_team","Confirmed in 2026/27 squad (Centre-Back, TM 404418)"
"2026-09-30T13:24:38.510Z","cmuihotfm002nb23fe7004xbm","Atlético de Madrid","cmuihw3ek0bbdsexphs6pydgv","844637","Marc Pubill","ATTACH","","Unassigned","cmuihotfm002nb23fe7004xbm","Atlético de Madrid","departed","first_team","Confirmed in 2026/27 squad (Centre-Back, TM 844637)"
"2026-09-30T13:24:38.510Z","cmuihotfm002nb23fe7004xbm","Atlético de Madrid","cmuihw43e0bzxsexpwqyb1c0n","961297","Rodrigo Mendoza","ATTACH","","Unassigned","cmuihotfm002nb23fe7004xbm","Atlético de Madrid","departed","first_team","Confirmed in 2026/27 squad (Central Midfield, TM 961297)"
"2026-09-30T13:24:38.510Z","cmuihotfm002nb23fe7004xbm","Atlético de Madrid","cmuihw2pg0afjsexpjncw125t","689505","Johnny Cardoso","ATTACH","","Unassigned","cmuihotfm002nb23fe7004xbm","Atlético de Madrid","departed","first_team","Confirmed in 2026/27 squad (Central Midfield, TM 689505)"
"2026-09-30T13:24:38.510Z","cmuihotfm002nb23fe7004xbm","Atlético de Madrid","cmuihw3eu0bidsexpn138fhqj","889435","Obed Vargas","ATTACH","","Unassigned","cmuihotfm002nb23fe7004xbm","Atlético de Madrid","departed","first_team","Confirmed in 2026/27 squad (Central Midfield, TM 889435)"
"2026-09-30T13:24:38.510Z","cmuihotfm002nb23fe7004xbm","Atlético de Madrid","cmuihw1d0097usexp6sfpu5k0","548111","Álex Baena","ATTACH","","Unassigned","cmuihotfm002nb23fe7004xbm","Atlético de Madrid","departed","first_team","Confirmed in 2026/27 squad (Left Winger, TM 548111)"
"2026-09-30T13:24:38.510Z","cmuihotfm002nb23fe7004xbm","Atlético de Madrid","cmuihvzwi07v4sexpmq710sni","406040","Ademola Lookman","ATTACH","","Unassigned","cmuihotfm002nb23fe7004xbm","Atlético de Madrid","departed","first_team","Confirmed in 2026/27 squad (Left Winger, TM 406040)"
"2026-09-30T13:24:38.510Z","cmuihotfm002nb23fe7004xbm","Atlético de Madrid","cmuihvxg304o0sexpa3b2wd89","193082","Alejandro Grimaldo","REASSIGN","cmuihpzti003xh29ejh2oa78u","Bayer 04 Leverkusen","cmuihotfm002nb23fe7004xbm","Atlético de Madrid","first_team","first_team","Transferred from Bayer 04 Leverkusen to Atlético de Madrid (TM 193082)"
"2026-09-30T13:24:38.510Z","cmuihotfm002nb23fe7004xbm","Atlético de Madrid","cmuihw0jk08elsexpa48tpb2h","461496","Morten Hjulmand","REASSIGN","cmuihq6jo007lh29e9jpaabxs","Sporting CP","cmuihotfm002nb23fe7004xbm","Atlético de Madrid","first_team","first_team","Transferred from Sporting CP to Atlético de Madrid (TM 461496)"
"2026-09-30T13:24:38.510Z","cmuihotfm002nb23fe7004xbm","Atlético de Madrid","cmuihw1bw091wsexpvxy4owd9","533738","Jonathan David","REASSIGN","cmuihqb7i00a9h29e7t17vakf","Juventus FC","cmuihotfm002nb23fe7004xbm","Atlético de Madrid","first_team","first_team","Transferred from Juventus FC to Atlético de Madrid (TM 533738)"
"2026-09-30T13:24:38.510Z","cmuihotfm002nb23fe7004xbm","Atlético de Madrid","cmuo50a8k0004gffh2t6z17jd","1460961","Jorge Domínguez","CREATE","","None (New Player)","cmuihotfm002nb23fe7004xbm","Atlético de Madrid","","first_team","Created from official 2026/27 squad (Centre-Back, TM 1460961)"
"2026-09-30T13:24:38.510Z","cmuihotfm002nb23fe7004xbm","Atlético de Madrid","cmuo50ad50006gffh2ioy6d5k","802046","Arnau Ortiz","CREATE","","None (New Player)","cmuihotfm002nb23fe7004xbm","Atlético de Madrid","","first_team","Created from official 2026/27 squad (Left Winger, TM 802046)"
"2026-09-30T13:24:41.712Z","cmuihnwfv0011b23f8wv3zc51","Villarreal CF","cmuihvzb506ybsexp9b486t8e","341713","Diego Conde","DETACH","cmuihnwfv0011b23f8wv3zc51","Villarreal CF","","Unassigned (Detached)","first_team","departed","Absent from official 2026/27 Transfermarkt squad"
"2026-09-30T13:24:41.712Z","cmuihnwfv0011b23f8wv3zc51","Villarreal CF","cmuihw2q80azpsexpofaa22sm","780630","Willy Kambwala","DETACH","cmuihnwfv0011b23f8wv3zc51","Villarreal CF","","Unassigned (Detached)","first_team","departed","Absent from official 2026/27 Transfermarkt squad"
"2026-09-30T13:24:41.712Z","cmuihnwfv0011b23f8wv3zc51","Villarreal CF","cmuihw2q80azysexpvr3hndsf","783396","Ramón Terrats","DETACH","cmuihnwfv0011b23f8wv3zc51","Villarreal CF","","Unassigned (Detached)","first_team","departed","Absent from official 2026/27 Transfermarkt squad"
"2026-09-30T13:24:41.712Z","cmuihnwfv0011b23f8wv3zc51","Villarreal CF","cmuihw0jp08h2sexpvu3vlw5z","466783","Arnau Tenas","DETACH","cmuihnwfv0011b23f8wv3zc51","Villarreal CF","","Unassigned (Detached)","first_team","departed","Absent from official 2026/27 Transfermarkt squad"
"2026-09-30T13:24:41.712Z","cmuihnwfv0011b23f8wv3zc51","Villarreal CF","cmuihw0jp08h9sexplfnru5ff","466807","Adrià Altimira","DETACH","cmuihnwfv0011b23f8wv3zc51","Villarreal CF","","Unassigned (Detached)","first_team","departed","Absent from official 2026/27 Transfermarkt squad"
"2026-09-30T13:24:41.712Z","cmuihnwfv0011b23f8wv3zc51","Villarreal CF","cmuihw2pr0amrsexpqbvl1nm0","709380","Álex Forés","DETACH","cmuihnwfv0011b23f8wv3zc51","Villarreal CF","","Unassigned (Detached)","first_team","departed","Absent from official 2026/27 Transfermarkt squad"
"2026-09-30T13:24:41.712Z","cmuihnwfv0011b23f8wv3zc51","Villarreal CF","cmuihw4r00cresexpk3qvw00h","1127730","Thiago Fernández","DETACH","cmuihnwfv0011b23f8wv3zc51","Villarreal CF","","Unassigned (Detached)","first_team","departed","Absent from official 2026/27 Transfermarkt squad"
"2026-09-30T13:24:41.712Z","cmuihnwfv0011b23f8wv3zc51","Villarreal CF","cmuihw4rv0d46sexp8ywy240j","1305564","Jean Ives Valou","DETACH","cmuihnwfv0011b23f8wv3zc51","Villarreal CF","","Unassigned (Detached)","first_team","departed","Absent from official 2026/27 Transfermarkt squad"
"2026-09-30T13:24:41.712Z","cmuihnwfv0011b23f8wv3zc51","Villarreal CF","cmuihw4st0d7hsexpanrrvwze","1453066","Carlos Macià","ATTACH","","Unassigned","cmuihnwfv0011b23f8wv3zc51","Villarreal CF","departed","first_team","Confirmed in 2026/27 squad (Central Midfield, TM 1453066)"
"2026-09-30T13:24:41.712Z","cmuihnwfv0011b23f8wv3zc51","Villarreal CF","cmuihvuxr028ysexpnlk3f45l","57071","Péter Gulácsi","REASSIGN","cmuihq1z60055h29emzy2ewj7","RB Leipzig","cmuihnwfv0011b23f8wv3zc51","Villarreal CF","first_team","first_team","Transferred from RB Leipzig to Villarreal CF (TM 57071)"
"2026-09-30T13:24:41.712Z","cmuihnwfv0011b23f8wv3zc51","Villarreal CF","cmuo50c6d0009gffhq9xlhjib","842420","Nathan Saliba","CREATE","","None (New Player)","cmuihnwfv0011b23f8wv3zc51","Villarreal CF","","first_team","Created from official 2026/27 squad (Central Midfield, TM 842420)"
"2026-09-30T13:24:44.415Z","cmuihqdop00bfh29ezli7oevn","Real Sociedad","cmuihvyr806g2sexp3em6sg5w","309110","Brais Méndez","DETACH","cmuihqdop00bfh29ezli7oevn","Real Sociedad","","Unassigned (Detached)","first_team","departed","Absent from official 2026/27 Transfermarkt squad"
"2026-09-30T13:24:44.415Z","cmuihqdop00bfh29ezli7oevn","Real Sociedad","cmuihw3f00bngsexpcy1xmppm","915258","Kazunari Kita","DETACH","cmuihqdop00bfh29ezli7oevn","Real Sociedad","","Unassigned (Detached)","first_team","departed","Absent from official 2026/27 Transfermarkt squad"
"2026-09-30T13:24:44.415Z","cmuihqdop00bfh29ezli7oevn","Real Sociedad","cmuihw3fb0bussexpe2vmdkzg","937945","Dani Díaz","DETACH","cmuihqdop00bfh29ezli7oevn","Real Sociedad","","Unassigned (Detached)","first_team","departed","Absent from official 2026/27 Transfermarkt squad"
"2026-09-30T13:24:44.415Z","cmuihqdop00bfh29ezli7oevn","Real Sociedad","cmuihw1dg09eosexp7cmr0z2n","568158","Javi López","DETACH","cmuihqdop00bfh29ezli7oevn","Real Sociedad","","Unassigned (Detached)","first_team","departed","Absent from official 2026/27 Transfermarkt squad"
"2026-09-30T13:24:44.415Z","cmuihqdop00bfh29ezli7oevn","Real Sociedad","cmuihw24p0ab1sexposlnnsph","668313","Aitor Fraga","DETACH","cmuihqdop00bfh29ezli7oevn","Real Sociedad","","Unassigned (Detached)","first_team","departed","Absent from official 2026/27 Transfermarkt squad"
"2026-09-30T13:24:44.415Z","cmuihqdop00bfh29ezli7oevn","Real Sociedad","cmuihw2pq0amnsexpdkoxh8il","709215","Mikel Goti","DETACH","cmuihqdop00bfh29ezli7oevn","Real Sociedad","","Unassigned (Detached)","first_team","departed","Absent from official 2026/27 Transfermarkt squad"
"2026-09-30T13:24:44.415Z","cmuihqdop00bfh29ezli7oevn","Real Sociedad","cmuihw2ps0anwsexp5k6h4rq0","711382","Jon Karrikaburu","DETACH","cmuihqdop00bfh29ezli7oevn","Real Sociedad","","Unassigned (Detached)","first_team","departed","Absent from official 2026/27 Transfermarkt squad"
"2026-09-30T13:24:44.415Z","cmuihqdop00bfh29ezli7oevn","Real Sociedad","cmuihw43f0c09sexpz5z44h5o","962145","Arkaitz Mariezkurrena","DETACH","cmuihqdop00bfh29ezli7oevn","Real Sociedad","","Unassigned (Detached)","first_team","departed","Absent from official 2026/27 Transfermarkt squad"
"2026-09-30T13:24:44.415Z","cmuihqdop00bfh29ezli7oevn","Real Sociedad","cmuihw43h0c2nsexpkymx0c4u","979325","Alex Lebarbier","DETACH","cmuihqdop00bfh29ezli7oevn","Real Sociedad","","Unassigned (Detached)","first_team","departed","Absent from official 2026/27 Transfermarkt squad"
"2026-09-30T13:24:44.415Z","cmuihqdop00bfh29ezli7oevn","Real Sociedad","cmuihw43f0c0jsexpi10dcjc6","964190","Luken Beitia","DETACH","cmuihqdop00bfh29ezli7oevn","Real Sociedad","","Unassigned (Detached)","first_team","departed","Absent from official 2026/27 Transfermarkt squad"
"2026-09-30T13:24:44.415Z","cmuihqdop00bfh29ezli7oevn","Real Sociedad","cmuihw43z0cfqsexpml1v6uhv","1055860","Iñaki Rupérez","DETACH","cmuihqdop00bfh29ezli7oevn","Real Sociedad","","Unassigned (Detached)","first_team","departed","Absent from official 2026/27 Transfermarkt squad"
"2026-09-30T13:24:44.415Z","cmuihqdop00bfh29ezli7oevn","Real Sociedad","cmuihw4430ci3sexps65cai21","1063598","Gorka Carrera","DETACH","cmuihqdop00bfh29ezli7oevn","Real Sociedad","","Unassigned (Detached)","first_team","departed","Absent from official 2026/27 Transfermarkt squad"
"2026-09-30T13:24:44.415Z","cmuihqdop00bfh29ezli7oevn","Real Sociedad","cmuihw4rf0cx2sexptll1njkn","1178818","Theo Folgado","DETACH","cmuihqdop00bfh29ezli7oevn","Real Sociedad","","Unassigned (Detached)","first_team","departed","Absent from official 2026/27 Transfermarkt squad"
"2026-09-30T13:24:44.415Z","cmuihqdop00bfh29ezli7oevn","Real Sociedad","cmuihw4rk0czqsexpjhvktmay","1201530","Alex Marchal","DETACH","cmuihqdop00bfh29ezli7oevn","Real Sociedad","","Unassigned (Detached)","first_team","departed","Absent from official 2026/27 Transfermarkt squad"
"2026-09-30T13:24:44.415Z","cmuihqdop00bfh29ezli7oevn","Real Sociedad","cmuihw4rt0d37sexpo53hqt5t","1283968","Tomy Carbonell","DETACH","cmuihqdop00bfh29ezli7oevn","Real Sociedad","","Unassigned (Detached)","first_team","departed","Absent from official 2026/27 Transfermarkt squad"
"2026-09-30T13:24:44.415Z","cmuihqdop00bfh29ezli7oevn","Real Sociedad","cmuihw3ez0bmgsexpl2afds0e","910905","Mamadou Sarr","ATTACH","","Unassigned","cmuihqdop00bfh29ezli7oevn","Real Sociedad","departed","first_team","Confirmed in 2026/27 squad (Centre-Back, TM 910905)"
"2026-09-30T13:24:44.415Z","cmuihqdop00bfh29ezli7oevn","Real Sociedad","cmuihw3fb0buvsexpzmkw039q","937955","Héctor Fort","ATTACH","","Unassigned","cmuihqdop00bfh29ezli7oevn","Real Sociedad","departed","first_team","Confirmed in 2026/27 squad (Right-Back, TM 937955)"
"2026-09-30T13:24:47.521Z","cmuihpzzw003zh29esiigzvql","Real Betis Balompié","cmuihvvvo02zqsexpwhautq88","86784","Ricardo Rodríguez","DETACH","cmuihpzzw003zh29esiigzvql","Real Betis Balompié","","Unassigned (Detached)","first_team","departed","Absent from official 2026/27 Transfermarkt squad"
"2026-09-30T13:24:47.521Z","cmuihpzzw003zh29esiigzvql","Real Betis Balompié","cmuihvwri03m8sexpvdi6orcg","127048","Cédric Bakambu","DETACH","cmuihpzzw003zh29esiigzvql","Real Betis Balompié","","Unassigned (Detached)","first_team","departed","Absent from official 2026/27 Transfermarkt squad"
"2026-09-30T13:24:47.521Z","cmuihpzzw003zh29esiigzvql","Real Betis Balompié","cmuihvxfi048qsexpwf1yx0if","167721","Chimy Ávila","DETACH","cmuihpzzw003zh29esiigzvql","Real Betis Balompié","","Unassigned (Detached)","first_team","departed","Absent from official 2026/27 Transfermarkt squad"
"2026-09-30T13:24:47.521Z","cmuihpzzw003zh29esiigzvql","Real Betis Balompié","cmuihw43z0cfbsexp1eoqcfra","1054909","Pablo Busto","DETACH","cmuihpzzw003zh29esiigzvql","Real Betis Balompié","","Unassigned (Detached)","first_team","departed","Absent from official 2026/27 Transfermarkt squad"
"2026-09-30T13:24:47.521Z","cmuihpzzw003zh29esiigzvql","Real Betis Balompié","cmuihw0jp08h5sexp3bxvky53","466801","Sergi Altimira","DETACH","cmuihpzzw003zh29esiigzvql","Real Betis Balompié","","Unassigned (Detached)","first_team","departed","Absent from official 2026/27 Transfermarkt squad"
"2026-09-30T13:24:47.521Z","cmuihpzzw003zh29esiigzvql","Real Betis Balompié","cmuihw43e0c00sexpg4qowctu","961945","Félix Garreta","DETACH","cmuihpzzw003zh29esiigzvql","Real Betis Balompié","","Unassigned (Detached)","first_team","departed","Absent from official 2026/27 Transfermarkt squad"
"2026-09-30T13:24:47.521Z","cmuihpzzw003zh29esiigzvql","Real Betis Balompié","cmuihw3ew0bjwsexp0mgv7erz","895331","Dani Pérez","DETACH","cmuihpzzw003zh29esiigzvql","Real Betis Balompié","","Unassigned (Detached)","first_team","departed","Absent from official 2026/27 Transfermarkt squad"
"2026-09-30T13:24:47.521Z","cmuihpzzw003zh29esiigzvql","Real Betis Balompié","cmuihw43g0c1rsexplguo9pl6","972730","Mawuli Mensah","DETACH","cmuihpzzw003zh29esiigzvql","Real Betis Balompié","","Unassigned (Detached)","first_team","departed","Absent from official 2026/27 Transfermarkt squad"
"2026-09-30T13:24:47.521Z","cmuihpzzw003zh29esiigzvql","Real Betis Balompié","cmuihw43y0cejsexpp3qq1qcv","1052283","Darling Bladi","DETACH","cmuihpzzw003zh29esiigzvql","Real Betis Balompié","","Unassigned (Detached)","first_team","departed","Absent from official 2026/27 Transfermarkt squad"
"2026-09-30T13:24:47.521Z","cmuihpzzw003zh29esiigzvql","Real Betis Balompié","cmuihw4420ch6sexpiqz0z8dk","1061277","Germán García","DETACH","cmuihpzzw003zh29esiigzvql","Real Betis Balompié","","Unassigned (Detached)","first_team","departed","Absent from official 2026/27 Transfermarkt squad"
"2026-09-30T13:24:47.521Z","cmuihpzzw003zh29esiigzvql","Real Betis Balompié","cmuihvzwp0801sexp2c9noeyp","417913","Álvaro Valles","ATTACH","","Unassigned","cmuihpzzw003zh29esiigzvql","Real Betis Balompié","departed","first_team","Confirmed in 2026/27 squad (Goalkeeper, TM 417913)"
"2026-09-30T13:24:47.521Z","cmuihpzzw003zh29esiigzvql","Real Betis Balompié","cmuihvzb506ybsexp9b486t8e","341713","Diego Conde","ATTACH","","Unassigned","cmuihpzzw003zh29esiigzvql","Real Betis Balompié","departed","first_team","Confirmed in 2026/27 squad (Goalkeeper, TM 341713)"
"2026-09-30T13:24:47.521Z","cmuihpzzw003zh29esiigzvql","Real Betis Balompié","cmuihw2py0atcsexp0cy8isv5","735568","Natan","ATTACH","","Unassigned","cmuihpzzw003zh29esiigzvql","Real Betis Balompié","departed","first_team","Confirmed in 2026/27 squad (Centre-Back, TM 735568)"
"2026-09-30T13:24:47.521Z","cmuihpzzw003zh29esiigzvql","Real Betis Balompié","cmuihw43j0c47sexp5zqp2r3r","985383","Valentín Gómez","ATTACH","","Unassigned","cmuihpzzw003zh29esiigzvql","Real Betis Balompié","departed","first_team","Confirmed in 2026/27 squad (Centre-Back, TM 985383)"
"2026-09-30T13:24:47.521Z","cmuihpzzw003zh29esiigzvql","Real Betis Balompié","cmuihvzvt07f4sexpf3ng92nz","374139","Junior Firpo","ATTACH","","Unassigned","cmuihpzzw003zh29esiigzvql","Real Betis Balompié","departed","first_team","Confirmed in 2026/27 squad (Left-Back, TM 374139)"
"2026-09-30T13:24:47.521Z","cmuihpzzw003zh29esiigzvql","Real Betis Balompié","cmuihw3ez0bm0sexpw7nq6g8p","907559","Nelson Deossa","ATTACH","","Unassigned","cmuihpzzw003zh29esiigzvql","Real Betis Balompié","departed","first_team","Confirmed in 2026/27 squad (Central Midfield, TM 907559)"
"2026-09-30T13:24:47.521Z","cmuihpzzw003zh29esiigzvql","Real Betis Balompié","cmuihw24c0a00sexpqns2qnhb","632741","Iker Losada","ATTACH","","Unassigned","cmuihpzzw003zh29esiigzvql","Real Betis Balompié","departed","first_team","Confirmed in 2026/27 squad (Attacking Midfield, TM 632741)"
"2026-09-30T13:24:47.521Z","cmuihpzzw003zh29esiigzvql","Real Betis Balompié","cmuihw0jk08essexp6ik416nd","461617","Rodrigo Riquelme","ATTACH","","Unassigned","cmuihpzzw003zh29esiigzvql","Real Betis Balompié","departed","first_team","Confirmed in 2026/27 squad (Left Winger, TM 461617)"
"2026-09-30T13:24:47.521Z","cmuihpzzw003zh29esiigzvql","Real Betis Balompié","cmuihw23z09p5sexpxhi3v365","602105","Antony","ATTACH","","Unassigned","cmuihpzzw003zh29esiigzvql","Real Betis Balompié","departed","first_team","Confirmed in 2026/27 squad (Right Winger, TM 602105)"
"2026-09-30T13:24:47.521Z","cmuihpzzw003zh29esiigzvql","Real Betis Balompié","cmuihw1d6099fsexpx44h98po","552655","Troy Parrott","REASSIGN","cmuiho33d001db23ffg0co70a","AZ Alkmaar","cmuihpzzw003zh29esiigzvql","Real Betis Balompié","first_team","first_team","Transferred from AZ Alkmaar to Real Betis Balompié (TM 552655)"
"2026-09-30T13:24:47.521Z","cmuihpzzw003zh29esiigzvql","Real Betis Balompié","cmuo50gtl000dgffhh0wi1r2f","898350","Facundo Bernal","CREATE","","None (New Player)","cmuihpzzw003zh29esiigzvql","Real Betis Balompié","","first_team","Created from official 2026/27 squad (Defensive Midfield, TM 898350)"
"2026-09-30T13:24:47.521Z","cmuihpzzw003zh29esiigzvql","Real Betis Balompié","cmuo50gy7000fgffhgp355fcq","261503","Álvaro Fidalgo","CREATE","","None (New Player)","cmuihpzzw003zh29esiigzvql","Real Betis Balompié","","first_team","Created from official 2026/27 squad (Central Midfield, TM 261503)"
"2026-09-30T13:24:51.529Z","cmuihqcpi00azh29e0ihjlfsq","Athletic Bilbao","cmuihvyqx067dsexp4oz087qa","289255","Andoni Gorosabel","DETACH","cmuihqcpi00azh29e0ihjlfsq","Athletic Bilbao","","Unassigned (Detached)","first_team","departed","Absent from official 2026/27 Transfermarkt squad"
"2026-09-30T13:24:51.529Z","cmuihqcpi00azh29e0ihjlfsq","Athletic Bilbao","cmuihvyr606dusexptf3b2qeq","300168","Mikel Vesga","DETACH","cmuihqcpi00azh29e0ihjlfsq","Athletic Bilbao","","Unassigned (Detached)","first_team","departed","Absent from official 2026/27 Transfermarkt squad"
"2026-09-30T13:24:51.529Z","cmuihqcpi00azh29e0ihjlfsq","Athletic Bilbao","cmuihw3ei0ba8sexp4swuvocx","834752","Unai Gómez","DETACH","cmuihqcpi00azh29e0ihjlfsq","Athletic Bilbao","","Unassigned (Detached)","first_team","departed","Absent from official 2026/27 Transfermarkt squad"
"2026-09-30T13:24:51.529Z","cmuihqcpi00azh29e0ihjlfsq","Athletic Bilbao","cmuihw2pr0anisexp6f4g2v51","710671","Adama Boiro","DETACH","cmuihqcpi00azh29e0ihjlfsq","Athletic Bilbao","","Unassigned (Detached)","first_team","departed","Absent from official 2026/27 Transfermarkt squad"
"2026-09-30T13:24:51.529Z","cmuihqcpi00azh29e0ihjlfsq","Athletic Bilbao","cmuihw43h0c2msexptfrgfgyl","979324","Eder García","DETACH","cmuihqcpi00azh29e0ihjlfsq","Athletic Bilbao","","Unassigned (Detached)","first_team","departed","Absent from official 2026/27 Transfermarkt squad"
"2026-09-30T13:24:51.529Z","cmuihqcpi00azh29e0ihjlfsq","Athletic Bilbao","cmuihw4400cg1sexp5qp234o1","1056956","Mikel Santos","DETACH","cmuihqcpi00azh29e0ihjlfsq","Athletic Bilbao","","Unassigned (Detached)","first_team","departed","Absent from official 2026/27 Transfermarkt squad"
"2026-09-30T13:24:51.529Z","cmuihqcpi00azh29e0ihjlfsq","Athletic Bilbao","cmuihw4400cg3sexp3svc640i","1056970","Asier Hierro","DETACH","cmuihqcpi00azh29e0ihjlfsq","Athletic Bilbao","","Unassigned (Detached)","first_team","departed","Absent from official 2026/27 Transfermarkt squad"
"2026-09-30T13:24:51.529Z","cmuihqcpi00azh29e0ihjlfsq","Athletic Bilbao","cmuihw3ei0ba2sexp0vhgzs23","834488","Aimar Duñabeitia","DETACH","cmuihqcpi00azh29e0ihjlfsq","Athletic Bilbao","","Unassigned (Detached)","first_team","departed","Absent from official 2026/27 Transfermarkt squad"
"2026-09-30T13:24:51.529Z","cmuihqcpi00azh29e0ihjlfsq","Athletic Bilbao","cmuihw3ey0blgsexpk5ts57sw","905015","Jon de Luis","DETACH","cmuihqcpi00azh29e0ihjlfsq","Athletic Bilbao","","Unassigned (Detached)","first_team","departed","Absent from official 2026/27 Transfermarkt squad"
"2026-09-30T13:24:51.529Z","cmuihqcpi00azh29e0ihjlfsq","Athletic Bilbao","cmuihw3fb0bvfsexpcc703i3f","938730","Ibon Sánchez","DETACH","cmuihqcpi00azh29e0ihjlfsq","Athletic Bilbao","","Unassigned (Detached)","first_team","departed","Absent from official 2026/27 Transfermarkt squad"
"2026-09-30T13:24:51.529Z","cmuihqcpi00azh29e0ihjlfsq","Athletic Bilbao","cmuihw4qz0cqwsexp3fkf1ngc","1120228","Endika Buján","DETACH","cmuihqcpi00azh29e0ihjlfsq","Athletic Bilbao","","Unassigned (Detached)","first_team","departed","Absent from official 2026/27 Transfermarkt squad"
"2026-09-30T13:24:51.529Z","cmuihqcpi00azh29e0ihjlfsq","Athletic Bilbao","cmuihw4qz0cr6sexpgt3gcqti","1124051","Iker Monreal","DETACH","cmuihqcpi00azh29e0ihjlfsq","Athletic Bilbao","","Unassigned (Detached)","first_team","departed","Absent from official 2026/27 Transfermarkt squad"
"2026-09-30T13:24:51.529Z","cmuihqcpi00azh29e0ihjlfsq","Athletic Bilbao","cmuihw4rh0cyisexp81mgj6zp","1189292","Ander Izagirre","DETACH","cmuihqcpi00azh29e0ihjlfsq","Athletic Bilbao","","Unassigned (Detached)","first_team","departed","Absent from official 2026/27 Transfermarkt squad"
"2026-09-30T13:24:51.529Z","cmuihqcpi00azh29e0ihjlfsq","Athletic Bilbao","cmuihw3ei0b9ysexpv29r5ay6","834483","Álex Padilla","ATTACH","","Unassigned","cmuihqcpi00azh29e0ihjlfsq","Athletic Bilbao","departed","first_team","Confirmed in 2026/27 squad (Goalkeeper, TM 834483)"
"2026-09-30T13:24:51.529Z","cmuihqcpi00azh29e0ihjlfsq","Athletic Bilbao","cmuihvxfp04dusexphnt1w7m7","176553","Aymeric Laporte","ATTACH","","Unassigned","cmuihqcpi00azh29e0ihjlfsq","Athletic Bilbao","departed","first_team","Confirmed in 2026/27 squad (Centre-Back, TM 176553)"
"2026-09-30T13:24:51.529Z","cmuihqcpi00azh29e0ihjlfsq","Athletic Bilbao","cmuihw3ei0b9zsexpxg63tz70","834485","Unai Egiluz","ATTACH","","Unassigned","cmuihqcpi00azh29e0ihjlfsq","Athletic Bilbao","departed","first_team","Confirmed in 2026/27 squad (Centre-Back, TM 834485)"
"2026-09-30T13:24:51.529Z","cmuihqcpi00azh29e0ihjlfsq","Athletic Bilbao","cmuihw3f50bq2sexp9ljjx0e1","926766","Johaneko Louis-Jean","ATTACH","","Unassigned","cmuihqcpi00azh29e0ihjlfsq","Athletic Bilbao","departed","first_team","Confirmed in 2026/27 squad (Left-Back, TM 926766)"
"2026-09-30T13:24:51.529Z","cmuihqcpi00azh29e0ihjlfsq","Athletic Bilbao","cmuihw0k508otsexpeqgt5ri8","488626","Jesús Areso","ATTACH","","Unassigned","cmuihqcpi00azh29e0ihjlfsq","Athletic Bilbao","departed","first_team","Confirmed in 2026/27 squad (Right-Back, TM 488626)"
"2026-09-30T13:24:51.529Z","cmuihqcpi00azh29e0ihjlfsq","Athletic Bilbao","cmuihw3ei0ba1sexpqh8m99sr","834487","Hugo Rincón","ATTACH","","Unassigned","cmuihqcpi00azh29e0ihjlfsq","Athletic Bilbao","departed","first_team","Confirmed in 2026/27 squad (Right-Back, TM 834487)"
"2026-09-30T13:24:51.529Z","cmuihqcpi00azh29e0ihjlfsq","Athletic Bilbao","cmuihw3ei0ba3sexppbp0azye","834491","Alejandro Rego","ATTACH","","Unassigned","cmuihqcpi00azh29e0ihjlfsq","Athletic Bilbao","departed","first_team","Confirmed in 2026/27 squad (Central Midfield, TM 834491)"
"2026-09-30T13:24:51.529Z","cmuihqcpi00azh29e0ihjlfsq","Athletic Bilbao","cmuihw4400cg2sexpu9laqfvc","1056966","Peio Canales","ATTACH","","Unassigned","cmuihqcpi00azh29e0ihjlfsq","Athletic Bilbao","departed","first_team","Confirmed in 2026/27 squad (Attacking Midfield, TM 1056966)"
"2026-09-30T13:24:51.529Z","cmuihqcpi00azh29e0ihjlfsq","Athletic Bilbao","cmuihw24r0acesexp5vae32ef","671649","Álvaro Djaló","ATTACH","","Unassigned","cmuihqcpi00azh29e0ihjlfsq","Athletic Bilbao","departed","first_team","Confirmed in 2026/27 squad (Left Winger, TM 671649)"
"2026-09-30T13:24:51.529Z","cmuihqcpi00azh29e0ihjlfsq","Athletic Bilbao","cmuihw24p0aaqsexp4fsgxtka","668183","Nico Serrano","ATTACH","","Unassigned","cmuihqcpi00azh29e0ihjlfsq","Athletic Bilbao","departed","first_team","Confirmed in 2026/27 squad (Left Winger, TM 668183)"
"2026-09-30T13:24:51.529Z","cmuihqcpi00azh29e0ihjlfsq","Athletic Bilbao","cmuihw1dc09cisexp6ifjuqik","563137","Robert Navarro","ATTACH","","Unassigned","cmuihqcpi00azh29e0ihjlfsq","Athletic Bilbao","departed","first_team","Confirmed in 2026/27 squad (Right Winger, TM 563137)"
"2026-09-30T13:24:51.529Z","cmuihqcpi00azh29e0ihjlfsq","Athletic Bilbao","cmuo50jq8000igffhn4p5m6wc","709214","Beñat Gerenabarrena","CREATE","","None (New Player)","cmuihqcpi00azh29e0ihjlfsq","Athletic Bilbao","","first_team","Created from official 2026/27 squad (Central Midfield, TM 709214)"
"2026-09-30T13:24:56.055Z","cmuihqg9e00czh29eqgxwp7l7","Celta de Vigo","cmuihvwrt03vvsexpat4tiiby","143812","Matías Vecino","DETACH","cmuihqg9e00czh29eqgxwp7l7","Celta de Vigo","","Unassigned (Detached)","first_team","departed","Absent from official 2026/27 Transfermarkt squad"
"2026-09-30T13:24:56.055Z","cmuihqg9e00czh29eqgxwp7l7","Celta de Vigo","cmuihvyqi05wlsexp4af0d4yj","271455","Mihailo Ristic","DETACH","cmuihqg9e00czh29eqgxwp7l7","Celta de Vigo","","Unassigned (Detached)","first_team","departed","Absent from official 2026/27 Transfermarkt squad"
"2026-09-30T13:24:56.055Z","cmuihqg9e00czh29eqgxwp7l7","Celta de Vigo","cmuihvzb006uisexp9qk8xyvx","338285","Unai Núñez","DETACH","cmuihqg9e00czh29eqgxwp7l7","Celta de Vigo","","Unassigned (Detached)","first_team","departed","Absent from official 2026/27 Transfermarkt squad"
"2026-09-30T13:24:56.055Z","cmuihqg9e00czh29eqgxwp7l7","Celta de Vigo","cmuihvzb506xrsexpnhy9yuxw","341110","Franco Cervi","DETACH","cmuihqg9e00czh29eqgxwp7l7","Celta de Vigo","","Unassigned (Detached)","first_team","departed","Absent from official 2026/27 Transfermarkt squad"
"2026-09-30T13:24:56.055Z","cmuihqg9e00czh29eqgxwp7l7","Celta de Vigo","cmuihw1cv0961sexpbq90lm4x","541621","Marc Vidal","DETACH","cmuihqg9e00czh29eqgxwp7l7","Celta de Vigo","","Unassigned (Detached)","first_team","departed","Absent from official 2026/27 Transfermarkt squad"
"2026-09-30T13:24:56.055Z","cmuihqg9e00czh29eqgxwp7l7","Celta de Vigo","cmuihvzbk0790sexpfw9w9ilk","358250","Joseph Aidoo","DETACH","cmuihqg9e00czh29eqgxwp7l7","Celta de Vigo","","Unassigned (Detached)","first_team","departed","Absent from official 2026/27 Transfermarkt squad"
"2026-09-30T13:24:56.055Z","cmuihqg9e00czh29eqgxwp7l7","Celta de Vigo","cmuihw2pt0aoosexp1cmnzyuo","715628","Damián Rodríguez","DETACH","cmuihqg9e00czh29eqgxwp7l7","Celta de Vigo","","Unassigned (Detached)","first_team","departed","Absent from official 2026/27 Transfermarkt squad"
"2026-09-30T13:24:56.055Z","cmuihqg9e00czh29eqgxwp7l7","Celta de Vigo","cmuihw24609v9sexpdrx4yn82","618809","Manu Sánchez","DETACH","cmuihqg9e00czh29eqgxwp7l7","Celta de Vigo","","Unassigned (Detached)","first_team","departed","Absent from official 2026/27 Transfermarkt squad"
"2026-09-30T13:24:56.055Z","cmuihqg9e00czh29eqgxwp7l7","Celta de Vigo","cmuihw24e0a1bsexp3nc1t52b","636093","Carlos Domínguez","DETACH","cmuihqg9e00czh29eqgxwp7l7","Celta de Vigo","","Unassigned (Detached)","first_team","departed","Absent from official 2026/27 Transfermarkt squad"
"2026-09-30T13:24:56.055Z","cmuihqg9e00czh29eqgxwp7l7","Celta de Vigo","cmuihw24f0a1zsexp7jwq6fx7","638124","Manu Fernández","DETACH","cmuihqg9e00czh29eqgxwp7l7","Celta de Vigo","","Unassigned (Detached)","first_team","departed","Absent from official 2026/27 Transfermarkt squad"
"2026-09-30T13:24:56.055Z","cmuihqg9e00czh29eqgxwp7l7","Celta de Vigo","cmuihw3ev0bj9sexp3o19m47p","892221","Hugo Sotelo","DETACH","cmuihqg9e00czh29eqgxwp7l7","Celta de Vigo","","Unassigned (Detached)","first_team","departed","Absent from official 2026/27 Transfermarkt squad"
"2026-09-30T13:24:56.055Z","cmuihqg9e00czh29eqgxwp7l7","Celta de Vigo","cmuihw43o0c6lsexpzdcy8q60","996418","Pablo Meixús","DETACH","cmuihqg9e00czh29eqgxwp7l7","Celta de Vigo","","Unassigned (Detached)","first_team","departed","Absent from official 2026/27 Transfermarkt squad"
"2026-09-30T13:24:56.055Z","cmuihqg9e00czh29eqgxwp7l7","Celta de Vigo","cmuihvzav06sdsexposm6jo65","336077","Altay Bayındır","ATTACH","","Unassigned","cmuihqg9e00czh29eqgxwp7l7","Celta de Vigo","departed","first_team","Confirmed in 2026/27 squad (Goalkeeper, TM 336077)"
"2026-09-30T13:24:56.055Z","cmuihqg9e00czh29eqgxwp7l7","Celta de Vigo","cmuihw4rf0cxdsexpxerfqwyy","1182738","Abdoulaye Faye","REASSIGN","cmuihpzti003xh29ejh2oa78u","Bayer 04 Leverkusen","cmuihqg9e00czh29eqgxwp7l7","Celta de Vigo","first_team","first_team","Transferred from Bayer 04 Leverkusen to Celta de Vigo (TM 1182738)"
"2026-09-30T13:24:56.055Z","cmuihqg9e00czh29eqgxwp7l7","Celta de Vigo","cmuihw0j7089ksexpw97k7fom","448628","Javi Galán","REASSIGN","cmuihq61m0079h29efscx2qh5","CA Osasuna","cmuihqg9e00czh29eqgxwp7l7","Celta de Vigo","first_team","first_team","Transferred from CA Osasuna to Celta de Vigo (TM 448628)"
"2026-09-30T13:24:56.055Z","cmuihqg9e00czh29eqgxwp7l7","Celta de Vigo","cmuihw1eu09mosexpzm4eukdj","593837","Couhaib Driouech","REASSIGN","cmuihq7yg008dh29eacwmi5po","PSV Eindhoven","cmuihqg9e00czh29eqgxwp7l7","Celta de Vigo","first_team","first_team","Transferred from PSV Eindhoven to Celta de Vigo (TM 593837)"
"2026-09-30T13:24:56.055Z","cmuihqg9e00czh29eqgxwp7l7","Celta de Vigo","cmuo50ndt000lgffh5wrkq88a","532389","Sebastián Cáceres","CREATE","","None (New Player)","cmuihqg9e00czh29eqgxwp7l7","Celta de Vigo","","first_team","Created from official 2026/27 squad (Centre-Back, TM 532389)"
"2026-09-30T13:24:59.884Z","cmuihq7is0085h29ez260bgnc","Sevilla FC","cmuihvu5001qzsexpgvz836mr","40433","Alexis Sánchez","DETACH","cmuihq7is0085h29ez260bgnc","Sevilla FC","","Unassigned (Detached)","first_team","departed","Absent from official 2026/27 Transfermarkt squad"
"2026-09-30T13:24:59.884Z","cmuihq7is0085h29ez260bgnc","Sevilla FC","cmuihvxfp04efsexpr16v044k","177847","Adnan Januzaj","DETACH","cmuihq7is0085h29ez260bgnc","Sevilla FC","","Unassigned (Detached)","first_team","departed","Absent from official 2026/27 Transfermarkt squad"
"2026-09-30T13:24:59.884Z","cmuihq7is0085h29ez260bgnc","Sevilla FC","cmuihvy5u050csexpfkzkjhf5","212723","Djibril Sow","DETACH","cmuihq7is0085h29ez260bgnc","Sevilla FC","","Unassigned (Detached)","first_team","departed","Absent from official 2026/27 Transfermarkt squad"
"2026-09-30T13:24:59.884Z","cmuihq7is0085h29ez260bgnc","Sevilla FC","cmuihvyqf05tjsexpien4xvkc","263727","Joan Jordán","DETACH","cmuihq7is0085h29ez260bgnc","Sevilla FC","","Unassigned (Detached)","first_team","departed","Absent from official 2026/27 Transfermarkt squad"
"2026-09-30T13:24:59.884Z","cmuihq7is0085h29ez260bgnc","Sevilla FC","cmuihvzbl07absexpr2gr8nob","361254","Rafa Mir","DETACH","cmuihq7is0085h29ez260bgnc","Sevilla FC","","Unassigned (Detached)","first_team","departed","Absent from official 2026/27 Transfermarkt squad"
"2026-09-30T13:24:59.884Z","cmuihq7is0085h29ez260bgnc","Sevilla FC","cmuihw2q70ayosexpmhvkitrl","766552","Alberto Flores","DETACH","cmuihq7is0085h29ez260bgnc","Sevilla FC","","Unassigned (Detached)","first_team","departed","Absent from official 2026/27 Transfermarkt squad"
"2026-09-30T13:24:59.884Z","cmuihq7is0085h29ez260bgnc","Sevilla FC","cmuihw43v0cbtsexp14m58kgw","1032280","Oso","DETACH","cmuihq7is0085h29ez260bgnc","Sevilla FC","","Unassigned (Detached)","first_team","departed","Absent from official 2026/27 Transfermarkt squad"
"2026-09-30T13:24:59.884Z","cmuihq7is0085h29ez260bgnc","Sevilla FC","cmuihw0k808rjsexprylgh4j7","501418","Adrià Pedrosa","DETACH","cmuihq7is0085h29ez260bgnc","Sevilla FC","","Unassigned (Detached)","first_team","departed","Absent from official 2026/27 Transfermarkt squad"
"2026-09-30T13:24:59.884Z","cmuihq7is0085h29ez260bgnc","Sevilla FC","cmuihw1ct094msexppy24dn6z","538996","Tanguy Nianzou","DETACH","cmuihq7is0085h29ez260bgnc","Sevilla FC","","Unassigned (Detached)","first_team","departed","Absent from official 2026/27 Transfermarkt squad"
"2026-09-30T13:24:59.884Z","cmuihq7is0085h29ez260bgnc","Sevilla FC","cmuihw24109qwsexpx39ia496","607034","Akor Adams","DETACH","cmuihq7is0085h29ez260bgnc","Sevilla FC","","Unassigned (Detached)","first_team","departed","Absent from official 2026/27 Transfermarkt squad"
"2026-09-30T13:24:59.884Z","cmuihq7is0085h29ez260bgnc","Sevilla FC","cmuihw24m0a8isexpwawu3rof","660735","Federico Gattoni","DETACH","cmuihq7is0085h29ez260bgnc","Sevilla FC","","Unassigned (Detached)","first_team","departed","Absent from official 2026/27 Transfermarkt squad"
"2026-09-30T13:24:59.884Z","cmuihq7is0085h29ez260bgnc","Sevilla FC","cmuihw2qc0b2psexpivjumvwq","803003","Iker Muñoz","DETACH","cmuihq7is0085h29ez260bgnc","Sevilla FC","","Unassigned (Detached)","first_team","departed","Absent from official 2026/27 Transfermarkt squad"
"2026-09-30T13:24:59.884Z","cmuihq7is0085h29ez260bgnc","Sevilla FC","cmuihw4rc0cvesexpwpr43now","1166534","Álex Costa","DETACH","cmuihq7is0085h29ez260bgnc","Sevilla FC","","Unassigned (Detached)","first_team","departed","Absent from official 2026/27 Transfermarkt squad"
"2026-09-30T13:24:59.884Z","cmuihq7is0085h29ez260bgnc","Sevilla FC","cmuihvwre03j7sexp8rxy9dnn","124419","Odysseas Vlachodimos","ATTACH","","Unassigned","cmuihq7is0085h29ez260bgnc","Sevilla FC","departed","first_team","Confirmed in 2026/27 squad (Goalkeeper, TM 124419)"
"2026-09-30T13:24:59.884Z","cmuihq7is0085h29ez260bgnc","Sevilla FC","cmuihw2q70aywsexprwawahpr","768380","Arouna Sangante","ATTACH","","Unassigned","cmuihq7is0085h29ez260bgnc","Sevilla FC","departed","first_team","Confirmed in 2026/27 squad (Centre-Back, TM 768380)"
"2026-09-30T13:24:59.884Z","cmuihq7is0085h29ez260bgnc","Sevilla FC","cmuihw3fd0bwysexptv4n9f4s","945753","Julio Díaz","ATTACH","","Unassigned","cmuihq7is0085h29ez260bgnc","Sevilla FC","departed","first_team","Confirmed in 2026/27 squad (Left-Back, TM 945753)"
"2026-09-30T13:24:59.884Z","cmuihq7is0085h29ez260bgnc","Sevilla FC","cmuihw4ro0d1jsexp4zhjo6lu","1236856","Nico Guillén","ATTACH","","Unassigned","cmuihq7is0085h29ez260bgnc","Sevilla FC","departed","first_team","Confirmed in 2026/27 squad (Central Midfield, TM 1236856)"
"2026-09-30T13:24:59.884Z","cmuihq7is0085h29ez260bgnc","Sevilla FC","cmuihw0k008lesexpxm8vapt9","479648","Félix Correia","ATTACH","","Unassigned","cmuihq7is0085h29ez260bgnc","Sevilla FC","departed","first_team","Confirmed in 2026/27 squad (Left Winger, TM 479648)"
"2026-09-30T13:24:59.884Z","cmuihq7is0085h29ez260bgnc","Sevilla FC","cmuihw24k0a6isexp8uqdsab4","655012","Lucas Stassin","ATTACH","","Unassigned","cmuihq7is0085h29ez260bgnc","Sevilla FC","departed","first_team","Confirmed in 2026/27 squad (Centre-Forward, TM 655012)"
"2026-09-30T13:24:59.884Z","cmuihq7is0085h29ez260bgnc","Sevilla FC","cmuihw1dk09fnsexp8ol1stnn","569598","Youssouf Fofana","REASSIGN","cmuihqb6900a7h29eb12tdj1t","AC Milan","cmuihq7is0085h29ez260bgnc","Sevilla FC","first_team","first_team","Transferred from AC Milan to Sevilla FC (TM 569598)"
"2026-09-30T13:24:59.884Z","cmuihq7is0085h29ez260bgnc","Sevilla FC","cmuihvzwh07ursexpgfckziq6","405564","Giorgi Kochorashvili","REASSIGN","cmuihq6jo007lh29e9jpaabxs","Sporting CP","cmuihq7is0085h29ez260bgnc","Sevilla FC","first_team","first_team","Transferred from Sporting CP to Sevilla FC (TM 405564)"
"2026-09-30T13:24:59.884Z","cmuihq7is0085h29ez260bgnc","Sevilla FC","cmuo50q93000ogffhb05s3u7p","783373","Robbie Ure","CREATE","","None (New Player)","cmuihq7is0085h29ez260bgnc","Sevilla FC","","first_team","Created from official 2026/27 squad (Centre-Forward, TM 783373)"
"2026-09-30T13:25:05.194Z","cmuihnufg000xb23fs4poj6rc","Valencia CF","cmuihvyqh05vgsexpbmo6z4b5","268642","Renzo Saravia","DETACH","cmuihnufg000xb23fs4poj6rc","Valencia CF","","Unassigned (Detached)","first_team","departed","Absent from official 2026/27 Transfermarkt squad"
"2026-09-30T13:25:05.194Z","cmuihnufg000xb23fs4poj6rc","Valencia CF","cmuihvyqt0647sexp5gosm8gh","285323","Baptiste Santamaria","DETACH","cmuihnufg000xb23fs4poj6rc","Valencia CF","","Unassigned (Detached)","first_team","departed","Absent from official 2026/27 Transfermarkt squad"
"2026-09-30T13:25:05.194Z","cmuihnufg000xb23fs4poj6rc","Valencia CF","cmuihvyr606desexpbq99iq0m","298583","Eray Cömert","DETACH","cmuihnufg000xb23fs4poj6rc","Valencia CF","","Unassigned (Detached)","first_team","departed","Absent from official 2026/27 Transfermarkt squad"
"2026-09-30T13:25:05.194Z","cmuihnufg000xb23fs4poj6rc","Valencia CF","cmuihvzvo07casexpq3mry9bf","367466","Thierry Correia","DETACH","cmuihnufg000xb23fs4poj6rc","Valencia CF","","Unassigned (Detached)","first_team","departed","Absent from official 2026/27 Transfermarkt squad"
"2026-09-30T13:25:05.194Z","cmuihnufg000xb23fs4poj6rc","Valencia CF","cmuihw2pz0aumsexp90r7p7p1","741251","Vicent Abril","DETACH","cmuihnufg000xb23fs4poj6rc","Valencia CF","","Unassigned (Detached)","first_team","departed","Absent from official 2026/27 Transfermarkt squad"
"2026-09-30T13:25:05.194Z","cmuihnufg000xb23fs4poj6rc","Valencia CF","cmuihvzvu07fisexp85jrp5to","375382","André Almeida","DETACH","cmuihnufg000xb23fs4poj6rc","Valencia CF","","Unassigned (Detached)","first_team","departed","Absent from official 2026/27 Transfermarkt squad"
"2026-09-30T13:25:05.194Z","cmuihnufg000xb23fs4poj6rc","Valencia CF","cmuihw24409ttsexplogqy4of","615350","Cenk Özkacar","DETACH","cmuihnufg000xb23fs4poj6rc","Valencia CF","","Unassigned (Detached)","first_team","departed","Absent from official 2026/27 Transfermarkt squad"
"2026-09-30T13:25:05.194Z","cmuihnufg000xb23fs4poj6rc","Valencia CF","cmuihw24h0a41sexpljvhg7av","646743","Javi Navarro","DETACH","cmuihnufg000xb23fs4poj6rc","Valencia CF","","Unassigned (Detached)","first_team","departed","Absent from official 2026/27 Transfermarkt squad"
"2026-09-30T13:25:05.194Z","cmuihnufg000xb23fs4poj6rc","Valencia CF","cmuihw24p0aavsexpeqae17zx","668212","Rubén Iranzo","DETACH","cmuihnufg000xb23fs4poj6rc","Valencia CF","","Unassigned (Detached)","first_team","departed","Absent from official 2026/27 Transfermarkt squad"
"2026-09-30T13:25:05.194Z","cmuihnufg000xb23fs4poj6rc","Valencia CF","cmuihw4410cgzsexptx16o5q8","1060658","Marc Jurado","DETACH","cmuihnufg000xb23fs4poj6rc","Valencia CF","","Unassigned (Detached)","first_team","departed","Absent from official 2026/27 Transfermarkt squad"
"2026-09-30T13:25:05.194Z","cmuihnufg000xb23fs4poj6rc","Valencia CF","cmuihw3fc0bvysexp7wl13sii","941867","Mario Domínguez","DETACH","cmuihnufg000xb23fs4poj6rc","Valencia CF","","Unassigned (Detached)","first_team","departed","Absent from official 2026/27 Transfermarkt squad"
"2026-09-30T13:25:05.194Z","cmuihnufg000xb23fs4poj6rc","Valencia CF","cmuihw4430chwsexpxj3n7bgh","1063331","Marcos Navarro","DETACH","cmuihnufg000xb23fs4poj6rc","Valencia CF","","Unassigned (Detached)","first_team","departed","Absent from official 2026/27 Transfermarkt squad"
"2026-09-30T13:25:05.194Z","cmuihnufg000xb23fs4poj6rc","Valencia CF","cmuihw3ei0b9vsexpjpg28rru","834463","Iker Córdoba","ATTACH","","Unassigned","cmuihnufg000xb23fs4poj6rc","Valencia CF","departed","first_team","Confirmed in 2026/27 squad (Centre-Back, TM 834463)"
"2026-09-30T13:25:05.194Z","cmuihnufg000xb23fs4poj6rc","Valencia CF","cmuihw4st0d7ysexpnrgqocik","1515724","Aaron Mayol","ATTACH","","Unassigned","cmuihnufg000xb23fs4poj6rc","Valencia CF","departed","first_team","Confirmed in 2026/27 squad (Central Midfield, TM 1515724)"
"2026-09-30T13:25:05.194Z","cmuihnufg000xb23fs4poj6rc","Valencia CF","cmuihw1dd09ddsexp91i1kapk","565822","Harvey Elliott","ATTACH","","Unassigned","cmuihnufg000xb23fs4poj6rc","Valencia CF","departed","first_team","Confirmed in 2026/27 squad (Attacking Midfield, TM 565822)"
"2026-09-30T13:25:05.194Z","cmuihnufg000xb23fs4poj6rc","Valencia CF","cmuihvy6k05mosexp2bnvlutp","251845","Sergi Canós","ATTACH","","Unassigned","cmuihnufg000xb23fs4poj6rc","Valencia CF","departed","first_team","Confirmed in 2026/27 squad (Left Winger, TM 251845)"
"2026-09-30T13:25:05.194Z","cmuihnufg000xb23fs4poj6rc","Valencia CF","cmuihw2q90b0rsexp1u4h4v32","790669","Kayne van Oevelen","REASSIGN","cmuihqe7t00bvh29em81ogfx5","FC Volendam","cmuihnufg000xb23fs4poj6rc","Valencia CF","first_team","first_team","Transferred from FC Volendam to Valencia CF (TM 790669)"
"2026-09-30T13:25:05.194Z","cmuihnufg000xb23fs4poj6rc","Valencia CF","cmuihw3eh0b8vsexpv4byma8i","826224","Arnau Martínez","REASSIGN","cmuiholli0029b23fvytgha8z","Girona FC","cmuihnufg000xb23fs4poj6rc","Valencia CF","first_team","first_team","Transferred from Girona FC to Valencia CF (TM 826224)"
"2026-09-30T13:25:05.194Z","cmuihnufg000xb23fs4poj6rc","Valencia CF","cmuihvy6k05mrsexprr7q1nma","251876","Pablo Maffeo","REASSIGN","cmuihq1xp0053h29euecr73cd","RCD Mallorca","cmuihnufg000xb23fs4poj6rc","Valencia CF","first_team","first_team","Transferred from RCD Mallorca to Valencia CF (TM 251876)"
"2026-09-30T13:25:05.194Z","cmuihnufg000xb23fs4poj6rc","Valencia CF","cmuo50ugn000rgffhrtrc323k","410427","Aliou Dieng","CREATE","","None (New Player)","cmuihnufg000xb23fs4poj6rc","Valencia CF","","first_team","Created from official 2026/27 squad (Defensive Midfield, TM 410427)"
"2026-09-30T13:25:05.194Z","cmuihnufg000xb23fs4poj6rc","Valencia CF","cmuo50ulb000tgffh6vyrgy4t","394236","Filip Ugrinic","CREATE","","None (New Player)","cmuihnufg000xb23fs4poj6rc","Valencia CF","","first_team","Created from official 2026/27 squad (Central Midfield, TM 394236)"
"2026-09-30T13:25:05.194Z","cmuihnufg000xb23fs4poj6rc","Valencia CF","cmuo50uuo000vgffhkuiob1v1","948169","Ryunosuke Sato","CREATE","","None (New Player)","cmuihnufg000xb23fs4poj6rc","Valencia CF","","first_team","Created from official 2026/27 squad (Left Winger, TM 948169)"
"2026-09-30T13:25:10.113Z","cmuihqdqh00bnh29e1s0pnnhq","RCD Espanyol Barcelona","cmuihw3fd0bx2sexphjywk1ei","946269","Alex Almansa","DETACH","cmuihqdqh00bnh29e1s0pnnhq","RCD Espanyol Barcelona","","Unassigned (Detached)","first_team","departed","Absent from official 2026/27 Transfermarkt squad"
"2026-09-30T13:25:10.113Z","cmuihqdqh00bnh29e1s0pnnhq","RCD Espanyol Barcelona","cmuihw24a09yysexpxqjef35v","629511","Pablo Ramón","DETACH","cmuihqdqh00bnh29e1s0pnnhq","RCD Espanyol Barcelona","","Unassigned (Detached)","first_team","departed","Absent from official 2026/27 Transfermarkt squad"
"2026-09-30T13:25:10.113Z","cmuihqdqh00bnh29e1s0pnnhq","RCD Espanyol Barcelona","cmuihw4r90cuasexplzlx8ugh","1154003","Adama Timera","DETACH","cmuihqdqh00bnh29e1s0pnnhq","RCD Espanyol Barcelona","","Unassigned (Detached)","first_team","departed","Absent from official 2026/27 Transfermarkt squad"
"2026-09-30T13:25:10.113Z","cmuihqdqh00bnh29e1s0pnnhq","RCD Espanyol Barcelona","cmuihw3ei0ba7sexp6awjlze7","834744","Antoniu Roca","DETACH","cmuihqdqh00bnh29e1s0pnnhq","RCD Espanyol Barcelona","","Unassigned (Detached)","first_team","departed","Absent from official 2026/27 Transfermarkt squad"
"2026-09-30T13:25:10.113Z","cmuihqdqh00bnh29e1s0pnnhq","RCD Espanyol Barcelona","cmuihw4r40ct1sexprbj4plqo","1141128","Llorenç Serred","DETACH","cmuihqdqh00bnh29e1s0pnnhq","RCD Espanyol Barcelona","","Unassigned (Detached)","first_team","departed","Absent from official 2026/27 Transfermarkt squad"
"2026-09-30T13:25:10.113Z","cmuihqdqh00bnh29e1s0pnnhq","RCD Espanyol Barcelona","cmuihvvw3034ssexposoxn0ut","94308","Marko Dmitrovic","ATTACH","","Unassigned","cmuihqdqh00bnh29e1s0pnnhq","RCD Espanyol Barcelona","departed","first_team","Confirmed in 2026/27 squad (Goalkeeper, TM 94308)"
"2026-09-30T13:25:10.113Z","cmuihqdqh00bnh29e1s0pnnhq","RCD Espanyol Barcelona","cmuihw2pg0ag8sexpgjj7j0fk","692070","Clemens Riedel","ATTACH","","Unassigned","cmuihqdqh00bnh29e1s0pnnhq","RCD Espanyol Barcelona","departed","first_team","Confirmed in 2026/27 squad (Centre-Back, TM 692070)"
"2026-09-30T13:25:10.113Z","cmuihqdqh00bnh29e1s0pnnhq","RCD Espanyol Barcelona","cmuihvzb006uisexp9qk8xyvx","338285","Unai Núñez","ATTACH","","Unassigned","cmuihqdqh00bnh29e1s0pnnhq","RCD Espanyol Barcelona","departed","first_team","Confirmed in 2026/27 squad (Centre-Back, TM 338285)"
"2026-09-30T13:25:10.113Z","cmuihqdqh00bnh29e1s0pnnhq","RCD Espanyol Barcelona","cmuihvyqx067dsexp4oz087qa","289255","Andoni Gorosabel","ATTACH","","Unassigned","cmuihqdqh00bnh29e1s0pnnhq","RCD Espanyol Barcelona","departed","first_team","Confirmed in 2026/27 squad (Right-Back, TM 289255)"
"2026-09-30T13:25:10.113Z","cmuihqdqh00bnh29e1s0pnnhq","RCD Espanyol Barcelona","cmuihw24809xasexpe18xrr4o","625651","Urko González de Zárate","ATTACH","","Unassigned","cmuihqdqh00bnh29e1s0pnnhq","RCD Espanyol Barcelona","departed","first_team","Confirmed in 2026/27 squad (Defensive Midfield, TM 625651)"
"2026-09-30T13:25:10.113Z","cmuihqdqh00bnh29e1s0pnnhq","RCD Espanyol Barcelona","cmuihw44a0cmtsexpd1sy139b","1086636","Gabriel Moscardo","ATTACH","","Unassigned","cmuihqdqh00bnh29e1s0pnnhq","RCD Espanyol Barcelona","departed","first_team","Confirmed in 2026/27 squad (Defensive Midfield, TM 1086636)"
"2026-09-30T13:25:10.113Z","cmuihqdqh00bnh29e1s0pnnhq","RCD Espanyol Barcelona","cmuihw24c0a08sexpmjgkz3tv","633111","Álex Calatrava","ATTACH","","Unassigned","cmuihqdqh00bnh29e1s0pnnhq","RCD Espanyol Barcelona","departed","first_team","Confirmed in 2026/27 squad (Attacking Midfield, TM 633111)"
"2026-09-30T13:25:10.113Z","cmuihqdqh00bnh29e1s0pnnhq","RCD Espanyol Barcelona","cmuihw24i0a4bsexpncqdyh1s","647435","Tyrhys Dolan","ATTACH","","Unassigned","cmuihqdqh00bnh29e1s0pnnhq","RCD Espanyol Barcelona","departed","first_team","Confirmed in 2026/27 squad (Right Winger, TM 647435)"
"2026-09-30T13:25:10.113Z","cmuihqdqh00bnh29e1s0pnnhq","RCD Espanyol Barcelona","cmuihw2pu0aq3sexpwnlqx3vb","720518","Roberto Fernández","ATTACH","","Unassigned","cmuihqdqh00bnh29e1s0pnnhq","RCD Espanyol Barcelona","departed","first_team","Confirmed in 2026/27 squad (Centre-Forward, TM 720518)"
"2026-09-30T13:25:10.113Z","cmuihqdqh00bnh29e1s0pnnhq","RCD Espanyol Barcelona","cmuihw43e0c01sexppvk4u5zq","961948","Marcos Fernández","ATTACH","","Unassigned","cmuihqdqh00bnh29e1s0pnnhq","RCD Espanyol Barcelona","departed","first_team","Confirmed in 2026/27 squad (Centre-Forward, TM 961948)"
"2026-09-30T13:25:10.113Z","cmuihqdqh00bnh29e1s0pnnhq","RCD Espanyol Barcelona","cmuihvvw2034esexppnv0exog","93936","Kike García","ATTACH","","Unassigned","cmuihqdqh00bnh29e1s0pnnhq","RCD Espanyol Barcelona","departed","first_team","Confirmed in 2026/27 squad (Centre-Forward, TM 93936)"
"2026-09-30T13:25:10.113Z","cmuihqdqh00bnh29e1s0pnnhq","RCD Espanyol Barcelona","cmuihw1bg08w2sexpjxsdx8my","514285","Quilindschy Hartman","REASSIGN","cmuihoaiv001rb23fn6cviuyz","Burnley FC","cmuihqdqh00bnh29e1s0pnnhq","RCD Espanyol Barcelona","first_team","first_team","Transferred from Burnley FC to RCD Espanyol Barcelona (TM 514285)"
"2026-09-30T13:25:10.113Z","cmuihqdqh00bnh29e1s0pnnhq","RCD Espanyol Barcelona","cmuo50yet000ygffhy6v1t1ez","371856","Vanja Drkusic","CREATE","","None (New Player)","cmuihqdqh00bnh29e1s0pnnhq","RCD Espanyol Barcelona","","first_team","Created from official 2026/27 squad (Centre-Back, TM 371856)"
"2026-09-30T13:25:13.912Z","cmuihqg6y00cvh29elaxzcvzv","Deportivo A Coruña","cmuihw0ja08b4sexp2ooueygm","453704","Álvaro Fernández","ATTACH","","Unassigned","cmuihqg6y00cvh29elaxzcvzv","Deportivo A Coruña","departed","first_team","Confirmed in 2026/27 squad (Goalkeeper, TM 453704)"
"2026-09-30T13:25:13.912Z","cmuihqg6y00cvh29elaxzcvzv","Deportivo A Coruña","cmuihvwrh03lzsexpr30bzxgp","126746","Germán Parreño","ATTACH","","Unassigned","cmuihqg6y00cvh29elaxzcvzv","Deportivo A Coruña","departed","first_team","Confirmed in 2026/27 squad (Goalkeeper, TM 126746)"
"2026-09-30T13:25:13.912Z","cmuihqg6y00cvh29elaxzcvzv","Deportivo A Coruña","cmuihvy6j05m7sexp65fjys1l","250845","José María Giménez","ATTACH","","Unassigned","cmuihqg6y00cvh29elaxzcvzv","Deportivo A Coruña","departed","first_team","Confirmed in 2026/27 squad (Centre-Back, TM 250845)"
"2026-09-30T13:25:13.912Z","cmuihqg6y00cvh29elaxzcvzv","Deportivo A Coruña","cmuihw0jf08d6sexpv7133dap","458777","Giacomo Quagliata","ATTACH","","Unassigned","cmuihqg6y00cvh29elaxzcvzv","Deportivo A Coruña","departed","first_team","Confirmed in 2026/27 squad (Left-Back, TM 458777)"
"2026-09-30T13:25:13.912Z","cmuihqg6y00cvh29elaxzcvzv","Deportivo A Coruña","cmuihw0jp08h9sexplfnru5ff","466807","Adrià Altimira","ATTACH","","Unassigned","cmuihqg6y00cvh29elaxzcvzv","Deportivo A Coruña","departed","first_team","Confirmed in 2026/27 squad (Right-Back, TM 466807)"
"2026-09-30T13:25:13.912Z","cmuihqg6y00cvh29elaxzcvzv","Deportivo A Coruña","cmuihvxfx04ihsexpv1fur9uu","184767","Ximo Navarro","ATTACH","","Unassigned","cmuihqg6y00cvh29elaxzcvzv","Deportivo A Coruña","departed","first_team","Confirmed in 2026/27 squad (Right-Back, TM 184767)"
"2026-09-30T13:25:13.912Z","cmuihqg6y00cvh29elaxzcvzv","Deportivo A Coruña","cmuihw2pq0alxsexp35hnrwv1","707450","Lorenzo Amatucci","ATTACH","","Unassigned","cmuihqg6y00cvh29elaxzcvzv","Deportivo A Coruña","departed","first_team","Confirmed in 2026/27 squad (Defensive Midfield, TM 707450)"
"2026-09-30T13:25:13.912Z","cmuihqg6y00cvh29elaxzcvzv","Deportivo A Coruña","cmuihw1dg09eisexpv9h6ojg0","568148","Mario Soriano","ATTACH","","Unassigned","cmuihqg6y00cvh29elaxzcvzv","Deportivo A Coruña","departed","first_team","Confirmed in 2026/27 squad (Attacking Midfield, TM 568148)"
"2026-09-30T13:25:13.912Z","cmuihqg6y00cvh29elaxzcvzv","Deportivo A Coruña","cmuihvxgg04wusexpq2reftqi","204103","Adama Traoré","ATTACH","","Unassigned","cmuihqg6y00cvh29elaxzcvzv","Deportivo A Coruña","departed","first_team","Confirmed in 2026/27 squad (Right Winger, TM 204103)"
"2026-09-30T13:25:13.912Z","cmuihqg6y00cvh29elaxzcvzv","Deportivo A Coruña","cmuihw24209rzsexpix0aydq4","610461","Luismi Cruz","ATTACH","","Unassigned","cmuihqg6y00cvh29elaxzcvzv","Deportivo A Coruña","departed","first_team","Confirmed in 2026/27 squad (Right Winger, TM 610461)"
"2026-09-30T13:25:13.912Z","cmuihqg6y00cvh29elaxzcvzv","Deportivo A Coruña","cmuihvuxw02casexpytnr9ako","58864","Pierre-Emerick Aubameyang","ATTACH","","Unassigned","cmuihqg6y00cvh29elaxzcvzv","Deportivo A Coruña","departed","first_team","Confirmed in 2026/27 squad (Centre-Forward, TM 58864)"
"2026-09-30T13:25:13.912Z","cmuihqg6y00cvh29elaxzcvzv","Deportivo A Coruña","cmuihw1bi08x2sexpq5rxv7zs","519651","Zakaria Eddahchouri","ATTACH","","Unassigned","cmuihqg6y00cvh29elaxzcvzv","Deportivo A Coruña","departed","first_team","Confirmed in 2026/27 squad (Centre-Forward, TM 519651)"
"2026-09-30T13:25:13.912Z","cmuihqg6y00cvh29elaxzcvzv","Deportivo A Coruña","cmuihw1dc09chsexppl27bcmo","562742","Leo Román","REASSIGN","cmuihq1xp0053h29euecr73cd","RCD Mallorca","cmuihqg6y00cvh29elaxzcvzv","Deportivo A Coruña","first_team","first_team","Transferred from RCD Mallorca to Deportivo A Coruña (TM 562742)"
"2026-09-30T13:25:13.912Z","cmuihqg6y00cvh29elaxzcvzv","Deportivo A Coruña","cmuihvyqp05zmsexp3r8bgbqw","277179","Angeliño","REASSIGN","cmuihoj9l0025b23fj4mplye4","Associazione Sportiva Roma","cmuihqg6y00cvh29elaxzcvzv","Deportivo A Coruña","first_team","first_team","Transferred from Associazione Sportiva Roma to Deportivo A Coruña (TM 277179)"
"2026-09-30T13:25:13.912Z","cmuihqg6y00cvh29elaxzcvzv","Deportivo A Coruña","cmuo511ek0011gffhpba3vt4i","743379","Lucas Noubi","CREATE","","None (New Player)","cmuihqg6y00cvh29elaxzcvzv","Deportivo A Coruña","","first_team","Created from official 2026/27 squad (Centre-Back, TM 743379)"
"2026-09-30T13:25:13.912Z","cmuihqg6y00cvh29elaxzcvzv","Deportivo A Coruña","cmuo511j20013gffh95eitjh3","857949","Dani Barcia","CREATE","","None (New Player)","cmuihqg6y00cvh29elaxzcvzv","Deportivo A Coruña","","first_team","Created from official 2026/27 squad (Centre-Back, TM 857949)"
"2026-09-30T13:25:13.912Z","cmuihqg6y00cvh29elaxzcvzv","Deportivo A Coruña","cmuo5121i0015gffhkr88cklg","1177033","Bright Ede","CREATE","","None (New Player)","cmuihqg6y00cvh29elaxzcvzv","Deportivo A Coruña","","first_team","Created from official 2026/27 squad (Centre-Back, TM 1177033)"
"2026-09-30T13:25:13.912Z","cmuihqg6y00cvh29elaxzcvzv","Deportivo A Coruña","cmuo512630017gffhepk78pgw","388542","Arnau Comas","CREATE","","None (New Player)","cmuihqg6y00cvh29elaxzcvzv","Deportivo A Coruña","","first_team","Created from official 2026/27 squad (Centre-Back, TM 388542)"
"2026-09-30T13:25:13.912Z","cmuihqg6y00cvh29elaxzcvzv","Deportivo A Coruña","cmuo512aj0019gffhk1qmj6qs","400104","Miguel Loureiro","CREATE","","None (New Player)","cmuihqg6y00cvh29elaxzcvzv","Deportivo A Coruña","","first_team","Created from official 2026/27 squad (Right-Back, TM 400104)"
"2026-09-30T13:25:13.912Z","cmuihqg6y00cvh29elaxzcvzv","Deportivo A Coruña","cmuo512ef001bgffhp2ft9ij0","596899","Riki Rodríguez","CREATE","","None (New Player)","cmuihqg6y00cvh29elaxzcvzv","Deportivo A Coruña","","first_team","Created from official 2026/27 squad (Central Midfield, TM 596899)"
"2026-09-30T13:25:13.912Z","cmuihqg6y00cvh29elaxzcvzv","Deportivo A Coruña","cmuo512jb001dgffhfn20zqnw","590687","Diego Villares","CREATE","","None (New Player)","cmuihqg6y00cvh29elaxzcvzv","Deportivo A Coruña","","first_team","Created from official 2026/27 squad (Central Midfield, TM 590687)"
"2026-09-30T13:25:13.912Z","cmuihqg6y00cvh29elaxzcvzv","Deportivo A Coruña","cmuo512nd001fgffh55v0mz0c","1309177","Noé Carrillo","CREATE","","None (New Player)","cmuihqg6y00cvh29elaxzcvzv","Deportivo A Coruña","","first_team","Created from official 2026/27 squad (Central Midfield, TM 1309177)"
"2026-09-30T13:25:13.912Z","cmuihqg6y00cvh29elaxzcvzv","Deportivo A Coruña","cmuo512rt001hgffhc59kzrwo","856274","Jonathan Asp Jensen","CREATE","","None (New Player)","cmuihqg6y00cvh29elaxzcvzv","Deportivo A Coruña","","first_team","Created from official 2026/27 squad (Attacking Midfield, TM 856274)"
"2026-09-30T13:25:13.912Z","cmuihqg6y00cvh29elaxzcvzv","Deportivo A Coruña","cmuo512w3001jgffhnaeqhv1d","636385","Yeremay Hernández","CREATE","","None (New Player)","cmuihqg6y00cvh29elaxzcvzv","Deportivo A Coruña","","first_team","Created from official 2026/27 squad (Left Winger, TM 636385)"
"2026-09-30T13:25:13.912Z","cmuihqg6y00cvh29elaxzcvzv","Deportivo A Coruña","cmuo5130p001lgffhch51hlbs","741256","David Mella","CREATE","","None (New Player)","cmuihqg6y00cvh29elaxzcvzv","Deportivo A Coruña","","first_team","Created from official 2026/27 squad (Right Winger, TM 741256)"
"2026-09-30T13:25:13.912Z","cmuihqg6y00cvh29elaxzcvzv","Deportivo A Coruña","cmuo5135k001ngffh1styrgrq","1299392","Bil Nsongo","CREATE","","None (New Player)","cmuihqg6y00cvh29elaxzcvzv","Deportivo A Coruña","","first_team","Created from official 2026/27 squad (Centre-Forward, TM 1299392)"
"2026-09-30T13:25:18.934Z","cmundu78o0003zjoefys30gje","Racing Santander","cmuihw24809x4sexpn7bxrkoh","625014","Julen Agirrezabala","ATTACH","","Unassigned","cmundu78o0003zjoefys30gje","Racing Santander","departed","first_team","Confirmed in 2026/27 squad (Goalkeeper, TM 625014)"
"2026-09-30T13:25:18.934Z","cmundu78o0003zjoefys30gje","Racing Santander","cmuihw3eg0b8msexp8puyrgr5","825199","Facundo González","ATTACH","","Unassigned","cmundu78o0003zjoefys30gje","Racing Santander","departed","first_team","Confirmed in 2026/27 squad (Centre-Back, TM 825199)"
"2026-09-30T13:25:18.934Z","cmundu78o0003zjoefys30gje","Racing Santander","cmuihw4490cm2sexpn1gqw3rr","1082581","Pedro Felipe","ATTACH","","Unassigned","cmundu78o0003zjoefys30gje","Racing Santander","departed","first_team","Confirmed in 2026/27 squad (Centre-Back, TM 1082581)"
"2026-09-30T13:25:18.934Z","cmundu78o0003zjoefys30gje","Racing Santander","cmuihvzwa07qosexp2fh5y07u","396161","Manu Hernando","ATTACH","","Unassigned","cmundu78o0003zjoefys30gje","Racing Santander","departed","first_team","Confirmed in 2026/27 squad (Centre-Back, TM 396161)"
"2026-09-30T13:25:18.934Z","cmundu78o0003zjoefys30gje","Racing Santander","cmuihw24a09yysexpxqjef35v","629511","Pablo Ramón","ATTACH","","Unassigned","cmundu78o0003zjoefys30gje","Racing Santander","departed","first_team","Confirmed in 2026/27 squad (Centre-Back, TM 629511)"
"2026-09-30T13:25:18.934Z","cmundu78o0003zjoefys30gje","Racing Santander","cmuihw3es0bglsexp5dnk30fi","876298","Matteo Prati","ATTACH","","Unassigned","cmundu78o0003zjoefys30gje","Racing Santander","departed","first_team","Confirmed in 2026/27 squad (Defensive Midfield, TM 876298)"
"2026-09-30T13:25:18.934Z","cmundu78o0003zjoefys30gje","Racing Santander","cmuihvzvu07fisexp85jrp5to","375382","André Almeida","ATTACH","","Unassigned","cmundu78o0003zjoefys30gje","Racing Santander","departed","first_team","Confirmed in 2026/27 squad (Attacking Midfield, TM 375382)"
"2026-09-30T13:25:18.934Z","cmundu78o0003zjoefys30gje","Racing Santander","cmuihvzau06rlsexpfeikjlwq","335216","Iñigo Vicente","ATTACH","","Unassigned","cmundu78o0003zjoefys30gje","Racing Santander","departed","first_team","Confirmed in 2026/27 squad (Left Winger, TM 335216)"
"2026-09-30T13:25:18.934Z","cmundu78o0003zjoefys30gje","Racing Santander","cmuihw1bu090usexp7wm93unl","531277","Andrés Martín","ATTACH","","Unassigned","cmundu78o0003zjoefys30gje","Racing Santander","departed","first_team","Confirmed in 2026/27 squad (Right Winger, TM 531277)"
"2026-09-30T13:25:18.934Z","cmundu78o0003zjoefys30gje","Racing Santander","cmuihw43e0bzwsexpcjmqcsrd","961087","Pablo García","ATTACH","","Unassigned","cmundu78o0003zjoefys30gje","Racing Santander","departed","first_team","Confirmed in 2026/27 squad (Right Winger, TM 961087)"
"2026-09-30T13:25:18.934Z","cmundu78o0003zjoefys30gje","Racing Santander","cmuihw4rf0cx6sexpl6tqduhh","1179482","Iker Luque","ATTACH","","Unassigned","cmundu78o0003zjoefys30gje","Racing Santander","departed","first_team","Confirmed in 2026/27 squad (Right Winger, TM 1179482)"
"2026-09-30T13:25:18.934Z","cmundu78o0003zjoefys30gje","Racing Santander","cmuihvy6k05n0sexph76fm8g1","251897","Asier Villalibre","ATTACH","","Unassigned","cmundu78o0003zjoefys30gje","Racing Santander","departed","first_team","Confirmed in 2026/27 squad (Centre-Forward, TM 251897)"
"2026-09-30T13:25:18.934Z","cmundu78o0003zjoefys30gje","Racing Santander","cmuihw0jk08exsexp1wkk1l1f","461631","Juan Carlos Arana","ATTACH","","Unassigned","cmundu78o0003zjoefys30gje","Racing Santander","departed","first_team","Confirmed in 2026/27 squad (Centre-Forward, TM 461631)"
"2026-09-30T13:25:18.934Z","cmundu78o0003zjoefys30gje","Racing Santander","cmuihw3f20bo9sexpa9s2vjne","919515","Jeanuël Belocian","REASSIGN","cmuihpzti003xh29ejh2oa78u","Bayer 04 Leverkusen","cmundu78o0003zjoefys30gje","Racing Santander","first_team","first_team","Transferred from Bayer 04 Leverkusen to Racing Santander (TM 919515)"
"2026-09-30T13:25:18.934Z","cmundu78o0003zjoefys30gje","Racing Santander","cmuihvy6k05mtsexp1zfltjs7","251878","Aarón Martín","REASSIGN","cmuihq3ak005th29eolz9qqct","Genoa CFC","cmundu78o0003zjoefys30gje","Racing Santander","first_team","first_team","Transferred from Genoa CFC to Racing Santander (TM 251878)"
"2026-09-30T13:25:18.934Z","cmundu78o0003zjoefys30gje","Racing Santander","cmuihvzb506y1sexpohpiwhlk","341278","Iván Martín","REASSIGN","cmuiholli0029b23fvytgha8z","Girona FC","cmundu78o0003zjoefys30gje","Racing Santander","first_team","first_team","Transferred from Girona FC to Racing Santander (TM 341278)"
"2026-09-30T13:25:18.934Z","cmundu78o0003zjoefys30gje","Racing Santander","cmuihw4r90cu3sexpsbv322v0","1153105","Yassir Zabiri","REASSIGN","cmuihq3s40065h29eahz6rosv","Stade Rennais FC","cmundu78o0003zjoefys30gje","Racing Santander","first_team","first_team","Transferred from Stade Rennais FC to Racing Santander (TM 1153105)"
"2026-09-30T13:25:18.934Z","cmundu78o0003zjoefys30gje","Racing Santander","cmuo514u0001qgffhpuwk8qw9","1088712","Simon Eriksson","CREATE","","None (New Player)","cmundu78o0003zjoefys30gje","Racing Santander","","first_team","Created from official 2026/27 squad (Goalkeeper, TM 1088712)"
"2026-09-30T13:25:18.934Z","cmundu78o0003zjoefys30gje","Racing Santander","cmuo514xq001sgffhggc6ieku","1262996","Jorge Salinas","CREATE","","None (New Player)","cmundu78o0003zjoefys30gje","Racing Santander","","first_team","Created from official 2026/27 squad (Left-Back, TM 1262996)"
"2026-09-30T13:25:18.934Z","cmundu78o0003zjoefys30gje","Racing Santander","cmuo51523001ugffhpgm5g6n4","636116","Álvaro Mantilla","CREATE","","None (New Player)","cmundu78o0003zjoefys30gje","Racing Santander","","first_team","Created from official 2026/27 squad (Right-Back, TM 636116)"
"2026-09-30T13:25:18.934Z","cmundu78o0003zjoefys30gje","Racing Santander","cmuo51569001wgffhjwz8pqtp","933795","Maguette Gueye","CREATE","","None (New Player)","cmundu78o0003zjoefys30gje","Racing Santander","","first_team","Created from official 2026/27 squad (Defensive Midfield, TM 933795)"
"2026-09-30T13:25:18.934Z","cmundu78o0003zjoefys30gje","Racing Santander","cmuo515ah001ygffhdn47x1yh","522730","Íñigo Sainz-Maza","CREATE","","None (New Player)","cmundu78o0003zjoefys30gje","Racing Santander","","first_team","Created from official 2026/27 squad (Central Midfield, TM 522730)"
"2026-09-30T13:25:18.934Z","cmundu78o0003zjoefys30gje","Racing Santander","cmuo515el0020gffh05pbvqtw","66106","Sergio Canales","CREATE","","None (New Player)","cmundu78o0003zjoefys30gje","Racing Santander","","first_team","Created from official 2026/27 squad (Attacking Midfield, TM 66106)"
"2026-09-30T13:25:18.934Z","cmundu78o0003zjoefys30gje","Racing Santander","cmuo515ix0022gffhmzi7ktzd","502682","Giorgi Guliashvili","CREATE","","None (New Player)","cmundu78o0003zjoefys30gje","Racing Santander","","first_team","Created from official 2026/27 squad (Left Winger, TM 502682)"
"2026-09-30T13:25:23.640Z","cmuihq7jc0087h29e9nzoxp6q","Getafe CF","cmuihvvyd03crsexpq3s988l5","111508","Allan Nyom","DETACH","cmuihq7jc0087h29e9nzoxp6q","Getafe CF","","Unassigned (Detached)","first_team","departed","Absent from official 2026/27 Transfermarkt squad"
"2026-09-30T13:25:23.640Z","cmuihq7jc0087h29e9nzoxp6q","Getafe CF","cmuihvy6j05lisexp0j9axxjg","249513","Diego Rico","DETACH","cmuihq7jc0087h29e9nzoxp6q","Getafe CF","","Unassigned (Detached)","first_team","departed","Absent from official 2026/27 Transfermarkt squad"
"2026-09-30T13:25:23.640Z","cmuihq7jc0087h29e9nzoxp6q","Getafe CF","cmuihvy6p05pqsexpqvxik3ps","257376","Domingos Duarte","DETACH","cmuihq7jc0087h29e9nzoxp6q","Getafe CF","","Unassigned (Detached)","first_team","departed","Absent from official 2026/27 Transfermarkt squad"
"2026-09-30T13:25:23.640Z","cmuihq7jc0087h29e9nzoxp6q","Getafe CF","cmuihvyqr061isexp6ugjqym3","281989","Luis Milla","DETACH","cmuihq7jc0087h29e9nzoxp6q","Getafe CF","","Unassigned (Detached)","first_team","departed","Absent from official 2026/27 Transfermarkt squad"
"2026-09-30T13:25:23.640Z","cmuihq7jc0087h29e9nzoxp6q","Getafe CF","cmuihvyqr061zsexpl3anq7xp","282421","Javi Muñoz","DETACH","cmuihq7jc0087h29e9nzoxp6q","Getafe CF","","Unassigned (Detached)","first_team","departed","Absent from official 2026/27 Transfermarkt squad"
"2026-09-30T13:25:23.640Z","cmuihq7jc0087h29e9nzoxp6q","Getafe CF","cmuihvyqx067usexpweaulj8u","290249","Mauro Arambarri","DETACH","cmuihq7jc0087h29e9nzoxp6q","Getafe CF","","Unassigned (Detached)","first_team","departed","Absent from official 2026/27 Transfermarkt squad"
"2026-09-30T13:25:23.640Z","cmuihq7jc0087h29e9nzoxp6q","Getafe CF","cmuihw1da09bqsexpl221sza3","560705","Álex Sancris","DETACH","cmuihq7jc0087h29e9nzoxp6q","Getafe CF","","Unassigned (Detached)","first_team","departed","Absent from official 2026/27 Transfermarkt squad"
"2026-09-30T13:25:23.640Z","cmuihq7jc0087h29e9nzoxp6q","Getafe CF","cmuihw3ek0bbhsexpima899f5","845638","Damián Cáceres","DETACH","cmuihq7jc0087h29e9nzoxp6q","Getafe CF","","Unassigned (Detached)","first_team","departed","Absent from official 2026/27 Transfermarkt squad"
"2026-09-30T13:25:23.640Z","cmuihq7jc0087h29e9nzoxp6q","Getafe CF","cmuihw4rg0cxnsexpi4j6wuia","1184137","Yassin Tallal","DETACH","cmuihq7jc0087h29e9nzoxp6q","Getafe CF","","Unassigned (Detached)","first_team","departed","Absent from official 2026/27 Transfermarkt squad"
"2026-09-30T13:25:23.640Z","cmuihq7jc0087h29e9nzoxp6q","Getafe CF","cmuihw0jr08i9sexp2b6iet12","469669","Yvan Neyou","DETACH","cmuihq7jc0087h29e9nzoxp6q","Getafe CF","","Unassigned (Detached)","first_team","departed","Absent from official 2026/27 Transfermarkt squad"
"2026-09-30T13:25:23.640Z","cmuihq7jc0087h29e9nzoxp6q","Getafe CF","cmuihw2pr0anasexp2nkdn6fb","710004","Peter Federico","DETACH","cmuihq7jc0087h29e9nzoxp6q","Getafe CF","","Unassigned (Detached)","first_team","departed","Absent from official 2026/27 Transfermarkt squad"
"2026-09-30T13:25:23.640Z","cmuihq7jc0087h29e9nzoxp6q","Getafe CF","cmuihw2py0atjsexp43b6hmc3","735895","Lucas Laso","DETACH","cmuihq7jc0087h29e9nzoxp6q","Getafe CF","","Unassigned (Detached)","first_team","departed","Absent from official 2026/27 Transfermarkt squad"
"2026-09-30T13:25:23.640Z","cmuihq7jc0087h29e9nzoxp6q","Getafe CF","cmuihw4rb0cv7sexpduiiea0k","1164331","Ismael Bekhoucha","DETACH","cmuihq7jc0087h29e9nzoxp6q","Getafe CF","","Unassigned (Detached)","first_team","departed","Absent from official 2026/27 Transfermarkt squad"
"2026-09-30T13:25:23.640Z","cmuihq7jc0087h29e9nzoxp6q","Getafe CF","cmuihw4rr0d2asexpx780cysg","1255616","Alberto Risco","DETACH","cmuihq7jc0087h29e9nzoxp6q","Getafe CF","","Unassigned (Detached)","first_team","departed","Absent from official 2026/27 Transfermarkt squad"
"2026-09-30T13:25:23.640Z","cmuihq7jc0087h29e9nzoxp6q","Getafe CF","cmuihw3em0bcgsexps8yo9xmc","854056","Marc Vilaplana","DETACH","cmuihq7jc0087h29e9nzoxp6q","Getafe CF","","Unassigned (Detached)","first_team","departed","Absent from official 2026/27 Transfermarkt squad"
"2026-09-30T13:25:23.640Z","cmuihq7jc0087h29e9nzoxp6q","Getafe CF","cmuihw43p0c77sexp3hgbbzah","1000135","Joselu Pérez","DETACH","cmuihq7jc0087h29e9nzoxp6q","Getafe CF","","Unassigned (Detached)","first_team","departed","Absent from official 2026/27 Transfermarkt squad"
"2026-09-30T13:25:23.640Z","cmuihq7jc0087h29e9nzoxp6q","Getafe CF","cmuihw43s0c9tsexpwqu1fcc2","1013810","Jorge Montes","DETACH","cmuihq7jc0087h29e9nzoxp6q","Getafe CF","","Unassigned (Detached)","first_team","departed","Absent from official 2026/27 Transfermarkt squad"
"2026-09-30T13:25:23.640Z","cmuihq7jc0087h29e9nzoxp6q","Getafe CF","cmuihw4qy0cqdsexpe3mw56bo","1118201","Alejandro Mestanza","DETACH","cmuihq7jc0087h29e9nzoxp6q","Getafe CF","","Unassigned (Detached)","first_team","departed","Absent from official 2026/27 Transfermarkt squad"
"2026-09-30T13:25:23.640Z","cmuihq7jc0087h29e9nzoxp6q","Getafe CF","cmuihw4qz0cqzsexp4fybqlmv","1122007","Mykyta Aleksandrov","DETACH","cmuihq7jc0087h29e9nzoxp6q","Getafe CF","","Unassigned (Detached)","first_team","departed","Absent from official 2026/27 Transfermarkt squad"
"2026-09-30T13:25:23.640Z","cmuihq7jc0087h29e9nzoxp6q","Getafe CF","cmuihw4r20csksexp566zrz1d","1135452","Jorge Benito","DETACH","cmuihq7jc0087h29e9nzoxp6q","Getafe CF","","Unassigned (Detached)","first_team","departed","Absent from official 2026/27 Transfermarkt squad"
"2026-09-30T13:25:23.640Z","cmuihq7jc0087h29e9nzoxp6q","Getafe CF","cmuihw4ru0d3rsexpdf3fcqnz","1294868","Alberto Cordero","DETACH","cmuihq7jc0087h29e9nzoxp6q","Getafe CF","","Unassigned (Detached)","first_team","departed","Absent from official 2026/27 Transfermarkt squad"
"2026-09-30T13:25:23.640Z","cmuihq7jc0087h29e9nzoxp6q","Getafe CF","cmuihw24k0a6psexpg5lez19e","655456","Saba Sazonov","ATTACH","","Unassigned","cmuihq7jc0087h29e9nzoxp6q","Getafe CF","departed","first_team","Confirmed in 2026/27 squad (Centre-Back, TM 655456)"
"2026-09-30T13:25:23.640Z","cmuihq7jc0087h29e9nzoxp6q","Getafe CF","cmuihw4rv0d46sexp8ywy240j","1305564","Jean Ives Valou","ATTACH","","Unassigned","cmuihq7jc0087h29e9nzoxp6q","Getafe CF","departed","first_team","Confirmed in 2026/27 squad (Centre-Back, TM 1305564)"
"2026-09-30T13:25:23.640Z","cmuihq7jc0087h29e9nzoxp6q","Getafe CF","cmuihw4430chusexphsnro9ac","1063329","Andrés García","ATTACH","","Unassigned","cmuihq7jc0087h29e9nzoxp6q","Getafe CF","departed","first_team","Confirmed in 2026/27 squad (Right-Back, TM 1063329)"
"2026-09-30T13:25:23.640Z","cmuihq7jc0087h29e9nzoxp6q","Getafe CF","cmuihvyqx067lsexpphkvd8ei","289592","Orel Mangala","ATTACH","","Unassigned","cmuihq7jc0087h29e9nzoxp6q","Getafe CF","departed","first_team","Confirmed in 2026/27 squad (Defensive Midfield, TM 289592)"
"2026-09-30T13:25:23.640Z","cmuihq7jc0087h29e9nzoxp6q","Getafe CF","cmuihvvsb02pjsexplbczs9cx","74294","Nemanja Gudelj","ATTACH","","Unassigned","cmuihq7jc0087h29e9nzoxp6q","Getafe CF","departed","first_team","Confirmed in 2026/27 squad (Defensive Midfield, TM 74294)"
"2026-09-30T13:25:23.640Z","cmuihq7jc0087h29e9nzoxp6q","Getafe CF","cmuihw2q80azysexpvr3hndsf","783396","Ramón Terrats","ATTACH","","Unassigned","cmuihq7jc0087h29e9nzoxp6q","Getafe CF","departed","first_team","Confirmed in 2026/27 squad (Central Midfield, TM 783396)"
"2026-09-30T13:25:23.640Z","cmuihq7jc0087h29e9nzoxp6q","Getafe CF","cmuihvy6k05mesexpkxjae5ka","251106","Enes Ünal","ATTACH","","Unassigned","cmuihq7jc0087h29e9nzoxp6q","Getafe CF","departed","first_team","Confirmed in 2026/27 squad (Centre-Forward, TM 251106)"
"2026-09-30T13:25:23.640Z","cmuihq7jc0087h29e9nzoxp6q","Getafe CF","cmuihw24c0a0dsexpwid59h1x","633306","Iván Azón","ATTACH","","Unassigned","cmuihq7jc0087h29e9nzoxp6q","Getafe CF","departed","first_team","Confirmed in 2026/27 squad (Centre-Forward, TM 633306)"
"2026-09-30T13:25:23.640Z","cmuihq7jc0087h29e9nzoxp6q","Getafe CF","cmuihvyqf05t2sexpqlevgfkg","262939","Johan Mojica","REASSIGN","cmuihq1xp0053h29euecr73cd","RCD Mallorca","cmuihq7jc0087h29e9nzoxp6q","Getafe CF","first_team","first_team","Transferred from RCD Mallorca to Getafe CF (TM 262939)"
"2026-09-30T13:25:23.640Z","cmuihq7jc0087h29e9nzoxp6q","Getafe CF","cmuo518ok0025gffh57rhbme5","741142","Zaid Romero","CREATE","","None (New Player)","cmuihq7jc0087h29e9nzoxp6q","Getafe CF","","first_team","Created from official 2026/27 squad (Centre-Back, TM 741142)"
"2026-09-30T13:25:23.640Z","cmuihq7jc0087h29e9nzoxp6q","Getafe CF","cmuo519490027gffhho20j9qu","632930","Francho Serrano","CREATE","","None (New Player)","cmuihq7jc0087h29e9nzoxp6q","Getafe CF","","first_team","Created from official 2026/27 squad (Central Midfield, TM 632930)"
"2026-09-30T13:25:28.623Z","cmuihq6me007nh29ezmai1c1u","Levante UD","cmuihvy6m05o9sexpuya6i8er","255495","Unai Elgezabal","DETACH","cmuihq6me007nh29ezmai1c1u","Levante UD","","Unassigned (Detached)","first_team","departed","Absent from official 2026/27 Transfermarkt squad"
"2026-09-30T13:25:28.623Z","cmuihq6me007nh29ezmai1c1u","Levante UD","cmuihw2ph0agasexpgpec6jk6","692207","Dani Cervera","DETACH","cmuihq6me007nh29ezmai1c1u","Levante UD","","Unassigned (Detached)","first_team","departed","Absent from official 2026/27 Transfermarkt squad"
"2026-09-30T13:25:28.623Z","cmuihq6me007nh29ezmai1c1u","Levante UD","cmuihw0kb08tvsexpcizcv0zt","505493","Diego Pampín","DETACH","cmuihq6me007nh29ezmai1c1u","Levante UD","","Unassigned (Detached)","first_team","departed","Absent from official 2026/27 Transfermarkt squad"
"2026-09-30T13:25:28.623Z","cmuihq6me007nh29ezmai1c1u","Levante UD","cmuihw1dh09f5sexppf3z2xj9","568835","Pablo Martínez","DETACH","cmuihq6me007nh29ezmai1c1u","Levante UD","","Unassigned (Detached)","first_team","departed","Absent from official 2026/27 Transfermarkt squad"
"2026-09-30T13:25:28.623Z","cmuihq6me007nh29ezmai1c1u","Levante UD","cmuihw24p0aapsexppn5ktwa5","668179","Carlos Álvarez","DETACH","cmuihq6me007nh29ezmai1c1u","Levante UD","","Unassigned (Detached)","first_team","departed","Absent from official 2026/27 Transfermarkt squad"
"2026-09-30T13:25:28.623Z","cmuihq6me007nh29ezmai1c1u","Levante UD","cmuihw44c0coxsexpcfhdav9j","1105075","Martín Krug","DETACH","cmuihq6me007nh29ezmai1c1u","Levante UD","","Unassigned (Detached)","first_team","departed","Absent from official 2026/27 Transfermarkt squad"
"2026-09-30T13:25:28.623Z","cmuihq6me007nh29ezmai1c1u","Levante UD","cmuihw3ew0bk5sexpdnkbqppb","897016","Joan Ruiz","DETACH","cmuihq6me007nh29ezmai1c1u","Levante UD","","Unassigned (Detached)","first_team","departed","Absent from official 2026/27 Transfermarkt squad"
"2026-09-30T13:25:28.623Z","cmuihq6me007nh29ezmai1c1u","Levante UD","cmuihw3fb0bvjsexpfupjqxro","939445","Álex Primo","DETACH","cmuihq6me007nh29ezmai1c1u","Levante UD","","Unassigned (Detached)","first_team","departed","Absent from official 2026/27 Transfermarkt squad"
"2026-09-30T13:25:28.623Z","cmuihq6me007nh29ezmai1c1u","Levante UD","cmuihw43y0ce7sexpj138dt5v","1049278","Pablo Rosón","DETACH","cmuihq6me007nh29ezmai1c1u","Levante UD","","Unassigned (Detached)","first_team","departed","Absent from official 2026/27 Transfermarkt squad"
"2026-09-30T13:25:28.623Z","cmuihq6me007nh29ezmai1c1u","Levante UD","cmuihw4430chvsexpig83khuf","1063330","Cayetano Romero","DETACH","cmuihq6me007nh29ezmai1c1u","Levante UD","","Unassigned (Detached)","first_team","departed","Absent from official 2026/27 Transfermarkt squad"
"2026-09-30T13:25:28.623Z","cmuihq6me007nh29ezmai1c1u","Levante UD","cmuihvwrk03o6sexpmzsneno4","128969","Mathew Ryan","ATTACH","","Unassigned","cmuihq6me007nh29ezmai1c1u","Levante UD","departed","first_team","Confirmed in 2026/27 squad (Goalkeeper, TM 128969)"
"2026-09-30T13:25:28.623Z","cmuihq6me007nh29ezmai1c1u","Levante UD","cmuihw24509uasexppxhjngg6","617059","Pablo Campos","ATTACH","","Unassigned","cmuihq6me007nh29ezmai1c1u","Levante UD","departed","first_team","Confirmed in 2026/27 squad (Goalkeeper, TM 617059)"
"2026-09-30T13:25:28.623Z","cmuihq6me007nh29ezmai1c1u","Levante UD","cmuihw24609v9sexpdrx4yn82","618809","Manu Sánchez","ATTACH","","Unassigned","cmuihq6me007nh29ezmai1c1u","Levante UD","departed","first_team","Confirmed in 2026/27 squad (Left-Back, TM 618809)"
"2026-09-30T13:25:28.623Z","cmuihq6me007nh29ezmai1c1u","Levante UD","cmuihvwrk03oysexplheuzd6p","129674","Jeremy Toljan","ATTACH","","Unassigned","cmuihq6me007nh29ezmai1c1u","Levante UD","departed","first_team","Confirmed in 2026/27 squad (Right-Back, TM 129674)"
"2026-09-30T13:25:28.623Z","cmuihq6me007nh29ezmai1c1u","Levante UD","cmuihw4sf0d6ksexpyg5e6omb","1371830","Nacho Pérez","ATTACH","","Unassigned","cmuihq6me007nh29ezmai1c1u","Levante UD","departed","first_team","Confirmed in 2026/27 squad (Right-Back, TM 1371830)"
"2026-09-30T13:25:28.623Z","cmuihq6me007nh29ezmai1c1u","Levante UD","cmuihw3ev0bj9sexp3o19m47p","892221","Hugo Sotelo","ATTACH","","Unassigned","cmuihq6me007nh29ezmai1c1u","Levante UD","departed","first_team","Confirmed in 2026/27 squad (Central Midfield, TM 892221)"
"2026-09-30T13:25:28.623Z","cmuihq6me007nh29ezmai1c1u","Levante UD","cmuihw24809xfsexp9osqlwuo","625660","Jon Ander Olasagasti","ATTACH","","Unassigned","cmuihq6me007nh29ezmai1c1u","Levante UD","departed","first_team","Confirmed in 2026/27 squad (Central Midfield, TM 625660)"
"2026-09-30T13:25:28.623Z","cmuihq6me007nh29ezmai1c1u","Levante UD","cmuihw3fd0bwxsexppcjito04","945709","Dani Requena","ATTACH","","Unassigned","cmuihq6me007nh29ezmai1c1u","Levante UD","departed","first_team","Confirmed in 2026/27 squad (Central Midfield, TM 945709)"
"2026-09-30T13:25:28.623Z","cmuihq6me007nh29ezmai1c1u","Levante UD","cmuihw4r00cresexpk3qvw00h","1127730","Thiago Fernández","ATTACH","","Unassigned","cmuihq6me007nh29ezmai1c1u","Levante UD","departed","first_team","Confirmed in 2026/27 squad (Left Winger, TM 1127730)"
"2026-09-30T13:25:28.623Z","cmuihq6me007nh29ezmai1c1u","Levante UD","cmuihw4rn0d1asexpu73xp9lb","1232057","Paco Cortés","ATTACH","","Unassigned","cmuihq6me007nh29ezmai1c1u","Levante UD","departed","first_team","Confirmed in 2026/27 squad (Left Winger, TM 1232057)"
"2026-09-30T13:25:28.623Z","cmuihq6me007nh29ezmai1c1u","Levante UD","cmuihw1es09lesexps9bzbh77","590690","Víctor García","ATTACH","","Unassigned","cmuihq6me007nh29ezmai1c1u","Levante UD","departed","first_team","Confirmed in 2026/27 squad (Right Winger, TM 590690)"
"2026-09-30T13:25:28.623Z","cmuihq6me007nh29ezmai1c1u","Levante UD","cmuihw43v0ccesexpclhocfjt","1038950","Karl Etta Eyong","ATTACH","","Unassigned","cmuihq6me007nh29ezmai1c1u","Levante UD","departed","first_team","Confirmed in 2026/27 squad (Centre-Forward, TM 1038950)"
"2026-09-30T13:25:28.623Z","cmuihq6me007nh29ezmai1c1u","Levante UD","cmuihw3ek0bbnsexp0nqehfwc","846254","Petar Ratkov","ATTACH","","Unassigned","cmuihq6me007nh29ezmai1c1u","Levante UD","departed","first_team","Confirmed in 2026/27 squad (Centre-Forward, TM 846254)"
"2026-09-30T13:25:28.623Z","cmuihq6me007nh29ezmai1c1u","Levante UD","cmuihw4480cl2sexpdx0brrr8","1077670","Axel Tape","REASSIGN","cmuihpzti003xh29ejh2oa78u","Bayer 04 Leverkusen","cmuihq6me007nh29ezmai1c1u","Levante UD","first_team","first_team","Transferred from Bayer 04 Leverkusen to Levante UD (TM 1077670)"
"2026-09-30T13:25:28.623Z","cmuihq6me007nh29ezmai1c1u","Levante UD","cmuihvvv602u5sexpzz9vi8ux","80293","Aïssa Mandi","REASSIGN","cmuihnzfj0017b23f7qeka8w7","LOSC Lille","cmuihq6me007nh29ezmai1c1u","Levante UD","first_team","first_team","Transferred from LOSC Lille to Levante UD (TM 80293)"
"2026-09-30T13:25:28.623Z","cmuihq6me007nh29ezmai1c1u","Levante UD","cmuo51cfe002agffh4rfwcof3","1167696","Ifeanyi Ndukwe","CREATE","","None (New Player)","cmuihq6me007nh29ezmai1c1u","Levante UD","","first_team","Created from official 2026/27 squad (Centre-Back, TM 1167696)"
"2026-09-30T13:25:28.623Z","cmuihq6me007nh29ezmai1c1u","Levante UD","cmuo51ckb002cgffhww5smju8","1476132","Marc Santos","CREATE","","None (New Player)","cmuihq6me007nh29ezmai1c1u","Levante UD","","first_team","Created from official 2026/27 squad (Left-Back, TM 1476132)"
"2026-09-30T13:25:28.623Z","cmuihq6me007nh29ezmai1c1u","Levante UD","cmuo51coh002egffhuxvm8x6s","707222","Enzo Bardeli","CREATE","","None (New Player)","cmuihq6me007nh29ezmai1c1u","Levante UD","","first_team","Created from official 2026/27 squad (Central Midfield, TM 707222)"
"2026-09-30T13:25:28.623Z","cmuihq6me007nh29ezmai1c1u","Levante UD","cmuo51ct1002ggffhrs904ocz","1299566","Yanis Musuayi","CREATE","","None (New Player)","cmuihq6me007nh29ezmai1c1u","Levante UD","","first_team","Created from official 2026/27 squad (Centre-Forward, TM 1299566)"
"2026-09-30T13:25:32.234Z","cmuihq7gc0083h29exnlti38f","Rayo Vallecano","cmuihvyr906gfsexp01x4j9wl","311044","Alfonso Espino","DETACH","cmuihq7gc0083h29exnlti38f","Rayo Vallecano","","Unassigned (Detached)","first_team","departed","Absent from official 2026/27 Transfermarkt squad"
"2026-09-30T13:25:32.234Z","cmuihq7gc0083h29exnlti38f","Rayo Vallecano","cmuihw0j908adsexp4i4ek4bd","451801","Abdul Mumin","DETACH","cmuihq7gc0083h29exnlti38f","Rayo Vallecano","","Unassigned (Detached)","first_team","departed","Absent from official 2026/27 Transfermarkt squad"
"2026-09-30T13:25:32.234Z","cmuihq7gc0083h29exnlti38f","Rayo Vallecano","cmuihw2pq0ambsexp7z0l6c4n","708370","Juanpe Gil","DETACH","cmuihq7gc0083h29exnlti38f","Rayo Vallecano","","Unassigned (Detached)","first_team","departed","Absent from official 2026/27 Transfermarkt squad"
"2026-09-30T13:25:32.234Z","cmuihq7gc0083h29exnlti38f","Rayo Vallecano","cmuihw4ss0d6rsexp9394lncf","1384902","Sergio Lozano","DETACH","cmuihq7gc0083h29exnlti38f","Rayo Vallecano","","Unassigned (Detached)","first_team","departed","Absent from official 2026/27 Transfermarkt squad"
"2026-09-30T13:25:32.234Z","cmuihq7gc0083h29exnlti38f","Rayo Vallecano","cmuihw4ss0d6ssexpitbtzvzs","1384911","Samu Becerra","DETACH","cmuihq7gc0083h29exnlti38f","Rayo Vallecano","","Unassigned (Detached)","first_team","departed","Absent from official 2026/27 Transfermarkt squad"
"2026-09-30T13:25:32.234Z","cmuihq7gc0083h29exnlti38f","Rayo Vallecano","cmuihw3fe0bxksexprhehj76d","948254","Marco de las Sías","DETACH","cmuihq7gc0083h29exnlti38f","Rayo Vallecano","","Unassigned (Detached)","first_team","departed","Absent from official 2026/27 Transfermarkt squad"
"2026-09-30T13:25:32.234Z","cmuihq7gc0083h29exnlti38f","Rayo Vallecano","cmuihw4rw0d58sexp5cqo0idh","1322790","Adrián Molina","DETACH","cmuihq7gc0083h29exnlti38f","Rayo Vallecano","","Unassigned (Detached)","first_team","departed","Absent from official 2026/27 Transfermarkt squad"
"2026-09-30T13:25:32.234Z","cmuihq7gc0083h29exnlti38f","Rayo Vallecano","cmuihvy6o05p2sexp01p2aq74","256339","Emil Audero","ATTACH","","Unassigned","cmuihq7gc0083h29exnlti38f","Rayo Vallecano","departed","first_team","Confirmed in 2026/27 squad (Goalkeeper, TM 256339)"
"2026-09-30T13:25:32.234Z","cmuihq7gc0083h29exnlti38f","Rayo Vallecano","cmuihvzvr07dtsexp8126ez9g","371371","Marash Kumbulla","ATTACH","","Unassigned","cmuihq7gc0083h29exnlti38f","Rayo Vallecano","departed","first_team","Confirmed in 2026/27 squad (Centre-Back, TM 371371)"
"2026-09-30T13:25:32.234Z","cmuihq7gc0083h29exnlti38f","Rayo Vallecano","cmuihw0k808rjsexprylgh4j7","501418","Adrià Pedrosa","ATTACH","","Unassigned","cmuihq7gc0083h29exnlti38f","Rayo Vallecano","departed","first_team","Confirmed in 2026/27 squad (Left-Back, TM 501418)"
"2026-09-30T13:25:32.234Z","cmuihq7gc0083h29exnlti38f","Rayo Vallecano","cmuihw3fd0bwusexpfbtxk1ro","945500","Rayane Belaid","ATTACH","","Unassigned","cmuihq7gc0083h29exnlti38f","Rayo Vallecano","departed","first_team","Confirmed in 2026/27 squad (Attacking Midfield, TM 945500)"
"2026-09-30T13:25:32.234Z","cmuihq7gc0083h29exnlti38f","Rayo Vallecano","cmuihvzwq080ksexp68nd3tfx","419067","Giorgi Tsitaishvili","ATTACH","","Unassigned","cmuihq7gc0083h29exnlti38f","Rayo Vallecano","departed","first_team","Confirmed in 2026/27 squad (Right Winger, TM 419067)"
"2026-09-30T13:25:32.234Z","cmuihq7gc0083h29exnlti38f","Rayo Vallecano","cmuihvws6044nsexp4lm9hbg8","162038","Raúl de Tomás","ATTACH","","Unassigned","cmuihq7gc0083h29exnlti38f","Rayo Vallecano","departed","first_team","Confirmed in 2026/27 squad (Centre-Forward, TM 162038)"
"2026-09-30T13:25:32.234Z","cmuihq7gc0083h29exnlti38f","Rayo Vallecano","cmuo51fcw002jgffhsv1mal9y","497663","Mujaid Sadick","CREATE","","None (New Player)","cmuihq7gc0083h29exnlti38f","Rayo Vallecano","","first_team","Created from official 2026/27 squad (Centre-Back, TM 497663)"
"2026-09-30T13:25:32.234Z","cmuihq7gc0083h29exnlti38f","Rayo Vallecano","cmuo51fj4002lgffhmwqxahi6","1368893","Gnangoro Bouare","CREATE","","None (New Player)","cmuihq7gc0083h29exnlti38f","Rayo Vallecano","","first_team","Created from official 2026/27 squad (Central Midfield, TM 1368893)"
"2026-09-30T13:25:32.234Z","cmuihq7gc0083h29exnlti38f","Rayo Vallecano","cmuo51fsr002ngffhhtcpb2l3","560417","Alemão","CREATE","","None (New Player)","cmuihq7gc0083h29exnlti38f","Rayo Vallecano","","first_team","Created from official 2026/27 squad (Centre-Forward, TM 560417)"
"2026-09-30T13:25:35.372Z","cmuihq61m0079h29efscx2qh5","CA Osasuna","cmuihw2po0al2sexpswfjzxcl","705881","Mikel Serrano","DETACH","cmuihq61m0079h29efscx2qh5","CA Osasuna","","Unassigned (Detached)","first_team","departed","Absent from official 2026/27 Transfermarkt squad"
"2026-09-30T13:25:35.372Z","cmuihq61m0079h29efscx2qh5","CA Osasuna","cmuihw2pr0anksexplbgqy2s1","710679","Iker Benito","DETACH","cmuihq61m0079h29efscx2qh5","CA Osasuna","","Unassigned (Detached)","first_team","departed","Absent from official 2026/27 Transfermarkt squad"
"2026-09-30T13:25:35.372Z","cmuihq61m0079h29efscx2qh5","CA Osasuna","cmuihw4rb0cv6sexp1a5julbj","1164330","Martin Pedroarena","DETACH","cmuihq61m0079h29efscx2qh5","CA Osasuna","","Unassigned (Detached)","first_team","departed","Absent from official 2026/27 Transfermarkt squad"
"2026-09-30T13:25:35.372Z","cmuihq61m0079h29efscx2qh5","CA Osasuna","cmuihw3ei0ba0sexp8vyr7qni","834486","Raúl Chasco","DETACH","cmuihq61m0079h29efscx2qh5","CA Osasuna","","Unassigned (Detached)","first_team","departed","Absent from official 2026/27 Transfermarkt squad"
"2026-09-30T13:25:35.372Z","cmuihq61m0079h29efscx2qh5","CA Osasuna","cmuihw3eu0biosexpgmnmmphh","890817","Dimitrios Stamatakis","DETACH","cmuihq61m0079h29efscx2qh5","CA Osasuna","","Unassigned (Detached)","first_team","departed","Absent from official 2026/27 Transfermarkt squad"
"2026-09-30T13:25:35.372Z","cmuihq61m0079h29efscx2qh5","CA Osasuna","cmuihw3f60bqvsexpbpskm9xc","928726","Roberto Arroyo","DETACH","cmuihq61m0079h29efscx2qh5","CA Osasuna","","Unassigned (Detached)","first_team","departed","Absent from official 2026/27 Transfermarkt squad"
"2026-09-30T13:25:35.372Z","cmuihq61m0079h29efscx2qh5","CA Osasuna","cmuihw3fc0bvwsexprgkticc1","941080","Jon García","DETACH","cmuihq61m0079h29efscx2qh5","CA Osasuna","","Unassigned (Detached)","first_team","departed","Absent from official 2026/27 Transfermarkt squad"
"2026-09-30T13:25:35.372Z","cmuihq61m0079h29efscx2qh5","CA Osasuna","cmuihw4450civsexpqr8cijdm","1065454","Unai Santos","DETACH","cmuihq61m0079h29efscx2qh5","CA Osasuna","","Unassigned (Detached)","first_team","departed","Absent from official 2026/27 Transfermarkt squad"
"2026-09-30T13:25:35.372Z","cmuihq61m0079h29efscx2qh5","CA Osasuna","cmuihvy6j05lisexp0j9axxjg","249513","Diego Rico","ATTACH","","Unassigned","cmuihq61m0079h29efscx2qh5","CA Osasuna","departed","first_team","Confirmed in 2026/27 squad (Left-Back, TM 249513)"
"2026-09-30T13:25:35.372Z","cmuihq61m0079h29efscx2qh5","CA Osasuna","cmuihvzbf075hsexpdf18aley","353399","Romain Del Castillo","REASSIGN","cmuihq8e9008lh29ed3170t61","Stade Brestois 29","cmuihq61m0079h29efscx2qh5","CA Osasuna","first_team","first_team","Transferred from Stade Brestois 29 to CA Osasuna (TM 353399)"
"2026-09-30T13:25:35.372Z","cmuihq61m0079h29efscx2qh5","CA Osasuna","cmuo51i7z002qgffh9vfzdvmi","1149188","Rockson Yeboah","CREATE","","None (New Player)","cmuihq61m0079h29efscx2qh5","CA Osasuna","","first_team","Created from official 2026/27 squad (Centre-Back, TM 1149188)"
"2026-09-30T13:25:35.372Z","cmuihq61m0079h29efscx2qh5","CA Osasuna","cmuo51ie6002sgffh4v9ns9jx","628621","Jonathan Dubasin","CREATE","","None (New Player)","cmuihq61m0079h29efscx2qh5","CA Osasuna","","first_team","Created from official 2026/27 squad (Right Winger, TM 628621)"
"2026-09-30T13:25:39.737Z","cmuihq03y0041h29ezh2jdh2h","Elche CF","cmuihvzaz06uasexpb1537mqf","337946","Jairo Izquierdo","DETACH","cmuihq03y0041h29ezh2jdh2h","Elche CF","","Unassigned (Detached)","first_team","departed","Absent from official 2026/27 Transfermarkt squad"
"2026-09-30T13:25:39.737Z","cmuihq03y0041h29ezh2jdh2h","Elche CF","cmuihw24909y1sexpdx9ifctv","627290","John Donald","DETACH","cmuihq03y0041h29ezh2jdh2h","Elche CF","","Unassigned (Detached)","first_team","departed","Absent from official 2026/27 Transfermarkt squad"
"2026-09-30T13:25:39.737Z","cmuihq03y0041h29ezh2jdh2h","Elche CF","cmuihw4440cijsexprn76j7ix","1064504","Nico Salvador","DETACH","cmuihq03y0041h29ezh2jdh2h","Elche CF","","Unassigned (Detached)","first_team","departed","Absent from official 2026/27 Transfermarkt squad"
"2026-09-30T13:25:39.737Z","cmuihq03y0041h29ezh2jdh2h","Elche CF","cmuihw4450cimsexp3us24ju3","1064543","Nordin Al Lal","DETACH","cmuihq03y0041h29ezh2jdh2h","Elche CF","","Unassigned (Detached)","first_team","departed","Absent from official 2026/27 Transfermarkt squad"
"2026-09-30T13:25:39.737Z","cmuihq03y0041h29ezh2jdh2h","Elche CF","cmuihw4rf0cxgsexptj65envo","1183198","Bema Sina","DETACH","cmuihq03y0041h29ezh2jdh2h","Elche CF","","Unassigned (Detached)","first_team","departed","Absent from official 2026/27 Transfermarkt squad"
"2026-09-30T13:25:39.737Z","cmuihq03y0041h29ezh2jdh2h","Elche CF","cmuihvzwm07y1sexpwfzn24ef","412829","Léo Pétrot","DETACH","cmuihq03y0041h29ezh2jdh2h","Elche CF","","Unassigned (Detached)","first_team","departed","Absent from official 2026/27 Transfermarkt squad"
"2026-09-30T13:25:39.737Z","cmuihq03y0041h29ezh2jdh2h","Elche CF","cmuihw4410cgysexphwje5ozn","1060657","Juan Piera","DETACH","cmuihq03y0041h29ezh2jdh2h","Elche CF","","Unassigned (Detached)","first_team","departed","Absent from official 2026/27 Transfermarkt squad"
"2026-09-30T13:25:39.737Z","cmuihq03y0041h29ezh2jdh2h","Elche CF","cmuihw4qy0cqhsexpz13vdya0","1118682","Pablo Felipe","DETACH","cmuihq03y0041h29ezh2jdh2h","Elche CF","","Unassigned (Detached)","first_team","departed","Absent from official 2026/27 Transfermarkt squad"
"2026-09-30T13:25:39.737Z","cmuihq03y0041h29ezh2jdh2h","Elche CF","cmuihw2po0al0sexpzow48xwo","705813","Rubén Sánchez","ATTACH","","Unassigned","cmuihq03y0041h29ezh2jdh2h","Elche CF","departed","first_team","Confirmed in 2026/27 squad (Right-Back, TM 705813)"
"2026-09-30T13:25:39.737Z","cmuihq03y0041h29ezh2jdh2h","Elche CF","cmuihw4rp0d23sexpnosozxrj","1250522","Javi Morcillo","ATTACH","","Unassigned","cmuihq03y0041h29ezh2jdh2h","Elche CF","departed","first_team","Confirmed in 2026/27 squad (Central Midfield, TM 1250522)"
"2026-09-30T13:25:39.737Z","cmuihq03y0041h29ezh2jdh2h","Elche CF","cmuihw43j0c3vsexpsm73wjdc","983989","Facundo Buonanotte","ATTACH","","Unassigned","cmuihq03y0041h29ezh2jdh2h","Elche CF","departed","first_team","Confirmed in 2026/27 squad (Attacking Midfield, TM 983989)"
"2026-09-30T13:25:39.737Z","cmuihq03y0041h29ezh2jdh2h","Elche CF","cmuihvxgh04xjsexpdrehfq59","205562","Thomas Lemar","ATTACH","","Unassigned","cmuihq03y0041h29ezh2jdh2h","Elche CF","departed","first_team","Confirmed in 2026/27 squad (Attacking Midfield, TM 205562)"
"2026-09-30T13:25:39.737Z","cmuihq03y0041h29ezh2jdh2h","Elche CF","cmuihw24909y2sexpsapzanmg","627294","Fer Niño","ATTACH","","Unassigned","cmuihq03y0041h29ezh2jdh2h","Elche CF","departed","first_team","Confirmed in 2026/27 squad (Centre-Forward, TM 627294)"
"2026-09-30T13:25:39.737Z","cmuihq03y0041h29ezh2jdh2h","Elche CF","cmuihw0k708qbsexpu1nmiipa","495625","Víctor Chust","REASSIGN","cmuihq3dw005yh29eacylgkht","Cádiz CF","cmuihq03y0041h29ezh2jdh2h","Elche CF","first_team","first_team","Transferred from Cádiz CF to Elche CF (TM 495625)"
"2026-09-30T13:25:39.737Z","cmuihq03y0041h29ezh2jdh2h","Elche CF","cmuo51kzg002vgffhvudfj9r8","661136","Kevin Lomónaco","CREATE","","None (New Player)","cmuihq03y0041h29ezh2jdh2h","Elche CF","","first_team","Created from official 2026/27 squad (Centre-Back, TM 661136)"
"2026-09-30T13:25:39.737Z","cmuihq03y0041h29ezh2jdh2h","Elche CF","cmuo51l2z002xgffhfsmg2lvz","1060456","Matia Barzic","CREATE","","None (New Player)","cmuihq03y0041h29ezh2jdh2h","Elche CF","","first_team","Created from official 2026/27 squad (Centre-Back, TM 1060456)"
"2026-09-30T13:25:39.737Z","cmuihq03y0041h29ezh2jdh2h","Elche CF","cmuo51lgy002zgffh17w7stui","919538","Roy Revivo","CREATE","","None (New Player)","cmuihq03y0041h29ezh2jdh2h","Elche CF","","first_team","Created from official 2026/27 squad (Left-Back, TM 919538)"
"2026-09-30T13:25:39.737Z","cmuihq03y0041h29ezh2jdh2h","Elche CF","cmuo51lox0031gffhvldodx8i","398163","Gonzalo Villar","CREATE","","None (New Player)","cmuihq03y0041h29ezh2jdh2h","Elche CF","","first_team","Created from official 2026/27 squad (Central Midfield, TM 398163)"
"2026-09-30T13:25:39.737Z","cmuihq03y0041h29ezh2jdh2h","Elche CF","cmuo51lzv0033gffhewpssufa","296783","Ezequiel Ponce","CREATE","","None (New Player)","cmuihq03y0041h29ezh2jdh2h","Elche CF","","first_team","Created from official 2026/27 squad (Centre-Forward, TM 296783)"
"2026-09-30T13:25:39.737Z","cmuihq03y0041h29ezh2jdh2h","Elche CF","cmuo51m4e0035gffhia5dui71","991773","Abiel Osorio","CREATE","","None (New Player)","cmuihq03y0041h29ezh2jdh2h","Elche CF","","first_team","Created from official 2026/27 squad (Centre-Forward, TM 991773)"
"2026-09-30T13:25:45.959Z","cmuiho7e5001lb23fhy6pl2ep","Deportivo Alavés","cmuihvy6r05r1sexphax6k0bo","258475","Nikola Maras","DETACH","cmuiho7e5001lb23fhy6pl2ep","Deportivo Alavés","","Unassigned (Detached)","first_team","departed","Absent from official 2026/27 Transfermarkt squad"
"2026-09-30T13:25:45.959Z","cmuiho7e5001lb23fhy6pl2ep","Deportivo Alavés","cmuihw3fd0bwzsexptuaq6sdf","945760","Carlos Ballestero","DETACH","cmuiho7e5001lb23fhy6pl2ep","Deportivo Alavés","","Unassigned (Detached)","first_team","departed","Absent from official 2026/27 Transfermarkt squad"
"2026-09-30T13:25:45.959Z","cmuiho7e5001lb23fhy6pl2ep","Deportivo Alavés","cmuihw4430ci4sexp53oyxu52","1063990","Grégoire Swiderski","DETACH","cmuiho7e5001lb23fhy6pl2ep","Deportivo Alavés","","Unassigned (Detached)","first_team","departed","Absent from official 2026/27 Transfermarkt squad"
"2026-09-30T13:25:45.959Z","cmuiho7e5001lb23fhy6pl2ep","Deportivo Alavés","cmuihw4440ci8sexppvvi473b","1064116","Paco Sanz","DETACH","cmuiho7e5001lb23fhy6pl2ep","Deportivo Alavés","","Unassigned (Detached)","first_team","departed","Absent from official 2026/27 Transfermarkt squad"
"2026-09-30T13:25:45.959Z","cmuiho7e5001lb23fhy6pl2ep","Deportivo Alavés","cmuihw4440cicsexpqcssc9tk","1064391","Egoitz Muñoz","DETACH","cmuiho7e5001lb23fhy6pl2ep","Deportivo Alavés","","Unassigned (Detached)","first_team","departed","Absent from official 2026/27 Transfermarkt squad"
"2026-09-30T13:25:45.959Z","cmuiho7e5001lb23fhy6pl2ep","Deportivo Alavés","cmuihw4440cifsexpd49ple9c","1064403","Álvaro García","DETACH","cmuiho7e5001lb23fhy6pl2ep","Deportivo Alavés","","Unassigned (Detached)","first_team","departed","Absent from official 2026/27 Transfermarkt squad"
"2026-09-30T13:25:45.959Z","cmuiho7e5001lb23fhy6pl2ep","Deportivo Alavés","cmuihw1cu0955sexpntby1jjr","540536","Carlos Vicente","DETACH","cmuiho7e5001lb23fhy6pl2ep","Deportivo Alavés","","Unassigned (Detached)","first_team","departed","Absent from official 2026/27 Transfermarkt squad"
"2026-09-30T13:25:45.959Z","cmuiho7e5001lb23fhy6pl2ep","Deportivo Alavés","cmuihw3ew0bk1sexpk8c8wx4a","895591","Lander Pinillos","DETACH","cmuiho7e5001lb23fhy6pl2ep","Deportivo Alavés","","Unassigned (Detached)","first_team","departed","Absent from official 2026/27 Transfermarkt squad"
"2026-09-30T13:25:45.959Z","cmuiho7e5001lb23fhy6pl2ep","Deportivo Alavés","cmuihw3fe0bxjsexpb4o4bzby","948253","Rubén Montero","DETACH","cmuiho7e5001lb23fhy6pl2ep","Deportivo Alavés","","Unassigned (Detached)","first_team","departed","Absent from official 2026/27 Transfermarkt squad"
"2026-09-30T13:25:45.959Z","cmuiho7e5001lb23fhy6pl2ep","Deportivo Alavés","cmuihw43v0cc0sexpm17mta8f","1035156","Diego Morcillo","DETACH","cmuiho7e5001lb23fhy6pl2ep","Deportivo Alavés","","Unassigned (Detached)","first_team","departed","Absent from official 2026/27 Transfermarkt squad"
"2026-09-30T13:25:45.959Z","cmuiho7e5001lb23fhy6pl2ep","Deportivo Alavés","cmuihw24109rdsexpjssqxhr7","608382","Adrián Rodríguez","ATTACH","","Unassigned","cmuiho7e5001lb23fhy6pl2ep","Deportivo Alavés","departed","first_team","Confirmed in 2026/27 squad (Goalkeeper, TM 608382)"
"2026-09-30T13:25:45.959Z","cmuiho7e5001lb23fhy6pl2ep","Deportivo Alavés","cmuihw3ep0becsexp5v00gtbq","860992","Nicolás Valentini","ATTACH","","Unassigned","cmuiho7e5001lb23fhy6pl2ep","Deportivo Alavés","departed","first_team","Confirmed in 2026/27 squad (Centre-Back, TM 860992)"
"2026-09-30T13:25:45.959Z","cmuiho7e5001lb23fhy6pl2ep","Deportivo Alavés","cmuihw2pz0auqsexpv391rnll","741289","Youssef Enríquez","ATTACH","","Unassigned","cmuiho7e5001lb23fhy6pl2ep","Deportivo Alavés","departed","first_team","Confirmed in 2026/27 squad (Left-Back, TM 741289)"
"2026-09-30T13:25:45.959Z","cmuiho7e5001lb23fhy6pl2ep","Deportivo Alavés","cmuihvxfo04d4sexp01auag4c","175446","Jonny Otto","ATTACH","","Unassigned","cmuiho7e5001lb23fhy6pl2ep","Deportivo Alavés","departed","first_team","Confirmed in 2026/27 squad (Right-Back, TM 175446)"
"2026-09-30T13:25:45.959Z","cmuiho7e5001lb23fhy6pl2ep","Deportivo Alavés","cmuihw24p0aaysexp9ac69u1k","668276","Hugo Novoa","ATTACH","","Unassigned","cmuiho7e5001lb23fhy6pl2ep","Deportivo Alavés","departed","first_team","Confirmed in 2026/27 squad (Right-Back, TM 668276)"
"2026-09-30T13:25:45.959Z","cmuiho7e5001lb23fhy6pl2ep","Deportivo Alavés","cmuihw2q90b06sexp5flhooww","785353","Pablo Ibáñez","ATTACH","","Unassigned","cmuiho7e5001lb23fhy6pl2ep","Deportivo Alavés","departed","first_team","Confirmed in 2026/27 squad (Central Midfield, TM 785353)"
"2026-09-30T13:25:45.959Z","cmuiho7e5001lb23fhy6pl2ep","Deportivo Alavés","cmuihvyqt063wsexp5m33gxhh","284854","Carles Aleñá","ATTACH","","Unassigned","cmuiho7e5001lb23fhy6pl2ep","Deportivo Alavés","departed","first_team","Confirmed in 2026/27 squad (Central Midfield, TM 284854)"
"2026-09-30T13:25:45.959Z","cmuiho7e5001lb23fhy6pl2ep","Deportivo Alavés","cmuihw2pu0aqesexpvu1z89cg","721660","Mikel Rodriguez","ATTACH","","Unassigned","cmuiho7e5001lb23fhy6pl2ep","Deportivo Alavés","departed","first_team","Confirmed in 2026/27 squad (Central Midfield, TM 721660)"
"2026-09-30T13:25:45.959Z","cmuiho7e5001lb23fhy6pl2ep","Deportivo Alavés","cmuihw43z0cfdsexp5gf7bzx5","1054931","Selu Diallo","ATTACH","","Unassigned","cmuiho7e5001lb23fhy6pl2ep","Deportivo Alavés","departed","first_team","Confirmed in 2026/27 squad (Central Midfield, TM 1054931)"
"2026-09-30T13:25:45.959Z","cmuiho7e5001lb23fhy6pl2ep","Deportivo Alavés","cmuihvwsb047isexpksfqggms","165007","Denis Suárez","ATTACH","","Unassigned","cmuiho7e5001lb23fhy6pl2ep","Deportivo Alavés","departed","first_team","Confirmed in 2026/27 squad (Attacking Midfield, TM 165007)"
"2026-09-30T13:25:45.959Z","cmuiho7e5001lb23fhy6pl2ep","Deportivo Alavés","cmuihw2pt0apbsexprwuzhp3m","718034","Abde Rebbach","ATTACH","","Unassigned","cmuiho7e5001lb23fhy6pl2ep","Deportivo Alavés","departed","first_team","Confirmed in 2026/27 squad (Left Winger, TM 718034)"
"2026-09-30T13:25:45.959Z","cmuiho7e5001lb23fhy6pl2ep","Deportivo Alavés","cmuihw4r00cr8sexp3z7rlb4y","1124136","Ángel Pérez","ATTACH","","Unassigned","cmuiho7e5001lb23fhy6pl2ep","Deportivo Alavés","departed","first_team","Confirmed in 2026/27 squad (Right Winger, TM 1124136)"
"2026-09-30T13:25:45.959Z","cmuiho7e5001lb23fhy6pl2ep","Deportivo Alavés","cmuihvzat06qzsexpa2qpgm1h","334222","Lucas Boyé","ATTACH","","Unassigned","cmuiho7e5001lb23fhy6pl2ep","Deportivo Alavés","departed","first_team","Confirmed in 2026/27 squad (Centre-Forward, TM 334222)"
"2026-09-30T13:25:45.959Z","cmuiho7e5001lb23fhy6pl2ep","Deportivo Alavés","cmuihw3f90btasexp1a7hyi8t","935232","Aitor Mañas","ATTACH","","Unassigned","cmuiho7e5001lb23fhy6pl2ep","Deportivo Alavés","departed","first_team","Confirmed in 2026/27 squad (Centre-Forward, TM 935232)"
"2026-09-30T13:25:45.959Z","cmuiho7e5001lb23fhy6pl2ep","Deportivo Alavés","cmuihvy5z055qsexpswujukal","225020","Mariano Díaz","ATTACH","","Unassigned","cmuiho7e5001lb23fhy6pl2ep","Deportivo Alavés","departed","first_team","Confirmed in 2026/27 squad (Centre-Forward, TM 225020)"
"2026-09-30T13:25:45.959Z","cmuiho7e5001lb23fhy6pl2ep","Deportivo Alavés","cmuihw24d0a0tsexpedktyv7c","634427","Miguel Rodríguez","REASSIGN","cmuihq181004nh29e2ib1sw4p","FC Utrecht","cmuiho7e5001lb23fhy6pl2ep","Deportivo Alavés","first_team","first_team","Transferred from FC Utrecht to Deportivo Alavés (TM 634427)"
"2026-09-30T13:25:45.959Z","cmuiho7e5001lb23fhy6pl2ep","Deportivo Alavés","cmuo51pt40038gffh8obfi8sz","581326","Ville Koski","CREATE","","None (New Player)","cmuiho7e5001lb23fhy6pl2ep","Deportivo Alavés","","first_team","Created from official 2026/27 squad (Centre-Back, TM 581326)"
"2026-09-30T13:25:48.098Z","cmuiho0ii0019b23fvb7o5lmu","Málaga CF","cmuihvzbj078gsexpz8a5omhp","357884","Fernando Calero","ATTACH","","Unassigned","cmuiho0ii0019b23fvb7o5lmu","Málaga CF","departed","first_team","Confirmed in 2026/27 squad (Centre-Back, TM 357884)"
"2026-09-30T13:25:48.098Z","cmuiho0ii0019b23fvb7o5lmu","Málaga CF","cmuihvy6k05masexpy35ejj6s","251046","Einar Galilea","ATTACH","","Unassigned","cmuiho0ii0019b23fvb7o5lmu","Málaga CF","departed","first_team","Confirmed in 2026/27 squad (Centre-Back, TM 251046)"
"2026-09-30T13:25:48.098Z","cmuiho0ii0019b23fvb7o5lmu","Málaga CF","cmuihvzwc07rysexp9xlpl4g4","398056","Álex Pastor","ATTACH","","Unassigned","cmuiho0ii0019b23fvb7o5lmu","Málaga CF","departed","first_team","Confirmed in 2026/27 squad (Centre-Back, TM 398056)"
"2026-09-30T13:25:48.098Z","cmuiho0ii0019b23fvb7o5lmu","Málaga CF","cmuihw3fb0bv1sexpfya6b2ts","938146","Adam Aznou","ATTACH","","Unassigned","cmuiho0ii0019b23fvb7o5lmu","Málaga CF","departed","first_team","Confirmed in 2026/27 squad (Left-Back, TM 938146)"
"2026-09-30T13:25:48.098Z","cmuiho0ii0019b23fvb7o5lmu","Málaga CF","cmuihw3ef0b7qsexpivxlncoa","819590","José Salinas","ATTACH","","Unassigned","cmuiho0ii0019b23fvb7o5lmu","Málaga CF","departed","first_team","Confirmed in 2026/27 squad (Left-Back, TM 819590)"
"2026-09-30T13:25:48.098Z","cmuiho0ii0019b23fvb7o5lmu","Málaga CF","cmuihw0jr08hvsexpn14imq1h","468066","Jens Cajuste","ATTACH","","Unassigned","cmuiho0ii0019b23fvb7o5lmu","Málaga CF","departed","first_team","Confirmed in 2026/27 squad (Defensive Midfield, TM 468066)"
"2026-09-30T13:25:48.098Z","cmuiho0ii0019b23fvb7o5lmu","Málaga CF","cmuihw1dh09f5sexppf3z2xj9","568835","Pablo Martínez","ATTACH","","Unassigned","cmuiho0ii0019b23fvb7o5lmu","Málaga CF","departed","first_team","Confirmed in 2026/27 squad (Central Midfield, TM 568835)"
"2026-09-30T13:25:48.098Z","cmuiho0ii0019b23fvb7o5lmu","Málaga CF","cmuihw24709wosexpyajfyoyj","623524","Carlos Dotor","ATTACH","","Unassigned","cmuiho0ii0019b23fvb7o5lmu","Málaga CF","departed","first_team","Confirmed in 2026/27 squad (Central Midfield, TM 623524)"
"2026-09-30T13:25:48.098Z","cmuiho0ii0019b23fvb7o5lmu","Málaga CF","cmuihw1em09kbsexpdf78rcgr","585700","Juan Cruz","ATTACH","","Unassigned","cmuiho0ii0019b23fvb7o5lmu","Málaga CF","departed","first_team","Confirmed in 2026/27 squad (Left Winger, TM 585700)"
"2026-09-30T13:25:48.098Z","cmuiho0ii0019b23fvb7o5lmu","Málaga CF","cmuihvzwa07qtsexpfgjma0z3","396334","Joaquín Muñoz","ATTACH","","Unassigned","cmuiho0ii0019b23fvb7o5lmu","Málaga CF","departed","first_team","Confirmed in 2026/27 squad (Left Winger, TM 396334)"
"2026-09-30T13:25:48.098Z","cmuiho0ii0019b23fvb7o5lmu","Málaga CF","cmuihw24809xbsexp6sm39ate","625654","Julen Lobete","ATTACH","","Unassigned","cmuiho0ii0019b23fvb7o5lmu","Málaga CF","departed","first_team","Confirmed in 2026/27 squad (Left Winger, TM 625654)"
"2026-09-30T13:25:48.098Z","cmuiho0ii0019b23fvb7o5lmu","Málaga CF","cmuihw3f50bq4sexputxom97u","926849","Adrián Niño","ATTACH","","Unassigned","cmuiho0ii0019b23fvb7o5lmu","Málaga CF","departed","first_team","Confirmed in 2026/27 squad (Centre-Forward, TM 926849)"
"2026-09-30T13:25:48.098Z","cmuiho0ii0019b23fvb7o5lmu","Málaga CF","cmuo51r8o003bgffhp2z9biyp","129478","Alfonso Herrero","CREATE","","None (New Player)","cmuiho0ii0019b23fvb7o5lmu","Málaga CF","","first_team","Created from official 2026/27 squad (Goalkeeper, TM 129478)"
"2026-09-30T13:25:48.098Z","cmuiho0ii0019b23fvb7o5lmu","Málaga CF","cmuo51rh2003dgffhrmq04fxe","1004298","Carlos López","CREATE","","None (New Player)","cmuiho0ii0019b23fvb7o5lmu","Málaga CF","","first_team","Created from official 2026/27 squad (Goalkeeper, TM 1004298)"
"2026-09-30T13:25:48.098Z","cmuiho0ii0019b23fvb7o5lmu","Málaga CF","cmuo51rll003fgffhgxaqrawc","635930","Diego Murillo","CREATE","","None (New Player)","cmuiho0ii0019b23fvb7o5lmu","Málaga CF","","first_team","Created from official 2026/27 squad (Centre-Back, TM 635930)"
"2026-09-30T13:25:48.098Z","cmuiho0ii0019b23fvb7o5lmu","Málaga CF","cmuo51rq7003hgffhb7ci2aj7","461843","Juan Berrocal","CREATE","","None (New Player)","cmuiho0ii0019b23fvb7o5lmu","Málaga CF","","first_team","Created from official 2026/27 squad (Centre-Back, TM 461843)"
"2026-09-30T13:25:48.098Z","cmuiho0ii0019b23fvb7o5lmu","Málaga CF","cmuo51rue003jgffheilr3hs0","897521","Ángel Recio","CREATE","","None (New Player)","cmuiho0ii0019b23fvb7o5lmu","Málaga CF","","first_team","Created from official 2026/27 squad (Centre-Back, TM 897521)"
"2026-09-30T13:25:48.098Z","cmuiho0ii0019b23fvb7o5lmu","Málaga CF","cmuo51ry5003lgffh1lrkwgc1","1064717","Rafita Garrido","CREATE","","None (New Player)","cmuiho0ii0019b23fvb7o5lmu","Málaga CF","","first_team","Created from official 2026/27 squad (Right-Back, TM 1064717)"
"2026-09-30T13:25:48.098Z","cmuiho0ii0019b23fvb7o5lmu","Málaga CF","cmuo51s2m003ngffhrx59onzg","776703","Carlos Puga","CREATE","","None (New Player)","cmuiho0ii0019b23fvb7o5lmu","Málaga CF","","first_team","Created from official 2026/27 squad (Right-Back, TM 776703)"
"2026-09-30T13:25:48.098Z","cmuiho0ii0019b23fvb7o5lmu","Málaga CF","cmuo51s7c003pgffhoh7x27k4","1078436","Izan Merino","CREATE","","None (New Player)","cmuiho0ii0019b23fvb7o5lmu","Málaga CF","","first_team","Created from official 2026/27 squad (Central Midfield, TM 1078436)"
"2026-09-30T13:25:48.098Z","cmuiho0ii0019b23fvb7o5lmu","Málaga CF","cmuo51sbt003rgffhqqticvrf","567222","Ramón Enríquez","CREATE","","None (New Player)","cmuiho0ii0019b23fvb7o5lmu","Málaga CF","","first_team","Created from official 2026/27 squad (Central Midfield, TM 567222)"
"2026-09-30T13:25:48.098Z","cmuiho0ii0019b23fvb7o5lmu","Málaga CF","cmuo51sg4003tgffh1nchz8v9","960562","Dani Lorenzo","CREATE","","None (New Player)","cmuiho0ii0019b23fvb7o5lmu","Málaga CF","","first_team","Created from official 2026/27 squad (Attacking Midfield, TM 960562)"
"2026-09-30T13:25:48.098Z","cmuiho0ii0019b23fvb7o5lmu","Málaga CF","cmuo51skn003vgffheywjsfqc","1057394","Rafa Rodríguez","CREATE","","None (New Player)","cmuiho0ii0019b23fvb7o5lmu","Málaga CF","","first_team","Created from official 2026/27 squad (Attacking Midfield, TM 1057394)"
"2026-09-30T13:25:48.098Z","cmuiho0ii0019b23fvb7o5lmu","Málaga CF","cmuo51so9003xgffhugdwkg9u","1109577","Aarón Ochoa","CREATE","","None (New Player)","cmuiho0ii0019b23fvb7o5lmu","Málaga CF","","first_team","Created from official 2026/27 squad (Attacking Midfield, TM 1109577)"
"2026-09-30T13:25:48.098Z","cmuiho0ii0019b23fvb7o5lmu","Málaga CF","cmuo51ssg003zgffhre2hkmuc","635939","David Larrubia","CREATE","","None (New Player)","cmuiho0ii0019b23fvb7o5lmu","Málaga CF","","first_team","Created from official 2026/27 squad (Right Winger, TM 635939)"
"2026-09-30T13:25:48.098Z","cmuiho0ii0019b23fvb7o5lmu","Málaga CF","cmuo51sw60041gffht07ge9fu","667996","Haitam Abaida","CREATE","","None (New Player)","cmuiho0ii0019b23fvb7o5lmu","Málaga CF","","first_team","Created from official 2026/27 squad (Right Winger, TM 667996)"
"2026-09-30T13:25:48.098Z","cmuiho0ii0019b23fvb7o5lmu","Málaga CF","cmuo51t000043gffh9ezf3tj5","780817","Chupe","CREATE","","None (New Player)","cmuiho0ii0019b23fvb7o5lmu","Málaga CF","","first_team","Created from official 2026/27 squad (Centre-Forward, TM 780817)"
"2026-09-30T13:25:48.098Z","cmuiho0ii0019b23fvb7o5lmu","Málaga CF","cmuo51t9j0045gffhdwfyopgi","376589","Eneko Jauregi","CREATE","","None (New Player)","cmuiho0ii0019b23fvb7o5lmu","Málaga CF","","first_team","Created from official 2026/27 squad (Centre-Forward, TM 376589)"
