clubId,clubName,playerId,fullName,action,currentClubId,currentClubName,targetClubId,targetClubName,position,dateOfBirth,shirtNumber,status,marketValueEur,transfermarktId,reason,sanityFlags
"cmuiho5do001hb23froc57owj","Arsenal FC","cmuihvwru03vysexpyx8qaql4","Leandro Trossard","DETACH","cmuiho5do001hb23froc57owj","Arsenal FC","","Unassigned (Detached)","Attack","1994-12-04","","departed",18000000,"144028","Absent from FotMob declared squad for Arsenal FC",""
"cmuiho5do001hb23froc57owj","Arsenal FC","cmuihw3fc0bvvsexpksu1ma1l","Alexéi Rojas","DETACH","cmuiho5do001hb23froc57owj","Arsenal FC","","Unassigned (Detached)","Goalkeeper","2005-09-28","","departed",250000,"940915","Absent from FotMob declared squad for Arsenal FC",""
"cmuiho5do001hb23froc57owj","Arsenal FC","cmuihw24k0a6qsexp2t10fjmh","Gabriel Martinelli","DETACH","cmuiho5do001hb23froc57owj","Arsenal FC","","Unassigned (Detached)","Attack","2001-06-18","","departed",45000000,"655488","Absent from FotMob declared squad for Arsenal FC",""
"cmuiho5do001hb23froc57owj","Arsenal FC","cmuihw3el0bc2sexp7tgcux59","Tommy Setford","DETACH","cmuiho5do001hb23froc57owj","Arsenal FC","","Unassigned (Detached)","Goalkeeper","2006-03-13","","departed",500000,"848753","Absent from FotMob declared squad for Arsenal FC",""
"cmuihq8vi008xh29edz4vg4xw","Aston Villa","cmuihw0is0857sexpky0i4v42","Zion Suzuki","REASSIGN","cmuihouiw002pb23fjq3m9qng","Parma Calcio 1913","cmuihq8vi008xh29edz4vg4xw","Aston Villa","Goalkeeper","2002-08-21","1","first_team",20000000,"432298","Present in Aston Villa FotMob senior squad (shirt #1); previously assigned to Parma Calcio 1913",""
"cmuihq8vi008xh29edz4vg4xw","Aston Villa","cmuihw0k908sysexp1djixsok","Taylor Harwood-Bellis","ATTACH","","Unassigned (Detached)","cmuihq8vi008xh29edz4vg4xw","Aston Villa","Defender","2002-01-30","4","first_team",20000000,"503977","Present in Aston Villa FotMob squad (shirt #4); attach detached player",""
"cmuihq8vi008xh29edz4vg4xw","Aston Villa","cmuihw24409u6sexpti4q2ldj","Matteo Ruggeri","ATTACH","","Unassigned (Detached)","cmuihq8vi008xh29edz4vg4xw","Aston Villa","Defender","2002-07-11","13","first_team",28000000,"616631","Present in Aston Villa FotMob squad (shirt #13); attach detached player",""
"cmuihq8vi008xh29edz4vg4xw","Aston Villa","cmuihw0jy08ktsexp0la5teas","Aaron Wan-Bissaka","REASSIGN","cmuihq7mj0089h29e0q3gm3nk","West Ham United","cmuihq8vi008xh29edz4vg4xw","Aston Villa","Defender","1997-11-26","29","first_team",15000000,"477758","Present in Aston Villa FotMob senior squad (shirt #29); previously assigned to West Ham United",""
"cmuihq8vi008xh29edz4vg4xw","Aston Villa","FM_1714552","Modou Kéba Cissé","CREATE","","Unassigned / Not in DB","cmuihq8vi008xh29edz4vg4xw","Aston Villa","Defender","2005-08-04","48","first_team",2832877,"","Ingest new senior player from FotMob squad (shirt #48)",""
"cmuihq8vi008xh29edz4vg4xw","Aston Villa","cmuihw2py0atdsexpdepfhuvq","João Gomes","REASSIGN","cmuihqbq700ahh29euibcxp0b","Wolverhampton Wanderers","cmuihq8vi008xh29edz4vg4xw","Aston Villa","Midfield","2001-02-12","35","first_team",40000000,"735570","Present in Aston Villa FotMob senior squad (shirt #35); previously assigned to Wolverhampton Wanderers",""
"cmuihq8vi008xh29edz4vg4xw","Aston Villa","cmuihw3f50bq9sexpufbun6ue","Johan Manzambi","REASSIGN","cmuihqc7a00anh29ekc5foq1r","SC Freiburg","cmuihq8vi008xh29edz4vg4xw","Aston Villa","Midfield","2005-10-14","44","first_team",50000000,"927353","Present in Aston Villa FotMob senior squad (shirt #44); previously assigned to SC Freiburg",""
"cmuihq8vi008xh29edz4vg4xw","Aston Villa","cmuihw43u0causexpww52xv2c","George Hemmings","ATTACH","","Unassigned (Detached)","cmuihq8vi008xh29edz4vg4xw","Aston Villa","Midfield","2007-04-03","53","first_team",290304,"1023191","Present in Aston Villa FotMob squad (shirt #53); attach detached player",""
"cmuihq8vi008xh29edz4vg4xw","Aston Villa","cmuihw2q80azisexph36zzipm","Nicolas Jackson","REASSIGN","cmuihqcpo00b1h29edf8q9ksb","Chelsea FC","cmuihq8vi008xh29edz4vg4xw","Aston Villa","Attack","2001-06-20","11","first_team",40000000,"776890","Present in Aston Villa FotMob senior squad (shirt #11); previously assigned to Chelsea FC",""
"cmuihq8vi008xh29edz4vg4xw","Aston Villa","cmuihw2qf0b52sexpn07mu3sh","Alejandro Garnacho","REASSIGN","cmuihqcpo00b1h29edf8q9ksb","Chelsea FC","cmuihq8vi008xh29edz4vg4xw","Aston Villa","Attack","2004-07-01","17","first_team",28000000,"811779","Present in Aston Villa FotMob senior squad (shirt #17); previously assigned to Chelsea FC",""
"cmuihq8vi008xh29edz4vg4xw","Aston Villa","FM_749661","Tammy Abraham","CREATE","","Unassigned / Not in DB","cmuihq8vi008xh29edz4vg4xw","Aston Villa","Attack","1997-10-02","18","first_team",15787690,"331726","Ingest new senior player from FotMob squad (shirt #18)",""
"cmuihq8vi008xh29edz4vg4xw","Aston Villa","cmuihw4rm0d0vsexpeqhueb89","Brian Madjo","ATTACH","","Unassigned (Detached)","cmuihq8vi008xh29edz4vg4xw","Aston Villa","Attack","2009-01-12","39","first_team",12000000,"1226357","Present in Aston Villa FotMob squad (shirt #39); attach detached player",""
"cmuihq8vi008xh29edz4vg4xw","Aston Villa","cmuihvvye03cysexp6i5qq99j","Emiliano Martínez","DETACH","cmuihq8vi008xh29edz4vg4xw","Aston Villa","","Unassigned (Detached)","Goalkeeper","1992-09-02","","departed",12000000,"111873","Absent from FotMob declared squad for Aston Villa",""
"cmuihq8vi008xh29edz4vg4xw","Aston Villa","cmuihvzao06mzsexphnrl2y25","Ollie Watkins","DETACH","cmuihq8vi008xh29edz4vg4xw","Aston Villa","","Unassigned (Detached)","Attack","1995-12-30","","departed",25000000,"324358","Absent from FotMob declared squad for Aston Villa",""
"cmuihq8vi008xh29edz4vg4xw","Aston Villa","cmuihvy6j05ljsexpm3b43eo2","Youri Tielemans","DETACH","cmuihq8vi008xh29edz4vg4xw","Aston Villa","","Unassigned (Detached)","Midfield","1997-05-07","","departed",30000000,"249565","Absent from FotMob declared squad for Aston Villa",""
"cmuihq8vi008xh29edz4vg4xw","Aston Villa","cmuihw1dq09j0sexpc2jmk883","Samuel Iling-Junior","DETACH","cmuihq8vi008xh29edz4vg4xw","Aston Villa","","Unassigned (Detached)","Midfield","2003-10-04","","departed",6500000,"581672","Absent from FotMob declared squad for Aston Villa",""
"cmuihq8vi008xh29edz4vg4xw","Aston Villa","cmuihw24909xxsexp67nrf35h","Lewis Dobbin","DETACH","cmuihq8vi008xh29edz4vg4xw","Aston Villa","","Unassigned (Detached)","Attack","2003-01-03","","departed",7000000,"627248","Absent from FotMob declared squad for Aston Villa",""
"cmuihq8vi008xh29edz4vg4xw","Aston Villa","cmuihw24o0aabsexpki4cuxwz","Ronnie Hollingshead","DETACH","cmuihq8vi008xh29edz4vg4xw","Aston Villa","","Unassigned (Detached)","Goalkeeper","2004-09-09","","departed",0,"667490","Absent from FotMob declared squad for Aston Villa",""
"cmuihq8vi008xh29edz4vg4xw","Aston Villa","cmuihvzw007khsexpziixstti","Leon Bailey","DETACH","cmuihq8vi008xh29edz4vg4xw","Aston Villa","","Unassigned (Detached)","Attack","1997-08-09","","departed",14000000,"387626","Absent from FotMob declared squad for Aston Villa",""
"cmuihq8vi008xh29edz4vg4xw","Aston Villa","cmuihw4430chusexphsnro9ac","Andrés García","DETACH","cmuihq8vi008xh29edz4vg4xw","Aston Villa","","Unassigned (Detached)","Defender","2003-02-07","","departed",6000000,"1063329","Absent from FotMob declared squad for Aston Villa",""
"cmuihq8vi008xh29edz4vg4xw","Aston Villa","cmuihw0k808resexpz375djes","Evann Guessand","DETACH","cmuihq8vi008xh29edz4vg4xw","Aston Villa","","Unassigned (Detached)","Attack","2001-07-01","","departed",25000000,"500689","Absent from FotMob declared squad for Aston Villa",""
"cmuihq8vi008xh29edz4vg4xw","Aston Villa","cmuihw24s0acrsexp2xeg7wrc","Enzo Barrenechea","DETACH","cmuihq8vi008xh29edz4vg4xw","Aston Villa","","Unassigned (Detached)","Midfield","2001-05-22","","departed",12000000,"671915","Absent from FotMob declared squad for Aston Villa",""
"cmuihq8vi008xh29edz4vg4xw","Aston Villa","cmuihw2ps0aodsexpf58ullyc","James Wright","DETACH","cmuihq8vi008xh29edz4vg4xw","Aston Villa","","Unassigned (Detached)","Goalkeeper","2004-12-02","","departed",200000,"712181","Absent from FotMob declared squad for Aston Villa",""
"cmuihq8vi008xh29edz4vg4xw","Aston Villa","cmuihw3el0bc1sexpe4lvbxq3","Kosta Nedeljkovic","DETACH","cmuihq8vi008xh29edz4vg4xw","Aston Villa","","Unassigned (Detached)","Defender","2005-12-16","","departed",6000000,"848682","Absent from FotMob declared squad for Aston Villa",""
"cmuihq8vi008xh29edz4vg4xw","Aston Villa","cmuihw4rk0czrsexpmm5ggtwg","Bradley Burrowes","DETACH","cmuihq8vi008xh29edz4vg4xw","Aston Villa","","Unassigned (Detached)","Attack","2008-03-04","","departed",2000000,"1202361","Absent from FotMob declared squad for Aston Villa",""
"cmuihqh6y00dfh29eokvzxktp","AFC Bournemouth","cmuihvyr606e1sexpwxx5yrw6","Michele Di Gregorio","REASSIGN","cmuihqb7i00a9h29e7t17vakf","Juventus FC","cmuihqh6y00dfh29eokvzxktp","AFC Bournemouth","Goalkeeper","1997-07-27","20","first_team",10000000,"301238","Present in AFC Bournemouth FotMob senior squad (shirt #20); previously assigned to Juventus FC",""
"cmuihqh6y00dfh29eokvzxktp","AFC Bournemouth","FM_2251528","Mack Allan","CREATE","","Unassigned / Not in DB","cmuihqh6y00dfh29eokvzxktp","AFC Bournemouth","Goalkeeper","2006-02-19","55","first_team",0,"","Ingest new senior player from FotMob squad (shirt #55)",""
"cmuihqh6y00dfh29eokvzxktp","AFC Bournemouth","cmuihw24i0a56sexpjzixpfn4","António Silva","REASSIGN","cmuihq4q6006lh29eutf0qltf","SL Benfica","cmuihqh6y00dfh29eokvzxktp","AFC Bournemouth","Defender","2003-10-30","14","first_team",25000000,"650568","Present in AFC Bournemouth FotMob senior squad (shirt #14); previously assigned to SL Benfica",""
"cmuihqh6y00dfh29eokvzxktp","AFC Bournemouth","cmuihw24t0adhsexpdn4d8r66","Juanlu Sánchez","REASSIGN","cmuihq7is0085h29ez260bgnc","Sevilla FC","cmuihqh6y00dfh29eokvzxktp","AFC Bournemouth","Defender","2003-08-15","24","first_team",10000000,"676042","Present in AFC Bournemouth FotMob senior squad (shirt #24); previously assigned to Sevilla FC",""
"cmuihqh6y00dfh29eokvzxktp","AFC Bournemouth","FM_956621","Max Aarons","CREATE","","Unassigned / Not in DB","cmuihqh6y00dfh29eokvzxktp","AFC Bournemouth","Midfield","2000-01-04","28","first_team",2093494,"","Ingest new senior player from FotMob squad (shirt #28)",""
"cmuihqh6y00dfh29eokvzxktp","AFC Bournemouth","cmuihw0k208mdsexpofl6plbm","Christos Mandas","ATTACH","","Unassigned (Detached)","cmuihqh6y00dfh29eokvzxktp","AFC Bournemouth","Attack","2001-09-17","29","first_team",8000000,"481675","Present in AFC Bournemouth FotMob squad (shirt #29); attach detached player","POSITION_DIFF (DB: Goalkeeper, Source: Attack) | DOB_DIFF (DB: 2001-09-17, Source: 2003-08-13)"
"cmuihqh6y00dfh29eokvzxktp","AFC Bournemouth","cmuihw3fe0bxpsexpynyq9i52","Álvaro Rodríguez","REASSIGN","cmuihq03y0041h29ezh2jdh2h","Elche CF","cmuihqh6y00dfh29eokvzxktp","AFC Bournemouth","Attack","2004-07-14","30","first_team",10000000,"948275","Present in AFC Bournemouth FotMob senior squad (shirt #30); previously assigned to Elche CF",""
"cmuihqh6y00dfh29eokvzxktp","AFC Bournemouth","cmuihvy6k05mesexpkxjae5ka","Enes Ünal","DETACH","cmuihqh6y00dfh29eokvzxktp","AFC Bournemouth","","Unassigned (Detached)","Attack","1997-05-10","","departed",7000000,"251106","Absent from FotMob declared squad for AFC Bournemouth",""
"cmuihqh6y00dfh29eokvzxktp","AFC Bournemouth","cmuihw44b0cnhsexp1vckxvvw","Remy Rees-Dottin","DETACH","cmuihqh6y00dfh29eokvzxktp","AFC Bournemouth","","Unassigned (Detached)","Attack","2006-03-06","","departed",300000,"1089802","Absent from FotMob declared squad for AFC Bournemouth",""
"cmuihqh6y00dfh29eokvzxktp","AFC Bournemouth","cmuihw1d709a9sexpl01no323","Romain Faivre","DETACH","cmuihqh6y00dfh29eokvzxktp","AFC Bournemouth","","Unassigned (Detached)","Midfield","1998-07-14","","departed",4000000,"555076","Absent from FotMob declared squad for AFC Bournemouth",""
"cmuihqh6y00dfh29eokvzxktp","AFC Bournemouth","cmuihw1ei09jesexpumv958da","Will Dennis","DETACH","cmuihqh6y00dfh29eokvzxktp","AFC Bournemouth","","Unassigned (Detached)","Goalkeeper","2000-07-10","","departed",350000,"582078","Absent from FotMob declared squad for AFC Bournemouth",""
"cmuihqh6y00dfh29eokvzxktp","AFC Bournemouth","cmuihw1el09jzsexp9g30116r","Owen Bevan","DETACH","cmuihqh6y00dfh29eokvzxktp","AFC Bournemouth","","Unassigned (Detached)","Defender","2003-10-26","","departed",0,"583990","Absent from FotMob declared squad for AFC Bournemouth",""
"cmuihqh6y00dfh29eokvzxktp","AFC Bournemouth","cmuihw43o0c6hsexpcl9l06xu","Matai Akinmboni","DETACH","cmuihqh6y00dfh29eokvzxktp","AFC Bournemouth","","Unassigned (Detached)","Defender","2006-10-17","","departed",1000000,"994604","Absent from FotMob declared squad for AFC Bournemouth",""
"cmuihqh6y00dfh29eokvzxktp","AFC Bournemouth","cmuihw2pz0auosexpuxd857vv","Álex Jiménez","DETACH","cmuihqh6y00dfh29eokvzxktp","AFC Bournemouth","","Unassigned (Detached)","Defender","2005-05-08","","departed",22000000,"741257","Absent from FotMob declared squad for AFC Bournemouth",""
"cmuihqh6y00dfh29eokvzxktp","AFC Bournemouth","cmuihw43i0c3msexp3kiwwm84","Callan McKenna","DETACH","cmuihqh6y00dfh29eokvzxktp","AFC Bournemouth","","Unassigned (Detached)","Goalkeeper","2006-12-22","","departed",500000,"983248","Absent from FotMob declared squad for AFC Bournemouth",""
"cmuihocpq001vb23fu3cm5yh8","Brentford FC","FM_1451265","Malick Diouf","CREATE","","Unassigned / Not in DB","cmuihocpq001vb23fu3cm5yh8","Brentford FC","Defender","2004-12-28","25","first_team",30749643,"","Ingest new senior player from FotMob squad (shirt #25)",""
"cmuihocpq001vb23fu3cm5yh8","Brentford FC","FM_1341538","Ji-Soo Kim","CREATE","","Unassigned / Not in DB","cmuihocpq001vb23fu3cm5yh8","Brentford FC","Defender","2004-12-24","36","first_team",1514531,"","Ingest new senior player from FotMob squad (shirt #36)",""
"cmuihocpq001vb23fu3cm5yh8","Brentford FC","FM_1572340","Jannik Schuster","CREATE","","Unassigned / Not in DB","cmuihocpq001vb23fu3cm5yh8","Brentford FC","Defender","2006-05-16","44","first_team",2015958,"","Ingest new senior player from FotMob squad (shirt #44)",""
"cmuihocpq001vb23fu3cm5yh8","Brentford FC","FM_1478706","Benjamin Fredrick","CREATE","","Unassigned / Not in DB","cmuihocpq001vb23fu3cm5yh8","Brentford FC","Defender","2005-05-28","48","first_team",1019861,"","Ingest new senior player from FotMob squad (shirt #48)",""
"cmuihocpq001vb23fu3cm5yh8","Brentford FC","FM_1157236","Yehor Yarmoliuk","CREATE","","Unassigned / Not in DB","cmuihocpq001vb23fu3cm5yh8","Brentford FC","Midfield","2004-03-01","6","first_team",31949304,"","Ingest new senior player from FotMob squad (shirt #6)",""
"cmuihocpq001vb23fu3cm5yh8","Brentford FC","cmuihw2qd0b44sexp7rlb55h5","Mamadou Sangaré","REASSIGN","cmuihqfi000cjh29exp3khwxc","RC Lens","cmuihocpq001vb23fu3cm5yh8","Brentford FC","Midfield","2002-06-26","18","first_team",40000000,"808348","Present in Brentford FC FotMob senior squad (shirt #18); previously assigned to RC Lens",""
"cmuihocpq001vb23fu3cm5yh8","Brentford FC","cmuihvwrd03iosexp0jh96jb0","Callum Wilson","ATTACH","","Unassigned (Detached)","cmuihocpq001vb23fu3cm5yh8","Brentford FC","Attack","1992-02-27","13","first_team",4000000,"123682","Present in Brentford FC FotMob squad (shirt #13); attach detached player",""
"cmuihocpq001vb23fu3cm5yh8","Brentford FC","cmuihw2pf0aersexplusstlzf","Jaidon Anthony","REASSIGN","cmuihoaiv001rb23fn6cviuyz","Burnley FC","cmuihocpq001vb23fu3cm5yh8","Brentford FC","Attack","1999-12-01","19","first_team",20000000,"684210","Present in Brentford FC FotMob senior squad (shirt #19); previously assigned to Burnley FC",""
"cmuihocpq001vb23fu3cm5yh8","Brentford FC","cmuihvuy302f3sexp4l8z602u","Jordan Henderson","DETACH","cmuihocpq001vb23fu3cm5yh8","Brentford FC","","Unassigned (Detached)","Midfield","1990-06-17","","departed",1200000,"61651","Absent from FotMob declared squad for Brentford FC",""
"cmuihocpq001vb23fu3cm5yh8","Brentford FC","cmuihw2pz0auksexpxksqvx4z","Matthew Cox","DETACH","cmuihocpq001vb23fu3cm5yh8","Brentford FC","","Unassigned (Detached)","Goalkeeper","2003-05-02","","departed",700000,"741236","Absent from FotMob declared squad for Brentford FC",""
"cmuihocpq001vb23fu3cm5yh8","Brentford FC","cmuihw3ez0blxsexpp1pbs55k","Riley Owen","DETACH","cmuihocpq001vb23fu3cm5yh8","Brentford FC","","Unassigned (Detached)","Midfield","2005-08-24","","departed",0,"907218","Absent from FotMob declared squad for Brentford FC",""
"cmuihocpq001vb23fu3cm5yh8","Brentford FC","cmuihw44b0cnmsexpaqvzpo4j","Romelle Donovan","DETACH","cmuihocpq001vb23fu3cm5yh8","Brentford FC","","Unassigned (Detached)","Attack","2006-11-30","","departed",3500000,"1091562","Absent from FotMob declared squad for Brentford FC",""
"cmuihocpq001vb23fu3cm5yh8","Brentford FC","cmuihvzws081csexp5ea0tthe","Frank Onyeka","DETACH","cmuihocpq001vb23fu3cm5yh8","Brentford FC","","Unassigned (Detached)","Central Midfield","1998-01-01","","departed",8000000,"421637","Absent from FotMob declared squad for Brentford FC",""
"cmuihocpq001vb23fu3cm5yh8","Brentford FC","cmuihw2pt0ap2sexpv6jygodo","Yegor Yarmolyuk","DETACH","cmuihocpq001vb23fu3cm5yh8","Brentford FC","","Unassigned (Detached)","Midfield","2004-03-01","","departed",32000000,"717411","Absent from FotMob declared squad for Brentford FC",""
"cmuihocpq001vb23fu3cm5yh8","Brentford FC","cmuihw43r0c8osexplsv2rt9v","Conor McManus","DETACH","cmuihocpq001vb23fu3cm5yh8","Brentford FC","","Unassigned (Detached)","Defender","2004-06-16","","departed",0,"1008162","Absent from FotMob declared squad for Brentford FC",""
"cmuihocpq001vb23fu3cm5yh8","Brentford FC","cmuihw4r50ctdsexplluenb08","Benjamin Arthur","DETACH","cmuihocpq001vb23fu3cm5yh8","Brentford FC","","Unassigned (Detached)","Defender","2005-10-09","","departed",100000,"1144158","Absent from FotMob declared squad for Brentford FC",""
"cmuihocpq001vb23fu3cm5yh8","Brentford FC","cmuihw43d0byqsexpb35wc35j","Jayden Meghoma","DETACH","cmuihocpq001vb23fu3cm5yh8","Brentford FC","","Unassigned (Detached)","Defender","2006-06-28","","departed",2000000,"954104","Absent from FotMob declared squad for Brentford FC",""
"cmuihocpq001vb23fu3cm5yh8","Brentford FC","cmuihw4r40ct5sexpoqdcaxpf","Yunus Konak","DETACH","cmuihocpq001vb23fu3cm5yh8","Brentford FC","","Unassigned (Detached)","Midfield","2006-01-10","","departed",3500000,"1141628","Absent from FotMob declared squad for Brentford FC",""
"cmuihomne002bb23fq0sdhdrm","Brighton & Hove Albion","FM_1178324","Jaouen Hadjam","CREATE","","Unassigned / Not in DB","cmuihomne002bb23fq0sdhdrm","Brighton & Hove Albion","Defender","2003-03-26","3","first_team",6060375,"","Ingest new senior player from FotMob squad (shirt #3)",""
"cmuihomne002bb23fq0sdhdrm","Brighton & Hove Albion","cmuihvzwk07wwsexpfephiswz","Pascal Struijk","REASSIGN","cmuihq8hv008ph29ejwdrv7xd","Leeds United","cmuihomne002bb23fq0sdhdrm","Brighton & Hove Albion","Defender","1999-08-11","4","first_team",22000000,"410708","Present in Brighton & Hove Albion FotMob senior squad (shirt #4); previously assigned to Leeds United",""
"cmuihomne002bb23fq0sdhdrm","Brighton & Hove Albion","cmuihvzal06kmsexpztni9hlf","Olivier Boscagli","ATTACH","","Unassigned (Detached)","cmuihomne002bb23fq0sdhdrm","Brighton & Hove Albion","Defender","1997-11-18","21","first_team",15000000,"318508","Present in Brighton & Hove Albion FotMob squad (shirt #21); attach detached player",""
"cmuihomne002bb23fq0sdhdrm","Brighton & Hove Albion","cmuihw0iq084esexpikou8igk","Maxim De Cuyper","ATTACH","","Unassigned (Detached)","cmuihomne002bb23fq0sdhdrm","Brighton & Hove Albion","Defender","2000-12-22","29","first_team",22000000,"429915","Present in Brighton & Hove Albion FotMob squad (shirt #29); attach detached player",""
"cmuihomne002bb23fq0sdhdrm","Brighton & Hove Albion","cmuihw0j20877sexpg1inrt8v","Michael Svoboda","ATTACH","","Unassigned (Detached)","cmuihomne002bb23fq0sdhdrm","Brighton & Hove Albion","Defender","1998-10-15","30","first_team",900000,"438961","Present in Brighton & Hove Albion FotMob squad (shirt #30); attach detached player",""
"cmuihomne002bb23fq0sdhdrm","Brighton & Hove Albion","cmuihw3ev0bj6sexpjxnpjiqz","Luka Vuskovic","ATTACH","","Unassigned (Detached)","cmuihomne002bb23fq0sdhdrm","Brighton & Hove Albion","Defender","2007-02-24","44","first_team",60000000,"892160","Present in Brighton & Hove Albion FotMob squad (shirt #44); attach detached player",""
"cmuihomne002bb23fq0sdhdrm","Brighton & Hove Albion","cmuihvvva02vtsexpntmxisij","Pascal Groß","ATTACH","","Unassigned (Detached)","cmuihomne002bb23fq0sdhdrm","Brighton & Hove Albion","Midfield","1991-06-15","13","first_team",2500000,"82873","Present in Brighton & Hove Albion FotMob squad (shirt #13); attach detached player",""
"cmuihomne002bb23fq0sdhdrm","Brighton & Hove Albion","cmuihw3fe0bxrsexp5j4g368n","Chema Andrés","ATTACH","","Unassigned (Detached)","cmuihomne002bb23fq0sdhdrm","Brighton & Hove Albion","Midfield","2005-04-25","14","first_team",20000000,"948279","Present in Brighton & Hove Albion FotMob squad (shirt #14); attach detached player",""
"cmuihomne002bb23fq0sdhdrm","Brighton & Hove Albion","cmuihvzwj07vjsexpevjikyvm","Matt O'Riley","ATTACH","","Unassigned (Detached)","cmuihomne002bb23fq0sdhdrm","Brighton & Hove Albion","Midfield","2000-11-21","33","first_team",18000000,"406634","Present in Brighton & Hove Albion FotMob squad (shirt #33); attach detached player",""
"cmuihomne002bb23fq0sdhdrm","Brighton & Hove Albion","cmuihw4rf0cx1sexpi97p09gn","Malick Yalcouyé","ATTACH","","Unassigned (Detached)","cmuihomne002bb23fq0sdhdrm","Brighton & Hove Albion","Midfield","2005-11-18","35","first_team",12000000,"1178758","Present in Brighton & Hove Albion FotMob squad (shirt #35); attach detached player",""
"cmuihomne002bb23fq0sdhdrm","Brighton & Hove Albion","cmuihw3fe0by2sexptpl4dkni","Stefanos Tzimas","ATTACH","","Unassigned (Detached)","cmuihomne002bb23fq0sdhdrm","Brighton & Hove Albion","Attack","2006-01-06","9","first_team",18000000,"950091","Present in Brighton & Hove Albion FotMob squad (shirt #9); attach detached player",""
"cmuihomne002bb23fq0sdhdrm","Brighton & Hove Albion","FM_1252132","Promise David","CREATE","","Unassigned / Not in DB","cmuihomne002bb23fq0sdhdrm","Brighton & Hove Albion","Attack","2001-07-03","12","first_team",12253598,"","Ingest new senior player from FotMob squad (shirt #12)",""
"cmuihomne002bb23fq0sdhdrm","Brighton & Hove Albion","cmuihw44d0cpnsexp8on3v5ys","Ibrahim Osman","ATTACH","","Unassigned (Detached)","cmuihomne002bb23fq0sdhdrm","Brighton & Hove Albion","Attack","2004-11-29","15","first_team",7000000,"1110406","Present in Brighton & Hove Albion FotMob squad (shirt #15); attach detached player",""
"cmuihomne002bb23fq0sdhdrm","Brighton & Hove Albion","cmuihw4410cgusexpbv45kkaa","Charalampos Kostoulas","ATTACH","","Unassigned (Detached)","cmuihomne002bb23fq0sdhdrm","Brighton & Hove Albion","Attack","2007-05-30","19","first_team",25000000,"1060087","Present in Brighton & Hove Albion FotMob squad (shirt #19); attach detached player",""
"cmuihomne002bb23fq0sdhdrm","Brighton & Hove Albion","cmuihw24i0a4isexp71hiuana","Evan Ferguson","ATTACH","","Unassigned (Detached)","cmuihomne002bb23fq0sdhdrm","Brighton & Hove Albion","Attack","2004-10-19","28","first_team",20000000,"648046","Present in Brighton & Hove Albion FotMob squad (shirt #28); attach detached player",""
"cmuihomne002bb23fq0sdhdrm","Brighton & Hove Albion","FM_1782648","Zadok Yohanna","CREATE","","Unassigned / Not in DB","cmuihomne002bb23fq0sdhdrm","Brighton & Hove Albion","Attack","2007-06-29","36","first_team",619959,"","Ingest new senior player from FotMob squad (shirt #36)",""
"cmuihomne002bb23fq0sdhdrm","Brighton & Hove Albion","FM_1083185","Femi Azeez","CREATE","","Unassigned / Not in DB","cmuihomne002bb23fq0sdhdrm","Brighton & Hove Albion","Attack","2001-06-05","39","first_team",2139104,"","Ingest new senior player from FotMob squad (shirt #39)",""
"cmuihomne002bb23fq0sdhdrm","Brighton & Hove Albion","cmuihvuyj02jmsexplg90ysf1","Danny Welbeck","DETACH","cmuihomne002bb23fq0sdhdrm","Brighton & Hove Albion","","Unassigned (Detached)","Attack","1990-11-26","","departed",3000000,"67063","Absent from FotMob declared squad for Brighton & Hove Albion",""
"cmuihomne002bb23fq0sdhdrm","Brighton & Hove Albion","cmuihw1do09hlsexpowo1wzpq","Jan Paul van Hecke","DETACH","cmuihomne002bb23fq0sdhdrm","Brighton & Hove Albion","","Unassigned (Detached)","Defender","2000-06-08","","departed",45000000,"576314","Absent from FotMob declared squad for Brighton & Hove Albion",""
"cmuihomne002bb23fq0sdhdrm","Brighton & Hove Albion","cmuihw4460cj7sexpj9chah07","Harry Howell","DETACH","cmuihomne002bb23fq0sdhdrm","Brighton & Hove Albion","","Unassigned (Detached)","Midfield","2008-04-20","","departed",300000,"1067168","Absent from FotMob declared squad for Brighton & Hove Albion",""
"cmuihomne002bb23fq0sdhdrm","Brighton & Hove Albion","cmuihvzwi07v8sexpi66vzl20","Tom McGill","DETACH","cmuihomne002bb23fq0sdhdrm","Brighton & Hove Albion","","Unassigned (Detached)","Goalkeeper","2000-03-25","","departed",500000,"406556","Absent from FotMob declared squad for Brighton & Hove Albion",""
"cmuihomne002bb23fq0sdhdrm","Brighton & Hove Albion","cmuihw3f20boosexp1hvizdvo","Charlie Tasker","DETACH","cmuihomne002bb23fq0sdhdrm","Brighton & Hove Albion","","Unassigned (Detached)","Defender","2006-02-24","","departed",200000,"921662","Absent from FotMob declared squad for Brighton & Hove Albion",""
"cmuihomne002bb23fq0sdhdrm","Brighton & Hove Albion","cmuihw43g0c1ssexp5lpf6ebj","Carlos Baleba","DETACH","cmuihomne002bb23fq0sdhdrm","Brighton & Hove Albion","","Unassigned (Detached)","Midfield","2004-01-03","","departed",55000000,"973085","Absent from FotMob declared squad for Brighton & Hove Albion",""
"cmuihqcpo00b1h29edf8q9ksb","Chelsea FC","cmuihvvye03cysexp6i5qq99j","Emiliano Martínez","REASSIGN","cmuihq8vi008xh29edz4vg4xw","Aston Villa","cmuihqcpo00b1h29edf8q9ksb","Chelsea FC","Goalkeeper","1992-09-02","1","first_team",12000000,"111873","Present in Chelsea FC FotMob senior squad (shirt #1); previously assigned to Aston Villa",""
"cmuihqcpo00b1h29edf8q9ksb","Chelsea FC","cmuihw23v09nesexpfic32t6u","Pep Chavarría","REASSIGN","cmuihq7gc0083h29exnlti38f","Rayo Vallecano","cmuihqcpo00b1h29edf8q9ksb","Chelsea FC","Defender","1998-04-10","29","first_team",10000000,"596122","Present in Chelsea FC FotMob senior squad (shirt #29); previously assigned to Rayo Vallecano",""
"cmuihqcpo00b1h29edf8q9ksb","Chelsea FC","cmuihw3ew0bk2sexpckwsp9gl","Marco Palestra","ATTACH","","Unassigned (Detached)","cmuihqcpo00b1h29edf8q9ksb","Chelsea FC","Midfield","2005-03-03","2","first_team",35000000,"895937","Present in Chelsea FC FotMob squad (shirt #2); attach detached player","POSITION_DIFF (DB: Defender, Source: Midfield)"
"cmuihqcpo00b1h29edf8q9ksb","Chelsea FC","cmuihw3el0bc7sexpi4ywz0bu","Valentín Barco","ATTACH","","Unassigned (Detached)","cmuihqcpo00b1h29edf8q9ksb","Chelsea FC","Midfield","2004-07-23","4","first_team",40000000,"849410","Present in Chelsea FC FotMob squad (shirt #4); attach detached player",""
"cmuihqcpo00b1h29edf8q9ksb","Chelsea FC","cmuihvuy302f3sexp4l8z602u","Jordan Henderson","REASSIGN","cmuihocpq001vb23fu3cm5yh8","Brentford FC","cmuihqcpo00b1h29edf8q9ksb","Chelsea FC","Midfield","1990-06-17","14","first_team",1200000,"61651","Present in Chelsea FC FotMob senior squad (shirt #14); previously assigned to Brentford FC",""
"cmuihqcpo00b1h29edf8q9ksb","Chelsea FC","cmuihvuyj02jmsexplg90ysf1","Danny Welbeck","REASSIGN","cmuihomne002bb23fq0sdhdrm","Brighton & Hove Albion","cmuihqcpo00b1h29edf8q9ksb","Chelsea FC","Attack","1990-11-26","18","first_team",3000000,"67063","Present in Chelsea FC FotMob senior squad (shirt #18); previously assigned to Brighton & Hove Albion",""
"cmuihqcpo00b1h29edf8q9ksb","Chelsea FC","FM_1183148","Emanuel Emegha","CREATE","","Unassigned / Not in DB","cmuihqcpo00b1h29edf8q9ksb","Chelsea FC","Attack","2003-02-03","22","first_team",23192033,"","Ingest new senior player from FotMob squad (shirt #22)",""
"cmuihqcpo00b1h29edf8q9ksb","Chelsea FC","cmuihvy6r05rbsexp75hxke37","Tosin Adarabioyo","DETACH","cmuihqcpo00b1h29edf8q9ksb","Chelsea FC","","Unassigned (Detached)","Defender","1997-09-24","","departed",16000000,"258878","Absent from FotMob declared squad for Chelsea FC",""
"cmuihqcpo00b1h29edf8q9ksb","Chelsea FC","cmuihvzb80719sexp519zislh","Trevoh Chalobah","DETACH","cmuihqcpo00b1h29edf8q9ksb","Chelsea FC","","Unassigned (Detached)","Defender","1999-07-05","","departed",40000000,"346314","Absent from FotMob declared squad for Chelsea FC",""
"cmuihqcpo00b1h29edf8q9ksb","Chelsea FC","cmuihw2q00avusexpi5wxxlyb","Andrey Santos","DETACH","cmuihqcpo00b1h29edf8q9ksb","Chelsea FC","","Unassigned (Detached)","Midfield","2004-05-03","","departed",40000000,"743600","Absent from FotMob declared squad for Chelsea FC",""
"cmuihqcpo00b1h29edf8q9ksb","Chelsea FC","cmuihvzvy07j8sexpt7pgesch","Axel Disasi","DETACH","cmuihqcpo00b1h29edf8q9ksb","Chelsea FC","","Unassigned (Detached)","Defender","1998-03-11","","departed",15000000,"386047","Absent from FotMob declared squad for Chelsea FC",""
"cmuihqcpo00b1h29edf8q9ksb","Chelsea FC","cmuihw3fa0bu9sexppvti9m0q","Tyrique George","DETACH","cmuihqcpo00b1h29edf8q9ksb","Chelsea FC","","Unassigned (Detached)","Attack","2006-02-04","","departed",20000000,"936874","Absent from FotMob declared squad for Chelsea FC",""
"cmuihqcpo00b1h29edf8q9ksb","Chelsea FC","cmuihw43i0c38sexpjt5253x6","Shumaira Mheuka","DETACH","cmuihqcpo00b1h29edf8q9ksb","Chelsea FC","","Unassigned (Detached)","Attack","2007-10-20","","departed",800000,"982097","Absent from FotMob declared squad for Chelsea FC",""
"cmuihqcpo00b1h29edf8q9ksb","Chelsea FC","cmuihw4470cjusexpm0azenk6","Ollie Harrison","DETACH","cmuihqcpo00b1h29edf8q9ksb","Chelsea FC","","Unassigned (Detached)","Midfield","2007-08-07","","departed",300000,"1071819","Absent from FotMob declared squad for Chelsea FC",""
"cmuihqcpo00b1h29edf8q9ksb","Chelsea FC","cmuihvzwg07u1sexpu0e6p4p6","Robert Sánchez","DETACH","cmuihqcpo00b1h29edf8q9ksb","Chelsea FC","","Unassigned (Detached)","Goalkeeper","1997-11-18","","departed",22000000,"403151","Absent from FotMob declared squad for Chelsea FC",""
"cmuihqcpo00b1h29edf8q9ksb","Chelsea FC","cmuihw1c0093wsexpvdfoji1h","Mykhaylo Mudryk","DETACH","cmuihqcpo00b1h29edf8q9ksb","Chelsea FC","","Unassigned (Detached)","Attack","2001-01-05","","departed",18000000,"537860","Absent from FotMob declared squad for Chelsea FC",""
"cmuihqcpo00b1h29edf8q9ksb","Chelsea FC","cmuihw1d909bdsexpvzkralfz","Emmanuel Emegha","DETACH","cmuihqcpo00b1h29edf8q9ksb","Chelsea FC","","Unassigned (Detached)","Attack","2003-02-03","","departed",25000000,"559328","Absent from FotMob declared squad for Chelsea FC",""
"cmuihqcpo00b1h29edf8q9ksb","Chelsea FC","cmuihw1em09k8sexp0g4adg4x","Filip Jørgensen","DETACH","cmuihqcpo00b1h29edf8q9ksb","Chelsea FC","","Unassigned (Detached)","Goalkeeper","2002-04-16","","departed",15000000,"585323","Absent from FotMob declared squad for Chelsea FC",""
"cmuihqcpo00b1h29edf8q9ksb","Chelsea FC","cmuihw24209sasexpd4p7xivg","Liam Delap","DETACH","cmuihqcpo00b1h29edf8q9ksb","Chelsea FC","","Unassigned (Detached)","Attack","2003-02-08","","departed",28000000,"610849","Absent from FotMob declared squad for Chelsea FC",""
"cmuihqcpo00b1h29edf8q9ksb","Chelsea FC","cmuihw24q0abrsexp9m14t0ai","Dário Essugo","DETACH","cmuihqcpo00b1h29edf8q9ksb","Chelsea FC","","Unassigned (Detached)","Midfield","2005-03-14","","departed",15000000,"670717","Absent from FotMob declared squad for Chelsea FC",""
"cmuihqcpo00b1h29edf8q9ksb","Chelsea FC","cmuihw2q20ax5sexp2dbzhfaj","Caleb Wiley","DETACH","cmuihqcpo00b1h29edf8q9ksb","Chelsea FC","","Unassigned (Detached)","Defender","2004-12-22","","departed",8000000,"746833","Absent from FotMob declared squad for Chelsea FC",""
"cmuihqcpo00b1h29edf8q9ksb","Chelsea FC","cmuihw2q80azisexph36zzipm","Nicolas Jackson","DETACH","cmuihqcpo00b1h29edf8q9ksb","Chelsea FC","","Unassigned (Detached)","Attack","2001-06-20","","departed",40000000,"776890","Absent from FotMob declared squad for Chelsea FC",""
"cmuihqcpo00b1h29edf8q9ksb","Chelsea FC","cmuihw2q90b0esexpkfxege74","David Datro Fofana","DETACH","cmuihqcpo00b1h29edf8q9ksb","Chelsea FC","","Unassigned (Detached)","Attack","2002-12-22","","departed",4000000,"787232","Absent from FotMob declared squad for Chelsea FC",""
"cmuihqcpo00b1h29edf8q9ksb","Chelsea FC","cmuihw2qf0b52sexpn07mu3sh","Alejandro Garnacho","DETACH","cmuihqcpo00b1h29edf8q9ksb","Chelsea FC","","Unassigned (Detached)","Attack","2004-07-01","","departed",28000000,"811779","Absent from FotMob declared squad for Chelsea FC",""
"cmuihqcpo00b1h29edf8q9ksb","Chelsea FC","cmuihw3eh0b8zsexpl3y51h6k","Max Merrick","DETACH","cmuihqcpo00b1h29edf8q9ksb","Chelsea FC","","Unassigned (Detached)","Goalkeeper","2005-11-10","","departed",0,"827435","Absent from FotMob declared squad for Chelsea FC",""
"cmuihqcpo00b1h29edf8q9ksb","Chelsea FC","cmuihw3ez0bmgsexpl2afds0e","Mamadou Sarr","DETACH","cmuihqcpo00b1h29edf8q9ksb","Chelsea FC","","Unassigned (Detached)","Defender","2005-08-29","","departed",22000000,"910905","Absent from FotMob declared squad for Chelsea FC",""
"cmuihqcpo00b1h29edf8q9ksb","Chelsea FC","cmuihw3fb0bv6sexp5tyyprpr","Marc Guiu","DETACH","cmuihqcpo00b1h29edf8q9ksb","Chelsea FC","","Unassigned (Detached)","Attack","2006-01-04","","departed",12000000,"938158","Absent from FotMob declared squad for Chelsea FC",""
"cmuihqcpo00b1h29edf8q9ksb","Chelsea FC","cmuihw43y0ceqsexpykawz4gg","Kendry Páez","DETACH","cmuihqcpo00b1h29edf8q9ksb","Chelsea FC","","Unassigned (Detached)","Midfield","2007-05-04","","departed",8000000,"1052439","Absent from FotMob declared squad for Chelsea FC",""
"cmundu5xu0001zjoe1l91im6d","Coventry City","cmuihw24h0a3lsexpo4u07nrp","Carl Rushworth","REASSIGN","cmuihq56p006vh29efww9bqgh","Hull City","cmundu5xu0001zjoe1l91im6d","Coventry City","Goalkeeper","2001-07-02","19","first_team",16000000,"646353","Present in Coventry City FotMob senior squad (shirt #19); previously assigned to Hull City",""
"cmundu5xu0001zjoe1l91im6d","Coventry City","cmuihw1br08zosexp7cjuf5xk","Luke Woolfenden","ATTACH","","Unassigned (Detached)","cmundu5xu0001zjoe1l91im6d","Coventry City","Defender","1998-10-21","26","first_team",2000000,"527425","Present in Coventry City FotMob squad (shirt #26); attach detached player","POSITION_DIFF (DB: Centre-Back, Source: Defender)"
"cmundu5xu0001zjoe1l91im6d","Coventry City","cmuihvzws081csexp5ea0tthe","Frank Onyeka","REASSIGN","cmuihocpq001vb23fu3cm5yh8","Brentford FC","cmundu5xu0001zjoe1l91im6d","Coventry City","Midfield","1998-01-01","16","first_team",8000000,"421637","Present in Coventry City FotMob senior squad (shirt #16); previously assigned to Brentford FC","POSITION_DIFF (DB: Central Midfield, Source: Midfield)"
"cmundu5xu0001zjoe1l91im6d","Coventry City","cmuihw24109r5sexppsa3qrr8","Loum Tchaouna","REASSIGN","cmuihoaiv001rb23fn6cviuyz","Burnley FC","cmundu5xu0001zjoe1l91im6d","Coventry City","Attack","2003-09-08","17","first_team",13000000,"607226","Present in Coventry City FotMob senior squad (shirt #17); previously assigned to Burnley FC","POSITION_DIFF (DB: Right Winger, Source: Attack)"
"cmundu5xu0001zjoe1l91im6d","Coventry City","cmuihw43k0c4lsexprvch5gra","Sidiki Chérif","ATTACH","","Unassigned (Detached)","cmundu5xu0001zjoe1l91im6d","Coventry City","Attack","2006-12-15","49","first_team",18000000,"986288","Present in Coventry City FotMob squad (shirt #49); attach detached player","POSITION_DIFF (DB: Centre-Forward, Source: Attack)"
"cmuihqfqr00cqh29e2077zt3y","Crystal Palace","cmuihvzvy07j8sexpt7pgesch","Axel Disasi","REASSIGN","cmuihqcpo00b1h29edf8q9ksb","Chelsea FC","cmuihqfqr00cqh29e2077zt3y","Crystal Palace","Defender","1998-03-11","5","first_team",15000000,"386047","Present in Crystal Palace FotMob senior squad (shirt #5); previously assigned to Chelsea FC",""
"cmuihqfqr00cqh29e2077zt3y","Crystal Palace","cmuihvzar06pmsexpx2cwwq1x","Takehiro Tomiyasu","ATTACH","","Unassigned (Detached)","cmuihqfqr00cqh29e2077zt3y","Crystal Palace","Defender","1998-11-05","17","first_team",5000000,"331560","Present in Crystal Palace FotMob squad (shirt #17); attach detached player",""
"cmuihqfqr00cqh29e2077zt3y","Crystal Palace","cmuihw4480ckysexpd4e5l0c8","Honest Ahanor","ATTACH","","Unassigned (Detached)","cmuihqfqr00cqh29e2077zt3y","Crystal Palace","Defender","2008-02-23","21","first_team",30000000,"1077175","Present in Crystal Palace FotMob squad (shirt #21); attach detached player",""
"cmuihqfqr00cqh29e2077zt3y","Crystal Palace","cmuihvzaj06jusexp6r3qyhcf","Ben Chilwell","ATTACH","","Unassigned (Detached)","cmuihqfqr00cqh29e2077zt3y","Crystal Palace","Defender","1996-12-21","33","first_team",10000000,"316125","Present in Crystal Palace FotMob squad (shirt #33); attach detached player",""
"cmuihqfqr00cqh29e2077zt3y","Crystal Palace","FM_1455818","Zavier Gozo","CREATE","","Unassigned / Not in DB","cmuihqfqr00cqh29e2077zt3y","Crystal Palace","Midfield","2007-03-22","12","first_team",2522411,"","Ingest new senior player from FotMob squad (shirt #12)",""
"cmuihqfqr00cqh29e2077zt3y","Crystal Palace","cmuihvzws0813sexp5p0wz39k","Quinten Timber","ATTACH","","Unassigned (Detached)","cmuihqfqr00cqh29e2077zt3y","Crystal Palace","Midfield","2001-06-17","23","first_team",25000000,"420213","Present in Crystal Palace FotMob squad (shirt #23); attach detached player",""
"cmuihqfqr00cqh29e2077zt3y","Crystal Palace","FM_1329007","Darío Osorio","CREATE","","Unassigned / Not in DB","cmuihqfqr00cqh29e2077zt3y","Crystal Palace","Midfield","2004-01-24","24","first_team",8427546,"","Ingest new senior player from FotMob squad (shirt #24)",""
"cmuihqfqr00cqh29e2077zt3y","Crystal Palace","FM_1477878","Anan Khalaili","CREATE","","Unassigned / Not in DB","cmuihqfqr00cqh29e2077zt3y","Crystal Palace","Midfield","2004-09-03","25","first_team",9140520,"","Ingest new senior player from FotMob squad (shirt #25)",""
"cmuihqfqr00cqh29e2077zt3y","Crystal Palace","cmuihvzaq06pjsexptgj04ke9","Óscar Mingueza","REASSIGN","cmuihqg9e00czh29eqgxwp7l7","Celta de Vigo","cmuihqfqr00cqh29e2077zt3y","Crystal Palace","Midfield","1999-05-13","30","first_team",18000000,"331505","Present in Crystal Palace FotMob senior squad (shirt #30); previously assigned to Celta de Vigo","POSITION_DIFF (DB: Defender, Source: Midfield)"
"cmuihqfqr00cqh29e2077zt3y","Crystal Palace","cmuihw0k808resexpz375djes","Evann Guessand","REASSIGN","cmuihq8vi008xh29edz4vg4xw","Aston Villa","cmuihqfqr00cqh29e2077zt3y","Crystal Palace","Attack","2001-07-01","29","first_team",25000000,"500689","Present in Crystal Palace FotMob senior squad (shirt #29); previously assigned to Aston Villa",""
"cmuihqfqr00cqh29e2077zt3y","Crystal Palace","cmuihvyr306aysexpbg4y034s","Borna Sosa","DETACH","cmuihqfqr00cqh29e2077zt3y","Crystal Palace","","Unassigned (Detached)","Defender","1998-01-21","","departed",3000000,"293194","Absent from FotMob declared squad for Crystal Palace",""
"cmuihqfqr00cqh29e2077zt3y","Crystal Palace","cmuihvvvi02xmsexptqezevzx","Nathaniel Clyne","DETACH","cmuihqfqr00cqh29e2077zt3y","Crystal Palace","","Unassigned (Detached)","Defender","1991-04-05","","departed",300000,"85177","Absent from FotMob declared squad for Crystal Palace",""
"cmuihqfqr00cqh29e2077zt3y","Crystal Palace","cmuihw0iu0868sexppt652rcy","Maxence Lacroix","DETACH","cmuihqfqr00cqh29e2077zt3y","Crystal Palace","","Unassigned (Detached)","Defender","2000-04-06","","departed",50000000,"434224","Absent from FotMob declared squad for Crystal Palace",""
"cmuihqfqr00cqh29e2077zt3y","Crystal Palace","cmuihw3eq0beisexpkmmfajrb","Danny Imray","DETACH","cmuihqfqr00cqh29e2077zt3y","Crystal Palace","","Unassigned (Detached)","Defender","2003-07-27","","departed",0,"862109","Absent from FotMob declared squad for Crystal Palace",""
"cmuihqfqr00cqh29e2077zt3y","Crystal Palace","cmuihw3eq0bf5sexpwchr2gnk","David Ozoh","DETACH","cmuihqfqr00cqh29e2077zt3y","Crystal Palace","","Unassigned (Detached)","Midfield","2005-05-06","","departed",2200000,"865993","Absent from FotMob declared squad for Crystal Palace",""
"cmuihqfqr00cqh29e2077zt3y","Crystal Palace","cmuihw43g0c12sexpjrygiatd","Romain Esse","DETACH","cmuihqfqr00cqh29e2077zt3y","Crystal Palace","","Unassigned (Detached)","Attack","2005-05-13","","departed",10000000,"967319","Absent from FotMob declared squad for Crystal Palace",""
"cmuihqfqr00cqh29e2077zt3y","Crystal Palace","cmuihw0k608pqsexp2odxz0qi","Daniel Muñoz","DETACH","cmuihqfqr00cqh29e2077zt3y","Crystal Palace","","Unassigned (Detached)","Defender","1996-05-26","","departed",22000000,"493003","Absent from FotMob declared squad for Crystal Palace",""
"cmuihqfqr00cqh29e2077zt3y","Crystal Palace","cmuihw43q0c80sexpn2qndj18","Zach Marsh","DETACH","cmuihqfqr00cqh29e2077zt3y","Crystal Palace","","Unassigned (Detached)","Attack","2005-10-06","","departed",0,"1004679","Absent from FotMob declared squad for Crystal Palace",""
"cmuihqfqr00cqh29e2077zt3y","Crystal Palace","cmuihw43x0cdrsexppvcsfhrn","Rio Cardines","DETACH","cmuihqfqr00cqh29e2077zt3y","Crystal Palace","","Unassigned (Detached)","Defender","2006-07-01","","departed",300000,"1047257","Absent from FotMob declared squad for Crystal Palace",""
"cmuihqfqr00cqh29e2077zt3y","Crystal Palace","cmuihw43x0cdssexpwrap83a1","Caleb Kporha","DETACH","cmuihqfqr00cqh29e2077zt3y","Crystal Palace","","Unassigned (Detached)","Defender","2006-07-15","","departed",1000000,"1047261","Absent from FotMob declared squad for Crystal Palace",""
"cmuihqfqr00cqh29e2077zt3y","Crystal Palace","cmuihw2q20axbsexps9makg4r","Justin Devenny","DETACH","cmuihqfqr00cqh29e2077zt3y","Crystal Palace","","Unassigned (Detached)","Midfield","2003-10-11","","departed",12000000,"747009","Absent from FotMob declared squad for Crystal Palace",""
"cmuihqfqr00cqh29e2077zt3y","Crystal Palace","cmuihw3f20bocsexplfkk7wak","Jackson Izquierdo","DETACH","cmuihqfqr00cqh29e2077zt3y","Crystal Palace","","Unassigned (Detached)","Goalkeeper","2004-10-15","","departed",0,"920005","Absent from FotMob declared squad for Crystal Palace",""
"cmuihq4bo006fh29ef9sfod5p","Everton FC","cmuihvyqu064dsexpxmvavobg","Ainsley Maitland-Niles","REASSIGN","cmuihnsd9000tb23f30w9l9tm","Olympique Lyon","cmuihq4bo006fh29ef9sfod5p","Everton FC","Defender","1997-08-29","2","first_team",10000000,"285845","Present in Everton FC FotMob senior squad (shirt #2); previously assigned to Olympique Lyon",""
"cmuihq4bo006fh29ef9sfod5p","Everton FC","FM_1128965","Charly Alcaraz","CREATE","","Unassigned / Not in DB","cmuihq4bo006fh29ef9sfod5p","Everton FC","Midfield","2002-11-30","24","first_team",13344531,"","Ingest new senior player from FotMob squad (shirt #24)",""
"cmuihq4bo006fh29ef9sfod5p","Everton FC","FM_982394","Hayden Hackney","CREATE","","Unassigned / Not in DB","cmuihq4bo006fh29ef9sfod5p","Everton FC","Midfield","2002-06-26","30","first_team",20726796,"","Ingest new senior player from FotMob squad (shirt #30)",""
"cmuihq4bo006fh29ef9sfod5p","Everton FC","cmuihw4rc0cvusexpodkit0i3","Malik Olayiwola","ATTACH","","Unassigned (Detached)","cmuihq4bo006fh29ef9sfod5p","Everton FC","Midfield","2009-01-08","76","first_team",0,"1172138","Present in Everton FC FotMob squad (shirt #76); attach detached player",""
"cmuihq4bo006fh29ef9sfod5p","Everton FC","cmuihvxgf04w0sexpr3q1spks","Jack Grealish","ATTACH","","Unassigned (Detached)","cmuihq4bo006fh29ef9sfod5p","Everton FC","Attack","1995-09-10","10","first_team",20000000,"203460","Present in Everton FC FotMob squad (shirt #10); attach detached player",""
"cmuihq4bo006fh29ef9sfod5p","Everton FC","cmuihw3fa0bu9sexppvti9m0q","Tyrique George","REASSIGN","cmuihqcpo00b1h29edf8q9ksb","Chelsea FC","cmuihq4bo006fh29ef9sfod5p","Everton FC","Attack","2006-02-04","19","first_team",20000000,"936874","Present in Everton FC FotMob senior squad (shirt #19); previously assigned to Chelsea FC",""
"cmuihq4bo006fh29ef9sfod5p","Everton FC","cmuihw0js08iqsexppfs95c33","Brennan Johnson","REASSIGN","cmuihqfqr00cqh29e2077zt3y","Crystal Palace","cmuihq4bo006fh29ef9sfod5p","Everton FC","Attack","2001-05-23","22","first_team",30000000,"470607","Present in Everton FC FotMob senior squad (shirt #22); previously assigned to Crystal Palace",""
"cmuihq4bo006fh29ef9sfod5p","Everton FC","cmuihw4qz0cr3sexp89wjaa16","Braiden Graham","ATTACH","","Unassigned (Detached)","cmuihq4bo006fh29ef9sfod5p","Everton FC","Attack","2007-11-07","58","first_team",500866,"1122712","Present in Everton FC FotMob squad (shirt #58); attach detached player",""
"cmuihq4bo006fh29ef9sfod5p","Everton FC","cmuihvwrh03lisexp2wgahjd5","Idrissa Gueye","DETACH","cmuihq4bo006fh29ef9sfod5p","Everton FC","","Unassigned (Detached)","Midfield","1989-09-26","","departed",500000,"126665","Absent from FotMob declared squad for Everton FC",""
"cmuihq4bo006fh29ef9sfod5p","Everton FC","cmuihw3fb0bv1sexpfya6b2ts","Adam Aznou","DETACH","cmuihq4bo006fh29ef9sfod5p","Everton FC","","Unassigned (Detached)","Defender","2006-06-02","","departed",6000000,"938146","Absent from FotMob declared squad for Everton FC",""
"cmuihq4bo006fh29ef9sfod5p","Everton FC","cmuihvzwu082ksexpkmi7f97w","Nathan Patterson","DETACH","cmuihq4bo006fh29ef9sfod5p","Everton FC","","Unassigned (Detached)","Defender","2001-10-16","","departed",10000000,"424015","Absent from FotMob declared squad for Everton FC",""
"cmuihq4bo006fh29ef9sfod5p","Everton FC","cmuihw1dn09h0sexpy1lvxln2","Harry Tyrer","DETACH","cmuihq4bo006fh29ef9sfod5p","Everton FC","","Unassigned (Detached)","Goalkeeper","2001-12-06","","departed",0,"574448","Absent from FotMob declared squad for Everton FC",""
"cmuihq4bo006fh29ef9sfod5p","Everton FC","cmuihw1em09k5sexpvvvnin7w","Dwight McNeil","DETACH","cmuihq4bo006fh29ef9sfod5p","Everton FC","","Unassigned (Detached)","Attack","1999-11-22","","departed",18000000,"584769","Absent from FotMob declared squad for Everton FC",""
"cmuihq4bo006fh29ef9sfod5p","Everton FC","cmuihw23v09n8sexpk9amd02x","Beto","DETACH","cmuihq4bo006fh29ef9sfod5p","Everton FC","","Unassigned (Detached)","Attack","1998-01-31","","departed",18000000,"595809","Absent from FotMob declared squad for Everton FC",""
"cmuihq4bo006fh29ef9sfod5p","Everton FC","cmuihw24k0a6vsexpnz078kbu","Reece Welch","DETACH","cmuihq4bo006fh29ef9sfod5p","Everton FC","","Unassigned (Detached)","Defender","2003-09-19","","departed",250000,"655986","Absent from FotMob declared squad for Everton FC",""
"cmuihq4bo006fh29ef9sfod5p","Everton FC","cmuihw2q50axssexp3i0oroz4","Carlos Alcaraz","DETACH","cmuihq4bo006fh29ef9sfod5p","Everton FC","","Unassigned (Detached)","Midfield","2002-11-30","","departed",15000000,"748319","Absent from FotMob declared squad for Everton FC",""
"cmuihq4bo006fh29ef9sfod5p","Everton FC","cmuihw43t0cabsexprazi81lg","Callum Bates","DETACH","cmuihq4bo006fh29ef9sfod5p","Everton FC","","Unassigned (Detached)","Midfield","2005-09-28","","departed",0,"1018716","Absent from FotMob declared squad for Everton FC",""
"cmuihqg9600cxh29echnkyx9e","Fulham FC","cmuihw0ja08apsexp8b1mkcuj","David Affengruber","REASSIGN","cmuihq03y0041h29ezh2jdh2h","Elche CF","cmuihqg9600cxh29echnkyx9e","Fulham FC","Defender","2001-03-19","22","first_team",20000000,"452483","Present in Fulham FC FotMob senior squad (shirt #22); previously assigned to Elche CF",""
"cmuihqg9600cxh29echnkyx9e","Fulham FC","cmuihw3f70bs2sexpla9v2tqi","Hugo Larsson","REASSIGN","cmuihq2b80057h29e0r17uj2f","Eintracht Frankfurt","cmuihqg9600cxh29echnkyx9e","Fulham FC","Midfield","2004-06-27","15","first_team",28000000,"931838","Present in Fulham FC FotMob senior squad (shirt #15); previously assigned to Eintracht Frankfurt",""
"cmuihqg9600cxh29echnkyx9e","Fulham FC","cmuihw2q30axnsexp6tpk69de","Shea Charles","REASSIGN","cmuihq0t3004hh29e03es83vu","Southampton FC","cmuihqg9600cxh29echnkyx9e","Fulham FC","Midfield","2003-11-05","19","first_team",15000000,"747951","Present in Fulham FC FotMob senior squad (shirt #19); previously assigned to Southampton FC",""
"cmuihqg9600cxh29echnkyx9e","Fulham FC","FM_1318400","Kevin","CREATE","","Unassigned / Not in DB","cmuihqg9600cxh29echnkyx9e","Fulham FC","Attack","2003-01-04","11","first_team",29901013,"900195","Ingest new senior player from FotMob squad (shirt #11)",""
"cmuihqg9600cxh29echnkyx9e","Fulham FC","cmuihvyqq060jsexp26ft7zga","Harry Wilson","DETACH","cmuihqg9600cxh29echnkyx9e","Fulham FC","","Unassigned (Detached)","Attack","1997-03-22","","departed",25000000,"279455","Absent from FotMob declared squad for Fulham FC",""
"cmuihqg9600cxh29echnkyx9e","Fulham FC","cmuihw2q30axmsexpd2dfzjtk","Alfie McNally","DETACH","cmuihqg9600cxh29echnkyx9e","Fulham FC","","Unassigned (Detached)","Goalkeeper","2004-12-22","","departed",0,"747950","Absent from FotMob declared squad for Fulham FC",""
"cmuihqg9600cxh29echnkyx9e","Fulham FC","cmuihw3ef0b6ysexpld80kah0","Luke Harris","DETACH","cmuihqg9600cxh29echnkyx9e","Fulham FC","","Unassigned (Detached)","Midfield","2005-03-04","","departed",900000,"817612","Absent from FotMob declared squad for Fulham FC",""
"cmuihq56p006vh29efww9bqgh","Hull City","cmuihvy6j05m0sexpkrix7n7q","Matt Targett","ATTACH","","Unassigned (Detached)","cmuihq56p006vh29efww9bqgh","Hull City","Defender","1995-09-18","23","first_team",3000000,"250478","Present in Hull City FotMob squad (shirt #23); attach detached player","POSITION_DIFF (DB: Left-Back, Source: Defender)"
"cmuihq56p006vh29efww9bqgh","Hull City","cmuihw43v0cc3sexpri0j5icd","Ilyas Ansah","ATTACH","","Unassigned (Detached)","cmuihq56p006vh29efww9bqgh","Hull City","Midfield","2004-11-08","","first_team",12000000,"1035765","Present in Hull City FotMob squad (shirt #none); attach detached player","POSITION_DIFF (DB: Centre-Forward, Source: Midfield)"
"cmuihq56p006vh29efww9bqgh","Hull City","cmuihw1bn08yksexp3tqsz6nd","Hidemasa Morita","ATTACH","","Unassigned (Detached)","cmuihq56p006vh29efww9bqgh","Hull City","Midfield","1995-05-10","5","first_team",8000000,"524315","Present in Hull City FotMob squad (shirt #5); attach detached player","POSITION_DIFF (DB: Central Midfield, Source: Midfield)"
"cmuihq56p006vh29efww9bqgh","Hull City","cmuihw24609vlsexpnlx42mab","Lucas Gourna-Douath","ATTACH","","Unassigned (Detached)","cmuihq56p006vh29efww9bqgh","Hull City","Midfield","2003-08-05","29","first_team",6000000,"620313","Present in Hull City FotMob squad (shirt #29); attach detached player","POSITION_DIFF (DB: Defensive Midfield, Source: Midfield)"
"cmuihq56p006vh29efww9bqgh","Hull City","cmuihw3f20borsexpl2oubz28","Lewis Koumas","ATTACH","","Unassigned (Detached)","cmuihq56p006vh29efww9bqgh","Hull City","Midfield","2005-09-19","36","first_team",4000000,"922462","Present in Hull City FotMob squad (shirt #36); attach detached player","POSITION_DIFF (DB: Attack, Source: Midfield) | DOB_DIFF (DB: 2005-09-19, Source: 2006-12-25)"
"cmuihq56p006vh29efww9bqgh","Hull City","cmuihw4r10crtsexpwnkizxs4","Robinio Vaz","ATTACH","","Unassigned (Detached)","cmuihq56p006vh29efww9bqgh","Hull City","Attack","2007-02-17","47","first_team",18000000,"1131161","Present in Hull City FotMob squad (shirt #47); attach detached player","POSITION_DIFF (DB: Centre-Forward, Source: Attack)"
"cmuihq56p006vh29efww9bqgh","Hull City","cmuihvy5v051wsexpnvl6kwe0","Jordy de Wijs","DETACH","cmuihq56p006vh29efww9bqgh","Hull City","","Unassigned (Detached)","Defender","1995-01-08","","departed",500000,"215096","Absent from FotMob declared squad for Hull City",""
"cmuihq56p006vh29efww9bqgh","Hull City","cmuihw1d909besexpgce6tmiv","Salah Oulad","DETACH","cmuihq56p006vh29efww9bqgh","Hull City","","Unassigned (Detached)","Midfield","2003-08-20","","departed",350000,"559330","Absent from FotMob declared squad for Hull City",""
"cmuihq56p006vh29efww9bqgh","Hull City","cmuihw24j0a61sexpvath1inn","Toby Collyer","DETACH","cmuihq56p006vh29efww9bqgh","Hull City","","Unassigned (Detached)","Midfield","2004-01-03","","departed",5000000,"654253","Absent from FotMob declared squad for Hull City",""
"cmuihq56p006vh29efww9bqgh","Hull City","cmunpe1oh000xqkd34hh1964e","Christos Mouzakitis","DETACH","cmuihq56p006vh29efww9bqgh","Hull City","","Unassigned (Detached)","Central Midfield","2006-12-25","","departed",25000000,"964426","Absent from FotMob declared squad for Hull City",""
"cmuihq56p006vh29efww9bqgh","Hull City","cmunpe4ev0017qkd3jt15n0wr","Elliot Stroud","DETACH","cmuihq56p006vh29efww9bqgh","Hull City","","Unassigned (Detached)","Left Winger","2002-06-22","","departed",8000000,"687622","Absent from FotMob declared squad for Hull City",""
"cmuihq56p006vh29efww9bqgh","Hull City","cmuihvyqf05tssexptjryclzk","Reece Burke","DETACH","cmuihq56p006vh29efww9bqgh","Hull City","","Unassigned (Detached)","Defender","1996-09-02","","departed",1800000,"264220","Absent from FotMob declared squad for Hull City",""
"cmuihq56p006vh29efww9bqgh","Hull City","cmuihw1dr09j2sexp9jmp2vk2","Harvey Vale","DETACH","cmuihq56p006vh29efww9bqgh","Hull City","","Unassigned (Detached)","Midfield","2003-09-11","","departed",1500000,"581675","Absent from FotMob declared squad for Hull City",""
"cmuihq56p006vh29efww9bqgh","Hull City","cmuihvxg704rcsexpe4mnrja6","Chuba Akpom","DETACH","cmuihq56p006vh29efww9bqgh","Hull City","","Unassigned (Detached)","Centre-Forward","1995-10-09","","departed",3500000,"197642","Absent from FotMob declared squad for Hull City",""
"cmuihq56p006vh29efww9bqgh","Hull City","cmuihvyr806fesexpp0eo1pbz","Benjamin Tetteh","DETACH","cmuihq56p006vh29efww9bqgh","Hull City","","Unassigned (Detached)","Attack","1997-07-10","","departed",1000000,"306382","Absent from FotMob declared squad for Hull City",""
"cmuihq56p006vh29efww9bqgh","Hull City","cmuihvu4n01ihsexpjhvf9u4f","Vito Mannone","DETACH","cmuihq56p006vh29efww9bqgh","Hull City","","Unassigned (Detached)","Goalkeeper","1988-03-02","","departed",200000,"33781","Absent from FotMob declared squad for Hull City",""
"cmuihq56p006vh29efww9bqgh","Hull City","cmuihw0kc08u8sexpjhz0pedh","Josh Bowler","DETACH","cmuihq56p006vh29efww9bqgh","Hull City","","Unassigned (Detached)","Attack","1999-03-05","","departed",900000,"506470","Absent from FotMob declared squad for Hull City",""
"cmuihq56p006vh29efww9bqgh","Hull City","cmuihw0iu085ysexp5ho0h61h","Scott Twine","DETACH","cmuihq56p006vh29efww9bqgh","Hull City","","Unassigned (Detached)","Midfield","1999-07-14","","departed",3000000,"433818","Absent from FotMob declared squad for Hull City",""
"cmuihq56p006vh29efww9bqgh","Hull City","cmuihvwru03wqsexpjtqv2i47","Conor Townsend","DETACH","cmuihq56p006vh29efww9bqgh","Hull City","","Unassigned (Detached)","Defender","1993-03-04","","departed",500000,"146509","Absent from FotMob declared squad for Hull City",""
"cmuihq56p006vh29efww9bqgh","Hull City","cmuihvy6505aysexpks3e6nyy","Andrew Robertson","DETACH","cmuihq56p006vh29efww9bqgh","Hull City","","Unassigned (Detached)","Defender","1994-03-11","","departed",7000000,"234803","Absent from FotMob declared squad for Hull City",""
"cmuihq56p006vh29efww9bqgh","Hull City","cmuihvy6q05qosexpolwnirkt","Kasey Palmer","DETACH","cmuihq56p006vh29efww9bqgh","Hull City","","Unassigned (Detached)","Midfield","1996-11-09","","departed",900000,"258216","Absent from FotMob declared squad for Hull City",""
"cmuihq56p006vh29efww9bqgh","Hull City","cmuihw24h0a3lsexpo4u07nrp","Carl Rushworth","DETACH","cmuihq56p006vh29efww9bqgh","Hull City","","Unassigned (Detached)","Goalkeeper","2001-07-02","","departed",16000000,"646353","Absent from FotMob declared squad for Hull City",""
"cmuihq56p006vh29efww9bqgh","Hull City","cmuihvzvq07djsexplpl2a2ci","Ivor Pandur","DETACH","cmuihq56p006vh29efww9bqgh","Hull City","","Unassigned (Detached)","Goalkeeper","2000-03-25","","departed",4500000,"371013","Absent from FotMob declared squad for Hull City",""
"cmuihq56p006vh29efww9bqgh","Hull City","cmuihw24509v1sexpc0523j1p","Tyler Morton","DETACH","cmuihq56p006vh29efww9bqgh","Hull City","","Unassigned (Detached)","Midfield","2002-10-31","","departed",30000000,"618494","Absent from FotMob declared squad for Hull City",""
"cmuihq56p006vh29efww9bqgh","Hull City","cmuihw2pi0ahnsexpoc69hlyy","Abu Kamara","DETACH","cmuihq56p006vh29efww9bqgh","Hull City","","Unassigned (Detached)","Attack","2003-07-21","","departed",2500000,"696764","Absent from FotMob declared squad for Hull City",""
"cmuihq56p006vh29efww9bqgh","Hull City","cmuihw3f90btrsexprxp1zzch","Yu Hirakawa","DETACH","cmuihq56p006vh29efww9bqgh","Hull City","","Unassigned (Detached)","Attack","2001-01-03","","departed",1000000,"936237","Absent from FotMob declared squad for Hull City",""
"cmuihqdak00bdh29e51a0c9yd","Ipswich Town","FM_1904519","Charlie Compton","CREATE","","Unassigned / Not in DB","cmuihqdak00bdh29e51a0c9yd","Ipswich Town","Midfield","2007-09-05","","first_team",0,"","Ingest new senior player from FotMob squad (shirt #none)",""
"cmuihqdak00bdh29e51a0c9yd","Ipswich Town","cmuihvyrb06irsexplk9z8s74","Azor Matusiwa","ATTACH","","Unassigned (Detached)","cmuihqdak00bdh29e51a0c9yd","Ipswich Town","Midfield","1998-04-28","5","first_team",12000000,"315145","Present in Ipswich Town FotMob squad (shirt #5); attach detached player","POSITION_DIFF (DB: Defensive Midfield, Source: Midfield)"
"cmuihqdak00bdh29e51a0c9yd","Ipswich Town","cmuihw24m0a8lsexppwooop7w","Julio Enciso","ATTACH","","Unassigned (Detached)","cmuihqdak00bdh29e51a0c9yd","Ipswich Town","Midfield","2004-01-23","10","first_team",25000000,"660867","Present in Ipswich Town FotMob squad (shirt #10); attach detached player","POSITION_DIFF (DB: Attacking Midfield, Source: Midfield)"
"cmuihqdak00bdh29e51a0c9yd","Ipswich Town","cmuihw0jr08hvsexpn14imq1h","Jens Cajuste","ATTACH","","Unassigned (Detached)","cmuihqdak00bdh29e51a0c9yd","Ipswich Town","Midfield","1999-08-10","12","first_team",8000000,"468066","Present in Ipswich Town FotMob squad (shirt #12); attach detached player","DOB_DIFF (DB: 1999-08-10, Source: 1999-08-19)"
"cmuihqdak00bdh29e51a0c9yd","Ipswich Town","cmuihw2ps0aolsexpqbaq6wg7","Marcelino Núñez","ATTACH","","Unassigned (Detached)","cmuihqdak00bdh29e51a0c9yd","Ipswich Town","Midfield","2000-03-01","32","first_team",14000000,"715558","Present in Ipswich Town FotMob squad (shirt #32); attach detached player","POSITION_DIFF (DB: Central Midfield, Source: Midfield)"
"cmuihqdak00bdh29e51a0c9yd","Ipswich Town","cmuihw24709vzsexpoyk7vt21","Kasey McAteer","ATTACH","","Unassigned (Detached)","cmuihqdak00bdh29e51a0c9yd","Ipswich Town","Attack","2001-11-22","20","first_team",10000000,"621193","Present in Ipswich Town FotMob squad (shirt #20); attach detached player","POSITION_DIFF (DB: Right Winger, Source: Attack)"
"cmuihqdak00bdh29e51a0c9yd","Ipswich Town","cmuihvxg704rcsexpe4mnrja6","Chuba Akpom","REASSIGN","cmuihq56p006vh29efww9bqgh","Hull City","cmuihqdak00bdh29e51a0c9yd","Ipswich Town","Attack","1995-10-09","29","first_team",3500000,"197642","Present in Ipswich Town FotMob senior squad (shirt #29); previously assigned to Hull City","POSITION_DIFF (DB: Centre-Forward, Source: Attack)"
"cmuihqdak00bdh29e51a0c9yd","Ipswich Town","cmuihw0it085qsexpo3tii9ja","Corrie Ndaba","DETACH","cmuihqdak00bdh29e51a0c9yd","Ipswich Town","","Unassigned (Detached)","Defender","1999-12-25","","departed",900000,"433329","Absent from FotMob declared squad for Ipswich Town",""
"cmuihq8hv008ph29ejwdrv7xd","Leeds United","cmuihvxg604q7sexpwidro8nd","Michael Zetterer","ATTACH","","Unassigned (Detached)","cmuihq8hv008ph29ejwdrv7xd","Leeds United","Goalkeeper","1995-07-12","16","first_team",4000000,"196813","Present in Leeds United FotMob squad (shirt #16); attach detached player",""
"cmuihq8hv008ph29ejwdrv7xd","Leeds United","cmuihw24u0ae3sexpcsi96yqi","Tarik Muharemović","ATTACH","","Unassigned (Detached)","cmuihq8hv008ph29ejwdrv7xd","Leeds United","Defender","2003-02-28","5","first_team",25000000,"679423","Present in Leeds United FotMob squad (shirt #5); attach detached player",""
"cmuihq8hv008ph29ejwdrv7xd","Leeds United","cmuihvzvr07dzsexperdps3g2","Jaka Bijol","ATTACH","","Unassigned (Detached)","cmuihq8hv008ph29ejwdrv7xd","Leeds United","Defender","1999-02-05","15","first_team",20000000,"371851","Present in Leeds United FotMob squad (shirt #15); attach detached player",""
"cmuihq8hv008ph29ejwdrv7xd","Leeds United","cmuihvzwm07ypsexpm9yaiwcr","James Justin","ATTACH","","Unassigned (Detached)","cmuihq8hv008ph29ejwdrv7xd","Leeds United","Defender","1998-02-23","24","first_team",12000000,"413220","Present in Leeds United FotMob squad (shirt #24); attach detached player",""
"cmuihq8hv008ph29ejwdrv7xd","Leeds United","cmuihw1bv091esexpig2cqnz6","Melvin Bard","REASSIGN","cmuihq9ie009bh29e4ay5p2yp","OGC Nice","cmuihq8hv008ph29ejwdrv7xd","Leeds United","Defender","2000-11-06","26","first_team",10000000,"532775","Present in Leeds United FotMob senior squad (shirt #26); previously assigned to OGC Nice",""
"cmuihq8hv008ph29ejwdrv7xd","Leeds United","cmuihvxg304npsexp7hkzqcv5","Nico Elvedi","REASSIGN","cmuihq0qz004fh29e00fpn7fy","Borussia Mönchengladbach","cmuihq8hv008ph29ejwdrv7xd","Leeds United","Defender","1996-09-30","30","first_team",8000000,"192635","Present in Leeds United FotMob senior squad (shirt #30); previously assigned to Borussia Mönchengladbach",""
"cmuihq8hv008ph29ejwdrv7xd","Leeds United","cmuihvzbl07aksexpn86qa6nt","Gabriel Gudmundsson","ATTACH","","Unassigned (Detached)","cmuihq8hv008ph29ejwdrv7xd","Leeds United","Midfield","1999-04-29","3","first_team",20000000,"362108","Present in Leeds United FotMob squad (shirt #3); attach detached player","POSITION_DIFF (DB: Defender, Source: Midfield)"
"cmuihq8hv008ph29ejwdrv7xd","Leeds United","cmuihvzb9071ssexpuohcwyal","Sean Longstaff","ATTACH","","Unassigned (Detached)","cmuihq8hv008ph29ejwdrv7xd","Leeds United","Midfield","1997-10-30","8","first_team",15000000,"346707","Present in Leeds United FotMob squad (shirt #8); attach detached player",""
"cmuihq8hv008ph29ejwdrv7xd","Leeds United","cmuihvzb706zrsexp8kly9192","Anton Stach","ATTACH","","Unassigned (Detached)","cmuihq8hv008ph29ejwdrv7xd","Leeds United","Midfield","1998-11-15","18","first_team",28000000,"344069","Present in Leeds United FotMob squad (shirt #18); attach detached player",""
"cmuihq8hv008ph29ejwdrv7xd","Leeds United","cmuihw3ei0ba6sexpihfi9nwn","Mateo Joseph","ATTACH","","Unassigned (Detached)","cmuihq8hv008ph29ejwdrv7xd","Leeds United","Attack","2003-10-19","","first_team",3500000,"834742","Present in Leeds United FotMob squad (shirt #none); attach detached player",""
"cmuihq8hv008ph29ejwdrv7xd","Leeds United","cmuihvyr806fasexpyz5d3lhb","Dominic Calvert-Lewin","ATTACH","","Unassigned (Detached)","cmuihq8hv008ph29ejwdrv7xd","Leeds United","Attack","1997-03-16","9","first_team",22000000,"306024","Present in Leeds United FotMob squad (shirt #9); attach detached player",""
"cmuihq8hv008ph29ejwdrv7xd","Leeds United","cmuihvyqq060jsexp26ft7zga","Harry Wilson","REASSIGN","cmuihqg9600cxh29echnkyx9e","Fulham FC","cmuihq8hv008ph29ejwdrv7xd","Leeds United","Attack","1997-03-22","10","first_team",25000000,"279455","Present in Leeds United FotMob senior squad (shirt #10); previously assigned to Fulham FC",""
"cmuihq8hv008ph29ejwdrv7xd","Leeds United","cmuihvyra06htsexpi51v0uxk","Lukas Nmecha","ATTACH","","Unassigned (Detached)","cmuihq8hv008ph29ejwdrv7xd","Leeds United","Attack","1998-12-14","14","first_team",10000000,"314288","Present in Leeds United FotMob squad (shirt #14); attach detached player",""
"cmuihq8hv008ph29ejwdrv7xd","Leeds United","cmuihvzb9071ysexpumpma9he","Noah Okafor","ATTACH","","Unassigned (Detached)","cmuihq8hv008ph29ejwdrv7xd","Leeds United","Attack","2000-05-24","19","first_team",25000000,"346890","Present in Leeds United FotMob squad (shirt #19); attach detached player",""
"cmuihq8hv008ph29ejwdrv7xd","Leeds United","cmuihw3fb0bvmsexp375mkdmo","Jean-Mattéo Bahoya","REASSIGN","cmuihq2b80057h29e0r17uj2f","Eintracht Frankfurt","cmuihq8hv008ph29ejwdrv7xd","Leeds United","Attack","2005-05-07","23","first_team",25000000,"939964","Present in Leeds United FotMob senior squad (shirt #23); previously assigned to Eintracht Frankfurt",""
"cmuihq8hv008ph29ejwdrv7xd","Leeds United","cmuihvy6705c5sexph2mu3zjj","Sam Byram","DETACH","cmuihq8hv008ph29ejwdrv7xd","Leeds United","","Unassigned (Detached)","Defender","1993-09-16","","departed",400000,"236953","Absent from FotMob declared squad for Leeds United",""
"cmuihq8hv008ph29ejwdrv7xd","Leeds United","cmuihvvw8036ysexpibga9uvv","Karl Darlow","DETACH","cmuihq8hv008ph29ejwdrv7xd","Leeds United","","Unassigned (Detached)","Goalkeeper","1990-10-08","","departed",200000,"99397","Absent from FotMob declared squad for Leeds United",""
"cmuihq8hv008ph29ejwdrv7xd","Leeds United","cmuihw24909y8sexpt3k55pn3","Wilfried Gnonto","DETACH","cmuihq8hv008ph29ejwdrv7xd","Leeds United","","Unassigned (Detached)","Attack","2003-11-05","","departed",16000000,"627626","Absent from FotMob declared squad for Leeds United",""
"cmuihq8hv008ph29ejwdrv7xd","Leeds United","cmuihvzvp07d5sexpj8xf70p9","Joël Piroe","DETACH","cmuihq8hv008ph29ejwdrv7xd","Leeds United","","Unassigned (Detached)","Attack","1999-08-02","","departed",10000000,"369962","Absent from FotMob declared squad for Leeds United",""
"cmuihq8hv008ph29ejwdrv7xd","Leeds United","cmuihvzwk07wwsexpfephiswz","Pascal Struijk","DETACH","cmuihq8hv008ph29ejwdrv7xd","Leeds United","","Unassigned (Detached)","Defender","1999-08-11","","departed",22000000,"410708","Absent from FotMob declared squad for Leeds United",""
"cmuihq5k0006zh29erp4cykkk","Liverpool FC","cmuihw3f90bt9sexpzyhu00fv","Víctor Muñoz","REASSIGN","cmuihq61m0079h29efscx2qh5","CA Osasuna","cmuihq5k0006zh29erp4cykkk","Liverpool FC","Attack","2003-07-13","23","first_team",30000000,"935231","Present in Liverpool FC FotMob senior squad (shirt #23); previously assigned to CA Osasuna",""
"cmuihq5k0006zh29erp4cykkk","Liverpool FC","cmuihw3f20borsexpl2oubz28","Lewis Koumas","ATTACH","","Unassigned (Detached)","cmuihq5k0006zh29erp4cykkk","Liverpool FC","Attack","2005-09-19","67","first_team",4000000,"922462","Present in Liverpool FC FotMob squad (shirt #67); attach detached player",""
"cmuihq5k0006zh29erp4cykkk","Liverpool FC","cmuihw0it085osexput721p1b","Curtis Jones","DETACH","cmuihq5k0006zh29erp4cykkk","Liverpool FC","","Unassigned (Detached)","Midfield","2001-01-30","","departed",35000000,"433188","Absent from FotMob declared squad for Liverpool FC",""
"cmuihq5k0006zh29erp4cykkk","Liverpool FC","cmuihw3eq0befsexpy6echsfc","Tommy Pilling","DETACH","cmuihq5k0006zh29erp4cykkk","Liverpool FC","","Unassigned (Detached)","Midfield","2004-09-14","","departed",0,"861577","Absent from FotMob declared squad for Liverpool FC",""
"cmuihq5k0006zh29erp4cykkk","Liverpool FC","cmuihw3eq0bf0sexpzo6aq252","Stefan Bajcetic","DETACH","cmuihq5k0006zh29erp4cykkk","Liverpool FC","","Unassigned (Detached)","Midfield","2004-10-22","","departed",4000000,"864799","Absent from FotMob declared squad for Liverpool FC",""
"cmuihq5k0006zh29erp4cykkk","Liverpool FC","cmuihw3fe0bxcsexpeb82ym8t","Michael Laffey","DETACH","cmuihq5k0006zh29erp4cykkk","Liverpool FC","","Unassigned (Detached)","Midfield","2005-10-11","","departed",0,"947407","Absent from FotMob declared squad for Liverpool FC",""
"cmuihq5k0006zh29erp4cykkk","Liverpool FC","cmuihw44d0cpbsexp92cim43f","Amara Nallo","DETACH","cmuihq5k0006zh29erp4cykkk","Liverpool FC","","Unassigned (Detached)","Defender","2006-11-18","","departed",1000000,"1108049","Absent from FotMob declared squad for Liverpool FC",""
"cmuihq5k0006zh29erp4cykkk","Liverpool FC","cmuihw1dd09ddsexp91i1kapk","Harvey Elliott","DETACH","cmuihq5k0006zh29erp4cykkk","Liverpool FC","","Unassigned (Detached)","Midfield","2003-04-04","","departed",20000000,"565822","Absent from FotMob declared squad for Liverpool FC",""
"cmuihq5k0006zh29erp4cykkk","Liverpool FC","cmuihw24d0a0jsexppe8m4ifg","Calvin Ramsay","DETACH","cmuihq5k0006zh29erp4cykkk","Liverpool FC","","Unassigned (Detached)","Defender","2003-07-31","","departed",1500000,"633652","Absent from FotMob declared squad for Liverpool FC",""
"cmuihq5k0006zh29erp4cykkk","Liverpool FC","cmuihw2px0asvsexposua05vs","Kaide Gordon","DETACH","cmuihq5k0006zh29erp4cykkk","Liverpool FC","","Unassigned (Detached)","Attack","2004-10-05","","departed",1200000,"732119","Absent from FotMob declared squad for Liverpool FC",""
"cmuihq5k0006zh29erp4cykkk","Liverpool FC","cmuihw3f80bsbsexpejaetk2o","Ármin Pécsi","DETACH","cmuihq5k0006zh29erp4cykkk","Liverpool FC","","Unassigned (Detached)","Goalkeeper","2005-02-24","","departed",0,"933215","Absent from FotMob declared squad for Liverpool FC",""
"cmuihq5k0006zh29erp4cykkk","Liverpool FC","cmuihw3fb0bvhsexp57h8f53e","Jayden Danns","DETACH","cmuihq5k0006zh29erp4cykkk","Liverpool FC","","Unassigned (Detached)","Attack","2006-01-16","","departed",800000,"939290","Absent from FotMob declared squad for Liverpool FC",""
"cmuihq3vs0069h29ebm5xqhye","Manchester City","cmuihw0j5088ssexptzb6o1qd","Omar Marmoush","REASSIGN","cmuihpzs8003vh29eyrxt8nk5","Tottenham Hotspur","cmuihq3vs0069h29ebm5xqhye","Manchester City","Attack","1999-02-07","7","first_team",50000000,"445939","Present in Manchester City FotMob senior squad (shirt #7); previously assigned to Tottenham Hotspur","DOB_DIFF (DB: 1999-02-07, Source: 2000-03-06)"
"cmuihq3vs0069h29ebm5xqhye","Manchester City","cmuihvxfp04e7sexpuxl5r6dm","Nathan Aké","DETACH","cmuihq3vs0069h29ebm5xqhye","Manchester City","","Unassigned (Detached)","Defender","1995-02-18","","departed",12000000,"177476","Absent from FotMob declared squad for Manchester City",""
"cmuihq3vs0069h29ebm5xqhye","Manchester City","cmuihw3ek0bbasexpm5jfxo1v","Max Alleyne","DETACH","cmuihq3vs0069h29ebm5xqhye","Manchester City","","Unassigned (Detached)","Defender","2005-07-21","","departed",8000000,"843595","Absent from FotMob declared squad for Manchester City",""
"cmuihq3vs0069h29ebm5xqhye","Manchester City","cmuihw0jk08eisexplqpqf0t0","Tijjani Reijnders","DETACH","cmuihq3vs0069h29ebm5xqhye","Manchester City","","Unassigned (Detached)","Midfield","1998-07-29","","departed",50000000,"460939","Absent from FotMob declared squad for Manchester City",""
"cmuihq3vs0069h29ebm5xqhye","Manchester City","cmuihw0jp08h7sexpvpztw1o9","Nico González","DETACH","cmuihq3vs0069h29ebm5xqhye","Manchester City","","Unassigned (Detached)","Midfield","2002-01-03","","departed",40000000,"466805","Absent from FotMob declared squad for Manchester City",""
"cmuihq3vs0069h29ebm5xqhye","Manchester City","cmuihw24809wrsexpkfdthel9","Iliman Ndiaye","DETACH","cmuihq3vs0069h29ebm5xqhye","Manchester City","","Unassigned (Detached)","Attack","2000-03-06","","departed",55000000,"623570","Absent from FotMob declared squad for Manchester City",""
"cmuihq3vs0069h29ebm5xqhye","Manchester City","cmuihw2q00avtsexppurxa90p","Savinho","DETACH","cmuihq3vs0069h29ebm5xqhye","Manchester City","","Unassigned (Detached)","Attack","2004-04-10","","departed",35000000,"743591","Absent from FotMob declared squad for Manchester City",""
"cmuihq3vs0069h29ebm5xqhye","Manchester City","cmuihw3ez0bmlsexpk658e1si","Sverre Nypan","DETACH","cmuihq3vs0069h29ebm5xqhye","Manchester City","","Unassigned (Detached)","Midfield","2006-12-19","","departed",13000000,"911736","Absent from FotMob declared squad for Manchester City",""
"cmuihqgxr00ddh29e8cr2u808","Manchester United","FM_1178602","Senne Lammens","CREATE","","Unassigned / Not in DB","cmuihqgxr00ddh29e8cr2u808","Manchester United","Goalkeeper","2002-07-07","1","first_team",15636633,"503883","Ingest new senior player from FotMob squad (shirt #1)",""
"cmuihqgxr00ddh29e8cr2u808","Manchester United","cmuihvvw8036ysexpibga9uvv","Karl Darlow","REASSIGN","cmuihq8hv008ph29ejwdrv7xd","Leeds United","cmuihqgxr00ddh29e8cr2u808","Manchester United","Goalkeeper","1990-10-08","12","first_team",200000,"99397","Present in Manchester United FotMob senior squad (shirt #12); previously assigned to Leeds United",""
"cmuihqgxr00ddh29e8cr2u808","Manchester United","cmuihw24609vssexp3n65h4ai","Dermot Mee","ATTACH","","Unassigned (Detached)","cmuihqgxr00ddh29e8cr2u808","Manchester United","Goalkeeper","2002-11-20","45","first_team",200000,"620362","Present in Manchester United FotMob squad (shirt #45); attach detached player",""
"cmuihqgxr00ddh29e8cr2u808","Manchester United","cmuihw2q00avusexpi5wxxlyb","Andrey Santos","REASSIGN","cmuihqcpo00b1h29edf8q9ksb","Chelsea FC","cmuihqgxr00ddh29e8cr2u808","Manchester United","Midfield","2004-05-03","17","first_team",40000000,"743600","Present in Manchester United FotMob senior squad (shirt #17); previously assigned to Chelsea FC",""
"cmuihqgxr00ddh29e8cr2u808","Manchester United","cmuihvy6j05ljsexpm3b43eo2","Youri Tielemans","REASSIGN","cmuihq8vi008xh29edz4vg4xw","Aston Villa","cmuihqgxr00ddh29e8cr2u808","Manchester United","Midfield","1997-05-07","18","first_team",30000000,"249565","Present in Manchester United FotMob senior squad (shirt #18); previously assigned to Aston Villa",""
"cmuihqgxr00ddh29e8cr2u808","Manchester United","cmuihw43g0c1ssexp5lpf6ebj","Carlos Baleba","REASSIGN","cmuihomne002bb23fq0sdhdrm","Brighton & Hove Albion","cmuihqgxr00ddh29e8cr2u808","Manchester United","Midfield","2004-01-03","20","first_team",55000000,"973085","Present in Manchester United FotMob senior squad (shirt #20); previously assigned to Brighton & Hove Albion",""
"cmuihqgxr00ddh29e8cr2u808","Manchester United","cmuihw43y0cebsexpirsjfnb9","Tyler Fletcher","ATTACH","","Unassigned (Detached)","cmuihqgxr00ddh29e8cr2u808","Manchester United","Midfield","2007-03-19","39","first_team",144000,"1049911","Present in Manchester United FotMob squad (shirt #39); attach detached player",""
"cmuihqgxr00ddh29e8cr2u808","Manchester United","cmuihw43s0c9ksexpk7m36h4p","Harry Amass","ATTACH","","Unassigned (Detached)","cmuihqgxr00ddh29e8cr2u808","Manchester United","Midfield","2007-03-16","41","first_team",5000000,"1011738","Present in Manchester United FotMob squad (shirt #41); attach detached player","POSITION_DIFF (DB: Defender, Source: Midfield)"
"cmuihqgxr00ddh29e8cr2u808","Manchester United","cmuihw3f40bpxsexpxr16y1qp","Shea Lacey","ATTACH","","Unassigned (Detached)","cmuihqgxr00ddh29e8cr2u808","Manchester United","Attack","2007-04-14","31","first_team",728064,"926309","Present in Manchester United FotMob squad (shirt #31); attach detached player",""
"cmuihqgxr00ddh29e8cr2u808","Manchester United","cmuihvzav06sdsexposm6jo65","Altay Bayındır","DETACH","cmuihqgxr00ddh29e8cr2u808","Manchester United","","Unassigned (Detached)","Goalkeeper","1998-04-14","","departed",5000000,"336077","Absent from FotMob declared squad for Manchester United",""
"cmuihqgxr00ddh29e8cr2u808","Manchester United","cmuihw3ez0bmjsexp6zsi8vz8","Tyler Fredricson","DETACH","cmuihqgxr00ddh29e8cr2u808","Manchester United","","Unassigned (Detached)","Defender","2005-02-23","","departed",3000000,"911424","Absent from FotMob declared squad for Manchester United",""
"cmuihqgxr00ddh29e8cr2u808","Manchester United","cmuihw43w0ccssexps464mf3j","Chido Obi","DETACH","cmuihqgxr00ddh29e8cr2u808","Manchester United","","Unassigned (Detached)","Attack","2007-11-29","","departed",5000000,"1042886","Absent from FotMob declared squad for Manchester United",""
"cmuihqgxr00ddh29e8cr2u808","Manchester United","cmuihw4rt0d38sexph1ji3lo9","Diego León","DETACH","cmuihqgxr00ddh29e8cr2u808","Manchester United","","Unassigned (Detached)","Defender","2007-04-03","","departed",4000000,"1283997","Absent from FotMob declared squad for Manchester United",""
"cmuihqepp00c5h29e6dizfj3r","Newcastle United","cmuihw24a09z3sexph5e0wb6e","Lukas Hornicek","REASSIGN","cmuihnyer0015b23fholjonq1","SC Braga","cmuihqepp00c5h29e6dizfj3r","Newcastle United","Goalkeeper","2002-07-13","21","first_team",18000000,"629773","Present in Newcastle United FotMob senior squad (shirt #21); previously assigned to SC Braga",""
"cmuihqepp00c5h29e6dizfj3r","Newcastle United","FM_1438570","Ewen Jaouen","CREATE","","Unassigned / Not in DB","cmuihqepp00c5h29e6dizfj3r","Newcastle United","Goalkeeper","2005-12-29","24","first_team",1904335,"","Ingest new senior player from FotMob squad (shirt #24)",""
"cmuihqepp00c5h29e6dizfj3r","Newcastle United","FM_1107910","Valentino Livramento","CREATE","","Unassigned / Not in DB","cmuihqepp00c5h29e6dizfj3r","Newcastle United","Defender","2002-11-12","2","first_team",38464389,"","Ingest new senior player from FotMob squad (shirt #2)",""
"cmuihqepp00c5h29e6dizfj3r","Newcastle United","cmuihw1bj08xusexp07ekcady","Malick Thiaw","REASSIGN","cmuihq5qq0075h29elabq5hjd","FC Schalke 04","cmuihqepp00c5h29e6dizfj3r","Newcastle United","Defender","2001-08-08","12","first_team",45000000,"521964","Present in Newcastle United FotMob senior squad (shirt #12); previously assigned to FC Schalke 04",""
"cmuihqepp00c5h29e6dizfj3r","Newcastle United","FM_188058","Daniel Burn","CREATE","","Unassigned / Not in DB","cmuihqepp00c5h29e6dizfj3r","Newcastle United","Defender","1992-05-09","33","first_team",4412704,"","Ingest new senior player from FotMob squad (shirt #33)",""
"cmuihqepp00c5h29e6dizfj3r","Newcastle United","cmuihw1bh08wzsexpfeqg40xr","Amar Dedić","REASSIGN","cmuihq4q6006lh29eutf0qltf","SL Benfica","cmuihqepp00c5h29e6dizfj3r","Newcastle United","Defender","2002-08-18","37","first_team",16000000,"519184","Present in Newcastle United FotMob senior squad (shirt #37); previously assigned to SL Benfica",""
"cmuihqepp00c5h29e6dizfj3r","Newcastle United","cmuihw0jp08h7sexpvpztw1o9","Nico González","REASSIGN","cmuihq3vs0069h29ebm5xqhye","Manchester City","cmuihqepp00c5h29e6dizfj3r","Newcastle United","Midfield","2002-01-03","6","first_team",40000000,"466805","Present in Newcastle United FotMob senior squad (shirt #6); previously assigned to Manchester City",""
"cmuihqepp00c5h29e6dizfj3r","Newcastle United","cmuihw43h0c28sexp3wuhb53d","Aladji Bamba","ATTACH","","Unassigned (Detached)","cmuihqepp00c5h29e6dizfj3r","Newcastle United","Midfield","2006-07-14","8","first_team",18000000,"975347","Present in Newcastle United FotMob squad (shirt #8); attach detached player",""
"cmuihqepp00c5h29e6dizfj3r","Newcastle United","cmuihw44d0cpssexpcin0ouzz","Sean Steur","ATTACH","","Unassigned (Detached)","cmuihqepp00c5h29e6dizfj3r","Newcastle United","Midfield","2008-01-11","14","first_team",7000000,"1111063","Present in Newcastle United FotMob squad (shirt #14); attach detached player",""
"cmuihqepp00c5h29e6dizfj3r","Newcastle United","FM_860975","Joseph Willock","CREATE","","Unassigned / Not in DB","cmuihqepp00c5h29e6dizfj3r","Newcastle United","Midfield","1999-08-20","28","first_team",12057000,"","Ingest new senior player from FotMob squad (shirt #28)",""
"cmuihqepp00c5h29e6dizfj3r","Newcastle United","cmuihw0k908sjsexplo0ric0q","Jacob Ramsey","ATTACH","","Unassigned (Detached)","cmuihqepp00c5h29e6dizfj3r","Newcastle United","Midfield","2001-05-28","41","first_team",35000000,"503749","Present in Newcastle United FotMob squad (shirt #41); attach detached player",""
"cmuihqepp00c5h29e6dizfj3r","Newcastle United","cmuihvzw007kqsexpozqfxsf9","Yoane Wissa","ATTACH","","Unassigned (Detached)","cmuihqepp00c5h29e6dizfj3r","Newcastle United","Attack","1996-09-03","9","first_team",25000000,"388165","Present in Newcastle United FotMob squad (shirt #9); attach detached player",""
"cmuihqepp00c5h29e6dizfj3r","Newcastle United","cmuihw4460cj9sexpco4wrgdz","Bazoumana Touré","REASSIGN","cmuihqbor00adh29elg30kgzn","TSG 1899 Hoffenheim","cmuihqepp00c5h29e6dizfj3r","Newcastle United","Attack","2006-03-02","17","first_team",40000000,"1067904","Present in Newcastle United FotMob senior squad (shirt #17); previously assigned to TSG 1899 Hoffenheim",""
"cmuihqepp00c5h29e6dizfj3r","Newcastle United","cmuihw1ej09jnsexpgz9u834f","Anthony Elanga","ATTACH","","Unassigned (Detached)","cmuihqepp00c5h29e6dizfj3r","Newcastle United","Attack","2002-04-27","19","first_team",32000000,"583189","Present in Newcastle United FotMob squad (shirt #19); attach detached player",""
"cmuihqepp00c5h29e6dizfj3r","Newcastle United","cmuihw2pv0ar0sexpmnrbhk2n","Matias Fernandez-Pardo","REASSIGN","cmuihnzfj0017b23f7qeka8w7","LOSC Lille","cmuihqepp00c5h29e6dizfj3r","Newcastle United","Attack","2005-02-03","20","first_team",35000000,"724129","Present in Newcastle United FotMob senior squad (shirt #20); previously assigned to LOSC Lille",""
"cmuihqepp00c5h29e6dizfj3r","Newcastle United","FM_1418100","Alfie Harrison","CREATE","","Unassigned / Not in DB","cmuihqepp00c5h29e6dizfj3r","Newcastle United","Attack","2005-11-28","44","first_team",0,"","Ingest new senior player from FotMob squad (shirt #44)",""
"cmuihqepp00c5h29e6dizfj3r","Newcastle United","cmuihvwrn03r8sexp53tiwpbo","Dan Burn","DETACH","cmuihqepp00c5h29e6dizfj3r","Newcastle United","","Unassigned (Detached)","Defender","1992-05-09","","departed",4000000,"134270","Absent from FotMob declared squad for Newcastle United",""
"cmuihqepp00c5h29e6dizfj3r","Newcastle United","cmuihvzb306wisexpse9wl683","Joe Willock","DETACH","cmuihqepp00c5h29e6dizfj3r","Newcastle United","","Unassigned (Detached)","Midfield","1999-08-20","","departed",14000000,"340329","Absent from FotMob declared squad for Newcastle United",""
"cmuihqepp00c5h29e6dizfj3r","Newcastle United","cmuihvzwb07rasexpbq3bnvry","Sandro Tonali","DETACH","cmuihqepp00c5h29e6dizfj3r","Newcastle United","","Unassigned (Detached)","Midfield","2000-05-08","","departed",80000000,"397033","Absent from FotMob declared squad for Newcastle United",""
"cmuihqepp00c5h29e6dizfj3r","Newcastle United","cmuihw43t0cajsexpq6rn0hxx","Aidan Harris","DETACH","cmuihqepp00c5h29e6dizfj3r","Newcastle United","","Unassigned (Detached)","Goalkeeper","2006-12-16","","departed",200000,"1019170","Absent from FotMob declared squad for Newcastle United",""
"cmuihqepp00c5h29e6dizfj3r","Newcastle United","cmuihw0ka08t0sexpue1ce09w","Tino Livramento","DETACH","cmuihqepp00c5h29e6dizfj3r","Newcastle United","","Unassigned (Detached)","Defender","2002-11-12","","departed",45000000,"503981","Absent from FotMob declared squad for Newcastle United",""
"cmuihqepp00c5h29e6dizfj3r","Newcastle United","cmuihw24m0a8jsexp3tp5w1r3","Max Thompson","DETACH","cmuihqepp00c5h29e6dizfj3r","Newcastle United","","Unassigned (Detached)","Goalkeeper","2004-08-01","","departed",0,"660768","Absent from FotMob declared squad for Newcastle United",""
"cmuihqepp00c5h29e6dizfj3r","Newcastle United","cmuihw43t0caisexpscqsayus","Adam Harrison","DETACH","cmuihqepp00c5h29e6dizfj3r","Newcastle United","","Unassigned (Detached)","Goalkeeper","2006-10-20","","departed",100000,"1019169","Absent from FotMob declared squad for Newcastle United",""
"cmuihqdq000bkh29et7iwzrfd","Nottingham Forest","cmuihvzvx07i1sexpxs2ko3xj","Steven Benda","ATTACH","","Unassigned (Detached)","cmuihqdq000bkh29et7iwzrfd","Nottingham Forest","Goalkeeper","1998-10-01","1","first_team",1000000,"381469","Present in Nottingham Forest FotMob squad (shirt #1); attach detached player",""
"cmuihqdq000bkh29et7iwzrfd","Nottingham Forest","cmuihw0it085fsexp8e6j824l","John Victor","ATTACH","","Unassigned (Detached)","cmuihqdq000bkh29et7iwzrfd","Nottingham Forest","Goalkeeper","1996-02-13","12","first_team",5000000,"432914","Present in Nottingham Forest FotMob squad (shirt #12); attach detached player",""
"cmuihqdq000bkh29et7iwzrfd","Nottingham Forest","cmuihw43h0c24sexptukg691y","Ousmane Diomande","REASSIGN","cmuihq6jo007lh29e9jpaabxs","Sporting CP","cmuihqdq000bkh29et7iwzrfd","Nottingham Forest","Defender","2003-12-04","2","first_team",42000000,"974982","Present in Nottingham Forest FotMob senior squad (shirt #2); previously assigned to Sporting CP",""
"cmuihqdq000bkh29et7iwzrfd","Nottingham Forest","cmuihw43j0c3xsexpnfj3fg2i","Jair Cunha","ATTACH","","Unassigned (Detached)","cmuihqdq000bkh29et7iwzrfd","Nottingham Forest","Defender","2005-03-07","23","first_team",15000000,"984096","Present in Nottingham Forest FotMob squad (shirt #23); attach detached player",""
"cmuihqdq000bkh29et7iwzrfd","Nottingham Forest","cmuihw2pq0am4sexpglukmi13","Nicolò Savona","ATTACH","","Unassigned (Detached)","cmuihqdq000bkh29et7iwzrfd","Nottingham Forest","Defender","2003-03-19","37","first_team",15000000,"708072","Present in Nottingham Forest FotMob squad (shirt #37); attach detached player",""
"cmuihqdq000bkh29et7iwzrfd","Nottingham Forest","cmuihvy5z055fsexpv4ojj431","Xaver Schlager","ATTACH","","Unassigned (Detached)","cmuihqdq000bkh29et7iwzrfd","Nottingham Forest","Midfield","1997-09-28","21","first_team",10000000,"223979","Present in Nottingham Forest FotMob squad (shirt #21); attach detached player",""
"cmuihqdq000bkh29et7iwzrfd","Nottingham Forest","cmuihw1ej09josexpgfmmaeks","James McAtee","ATTACH","","Unassigned (Detached)","cmuihqdq000bkh29et7iwzrfd","Nottingham Forest","Midfield","2002-10-18","24","first_team",18000000,"583199","Present in Nottingham Forest FotMob squad (shirt #24); attach detached player",""
"cmuihqdq000bkh29et7iwzrfd","Nottingham Forest","cmuihw1bk08yisexpjs3ukgkc","Luca Netz","ATTACH","","Unassigned (Detached)","cmuihqdq000bkh29et7iwzrfd","Nottingham Forest","Midfield","2003-05-15","25","first_team",8000000,"524285","Present in Nottingham Forest FotMob squad (shirt #25); attach detached player","POSITION_DIFF (DB: Defender, Source: Midfield)"
"cmuihqdq000bkh29et7iwzrfd","Nottingham Forest","cmuihw0k608pqsexp2odxz0qi","Daniel Muñoz","REASSIGN","cmuihqfqr00cqh29e2077zt3y","Crystal Palace","cmuihqdq000bkh29et7iwzrfd","Nottingham Forest","Midfield","1996-05-26","27","first_team",22000000,"493003","Present in Nottingham Forest FotMob senior squad (shirt #27); previously assigned to Crystal Palace","POSITION_DIFF (DB: Defender, Source: Midfield)"
"cmuihqdq000bkh29et7iwzrfd","Nottingham Forest","cmuihw0is0853sexpboijliph","Igor Jesus","ATTACH","","Unassigned (Detached)","cmuihqdq000bkh29et7iwzrfd","Nottingham Forest","Attack","2001-02-25","11","first_team",25000000,"432164","Present in Nottingham Forest FotMob squad (shirt #11); attach detached player",""
"cmuihqdq000bkh29et7iwzrfd","Nottingham Forest","cmuihvzvo07busexpgqv4mlqy","Dan Ndoye","ATTACH","","Unassigned (Detached)","cmuihqdq000bkh29et7iwzrfd","Nottingham Forest","Attack","2000-10-25","14","first_team",32000000,"365108","Present in Nottingham Forest FotMob squad (shirt #14); attach detached player",""
"cmuihqdq000bkh29et7iwzrfd","Nottingham Forest","FM_1095445","Arnaud Kalimuendo-Muinga","CREATE","","Unassigned / Not in DB","cmuihqdq000bkh29et7iwzrfd","Nottingham Forest","Attack","2002-01-20","15","first_team",16991359,"","Ingest new senior player from FotMob squad (shirt #15)",""
"cmuihqdq000bkh29et7iwzrfd","Nottingham Forest","cmuihw24209sasexpd4p7xivg","Liam Delap","REASSIGN","cmuihqcpo00b1h29edf8q9ksb","Chelsea FC","cmuihqdq000bkh29et7iwzrfd","Nottingham Forest","Attack","2003-02-08","19","first_team",28000000,"610849","Present in Nottingham Forest FotMob senior squad (shirt #19); previously assigned to Chelsea FC",""
"cmuihqdq000bkh29et7iwzrfd","Nottingham Forest","cmuihw24o0aacsexpxvaefmxn","Ben Hammond","DETACH","cmuihqdq000bkh29et7iwzrfd","Nottingham Forest","","Unassigned (Detached)","Midfield","2004-10-02","","departed",0,"667498","Absent from FotMob declared squad for Nottingham Forest",""
"cmuihqdq000bkh29et7iwzrfd","Nottingham Forest","cmuihw3f30bpjsexpwnpa3fwf","Justin Hanks","DETACH","cmuihqdq000bkh29et7iwzrfd","Nottingham Forest","","Unassigned (Detached)","Defender","2004-09-01","","departed",0,"925092","Absent from FotMob declared squad for Nottingham Forest",""
"cmuihqdq000bkh29et7iwzrfd","Nottingham Forest","cmuihw3f30bpksexpdo28kxmn","Jack Thompson","DETACH","cmuihqdq000bkh29et7iwzrfd","Nottingham Forest","","Unassigned (Detached)","Defender","2005-05-05","","departed",0,"925093","Absent from FotMob declared squad for Nottingham Forest",""
"cmuihqdq000bkh29et7iwzrfd","Nottingham Forest","cmuihw24s0ad3sexp360xfzfm","Morato","DETACH","cmuihqdq000bkh29et7iwzrfd","Nottingham Forest","","Unassigned (Detached)","Defender","2001-06-30","","departed",14000000,"673492","Absent from FotMob declared squad for Nottingham Forest",""
"cmuihqdq000bkh29et7iwzrfd","Nottingham Forest","cmuihw43o0c6gsexp9lyrvy4x","Keehan Willows","DETACH","cmuihqdq000bkh29et7iwzrfd","Nottingham Forest","","Unassigned (Detached)","Goalkeeper","2005-10-01","","departed",0,"994594","Absent from FotMob declared squad for Nottingham Forest",""
"cmuihqdq000bkh29et7iwzrfd","Nottingham Forest","cmuihw3eo0bd8sexpgvzlpvgm","Aaron Bott","DETACH","cmuihqdq000bkh29et7iwzrfd","Nottingham Forest","","Unassigned (Detached)","Goalkeeper","2004-09-06","","departed",0,"855282","Absent from FotMob declared squad for Nottingham Forest",""
"cmuihq47i006bh29e3kejf8oh","Sunderland AFC","cmuihvyqf05t9sexp63jcfzz0","Kevin Danso","ATTACH","","Unassigned (Detached)","cmuihq47i006bh29e3kejf8oh","Sunderland AFC","Defender","1998-09-19","4","first_team",20000000,"263236","Present in Sunderland AFC FotMob squad (shirt #4); attach detached player",""
"cmuihq47i006bh29e3kejf8oh","Sunderland AFC","cmuihvvwa037psexp6r03oyv9","Thomas Meunier","ATTACH","","Unassigned (Detached)","cmuihq47i006bh29e3kejf8oh","Sunderland AFC","Defender","1991-09-12","12","first_team",1500000,"100986","Present in Sunderland AFC FotMob squad (shirt #12); attach detached player",""
"cmuihq47i006bh29e3kejf8oh","Sunderland AFC","FM_963940","Ajibola Alese","CREATE","","Unassigned / Not in DB","cmuihq47i006bh29e3kejf8oh","Sunderland AFC","Defender","2001-01-17","42","first_team",896602,"","Ingest new senior player from FotMob squad (shirt #42)",""
"cmuihq47i006bh29e3kejf8oh","Sunderland AFC","cmuihw4ri0cyvsexpheoha5q5","Dayann Methalie","REASSIGN","cmuihq9dj0097h29elsved1su","FC Toulouse","cmuihq47i006bh29e3kejf8oh","Sunderland AFC","Midfield","2006-02-15","6","first_team",18000000,"1191444","Present in Sunderland AFC FotMob senior squad (shirt #6); previously assigned to FC Toulouse","POSITION_DIFF (DB: Defender, Source: Midfield)"
"cmuihq47i006bh29e3kejf8oh","Sunderland AFC","FM_434498","Alan Browne","CREATE","","Unassigned / Not in DB","cmuihq47i006bh29e3kejf8oh","Sunderland AFC","Midfield","1995-04-15","8","first_team",1502539,"","Ingest new senior player from FotMob squad (shirt #8)",""
"cmuihq47i006bh29e3kejf8oh","Sunderland AFC","FM_1811265","Jules Ahoka","CREATE","","Unassigned / Not in DB","cmuihq47i006bh29e3kejf8oh","Sunderland AFC","Midfield","2006-05-08","29","first_team",0,"","Ingest new senior player from FotMob squad (shirt #29)",""
"cmuihq47i006bh29e3kejf8oh","Sunderland AFC","FM_1829355","Juan Angulo","CREATE","","Unassigned / Not in DB","cmuihq47i006bh29e3kejf8oh","Sunderland AFC","Attack","2008-01-12","","first_team",808277,"","Ingest new senior player from FotMob squad (shirt #none)",""
"cmuihq47i006bh29e3kejf8oh","Sunderland AFC","FM_1287010","Nilson Angulo","CREATE","","Unassigned / Not in DB","cmuihq47i006bh29e3kejf8oh","Sunderland AFC","Attack","2003-06-19","10","first_team",6267264,"903611","Ingest new senior player from FotMob squad (shirt #10)",""
"cmuihq47i006bh29e3kejf8oh","Sunderland AFC","cmuihw2q00avasexpsu0jz5ar","Malick Fofana","REASSIGN","cmuihnsd9000tb23f30w9l9tm","Olympique Lyon","cmuihq47i006bh29e3kejf8oh","Sunderland AFC","Attack","2005-03-31","39","first_team",30000000,"743386","Present in Sunderland AFC FotMob senior squad (shirt #39); previously assigned to Olympique Lyon",""
"cmuihq47i006bh29e3kejf8oh","Sunderland AFC","cmuihvy600562sexp6l761g0f","Patrick Roberts","DETACH","cmuihq47i006bh29e3kejf8oh","Sunderland AFC","","Unassigned (Detached)","Attack","1997-02-05","","departed",3200000,"225452","Absent from FotMob declared squad for Sunderland AFC",""
"cmuihq47i006bh29e3kejf8oh","Sunderland AFC","cmuihvxfr04fmsexpz8ip92lm","Arthur Masuaku","DETACH","cmuihq47i006bh29e3kejf8oh","Sunderland AFC","","Unassigned (Detached)","Defender","1993-11-07","","departed",2000000,"181380","Absent from FotMob declared squad for Sunderland AFC",""
"cmuihq47i006bh29e3kejf8oh","Sunderland AFC","cmuihw1d909blsexp70m523f7","Niall Huggins","DETACH","cmuihq47i006bh29e3kejf8oh","Sunderland AFC","","Unassigned (Detached)","Defender","2000-12-18","","departed",200000,"559801","Absent from FotMob declared squad for Sunderland AFC",""
"cmuihq47i006bh29e3kejf8oh","Sunderland AFC","cmuihw24n0a8qsexp2jjo0bg7","Leo Hjelde","DETACH","cmuihq47i006bh29e3kejf8oh","Sunderland AFC","","Unassigned (Detached)","Defender","2003-08-26","","departed",1500000,"661208","Absent from FotMob declared squad for Sunderland AFC",""
"cmuihq47i006bh29e3kejf8oh","Sunderland AFC","cmuihw3ej0bawsexpp8y53li6","Luís Semedo","DETACH","cmuihq47i006bh29e3kejf8oh","Sunderland AFC","","Unassigned (Detached)","Attack","2003-08-11","","departed",600000,"840687","Absent from FotMob declared squad for Sunderland AFC",""
"cmuihq47i006bh29e3kejf8oh","Sunderland AFC","cmuihw3fa0buosexpy22z1wir","Harrison Jones","DETACH","cmuihq47i006bh29e3kejf8oh","Sunderland AFC","","Unassigned (Detached)","Midfield","2004-12-25","","departed",150000,"937840","Absent from FotMob declared squad for Sunderland AFC",""
"cmuihq47i006bh29e3kejf8oh","Sunderland AFC","cmuihw43g0c15sexpjzcvyrj0","Eliezer Mayenda","DETACH","cmuihq47i006bh29e3kejf8oh","Sunderland AFC","","Unassigned (Detached)","Attack","2005-05-08","","departed",16000000,"967346","Absent from FotMob declared squad for Sunderland AFC",""
"cmuihq47i006bh29e3kejf8oh","Sunderland AFC","cmuihw0jv08k4sexp1b3es0gk","Anthony Patterson","DETACH","cmuihq47i006bh29e3kejf8oh","Sunderland AFC","","Unassigned (Detached)","Goalkeeper","2000-05-10","","departed",0,"475946","Absent from FotMob declared squad for Sunderland AFC",""
"cmuihq47i006bh29e3kejf8oh","Sunderland AFC","cmuihw1ct094nsexpn292sopa","Timothée Pembélé","DETACH","cmuihq47i006bh29e3kejf8oh","Sunderland AFC","","Unassigned (Detached)","Defender","2002-09-09","","departed",1800000,"538998","Absent from FotMob declared squad for Sunderland AFC",""
"cmuihq47i006bh29e3kejf8oh","Sunderland AFC","cmuihw1dl09fvsexp5iwovlag","Dan Neil","DETACH","cmuihq47i006bh29e3kejf8oh","Sunderland AFC","","Unassigned (Detached)","Midfield","2001-12-13","","departed",0,"570336","Absent from FotMob declared squad for Sunderland AFC",""
"cmuihq47i006bh29e3kejf8oh","Sunderland AFC","cmuihw24509umsexpa3a2cicf","Jenson Seelt","DETACH","cmuihq47i006bh29e3kejf8oh","Sunderland AFC","","Unassigned (Detached)","Defender","2003-05-23","","departed",5000000,"617755","Absent from FotMob declared squad for Sunderland AFC",""
"cmuihq47i006bh29e3kejf8oh","Sunderland AFC","cmuihw24l0a7psexpg8yiw4co","Simon Adingra","DETACH","cmuihq47i006bh29e3kejf8oh","Sunderland AFC","","Unassigned (Detached)","Attack","2002-01-01","","departed",22000000,"658536","Absent from FotMob declared squad for Sunderland AFC",""
"cmuihq47i006bh29e3kejf8oh","Sunderland AFC","cmuihw4490cljsexpzx9qmhc4","Timur Tuterov","DETACH","cmuihq47i006bh29e3kejf8oh","Sunderland AFC","","Unassigned (Detached)","Attack","2005-06-11","","departed",0,"1079078","Absent from FotMob declared squad for Sunderland AFC",""
"cmuihq47i006bh29e3kejf8oh","Sunderland AFC","cmuihw3f20bossexp0tx1r70j","Ben Middlemas","DETACH","cmuihq47i006bh29e3kejf8oh","Sunderland AFC","","Unassigned (Detached)","Midfield","2004-12-13","","departed",0,"922463","Absent from FotMob declared squad for Sunderland AFC",""
"cmuihq47i006bh29e3kejf8oh","Sunderland AFC","cmuihw43s0c9xsexpui2fmckc","Ahmed Abdullahi","DETACH","cmuihq47i006bh29e3kejf8oh","Sunderland AFC","","Unassigned (Detached)","Attack","2004-06-19","","departed",800000,"1015619","Absent from FotMob declared squad for Sunderland AFC",""
"cmuihq47i006bh29e3kejf8oh","Sunderland AFC","cmuihw4rw0d57sexp7wx2eela","Jocelin Ta Bi","DETACH","cmuihq47i006bh29e3kejf8oh","Sunderland AFC","","Unassigned (Detached)","Attack","2005-02-09","","departed",2500000,"1322090","Absent from FotMob declared squad for Sunderland AFC",""
"cmuihpzs8003vh29eyrxt8nk5","Tottenham Hotspur","cmuihvvst02qcsexpiw9rrul8","Martin Dúbravka","ATTACH","","Unassigned (Detached)","cmuihpzs8003vh29eyrxt8nk5","Tottenham Hotspur","Goalkeeper","1989-01-15","39","first_team",500000,"74960","Present in Tottenham Hotspur FotMob squad (shirt #39); attach detached player",""
"cmuihpzs8003vh29eyrxt8nk5","Tottenham Hotspur","cmuihvy6505aysexpks3e6nyy","Andrew Robertson","REASSIGN","cmuihq56p006vh29efww9bqgh","Hull City","cmuihpzs8003vh29eyrxt8nk5","Tottenham Hotspur","Defender","1994-03-11","3","first_team",7000000,"234803","Present in Tottenham Hotspur FotMob senior squad (shirt #3); previously assigned to Hull City",""
"cmuihpzs8003vh29eyrxt8nk5","Tottenham Hotspur","cmuihvy6r05rbsexp75hxke37","Tosin Adarabioyo","REASSIGN","cmuihqcpo00b1h29edf8q9ksb","Chelsea FC","cmuihpzs8003vh29eyrxt8nk5","Tottenham Hotspur","Defender","1997-09-24","4","first_team",16000000,"258878","Present in Tottenham Hotspur FotMob senior squad (shirt #4); previously assigned to Chelsea FC",""
"cmuihpzs8003vh29eyrxt8nk5","Tottenham Hotspur","cmuihw0js08icsexplmy1y0tz","Marcos Senesi","ATTACH","","Unassigned (Detached)","cmuihpzs8003vh29eyrxt8nk5","Tottenham Hotspur","Defender","1997-05-10","5","first_team",25000000,"469781","Present in Tottenham Hotspur FotMob squad (shirt #5); attach detached player",""
"cmuihpzs8003vh29eyrxt8nk5","Tottenham Hotspur","cmuihw1do09hlsexpowo1wzpq","Jan Paul van Hecke","REASSIGN","cmuihomne002bb23fq0sdhdrm","Brighton & Hove Albion","cmuihpzs8003vh29eyrxt8nk5","Tottenham Hotspur","Defender","2000-06-08","6","first_team",45000000,"576314","Present in Tottenham Hotspur FotMob senior squad (shirt #6); previously assigned to Brighton & Hove Albion",""
"cmuihpzs8003vh29eyrxt8nk5","Tottenham Hotspur","cmuihw1de09dxsexpi52ye6t2","Xavi Simons","ATTACH","","Unassigned (Detached)","cmuihpzs8003vh29eyrxt8nk5","Tottenham Hotspur","Midfield","2003-04-21","7","first_team",40000000,"566931","Present in Tottenham Hotspur FotMob squad (shirt #7); attach detached player",""
"cmuihpzs8003vh29eyrxt8nk5","Tottenham Hotspur","cmuihw0k508ossexpwiadlptn","Conor Gallagher","ATTACH","","Unassigned (Detached)","cmuihpzs8003vh29eyrxt8nk5","Tottenham Hotspur","Midfield","2000-02-06","8","first_team",32000000,"488362","Present in Tottenham Hotspur FotMob squad (shirt #8); attach detached player",""
"cmuihpzs8003vh29eyrxt8nk5","Tottenham Hotspur","cmuihvzwb07rasexpbq3bnvry","Sandro Tonali","REASSIGN","cmuihqepp00c5h29e6dizfj3r","Newcastle United","cmuihpzs8003vh29eyrxt8nk5","Tottenham Hotspur","Midfield","2000-05-08","16","first_team",80000000,"397033","Present in Tottenham Hotspur FotMob senior squad (shirt #16); previously assigned to Newcastle United",""
"cmuihpzs8003vh29eyrxt8nk5","Tottenham Hotspur","cmuihw3et0bh3sexpmyuk69lh","Mateus Fernandes","ATTACH","","Unassigned (Detached)","cmuihpzs8003vh29eyrxt8nk5","Tottenham Hotspur","Midfield","2004-07-10","18","first_team",50000000,"880245","Present in Tottenham Hotspur FotMob squad (shirt #18); attach detached player",""
"cmuihpzs8003vh29eyrxt8nk5","Tottenham Hotspur","cmuihw2qb0b2gsexpi6m11gzd","Mathys Tel","ATTACH","","Unassigned (Detached)","cmuihpzs8003vh29eyrxt8nk5","Tottenham Hotspur","Attack","2005-04-27","11","first_team",22000000,"801734","Present in Tottenham Hotspur FotMob squad (shirt #11); attach detached player",""
"cmuihpzs8003vh29eyrxt8nk5","Tottenham Hotspur","cmuihw1cw096msexphjyubv7o","Mohammed Kudus","ATTACH","","Unassigned (Detached)","cmuihpzs8003vh29eyrxt8nk5","Tottenham Hotspur","Attack","2000-08-02","20","first_team",50000000,"543499","Present in Tottenham Hotspur FotMob squad (shirt #20); attach detached player",""
"cmuihpzs8003vh29eyrxt8nk5","Tottenham Hotspur","cmuihw1c0093wsexpvdfoji1h","Mykhaylo Mudryk","REASSIGN","cmuihqcpo00b1h29edf8q9ksb","Chelsea FC","cmuihpzs8003vh29eyrxt8nk5","Tottenham Hotspur","Attack","2001-01-05","27","first_team",18000000,"537860","Present in Tottenham Hotspur FotMob senior squad (shirt #27); previously assigned to Chelsea FC",""
"cmuihpzs8003vh29eyrxt8nk5","Tottenham Hotspur","cmuihvyqu064ksexp6ttb66ol","Guglielmo Vicario","DETACH","cmuihpzs8003vh29eyrxt8nk5","Tottenham Hotspur","","Unassigned (Detached)","Goalkeeper","1996-10-07","","departed",18000000,"286047","Absent from FotMob declared squad for Tottenham Hotspur",""
"cmuihpzs8003vh29eyrxt8nk5","Tottenham Hotspur","cmuihvzbi0776sexp57a41jij","Cristian Romero","DETACH","cmuihpzs8003vh29eyrxt8nk5","Tottenham Hotspur","","Unassigned (Detached)","Defender","1998-04-27","","departed",45000000,"355915","Absent from FotMob declared squad for Tottenham Hotspur",""
"cmuihpzs8003vh29eyrxt8nk5","Tottenham Hotspur","cmuihw0k208mqsexpa280gxoz","Djed Spence","DETACH","cmuihpzs8003vh29eyrxt8nk5","Tottenham Hotspur","","Unassigned (Detached)","Defender","2000-08-09","","departed",30000000,"483348","Absent from FotMob declared squad for Tottenham Hotspur",""
"cmuihpzs8003vh29eyrxt8nk5","Tottenham Hotspur","cmuihw1dg09ewsexpvn4sq5qv","Radu Drăgușin","DETACH","cmuihpzs8003vh29eyrxt8nk5","Tottenham Hotspur","","Unassigned (Detached)","Defender","2002-02-03","","departed",16000000,"568559","Absent from FotMob declared squad for Tottenham Hotspur",""
"cmuihpzs8003vh29eyrxt8nk5","Tottenham Hotspur","cmuihw1dg09eysexpet5m9lol","Pape Matar Sarr","DETACH","cmuihpzs8003vh29eyrxt8nk5","Tottenham Hotspur","","Unassigned (Detached)","Midfield","2002-09-14","","departed",30000000,"568693","Absent from FotMob declared squad for Tottenham Hotspur",""
"cmuihpzs8003vh29eyrxt8nk5","Tottenham Hotspur","cmuihw43x0cdvsexp3pa7ja9f","Yusuf Akhamrich","DETACH","cmuihpzs8003vh29eyrxt8nk5","Tottenham Hotspur","","Unassigned (Detached)","Attack","2005-09-05","","departed",0,"1047345","Absent from FotMob declared squad for Tottenham Hotspur",""
"cmuihpzs8003vh29eyrxt8nk5","Tottenham Hotspur","cmuihw3et0bh7sexp7u5xy2q2","Rio Kyerematen","DETACH","cmuihpzs8003vh29eyrxt8nk5","Tottenham Hotspur","","Unassigned (Detached)","Midfield","2005-06-09","","departed",0,"882172","Absent from FotMob declared squad for Tottenham Hotspur",""
"cmuihpzs8003vh29eyrxt8nk5","Tottenham Hotspur","cmuihw3eu0bi6sexppo7k8vr8","Luca Gunter","DETACH","cmuihpzs8003vh29eyrxt8nk5","Tottenham Hotspur","","Unassigned (Detached)","Goalkeeper","2005-03-23","","departed",0,"888637","Absent from FotMob declared squad for Tottenham Hotspur",""
"cmuihpzs8003vh29eyrxt8nk5","Tottenham Hotspur","cmuihw43j0c49sexp7kzw6j1g","Callum Olusesi","DETACH","cmuihpzs8003vh29eyrxt8nk5","Tottenham Hotspur","","Unassigned (Detached)","Midfield","2007-03-11","","departed",500000,"985546","Absent from FotMob declared squad for Tottenham Hotspur",""