id,fullName,commonName,transfermarktId,dateOfBirth,nationality,position,subPosition,heightCm,latestMarketValue,status,currentClubId,currentClubName,parentClubId,parentClubName,loanUntil
"cmuihvyqn05y6sexpgtmvrpgv","Adrian Beck","","273669","1997-06-08","Germany","Midfield","Attacking Midfield",186,1500000,"first_team","cmuihq1er004rh29eo92kw3sx","1. Fußballclub Heidenheim 1846","","",""
"cmuihvy61057dsexpx73550g4","Benedikt Gimber","","227084","1997-02-18","Germany","Defender","Centre-Back",187,1500000,"first_team","cmuihq1er004rh29eo92kw3sx","1. Fußballclub Heidenheim 1846","","",""
"cmuihvxfy04jusexpy9u5uwmn","Budu Zivzivadze","","187097","1994-03-09","Georgia","Attack","Centre-Forward",189,1200000,"first_team","cmuihq1er004rh29eo92kw3sx","1. Fußballclub Heidenheim 1846","","",""
"cmuihw2qd0b3ssexp503oim33","Frank Feller","","806948","2004-01-06","Germany","Goalkeeper","Goalkeeper",183,800000,"first_team","cmuihq1er004rh29eo92kw3sx","1. Fußballclub Heidenheim 1846","","",""
"cmuihw1dq09itsexpx5zr8spd","Jan Schöppner","","581357","1999-06-11","Germany","Midfield","Central Midfield",190,3000000,"first_team","cmuihq1er004rh29eo92kw3sx","1. Fußballclub Heidenheim 1846","","",""
"cmuihvxg204n9sexp6wdcwcli","Jonas Föhrenbach","","192169","1996-01-25","Germany","Defender","Left-Back",184,1000000,"first_team","cmuihq1er004rh29eo92kw3sx","1. Fußballclub Heidenheim 1846","","",""
"cmuihw1bt090gsexpmmpy094b","Julian Niehues","","530173","2001-04-16","Germany","Midfield","Defensive Midfield",195,1500000,"first_team","cmuihq1er004rh29eo92kw3sx","1. Fußballclub Heidenheim 1846","","",""
"cmuihw2qe0b4gsexpn54udl1b","Luca Kerber","","809498","2002-03-09","Germany","Midfield","Central Midfield",184,2000000,"first_team","cmuihq1er004rh29eo92kw3sx","1. Fußballclub Heidenheim 1846","","",""
"cmuihvvyg03edsexptw7skfdl","Marnon Busch","","117478","1994-12-07","Germany","Defender","Right-Back",182,1000000,"first_team","cmuihq1er004rh29eo92kw3sx","1. Fußballclub Heidenheim 1846","","",""
"cmuihvyqs0632sexpuf8fxqew","Mathias Honsak","","283497","1996-12-19","Austria","Attack","Left Winger",188,1700000,"first_team","cmuihq1er004rh29eo92kw3sx","1. Fußballclub Heidenheim 1846","","",""
"cmuihvy6k05misexpgv7k6fp8","Niklas Dorsch","","251302","1998-01-14","Germany","Midfield","Defensive Midfield",178,2500000,"first_team","cmuihq1er004rh29eo92kw3sx","1. Fußballclub Heidenheim 1846","","",""
"cmuihvzw007ktsexpwseuu4sc","Omar Traoré","","388294","1998-02-03","Germany","Defender","Right-Back",187,2000000,"first_team","cmuihq1er004rh29eo92kw3sx","1. Fußballclub Heidenheim 1846","","",""
"cmuihvwrn03r1sexpyygm566w","Patrick Mainka","","133731","1994-11-05","Germany","Defender","Centre-Back",194,2500000,"first_team","cmuihq1er004rh29eo92kw3sx","1. Fußballclub Heidenheim 1846","","",""
"cmuihw1bh08wxsexps17o7nip","Paul Tschernuth","","519035","2002-01-19","Austria","Goalkeeper","Goalkeeper",186,100000,"first_team","cmuihq1er004rh29eo92kw3sx","1. Fußballclub Heidenheim 1846","","",""
"cmuihvyr806fisexpyjnc8lfa","Sirlord Conteh","","307183","1996-07-08","Germany","Attack","Right Winger",178,1200000,"first_team","cmuihq1er004rh29eo92kw3sx","1. Fußballclub Heidenheim 1846","","",""
"cmuihvzw507ossexph9rm55a1","Stefan Schimmer","","394033","1994-04-27","Germany","Attack","Centre-Forward",185,300000,"first_team","cmuihq1er004rh29eo92kw3sx","1. Fußballclub Heidenheim 1846","","",""
"cmuihvzax06t8sexp771ny2gz","Tim Siersleben","","337092","2000-03-08","Germany","Defender","Centre-Back",187,1800000,"first_team","cmuihq1er004rh29eo92kw3sx","1. Fußballclub Heidenheim 1846","","",""
"cmuo5ai9a0026itgy67bs4ygz","Alessio Castro-Montes","","340166","1997-05-17","Belgium; Spain","Right-Back","Right-Back",,2500000,"first_team","cmuihq50l006th29e3bm3uces","1.FC Köln","","",""
"cmuihvyr306aysexpbg4y034s","Borna Sosa","","293194","1998-01-20","Croatia","Defender","Left-Back",187,3000000,"first_team","cmuihq50l006th29e3bm3uces","1.FC Köln","","",""
"cmuihvyqy068lsexpkgi3k77y","Ellyes Skhiri","","290587","1995-05-09","Tunisia","Midfield","Defensive Midfield",185,5000000,"first_team","cmuihq50l006th29e3bm3uces","1.FC Köln","","",""
"cmuihvzwb07rdsexprebs0p3b","Gideon Mensah","","397171","1998-07-17","Ghana","Defender","Left-Back",178,4000000,"first_team","cmuihq50l006th29e3bm3uces","1.FC Köln","","",""
"cmuo5aiin002aitgykwt2hq5l","Gil Neves","","1073474","2008-02-09","Portugal; Luxembourg","Central Midfield","Central Midfield",,0,"first_team","cmuihq50l006th29e3bm3uces","1.FC Köln","","",""
"cmuo5aixb002eitgy1mgdbjkw","Imad Rondic","","464154","1999-02-16","Bosnia-Herzegovina","Centre-Forward","Centre-Forward",,750000,"first_team","cmuihq50l006th29e3bm3uces","1.FC Köln","","",""
"cmuihw1dp09idsexpyukiduo4","Ísak Jóhannesson","","579565","2003-03-22","Iceland","Midfield","Central Midfield",184,8000000,"first_team","cmuihq50l006th29e3bm3uces","1.FC Köln","","",""
"cmuihw3fc0bwasexp209c1yjc","Jahmai Simpson-Pusey","","942497","2005-11-03","England","Defender","Centre-Back",187,9000000,"first_team","cmuihq50l006th29e3bm3uces","1.FC Köln","","",""
"cmuihw0ju08jfsexpcef9r8yg","Jan Thielmann","","472249","2002-05-25","Germany","Attack","Right Winger",178,5000000,"first_team","cmuihq50l006th29e3bm3uces","1.FC Köln","","",""
"cmuihvzan06mbsexphv3umwi7","Joël Schmied","","322517","1998-09-22","Switzerland","Defender","Centre-Back",188,3000000,"first_team","cmuihq50l006th29e3bm3uces","1.FC Köln","","",""
"cmuihvzau06risexpnc7id2vd","Linton Maina","","335103","1999-06-22","Germany","Attack","Left Winger",180,3000000,"first_team","cmuihq50l006th29e3bm3uces","1.FC Köln","","",""
"cmuihvxg504ptsexpbippbc11","Luca Waldschmidt","","196095","1996-05-18","Germany","Attack","Centre-Forward",181,2000000,"first_team","cmuihq50l006th29e3bm3uces","1.FC Köln","","",""
"cmuihvzb8070psexpf2ykhogl","Luka Lochoshvili","","345189","1998-05-28","Georgia","Defender","Centre-Back",192,2500000,"first_team","cmuihq50l006th29e3bm3uces","1.FC Köln","","",""
"cmuihw4rc0cvisexpgs0i0u2g","Malek El Mala","","1168222","2005-04-01","Germany","Attack","Centre-Forward",194,250000,"first_team","cmuihq50l006th29e3bm3uces","1.FC Köln","","",""
"cmuihvvyg03e1sexpivudf1a4","Marius Bülter","","116088","1993-03-28","Germany","Attack","Left Winger",188,1800000,"first_team","cmuihq50l006th29e3bm3uces","1.FC Köln","","",""
"cmuihw4480cl4sexpbyt1gq99","Martin James","","1077676","2008-02-13","France","Goalkeeper","Goalkeeper",186,0,"first_team","cmuihq50l006th29e3bm3uces","1.FC Köln","","",""
"cmuihvws4043xsexpzym3hl22","Marvin Schwäbe","","160929","1995-04-24","Germany","Goalkeeper","Goalkeeper",190,3000000,"first_team","cmuihq50l006th29e3bm3uces","1.FC Köln","","",""
"cmuihvy61057gsexpuir63rae","Matthias Köbbing","","227089","1997-05-27","Germany","Goalkeeper","Goalkeeper",196,100000,"first_team","cmuihq50l006th29e3bm3uces","1.FC Köln","","",""
"cmuo5aisp002citgy4ymi26ru","Mikey Moore","","1011147","2007-08-11","England; Wales","Right Winger","Right Winger",,18000000,"first_team","cmuihq50l006th29e3bm3uces","1.FC Köln","","",""
"cmuo5aidw0028itgy8k3fhm6i","Paul Okon-Engstler","","1064377","2005-01-24","Australia; Italy","Defensive Midfield","Defensive Midfield",,1200000,"first_team","cmuihq50l006th29e3bm3uces","1.FC Köln","","",""
"cmuihvzwo07zlsexpknialv22","Ragnar Ache","","416380","1998-07-27","Germany","Attack","Centre-Forward",183,9000000,"first_team","cmuihq50l006th29e3bm3uces","1.FC Köln","","",""
"cmuihw24f0a2ksexp08mbtpa2","Rav van den Berg","","640556","2004-07-06","Netherlands","Defender","Centre-Back",191,7000000,"first_team","cmuihq50l006th29e3bm3uces","1.FC Köln","","",""
"cmuihw4400cfwsexpn20dh240","Reigan Heskey","","1056437","2008-01-18","England","Attack","Left Winger",184,2000000,"first_team","cmuihq50l006th29e3bm3uces","1.FC Köln","","",""
"cmuihvt1z014asexpnthfayon","Ron-Robert Zieler","","21327","1989-02-11","Germany","Goalkeeper","Goalkeeper",188,500000,"first_team","cmuihq50l006th29e3bm3uces","1.FC Köln","","",""
"cmuihw4rc0cvhsexpxtn8r6mj","Said El Mala","","1168219","2006-08-25","Germany","Attack","Left Winger",187,45000000,"first_team","cmuihq50l006th29e3bm3uces","1.FC Köln","","",""
"cmuihw1et09m3sexpgk2p1ecv","Sebastian Sebulonsen","","592387","2000-01-26","Norway","Defender","Right-Back",187,5500000,"first_team","cmuihq50l006th29e3bm3uces","1.FC Köln","","",""
"cmuihw1cs094dsexpo8yt1gwk","Thijs Dallinga","","538964","2000-08-02","Netherlands","Attack","Centre-Forward",190,9000000,"first_team","cmuihq50l006th29e3bm3uces","1.FC Köln","","",""
"cmuihvy6805c9sexpr5xui4q4","Timo Hübers","","236981","1996-07-19","Germany","Defender","Centre-Back",190,1500000,"first_team","cmuihq50l006th29e3bm3uces","1.FC Köln","","",""
"cmuihvzwh07uwsexpd07sd00a","Tom Krauß","","405687","2001-06-21","Germany","Midfield","Defensive Midfield",182,4500000,"first_team","cmuihq50l006th29e3bm3uces","1.FC Köln","","",""
"cmuihw1et09m7sexpurlebtv7","Adam Markhiev","","592878","2002-03-16","Finland","Midfield","Defensive Midfield",183,0,"first_team","cmuihq8i1008rh29ezyaa5yr4","1.FC Nuremberg","","",""
"cmuihw2ph0agksexpkxbq6wg9","Aljoscha Kemlein","","692737","2004-08-01","Germany","Midfield","Defensive Midfield",188,12000000,"first_team","cmuihqfy300cth29ewu9xjg4l","1.FC Union Berlin","","",""
"cmuihw0jb08bksexpsebue6v1","András Schäfer","","454863","1999-04-12","Hungary","Midfield","Central Midfield",178,4500000,"first_team","cmuihqfy300cth29ewu9xjg4l","1.FC Union Berlin","","",""
"cmuihw1ej09jvsexpt8u8b3bm","Andrej Ilic","","583699","2000-04-02","Serbia","Attack","Centre-Forward",189,9000000,"first_team","cmuihqfy300cth29ewu9xjg4l","1.FC Union Berlin","","",""
"cmuihw43u0cb9sexpvsvhwh5h","Andrik Markgraf","","1027870","2006-03-06","Germany","Defender","Left-Back",172,300000,"first_team","cmuihqfy300cth29ewu9xjg4l","1.FC Union Berlin","","",""
"cmuihvws50448sexpz5timowe","Carl Klaus","","161057","1994-01-15","Germany","Goalkeeper","Goalkeeper",189,350000,"first_team","cmuihqfy300cth29ewu9xjg4l","1.FC Union Berlin","","",""
"cmuihvvsv02r5sexpmwnsupvl","Christopher Trimmel","","75921","1987-02-23","Austria","Defender","Right-Back",189,600000,"first_team","cmuihqfy300cth29ewu9xjg4l","1.FC Union Berlin","","",""
"cmuihvzw207mgsexpxur38cwo","Derrick Köhn","","391780","1999-02-03","Ghana","Defender","Left-Back",180,4000000,"first_team","cmuihqfy300cth29ewu9xjg4l","1.FC Union Berlin","","",""
"cmuo5avpc003sitgyyjo51jsr","Emmanuel Latte Lath","","392964","1999-01-01","Cote d'Ivoire; Italy","Centre-Forward","Centre-Forward",,10000000,"first_team","cmuihqfy300cth29ewu9xjg4l","1.FC Union Berlin","","",""
"cmuo5av7v003mitgy41iacgsc","Felix Uduokhai","","278343","1997-09-09","Germany; Nigeria","Centre-Back","Centre-Back",,3500000,"first_team","cmuihqfy300cth29ewu9xjg4l","1.FC Union Berlin","","",""
"cmuihvvwg03a3sexpsg5kyu8e","Frederik Rönnow","","107775","1992-08-03","Denmark","Goalkeeper","Goalkeeper",188,2000000,"first_team","cmuihqfy300cth29ewu9xjg4l","1.FC Union Berlin","","",""
"cmuihvxfp04ebsexpbm0am3cj","Janik Haberer","","177779","1994-04-01","Germany","Midfield","Central Midfield",187,2000000,"first_team","cmuihqfy300cth29ewu9xjg4l","1.FC Union Berlin","","",""
"cmuihvzbl07arsexp4xh4xpxs","Josip Juranovic","","362977","1995-08-15","Croatia","Defender","Right-Back",173,2000000,"first_team","cmuihqfy300cth29ewu9xjg4l","1.FC Union Berlin","","",""
"cmuo5avkv003qitgy2yzmvfqs","Julien Friedrich","","1033581","2006-11-12","Germany","Left Winger","Left Winger",,125000,"first_team","cmuihqfy300cth29ewu9xjg4l","1.FC Union Berlin","","",""
"cmuo5avfw003oitgya0ixf3wq","Kastriot Imeri","","469957","2000-06-27","Switzerland","Attacking Midfield","Attacking Midfield",,2000000,"first_team","cmuihqfy300cth29ewu9xjg4l","1.FC Union Berlin","","",""
"cmuihw23w09o3sexp09idl8r1","Leopold Querfeld","","597432","2003-12-19","Austria","Defender","Centre-Back",190,20000000,"first_team","cmuihqfy300cth29ewu9xjg4l","1.FC Union Berlin","","",""
"cmuihw4si0d6msexpvwco1272","Linus Güther","","1378338","2010-04-07","Germany","Attack","Left Winger",175,1000000,"first_team","cmuihqfy300cth29ewu9xjg4l","1.FC Union Berlin","","",""
"cmuihw1bi08x6sexpyyl1br6c","Livan Burcu","","519872","2004-09-27","Türkiye","Attack","Left Winger",180,4000000,"first_team","cmuihqfy300cth29ewu9xjg4l","1.FC Union Berlin","","",""
"cmuihw3ej0bapsexpxtqeh7gk","Marin Ljubicic","","838236","2002-02-27","Croatia","Attack","Centre-Forward",183,2500000,"first_team","cmuihqfy300cth29ewu9xjg4l","1.FC Union Berlin","","",""
"cmuihvxg604pvsexp50l4hiwb","Marvin Friedrich","","196231","1995-12-12","Germany","Defender","Centre-Back",193,1800000,"first_team","cmuihqfy300cth29ewu9xjg4l","1.FC Union Berlin","","",""
"cmuihvzvz07jvsexpjqmjj5wx","Matheo Raab","","386685","1998-12-17","Germany","Goalkeeper","Goalkeeper",186,600000,"first_team","cmuihqfy300cth29ewu9xjg4l","1.FC Union Berlin","","",""
"cmuo5avwc003uitgygifzcgpr","Mekhi Gray","","1162925","2007-02-19","Jamaica; Germany","Centre-Forward","Centre-Forward",,0,"first_team","cmuihqfy300cth29ewu9xjg4l","1.FC Union Berlin","","",""
"cmuihvy6905ctsexpl6nwl684","Michel Aebischer","","237658","1997-01-05","Switzerland","Midfield","Central Midfield",183,4000000,"first_team","cmuihqfy300cth29ewu9xjg4l","1.FC Union Berlin","","",""
"cmuihvzb506y2sexp3i6pgptb","Oliver Burke","","341317","1997-04-06","Scotland","Attack","Centre-Forward",188,3000000,"first_team","cmuihqfy300cth29ewu9xjg4l","1.FC Union Berlin","","",""
"cmuihvwre03j6sexpt12j09cn","Rani Khedira","","124410","1994-01-26","Tunisia","Midfield","Defensive Midfield",188,2000000,"first_team","cmuihqfy300cth29ewu9xjg4l","1.FC Union Berlin","","",""
"cmuihvyqi05w1sexpkk174ppe","Robert Skov","","270393","1996-05-19","Denmark","Midfield","Left Midfield",185,2000000,"first_team","cmuihqfy300cth29ewu9xjg4l","1.FC Union Berlin","","",""
"cmuihvzvq07dmsexpsesb7qan","Stanley Nsoki","","371141","1999-04-08","France","Defender","Centre-Back",184,2000000,"first_team","cmuihqfy300cth29ewu9xjg4l","1.FC Union Berlin","","",""
"cmuihvyqw0668sexphbio7gx5","Tim Skarke","","287920","1996-09-06","Germany","Attack","Centre-Forward",181,1500000,"first_team","cmuihqfy300cth29ewu9xjg4l","1.FC Union Berlin","","",""
"cmuihw2qa0b1psexpz0yb2xe9","Tom Rothe","","798043","2004-10-28","Germany","Defender","Left-Back",193,10000000,"first_team","cmuihqfy300cth29ewu9xjg4l","1.FC Union Berlin","","",""
"cmuihvyr506ctsexpcvqzqacx","Woo-yeong Jeong","","297583","1999-09-19","Korea, South","Midfield","Attacking Midfield",179,3500000,"first_team","cmuihqfy300cth29ewu9xjg4l","1.FC Union Berlin","","",""
"cmuo5av2u003kitgygla94xgy","Zeno Van Den Bosch","","738774","2003-07-06","Belgium","Centre-Back","Centre-Back",,6000000,"first_team","cmuihqfy300cth29ewu9xjg4l","1.FC Union Berlin","","",""
"cmuo5afv3001vitgyxuwnj3bh","Alexander Schwolow","","93763","1992-06-02","Germany","Goalkeeper","Goalkeeper",,450000,"first_team","cmuihq84d008jh29e385ruvj0","1.FSV Mainz 05","","",""
"cmuo5agdf0023itgy50gk38qi","Alynho Haidara","","1392952","2008-07-26","Cote d'Ivoire","Centre-Forward","Centre-Forward",,0,"first_team","cmuihq84d008jh29e385ruvj0","1.FSV Mainz 05","","",""
"cmuihw0ja08awsexp7ov4ixg0","Anthony Caci","","453016","1997-06-30","France","Defender","Right-Back",184,7000000,"first_team","cmuihq84d008jh29e385ruvj0","1.FSV Mainz 05","","",""
"cmuihw0jb08bcsexplqqjgy5u","Benedict Hollerbach","","453870","2001-05-16","Germany","Attack","Centre-Forward",181,8000000,"first_team","cmuihq84d008jh29e385ruvj0","1.FSV Mainz 05","","",""
"cmuihvvvm02z5sexp3czxticu","Danny da Costa","","85906","1993-07-12","Germany","Defender","Centre-Back",187,1200000,"first_team","cmuihq84d008jh29e385ruvj0","1.FSV Mainz 05","","",""
"cmuihvvyi03f7sexphfo4pd1u","Dominik Kohr","","118847","1994-01-30","Germany","Defender","Centre-Back",183,2000000,"first_team","cmuihq84d008jh29e385ruvj0","1.FSV Mainz 05","","",""
"cmuihw23w09nysexp0iz63n61","Eric Martel","","597000","2002-04-28","Germany","Midfield","Defensive Midfield",188,8000000,"first_team","cmuihq84d008jh29e385ruvj0","1.FSV Mainz 05","","",""
"cmuihw23u09mxsexp6jt35c56","Fabio Gruber","","594731","2002-09-02","Peru","Defender","Centre-Back",188,3000000,"first_team","cmuihq84d008jh29e385ruvj0","1.FSV Mainz 05","","",""
"cmuihvyra06i4sexp0zifbidu","Jae-sung Lee","","314398","1992-08-09","Korea, South","Midfield","Attacking Midfield",180,2000000,"first_team","cmuihq84d008jh29e385ruvj0","1.FSV Mainz 05","","",""
"cmuihw4470ck8sexp9s0ofo5b","Kacper Potulski","","1073748","2007-10-18","Poland","Defender","Centre-Back",195,18000000,"first_team","cmuihq84d008jh29e385ruvj0","1.FSV Mainz 05","","",""
"cmuihw24g0a31sexp6a0iabhx","Kaishu Sano","","643574","2000-12-29","Japan","Midfield","Defensive Midfield",176,40000000,"first_team","cmuihq84d008jh29e385ruvj0","1.FSV Mainz 05","","",""
"cmuihvzw407njsexphckf14u6","Lennard Maloney","","392710","1999-10-07","United States","Midfield","Defensive Midfield",188,2500000,"first_team","cmuihq84d008jh29e385ruvj0","1.FSV Mainz 05","","",""
"cmuo5afzh001xitgyq8g3bkan","Maximilian Kinzig","","817521","2003-12-04","Germany","Goalkeeper","Goalkeeper",,150000,"first_team","cmuihq84d008jh29e385ruvj0","1.FSV Mainz 05","","",""
"cmuihvy64059xsexpfrct0ehb","Nadiem Amiri","","232454","1996-10-26","Germany","Midfield","Central Midfield",180,17000000,"first_team","cmuihq84d008jh29e385ruvj0","1.FSV Mainz 05","","",""
"cmuo5ag8u0021itgyizatlhst","Otto Ruoppi","","901877","2006-01-31","Finland","Attacking Midfield","Attacking Midfield",,1000000,"first_team","cmuihq84d008jh29e385ruvj0","1.FSV Mainz 05","","",""
"cmuihw0k808s1sexpfy7yx58l","Paul Nebel","","503160","2002-10-09","Germany","Midfield","Attacking Midfield",169,18000000,"first_team","cmuihq84d008jh29e385ruvj0","1.FSV Mainz 05","","",""
"cmuihvyqw066msexp1o3t37rw","Phillip Tietz","","288340","1997-07-08","Germany","Attack","Centre-Forward",190,4000000,"first_team","cmuihq84d008jh29e385ruvj0","1.FSV Mainz 05","","",""
"cmuihvwrj03nasexpmzd15cd6","Phillipp Mwene","","127573","1994-01-28","Austria","Defender","Left-Back",170,1500000,"first_team","cmuihq84d008jh29e385ruvj0","1.FSV Mainz 05","","",""
"cmuo5ag49001zitgyp0pdvecp","Rael Nakuzola","","1112952","2007-04-28","Germany; DR Congo","Left-Back","Left-Back",,500000,"first_team","cmuihq84d008jh29e385ruvj0","1.FSV Mainz 05","","",""
"cmuihw0js08ihsexp0jzhozbg","Ransford Königsdörffer","","470038","2001-09-12","Ghana","Attack","Centre-Forward",182,5000000,"first_team","cmuihq84d008jh29e385ruvj0","1.FSV Mainz 05","","",""
"cmuihvws50441sexpqabftw0s","Robin Zentner","","160963","1994-10-27","Germany","Goalkeeper","Goalkeeper",194,2500000,"first_team","cmuihq84d008jh29e385ruvj0","1.FSV Mainz 05","","",""
"cmuihvxg004ldsexpdhem04l5","Sheraldo Becker","","188888","1995-02-08","Suriname","Attack","Left Winger",180,1500000,"first_team","cmuihq84d008jh29e385ruvj0","1.FSV Mainz 05","","",""
"cmuihw24309t1sexpaw7vwup5","Silas","","612826","1998-10-05","DR Congo","Attack","Right Winger",189,2000000,"first_team","cmuihq84d008jh29e385ruvj0","1.FSV Mainz 05","","",""
"cmuihvxfk049xsexpm0yrba6z","Silvan Widmer","","168989","1993-03-04","Switzerland","Defender","Right-Back",183,800000,"first_team","cmuihq84d008jh29e385ruvj0","1.FSV Mainz 05","","",""
"cmuihw2px0at0sexp43ofmtu2","Sota Kawasaki","","733371","2001-07-29","Japan","Midfield","Defensive Midfield",172,2000000,"first_team","cmuihq84d008jh29e385ruvj0","1.FSV Mainz 05","","",""
"cmuihvvv902vhsexp3e8owf4z","Stefan Bell","","82350","1991-08-23","Germany","Defender","Centre-Back",192,600000,"first_team","cmuihq84d008jh29e385ruvj0","1.FSV Mainz 05","","",""
"cmuihvy5z055dsexpe0aljot3","Stefan Posch","","223974","1997-05-13","Austria","Defender","Centre-Back",188,6000000,"first_team","cmuihq84d008jh29e385ruvj0","1.FSV Mainz 05","","",""
"cmuihvxft04h4sexpoyv32ghm","Adrien Rabiot","","182913","1995-04-02","France","Midfield","Central Midfield",191,18000000,"first_team","cmuihqb6900a7h29eb12tdj1t","AC Milan","","",""
"cmuihvzvx07i4sexph3djao6t","Alexis Saelemaekers","","381950","1999-06-26","Belgium","Midfield","Right Midfield",180,20000000,"first_team","cmuihqb6900a7h29eb12tdj1t","AC Milan","","",""
"cmuihw43f0c0isexpj2ajfmp7","Alphadjo Cissè","","964087","2006-10-21","Italy","Midfield","Attacking Midfield",181,6000000,"first_team","cmuihqb6900a7h29eb12tdj1t","AC Milan","","",""
"cmuihw24109rbsexp73ebekq1","Ardon Jashari","","608172","2002-07-29","Switzerland","Midfield","Defensive Midfield",181,25000000,"first_team","cmuihqb6900a7h29eb12tdj1t","AC Milan","","",""
"cmuo5452p000fbpsmtqkmi6df","Christian Comotto","","1058363","2008-04-25","Italy","Central Midfield","Central Midfield",,0,"first_team","cmuihqb6900a7h29eb12tdj1t","AC Milan","","",""
"cmuihvyrc06j6sexp0f8ylodd","Christian Pulisic","","315779","1998-09-17","United States","Attack","Right Winger",177,40000000,"first_team","cmuihqb6900a7h29eb12tdj1t","AC Milan","","",""
"cmuihw3eu0bi4sexpkeqw0pmc","Davide Bartesaghi","","887638","2005-12-28","Italy","Defender","Left-Back",193,22000000,"first_team","cmuihqb6900a7h29eb12tdj1t","AC Milan","","",""
"cmuihw24k0a6gsexpuc6683wc","Diego Moreira","","655006","2004-08-05","Belgium","Midfield","Left Midfield",179,25000000,"first_team","cmuihqb6900a7h29eb12tdj1t","AC Milan","","",""
"cmuihvyr706ensexpkbd6t8uk","Fikayo Tomori","","303254","1997-12-18","England","Defender","Centre-Back",185,17000000,"first_team","cmuihqb6900a7h29eb12tdj1t","AC Milan","","",""
"cmuihw24b09z9sexpe92eb9ov","Filippo Terracciano","","631007","2003-02-07","Italy","Defender","Centre-Back",186,4500000,"first_team","cmuihqb6900a7h29eb12tdj1t","AC Milan","","",""
"cmuihw4400cglsexpx9gxmw86","Francesco Camarda","","1058368","2008-03-09","Italy","Attack","Centre-Forward",189,15000000,"first_team","cmuihqb6900a7h29eb12tdj1t","AC Milan","","",""
"cmuihw1d4098wsexp89s4yr4m","Gonçalo Ramos","","550550","2001-06-19","Portugal","Attack","Centre-Forward",185,30000000,"first_team","cmuihqb6900a7h29eb12tdj1t","AC Milan","","",""
"cmuihw0k608p8sexpvp0kzlu2","Koni De Winter","","490384","2002-06-11","Belgium","Defender","Centre-Back",191,23000000,"first_team","cmuihqb6900a7h29eb12tdj1t","AC Milan","","",""
"cmuihw3fb0bvlsexpdccwbxdx","Lorenzo Torriani","","939745","2005-01-30","Italy","Goalkeeper","Goalkeeper",197,800000,"first_team","cmuihqb6900a7h29eb12tdj1t","AC Milan","","",""
"cmuihvu4c01bwsexpy4y6k3wj","Luka Modrić","","27992","1985-09-08","Croatia","Midfield","Central Midfield",172,3500000,"first_team","cmuihqb6900a7h29eb12tdj1t","AC Milan","","",""
"cmuihw24509uvsexpnr7e46y3","Mario Gila","","618341","2000-08-28","Spain","Defender","Centre-Back",185,30000000,"first_team","cmuihqb6900a7h29eb12tdj1t","AC Milan","","",""
"cmuihvzan06mksexpgouqwk3m","Matteo Gabbia","","323167","1999-10-20","Italy","Defender","Centre-Back",185,17000000,"first_team","cmuihqb6900a7h29eb12tdj1t","AC Milan","","",""
"cmuihvxft04h1sexp378i92a2","Mike Maignan","","182906","1995-07-02","France","Goalkeeper","Goalkeeper",191,20000000,"first_team","cmuihqb6900a7h29eb12tdj1t","AC Milan","","",""
"cmuihw2pz0aulsexpujgcu4g1","Omari Hutchinson","","741238","2003-10-29","England","Midfield","Attacking Midfield",174,30000000,"first_team","cmuihqb6900a7h29eb12tdj1t","AC Milan","","",""
"cmuihvzba0737sexp5zvfzqog","Pervis Estupiñán","","349599","1998-01-20","Ecuador","Defender","Left-Back",175,12000000,"first_team","cmuihqb6900a7h29eb12tdj1t","AC Milan","","",""
"cmuihvvw5035vsexpdm1vc05i","Pietro Terracciano","","96254","1990-03-07","Italy","Goalkeeper","Goalkeeper",193,900000,"first_team","cmuihqb6900a7h29eb12tdj1t","AC Milan","","",""
"cmuihvxge04vdsexpzgmfs09v","Ruben Loftus-Cheek","","202886","1996-01-22","England","Midfield","Central Midfield",191,8500000,"first_team","cmuihqb6900a7h29eb12tdj1t","AC Milan","","",""
"cmuihvzwf07ttsexpkz8a43jb","Samuel Chukwueze","","401922","1999-05-21","Nigeria","Attack","Right Winger",172,18000000,"first_team","cmuihqb6900a7h29eb12tdj1t","AC Milan","","",""
"cmuo544zm000dbpsmcnofv3xr","Sankhoun Diawara","","1179195","2006-01-13","France; Senegal","Centre-Back","Centre-Back",,2000000,"first_team","cmuihqb6900a7h29eb12tdj1t","AC Milan","","",""
"cmuihw1dn09h2sexpee35c8fs","Strahinja Pavlović","","574671","2001-05-23","Serbia","Defender","Centre-Back",194,40000000,"first_team","cmuihqb6900a7h29eb12tdj1t","AC Milan","","",""
"cmuihw4r30csqsexpd2jyxceg","Valeri Vladimirov","","1136279","2008-06-04","Bulgaria","Defender","Centre-Back",190,0,"first_team","cmuihqb6900a7h29eb12tdj1t","AC Milan","","",""
"cmuihw24m0a84sexp6ti4xbw3","Warren Bondo","","659516","2003-09-14","France","Midfield","Central Midfield",177,6000000,"first_team","cmuihqb6900a7h29eb12tdj1t","AC Milan","","",""
"cmuihw0ka08t3sexpu7t1mxph","Yunus Musah","","503991","2002-11-28","United States","Midfield","Central Midfield",178,14000000,"first_team","cmuihqb6900a7h29eb12tdj1t","AC Milan","","",""
"cmuo54r7m0048bpsm2ds8kbez","Adam Bakoune","","1010150","2006-02-06","Morocco; Italy","Right-Back","Right-Back",,0,"first_team","cmuihq4hx006hh29enfwx58cb","AC Monza","","",""
"cmuo54r0z0044bpsmikeps3cf","Aljaz Strajnar","","1009618","2007-08-16","Slovenia","Goalkeeper","Goalkeeper",,200000,"first_team","cmuihq4hx006hh29enfwx58cb","AC Monza","","",""
"cmuihw0k208mgsexp3f6sm1pw","Andrea Carboni","","481834","2001-02-03","Italy","Defender","Centre-Back",187,2500000,"first_team","cmuihq4hx006hh29enfwx58cb","AC Monza","","",""
"cmuihvzw407o4sexpocok8to5","Andrea Colpani","","392959","1999-05-10","Italy","Midfield","Attacking Midfield",184,6000000,"first_team","cmuihq4hx006hh29enfwx58cb","AC Monza","","",""
"cmuihvzbj078wsexpmjzrty1n","Cyril Ngonge","","358032","2000-05-25","Belgium","Attack","Right Winger",180,7000000,"first_team","cmuihq4hx006hh29enfwx58cb","AC Monza","","",""
"cmuihvzb90726sexpzcpdb448","Dany Mota","","347253","1998-05-01","Portugal","Attack","Centre-Forward",180,5000000,"first_team","cmuihq4hx006hh29enfwx58cb","AC Monza","","",""
"cmuihw0j1086nsexpylorzdy6","Demba Thiam","","435406","1998-03-04","Senegal","Goalkeeper","Goalkeeper",202,350000,"first_team","cmuihq4hx006hh29enfwx58cb","AC Monza","","",""
"cmuihw43g0c19sexpb83x7nwr","Ebenezer Akinsanmiro","","969192","2004-11-24","Nigeria","Midfield","Central Midfield",184,7000000,"first_team","cmuihq4hx006hh29enfwx58cb","AC Monza","","",""
"cmuihw43e0bzksexpcw0yan1i","Eddy Kouadio","","957822","2006-05-06","Italy","Defender","Centre-Back",191,2500000,"first_team","cmuihq4hx006hh29enfwx58cb","AC Monza","","",""
"cmuo54re3004cbpsmzwvoqm9i","Exequiel Zeballos","","661132","2002-04-24","Argentina","Right Winger","Right Winger",,7000000,"first_team","cmuihq4hx006hh29enfwx58cb","AC Monza","","",""
"cmuihw4r40ct7sexp1yxse7qm","Foe Ondoa","","1143375","2005-12-11","France","Midfield","Attacking Midfield",183,400000,"first_team","cmuihq4hx006hh29enfwx58cb","AC Monza","","",""
"cmuihw3f80bs3sexp9q2ihitr","Gustavo Varela","","931900","2005-01-29","Cape Verde","Attack","Centre-Forward",184,3000000,"first_team","cmuihq4hx006hh29enfwx58cb","AC Monza","","",""
"cmuihvzau06rusexpqoek20d9","Idrissa Touré","","335516","1998-04-28","Germany","Midfield","Right Midfield",188,5000000,"first_team","cmuihq4hx006hh29enfwx58cb","AC Monza","","",""
"cmuihw43x0cdjsexpechep6t2","Jan Ziolkowski","","1046867","2005-06-04","Poland","Defender","Centre-Back",194,12000000,"first_team","cmuihq4hx006hh29enfwx58cb","AC Monza","","",""
"cmuihw43x0cdasexp7w4o2uwe","Jay Robinson","","1045124","2007-03-14","England","Attack","Left Winger",176,8000000,"first_team","cmuihq4hx006hh29enfwx58cb","AC Monza","","",""
"cmuihvy6a05drsexpnoeu3cr4","Keita Baldé","","238752","1995-03-07","Senegal","Attack","Left Winger",178,900000,"first_team","cmuihq4hx006hh29enfwx58cb","AC Monza","","",""
"cmuihw2pv0aqvsexp73suskot","Kevin Martins","","724069","2005-01-30","Italy","Attack","Right Winger",180,400000,"first_team","cmuihq4hx006hh29enfwx58cb","AC Monza","","",""
"cmuihw3ev0bizsexpyau6bbt3","Leonardo Colombo","","891869","2005-06-03","Italy","Midfield","Defensive Midfield",179,400000,"first_team","cmuihq4hx006hh29enfwx58cb","AC Monza","","",""
"cmuihw1df09e3sexp56xl1e75","Lorenzo Lucchesi","","567454","2003-05-08","Italy","Defender","Centre-Back",190,3300000,"first_team","cmuihq4hx006hh29enfwx58cb","AC Monza","","",""
"cmuo54rap004abpsmek0wn4ug","Mathis Mout","","1167990","2007-08-06","Italy; France","Central Midfield","Central Midfield",,0,"first_team","cmuihq4hx006hh29enfwx58cb","AC Monza","","",""
"cmuihvzar06pusexpts72oakl","Matteo Pessina","","332179","1997-04-20","Italy","Midfield","Central Midfield",187,5000000,"first_team","cmuihq4hx006hh29enfwx58cb","AC Monza","","",""
"cmuihvzvv07g2sexpb0qsatqf","Michael Folorunsho","","377042","1998-02-06","Italy","Midfield","Central Midfield",190,5000000,"first_team","cmuihq4hx006hh29enfwx58cb","AC Monza","","",""
"cmuihw2px0asisexp1tsa6b39","Noel Törnqvist","","730531","2002-01-31","Sweden","Goalkeeper","Goalkeeper",195,2000000,"first_team","cmuihq4hx006hh29enfwx58cb","AC Monza","","",""
"cmuihw24q0abwsexpdwo4moet","Omari Forson","","670845","2004-07-19","England","Attack","Right Winger",179,2000000,"first_team","cmuihq4hx006hh29enfwx58cb","AC Monza","","",""
"cmuihvy6n05onsexpyix4g3h4","Patrick Ciurria","","255838","1995-02-08","Italy","Midfield","Right Midfield",178,1000000,"first_team","cmuihq4hx006hh29enfwx58cb","AC Monza","","",""
"cmuihvyqg05ubsexpbydmnw2r","Patrick Cutrone","","265078","1998-01-02","Italy","Attack","Centre-Forward",183,5000000,"first_team","cmuihq4hx006hh29enfwx58cb","AC Monza","","",""
"cmuo54r4b0046bpsmleo9d7o6","Ricardo Mangas","","314944","1998-03-19","Portugal","Left-Back","Left-Back",,2000000,"first_team","cmuihq4hx006hh29enfwx58cb","AC Monza","","",""
"cmuihw3ey0blosexpfbi0tijo","Saba Goglichidze","","906160","2004-06-24","Georgia","Defender","Centre-Back",192,3500000,"first_team","cmuihq4hx006hh29enfwx58cb","AC Monza","","",""
"cmuihw0jk08ejsexp2h6pfy3t","Samuele Birindelli","","461019","1999-07-18","Italy","Defender","Right-Back",176,2500000,"first_team","cmuihq4hx006hh29enfwx58cb","AC Monza","","",""
"cmuihvy62057nsexpzj4185tm","Valentin Antov","","227347","2000-11-08","Bulgaria","Defender","Centre-Back",187,800000,"first_team","cmuihq4hx006hh29enfwx58cb","AC Monza","","",""
"cmuihw43w0ccgsexpr9zyqy8l","Yvan Maye","","1041129","2006-03-20","France","Defender","Centre-Back",190,0,"first_team","cmuihq4hx006hh29enfwx58cb","AC Monza","","",""
"cmuihw4qy0cqdsexpe3mw56bo","Alejandro Mestanza","","1118201","2004-12-06","Spain","Midfield","Attacking Midfield",177,250000,"first_team","cmundu9bs0009zjoe6j4u149k","Académico Viseu FC","","",""
"cmuo5hckg006w13o56zld3uej","Álvaro Zamora","","731899","2002-03-09","Costa Rica","Left Winger","Left Winger",,1600000,"first_team","cmundu9bs0009zjoe6j4u149k","Académico Viseu FC","","",""
"cmuihw1as08vcsexpx4d87cmh","André Ceitil","","512129","1995-03-10","Portugal","Midfield","Defensive Midfield",184,0,"first_team","cmundu9bs0009zjoe6j4u149k","Académico Viseu FC","","",""
"cmuihw1dd09d2sexppaeeexfe","André Clóvis","","564890","1997-11-20","Brazil","Attack","Centre-Forward",186,2000000,"first_team","cmundu9bs0009zjoe6j4u149k","Académico Viseu FC","","",""
"cmuo5hbmc006o13o5row6dqmg","Andro Babic","","927838","2004-09-08","Croatia","Defensive Midfield","Defensive Midfield",,400000,"first_team","cmundu9bs0009zjoe6j4u149k","Académico Viseu FC","","",""
"cmuihw0jz08kysexpt19v6r3m","Anthony Correia","","478357","1999-09-05","France","Defender","Centre-Back",185,700000,"first_team","cmundu9bs0009zjoe6j4u149k","Académico Viseu FC","","",""
"cmuo5hc2e006u13o5z1hh496p","Cihan Kahraman","","303308","1998-10-08","Türkiye; Germany","Attacking Midfield","Attacking Midfield",,0,"first_team","cmundu9bs0009zjoe6j4u149k","Académico Viseu FC","","",""
"cmuo5hbw3006s13o5ihvfboqg","Cristian Ferreira","","548468","1999-09-12","Argentina","Central Midfield","Central Midfield",,0,"first_team","cmundu9bs0009zjoe6j4u149k","Académico Viseu FC","","",""
"cmuo5hahx006a13o5os7c42e0","Ewerton","","682047","1998-05-07","Brazil","Goalkeeper","Goalkeeper",,0,"first_team","cmundu9bs0009zjoe6j4u149k","Académico Viseu FC","","",""
"cmuo5hbcr006k13o559ayl0u3","Gu Costa","","1157429","2005-09-15","Portugal","Left-Back","Left-Back",,0,"first_team","cmundu9bs0009zjoe6j4u149k","Académico Viseu FC","","",""
"cmuo5hav7006e13o5mlfz6xwl","Hugo Gambor","","775403","2002-12-30","Central African Republic; France","Centre-Back","Centre-Back",,1200000,"first_team","cmundu9bs0009zjoe6j4u149k","Académico Viseu FC","","",""
"cmuo5hbhk006m13o5ty6xhnas","Igor Milioransa","","789045","1996-09-12","Brazil","Left-Back","Left-Back",,0,"first_team","cmundu9bs0009zjoe6j4u149k","Académico Viseu FC","","",""
"cmuo5hczy007013o59hz7t8br","João Guilherme","","808443","2000-10-30","Brazil","Right Winger","Right Winger",,700000,"first_team","cmundu9bs0009zjoe6j4u149k","Académico Viseu FC","","",""
"cmuihvy6k05mysexpldqezou4","Juan Soriano","","251892","1997-08-22","Spain","Goalkeeper","Goalkeeper",185,1000000,"first_team","cmundu9bs0009zjoe6j4u149k","Académico Viseu FC","","",""
"cmuo5hcpf006y13o50lb0o3k5","Lorougnon Gohi","","1256478","2004-08-10","Cote d'Ivoire","Left Winger","Left Winger",,350000,"first_team","cmundu9bs0009zjoe6j4u149k","Académico Viseu FC","","",""
"cmuihvxg304o5sexpfh5hkf3a","Luís Silva","","193319","1992-09-28","Portugal","Midfield","Central Midfield",185,75000,"first_team","cmundu9bs0009zjoe6j4u149k","Académico Viseu FC","","",""
"cmuihvyqr061wsexphzp49bbn","Marcos Lavín","","282409","1996-09-01","Spain","Goalkeeper","Goalkeeper",190,100000,"first_team","cmundu9bs0009zjoe6j4u149k","Académico Viseu FC","","",""
"cmuo5han4006c13o59dgoqb57","Matheus Sampaio","","980036","2004-09-01","Brazil","Goalkeeper","Goalkeeper",,100000,"first_team","cmundu9bs0009zjoe6j4u149k","Académico Viseu FC","","",""
"cmuihw2ps0aohsexp7i2e0gj5","Miguel Ángel Brau","","713649","2001-12-26","Spain","Defender","Left-Back",183,150000,"first_team","cmundu9bs0009zjoe6j4u149k","Académico Viseu FC","","",""
"cmuihvxgk0500sexp40kx0olc","Mohamed Bouldini","","211628","1995-11-26","Morocco","Attack","Centre-Forward",184,2500000,"first_team","cmundu9bs0009zjoe6j4u149k","Académico Viseu FC","","",""
"cmuihw1el09k3sexphj6kwn1m","Nikolaos Michelis","","584452","2001-03-22","Greece","Defender","Centre-Back",192,300000,"first_team","cmundu9bs0009zjoe6j4u149k","Académico Viseu FC","","",""
"cmuo5hd4z007213o5bvcruj95","Nils Mortimer","","466812","2001-06-11","Spain","Right Winger","Right Winger",,250000,"first_team","cmundu9bs0009zjoe6j4u149k","Académico Viseu FC","","",""
"cmuihw3ej0bb7sexpnjdg70lz","Paulinho","","842718","1999-09-20","Portugal","Attack","Centre-Forward",186,275000,"first_team","cmundu9bs0009zjoe6j4u149k","Académico Viseu FC","","",""
"cmuo5hb7n006i13o5e8oio27n","Pedro Barcelos","","752592","1996-01-19","Brazil","Centre-Back","Centre-Back",,0,"first_team","cmundu9bs0009zjoe6j4u149k","Académico Viseu FC","","",""
"cmuihw1es09lqsexpijj8wbm2","Robinho","","591353","1997-07-30","Portugal","Defender","Right-Back",171,550000,"first_team","cmundu9bs0009zjoe6j4u149k","Académico Viseu FC","","",""
"cmuo5hb26006g13o5k1fant5k","Rúben Pereira","","597201","1998-04-19","Portugal","Centre-Back","Centre-Back",,300000,"first_team","cmundu9bs0009zjoe6j4u149k","Académico Viseu FC","","",""
"cmuo5hbr9006q13o5jsf3yt8a","Soufiane Messeguem","","501087","2001-02-05","Germany; Algeria","Central Midfield","Central Midfield",,1500000,"first_team","cmundu9bs0009zjoe6j4u149k","Académico Viseu FC","","",""
"cmuihw0k708qzsexpdns7iyp6","Tomás Domingos","","498234","1999-04-30","Portugal","Defender","Right-Back",175,300000,"first_team","cmundu9bs0009zjoe6j4u149k","Académico Viseu FC","","",""
"cmuihvzaq06phsexp9thkc8zi","Valery Fernández","","331496","1999-11-22","Spain","Attack","Right Winger",182,1000000,"first_team","cmundu9bs0009zjoe6j4u149k","Académico Viseu FC","","",""
"cmuihw2pz0auosexpuxd857vv","Álex Jiménez","","741257","2005-05-07","Spain","Defender","Right-Back",177,22000000,"on_loan","cmuihqa6q009nh29eeao6masx","ACF Fiorentina","cmuihqh6y00dfh29eokvzxktp","AFC Bournemouth","2027-06-30"
"cmuihw3f80bswsexpirtzoxtf","Alieu Njie","","934527","2005-05-13","Sweden","Attack","Left Winger",185,3000000,"first_team","cmuihqa6q009nh29eeao6masx","ACF Fiorentina","","",""
"cmuihw3eo0bd9sexpkfmdioze","Arthur Atta","","855308","2003-01-13","France","Midfield","Central Midfield",189,25000000,"first_team","cmuihqa6q009nh29eeao6masx","ACF Fiorentina","","",""
"cmuihw23v09n8sexpk9amd02x","Beto","","595809","1998-01-30","Guinea-Bissau","Attack","Centre-Forward",194,18000000,"first_team","cmuihqa6q009nh29eeao6masx","ACF Fiorentina","","",""
"cmuihw24j0a5fsexpvgh9npb7","Cher Ndour","","651005","2004-07-26","Italy","Midfield","Central Midfield",190,20000000,"first_team","cmuihqa6q009nh29eeao6masx","ACF Fiorentina","","",""
"cmuo54a54000vbpsmxmwyv145","Christ Inao Oulaï","","1279526","2006-04-06","Cote d'Ivoire","Central Midfield","Central Midfield",,28000000,"first_team","cmuihqa6q009nh29eeao6masx","ACF Fiorentina","","",""
"cmuihvuxx02cysexpkyes3wts","David de Gea","","59377","1990-11-06","Spain","Goalkeeper","Goalkeeper",192,3500000,"first_team","cmuihqa6q009nh29eeao6masx","ACF Fiorentina","","",""
"cmuihvzwf07tfsexpvr4clj9g","Dodô","","401529","1998-11-16","Brazil","Defender","Right-Back",166,16000000,"first_team","cmuihqa6q009nh29eeao6masx","ACF Fiorentina","","",""
"cmuihw1d0097tsexprf1f41aq","Fabiano Parisi","","547985","2000-11-08","Italy","Defender","Left-Back",178,6000000,"first_team","cmuihqa6q009nh29eeao6masx","ACF Fiorentina","","",""
"cmuo54a8i000xbpsmk3ug7c51","Federico Croci","","1350478","2010-07-01","Italy","Left Winger","Left Winger",,3000000,"first_team","cmuihqa6q009nh29eeao6masx","ACF Fiorentina","","",""
"cmuihw4400cg7sexpzt1g9yr5","Franco Mastantuono","","1057316","2007-08-13","Argentina","Attack","Right Winger",178,45000000,"first_team","cmuihqa6q009nh29eeao6masx","ACF Fiorentina","","",""
"cmuihw1bz093psexph1111ca8","João Mário","","537602","2000-01-02","Portugal","Defender","Right-Back",178,8000000,"first_team","cmuihqa6q009nh29eeao6masx","ACF Fiorentina","","",""
"cmuihvwro03rzsexp6em7agpb","Luca Lezzerini","","135747","1995-03-23","Italy","Goalkeeper","Goalkeeper",195,350000,"first_team","cmuihqa6q009nh29eeao6masx","ACF Fiorentina","","",""
"cmuihvzb9071msexpld4q39kq","Luca Ranieri","","346561","1999-04-22","Italy","Defender","Centre-Back",187,6000000,"first_team","cmuihqa6q009nh29eeao6masx","ACF Fiorentina","","",""
"cmuihw0jf08dasexpvscbzdj0","Marco Brescianini","","459128","2000-01-19","Italy","Midfield","Central Midfield",188,9000000,"first_team","cmuihqa6q009nh29eeao6masx","ACF Fiorentina","","",""
"cmuihvyqr061qsexp6dn7pmvg","Marin Pongracic","","282144","1997-09-10","Croatia","Defender","Centre-Back",193,6500000,"first_team","cmuihqa6q009nh29eeao6masx","ACF Fiorentina","","",""
"cmuihw3eo0bdksexpo1w91szg","Mateo Pellegrino","","856530","2001-10-21","Argentina","Attack","Centre-Forward",192,15000000,"first_team","cmuihqa6q009nh29eeao6masx","ACF Fiorentina","","",""
"cmuihw0is084zsexpuos9zmm6","Nicolò Fagioli","","432090","2001-02-11","Italy","Midfield","Central Midfield",178,16000000,"first_team","cmuihqa6q009nh29eeao6masx","ACF Fiorentina","","",""
"cmuo549xd000rbpsmg49246p8","Oliver Christensen","","471936","1999-03-22","Denmark","Goalkeeper","Goalkeeper",,1400000,"first_team","cmuihqa6q009nh29eeao6masx","ACF Fiorentina","","",""
"cmuihw0io083isexpu4c74wnv","Pedro Gonçalves","","426620","1998-06-27","Portugal","Attack","Left Winger",173,25000000,"first_team","cmuihqa6q009nh29eeao6masx","ACF Fiorentina","","",""
"cmuihw1dg09ewsexpvn4sq5qv","Radu Drăgușin","","568559","2002-02-02","Romania","Defender","Centre-Back",191,16000000,"on_loan","cmuihqa6q009nh29eeao6masx","ACF Fiorentina","cmuihpzs8003vh29eyrxt8nk5","Tottenham Hotspur","2027-06-30"
"cmuihvzvz07jlsexpu6fulj1c","Riccardo Sottil","","386455","1999-06-02","Italy","Attack","Left Winger",180,3000000,"first_team","cmuihqa6q009nh29eeao6masx","ACF Fiorentina","","",""
"cmuihw4rg0cy4sexp13jdr37p","Víctor Valdepeñas","","1186245","2006-10-19","Spain","Defender","Centre-Back",188,0,"first_team","cmuihqa6q009nh29eeao6masx","ACF Fiorentina","","",""
"cmuo54a0v000tbpsmr5docxoq","Viery","","950393","2005-01-02","Brazil","Centre-Back","Centre-Back",,0,"first_team","cmuihqa6q009nh29eeao6masx","ACF Fiorentina","","",""
"cmuihw24909y8sexpt3k55pn3","Wilfried Gnonto","","627626","2003-11-04","Italy","Attack","Right Winger",170,16000000,"on_loan","cmuihqa6q009nh29eeao6masx","ACF Fiorentina","cmuihq8hv008ph29ejwdrv7xd","Leeds United","2027-06-30"
"cmuihvuy402frsexp7vah23ux","Adam Smith","","61841","1991-04-28","England","Defender","Right-Back",174,300000,"first_team","cmuihqh6y00dfh29eokvzxktp","AFC Bournemouth","","",""
"cmuihw24k0a67sexphehmeghz","Adrien Truffert","","654539","2001-11-19","France","Defender","Left-Back",176,30000000,"first_team","cmuihqh6y00dfh29eokvzxktp","AFC Bournemouth","","",""
"cmuihw3eo0bd7sexpxw4exlk8","Alex Scott","","855256","2003-08-20","England","Midfield","Central Midfield",178,50000000,"first_team","cmuihqh6y00dfh29eokvzxktp","AFC Bournemouth","","",""
"cmuihw43p0c70sexpafp9dig0","Alex Tóth","","998101","2005-10-22","Hungary","Midfield","Central Midfield",181,12000000,"first_team","cmuihqh6y00dfh29eokvzxktp","AFC Bournemouth","","",""
"cmuihw3fe0bxpsexpynyq9i52","Álvaro Rodríguez","","948275","2004-07-13","Uruguay","Attack","Centre-Forward",193,10000000,"first_team","cmuihqh6y00dfh29eokvzxktp","AFC Bournemouth","","",""
"cmuihw1bv091fsexpl02slc3v","Amine Adli","","532776","2000-05-09","Morocco","Attack","Left Winger",180,20000000,"first_team","cmuihqh6y00dfh29eokvzxktp","AFC Bournemouth","","",""
"cmuihw24i0a56sexpjzixpfn4","António Silva","","650568","2003-10-29","Portugal","Defender","Centre-Back",187,25000000,"first_team","cmuihqh6y00dfh29eokvzxktp","AFC Bournemouth","","",""
"cmuihw0jn08fvsexpk6nhd4s5","Bafodé Diakité","","463605","2001-01-05","France","Defender","Centre-Back",184,25000000,"first_team","cmuihqh6y00dfh29eokvzxktp","AFC Bournemouth","","",""
"cmuihw2pu0aptsexpljlctnjf","Ben Gannon-Doak","","719673","2005-11-10","Scotland","Attack","Right Winger",173,15000000,"first_team","cmuihqh6y00dfh29eokvzxktp","AFC Bournemouth","","",""
"cmuihw3em0bcosexpc42d4wip","Ben Winterburn","","854721","2004-09-03","England","Midfield","Defensive Midfield",185,450000,"first_team","cmuihqh6y00dfh29eokvzxktp","AFC Bournemouth","","",""
"cmuo4n7ho0012y9hozkmln70d","Daniel Jebbison","","746740","2003-08-13","Canada; England","Centre-Forward","Centre-Forward",,6000000,"first_team","cmuihqh6y00dfh29eokvzxktp","AFC Bournemouth","","",""
"cmuihvyqo05zhsexpw1vrzs1f","David Brooks","","277033","1997-07-07","Wales","Attack","Right Winger",173,12000000,"first_team","cmuihqh6y00dfh29eokvzxktp","AFC Bournemouth","","",""
"cmuihw0jo08gssexp356qofaw","Djordje Petrovic","","465555","1999-10-07","Serbia","Goalkeeper","Goalkeeper",194,28000000,"first_team","cmuihqh6y00dfh29eokvzxktp","AFC Bournemouth","","",""
"cmuihw2ps0anqsexpkz5t4akq","Evanilson","","711337","1999-10-05","Brazil","Attack","Centre-Forward",183,35000000,"first_team","cmuihqh6y00dfh29eokvzxktp","AFC Bournemouth","","",""
"cmuihvuxg023dsexprw2k7v2d","Fraser Forster","","52570","1988-03-16","England","Goalkeeper","Goalkeeper",201,400000,"first_team","cmuihqh6y00dfh29eokvzxktp","AFC Bournemouth","","",""
"cmuihw24309slsexp4g7foty2","James Hill","","611793","2002-01-09","England","Defender","Centre-Back",184,23000000,"first_team","cmuihqh6y00dfh29eokvzxktp","AFC Bournemouth","","",""
"cmuihw24t0adhsexpdn4d8r66","Juanlu Sánchez","","676042","2003-08-14","Spain","Defender","Right-Back",186,10000000,"first_team","cmuihqh6y00dfh29eokvzxktp","AFC Bournemouth","","",""
"cmuihw1at08vtsexpl0ufmo11","Julián Araujo","","513970","2001-08-12","Mexico","Defender","Right-Back",176,8000000,"first_team","cmuihqh6y00dfh29eokvzxktp","AFC Bournemouth","","",""
"cmuihw43s0c96sexpqb6q7eku","Julio Soler","","1009658","2005-02-15","Argentina","Defender","Left-Back",175,8000000,"first_team","cmuihqh6y00dfh29eokvzxktp","AFC Bournemouth","","",""
"cmuihw43d0bz3sexp58hppgp6","Junior Kroupi","","955357","2006-06-22","France","Attack","Centre-Forward",179,70000000,"first_team","cmuihqh6y00dfh29eokvzxktp","AFC Bournemouth","","",""
"cmuihvzaq06p9sexp8ibflmbn","Justin Kluivert","","330659","1999-05-04","Netherlands","Midfield","Attacking Midfield",173,25000000,"first_team","cmuihqh6y00dfh29eokvzxktp","AFC Bournemouth","","",""
"cmuihvy6i05l7sexpumy2gzd6","Lewis Cook","","249089","1997-02-02","England","Midfield","Central Midfield",175,11000000,"first_team","cmuihqh6y00dfh29eokvzxktp","AFC Bournemouth","","",""
"cmuihvzwd07sksexpp32gidxs","Marcus Tavernier","","399434","1999-03-21","England","Midfield","Attacking Midfield",178,25000000,"first_team","cmuihqh6y00dfh29eokvzxktp","AFC Bournemouth","","",""
"cmuo4n72t0010y9ho41w63pws","Max Aarons","","471690","2000-01-04","England; Jamaica","Right-Back","Right-Back",,2500000,"first_team","cmuihqh6y00dfh29eokvzxktp","AFC Bournemouth","","",""
"cmuihvyr606e1sexpwxx5yrw6","Michele Di Gregorio","","301238","1997-07-26","Italy","Goalkeeper","Goalkeeper",187,10000000,"first_team","cmuihqh6y00dfh29eokvzxktp","AFC Bournemouth","","",""
"cmuihw43s0c9nsexpu5fd1jw3","Rayan","","1012564","2006-08-02","Brazil","Attack","Right Winger",187,60000000,"first_team","cmuihqh6y00dfh29eokvzxktp","AFC Bournemouth","","",""
"cmuihvxg004l2sexpxe33il3f","Ryan Christie","","188077","1995-02-21","Scotland","Midfield","Central Midfield",178,8000000,"first_team","cmuihqh6y00dfh29eokvzxktp","AFC Bournemouth","","",""
"cmuihvzar06q5sexppralsh3d","Tyler Adams","","332705","1999-02-13","United States","Midfield","Defensive Midfield",175,25000000,"first_team","cmuihqh6y00dfh29eokvzxktp","AFC Bournemouth","","",""
"cmuihw43l0c5esexpanjq1mz9","Veljko Milosavljevic","","989112","2007-06-27","Serbia","Defender","Centre-Back",192,20000000,"first_team","cmuihqh6y00dfh29eokvzxktp","AFC Bournemouth","","",""
"cmuo57net0034ti9k0rpiulft","Ackah-Tidiane Zoukrou","","1205629","2008-09-13","France; Senegal","Left-Back","Left-Back",,0,"first_team","cmuihq4bo006eh29ep1anor93","AJ Auxerre","","",""
"cmuihw4r50ctgsexpds7qxlko","Alvin Petit Dol","","1144938","2006-11-06","France","Defender","Centre-Back",193,0,"first_team","cmuihq4bo006eh29ep1anor93","AJ Auxerre","","",""
"cmuihw4rv0d4nsexp9x5djbr7","Aristide Zossou","","1310513","2005-06-13","Cote d'Ivoire","Attack","Left Winger",178,2500000,"first_team","cmuihq4bo006eh29ep1anor93","AJ Auxerre","","",""
"cmuo57njo0036ti9kc40smktw","Arthur Piedfort","","775981","2005-02-01","Belgium","Defensive Midfield","Defensive Midfield",,0,"first_team","cmuihq4bo006eh29ep1anor93","AJ Auxerre","","",""
"cmuihvyqv065jsexpsv9ctuqs","Assane Dioussé","","287635","1997-09-19","Senegal","Midfield","Defensive Midfield",175,500000,"first_team","cmuihq4bo006eh29ep1anor93","AJ Auxerre","","",""
"cmuihvzb506yhsexpz8ss045b","Axel Tuanzebe","","342046","1997-11-13","DR Congo","Defender","Centre-Back",188,5000000,"first_team","cmuihq4bo006eh29ep1anor93","AJ Auxerre","","",""
"cmuihw1ct094ysexpvsh0t0rw","Bryan Okoh","","539795","2003-05-15","Switzerland","Defender","Centre-Back",191,4000000,"first_team","cmuihq4bo006eh29ep1anor93","AJ Auxerre","","",""
"cmuihw1bw091vsexpmdp0lt8c","Cameron Archer","","533662","2001-12-08","England","Attack","Centre-Forward",175,10000000,"first_team","cmuihq4bo006eh29ep1anor93","AJ Auxerre","","",""
"cmuo57n690030ti9keaivcuac","Christ Makosso","","1113528","2004-05-09","Congo","Centre-Back","Centre-Back",,0,"first_team","cmuihq4bo006eh29ep1anor93","AJ Auxerre","","",""
"cmuihw2qd0b3rsexpmk49hmpk","Clément Akpa","","806793","2001-11-23","Cote d'Ivoire","Defender","Centre-Back",181,9000000,"first_team","cmuihq4bo006eh29ep1anor93","AJ Auxerre","","",""
"cmuihvzw407nosexptb3hgqtm","Danny Namaso","","392767","2000-08-27","Cameroon","Attack","Left Winger",182,6000000,"first_team","cmuihq4bo006eh29ep1anor93","AJ Auxerre","","",""
"cmuihw4rt0d3dsexp2dzi2dy4","Elikya Legros","","1291928","2008-06-05","France","Defender","Centre-Back",177,0,"first_team","cmuihq4bo006eh29ep1anor93","AJ Auxerre","","",""
"cmuihw1ct094xsexps5skyb6o","Fredrik Oppegård","","539665","2002-08-06","Norway","Defender","Left-Back",175,1500000,"first_team","cmuihq4bo006eh29ep1anor93","AJ Auxerre","","",""
"cmuihw2q00avhsexp6v1r71jj","Kévin Danois","","743496","2004-06-27","France","Midfield","Central Midfield",183,20000000,"first_team","cmuihq4bo006eh29ep1anor93","AJ Auxerre","","",""
"cmuihw4rt0d3csexpua9gdeb4","Lamfia Dioubaté","","1291922","2007-07-19","France","Midfield","Defensive Midfield",,300000,"first_team","cmuihq4bo006eh29ep1anor93","AJ Auxerre","","",""
"cmuihw2qa0b1ksexpddyni3zj","Lamine Sy","","796865","2002-08-09","France","Defender","Right-Back",171,2500000,"first_team","cmuihq4bo006eh29ep1anor93","AJ Auxerre","","",""
"cmuihw4rc0cvfsexp5qpmy41w","Louis Mezerette","","1167216","2006-08-29","France","Goalkeeper","Goalkeeper",184,0,"first_team","cmuihq4bo006eh29ep1anor93","AJ Auxerre","","",""
"cmuo57mxd002wti9kn0qdpyzi","Mamadou Diop","","917147","2000-01-03","Mauritania; Senegal","Goalkeeper","Goalkeeper",,0,"first_team","cmuihq4bo006eh29ep1anor93","AJ Auxerre","","",""
"cmuihw3ei0b9nsexpqcjpiogd","Marvin Senaya","","830890","2001-01-27","Ghana","Defender","Right-Back",181,3000000,"first_team","cmuihq4bo006eh29ep1anor93","AJ Auxerre","","",""
"cmuihw1cs094hsexpuzd47upg","Naouirou Ahamada","","538971","2002-03-28","France","Midfield","Central Midfield",183,3000000,"first_team","cmuihq4bo006eh29ep1anor93","AJ Auxerre","","",""
"cmuo57n1x002yti9kt80evu8y","Paul Nardi","","189744","1994-05-18","France","Goalkeeper","Goalkeeper",,1200000,"first_team","cmuihq4bo006eh29ep1anor93","AJ Auxerre","","",""
"cmuihw1cs094lsexpuajbzxg2","Pierre Ekwah","","538994","2002-01-14","France","Midfield","Defensive Midfield",189,500000,"first_team","cmuihq4bo006eh29ep1anor93","AJ Auxerre","","",""
"cmuo57no40038ti9kgupgdxyp","Rayan Mandengue","","1119338","2006-01-06","Cameroon","Left Winger","Left Winger",,400000,"first_team","cmuihq4bo006eh29ep1anor93","AJ Auxerre","","",""
"cmuihw3f10bnxsexpqce70tnt","Rémy Labeau Lascary","","917778","2003-03-02","France","Attack","Centre-Forward",184,4000000,"first_team","cmuihq4bo006eh29ep1anor93","AJ Auxerre","","",""
"cmuihw1d709a9sexpl01no323","Romain Faivre","","555076","1998-07-13","France","Midfield","Attacking Midfield",180,4000000,"first_team","cmuihq4bo006eh29ep1anor93","AJ Auxerre","","",""
"cmuihw43s0c9bsexprne56exq","Ryan Rodin","","1010856","2006-03-01","France","Attack","Centre-Forward",194,300000,"first_team","cmuihq4bo006eh29ep1anor93","AJ Auxerre","","",""
"cmuo57naf0032ti9k64cgmbjp","Sékou Fofana","","668941","2003-03-25","France; Cote d'Ivoire","Left-Back","Left-Back",,0,"first_team","cmuihq4bo006eh29ep1anor93","AJ Auxerre","","",""
"cmuihw2pk0ajesexp8l07ed0k","Sinaly Diomandé","","702441","2001-04-08","Cote d'Ivoire","Defender","Centre-Back",184,6000000,"first_team","cmuihq4bo006eh29ep1anor93","AJ Auxerre","","",""
"cmuihw44b0cnlsexp4e1j65me","Telli Siwe","","1091353","2004-12-13","France","Defender","Centre-Back",185,1000000,"first_team","cmuihq4bo006eh29ep1anor93","AJ Auxerre","","",""
"cmuihw4rd0cw6sexprq3hg1dp","Tidiane Devernois","","1174032","2007-10-17","France","Midfield","Central Midfield",187,300000,"first_team","cmuihq4bo006eh29ep1anor93","AJ Auxerre","","",""
"cmuo57nsq003ati9k41p41dyf","Xiangxin Wei","","1265965","2008-03-05","China","Centre-Forward","Centre-Forward",,300000,"first_team","cmuihq4bo006eh29ep1anor93","AJ Auxerre","","",""
"cmuihw2pk0aj5sexpcqoa2c7n","Anton Gaaei","","701055","2002-11-18","Denmark","Defender","Right-Back",183,5000000,"first_team","cmuihqce400ath29e227zx42b","Ajax Amsterdam","","",""
"cmuihvxft04h6sexp18513ycm","Davy Klaassen","","182932","1993-02-20","Netherlands","Midfield","Central Midfield",179,2000000,"first_team","cmuihqce400ath29e227zx42b","Ajax Amsterdam","","",""
"cmuihw43k0c4ssexpfxbw5k2v","Lucas Jetten","","987355","2007-06-06","Netherlands","Defender","Left-Back",170,700000,"first_team","cmuihqce400ath29e227zx42b","Ajax Amsterdam","","",""
"cmuihw0jr08i1sexprfmzy3cm","Lucas Rosa","","468309","2000-04-02","Brazil","Defender","Right-Back",177,5000000,"first_team","cmuihqce400ath29e227zx42b","Ajax Amsterdam","","",""
"cmuihvzvt07f9sexpexn8juil","Oliver Edvardsen","","374326","1999-03-18","Norway","Attack","Left Winger",175,3000000,"first_team","cmuihqce400ath29e227zx42b","Ajax Amsterdam","","",""
"cmuihvzb006v0sexpermftttx","Owen Wijndal","","339328","1999-11-27","Netherlands","Defender","Left-Back",176,3000000,"first_team","cmuihqce400ath29e227zx42b","Ajax Amsterdam","","",""
"cmuihw43s0c9wsexp75tsy0sw","Paul Reverson","","1015401","2005-06-19","Ghana","Goalkeeper","Goalkeeper",194,350000,"first_team","cmuihqce400ath29e227zx42b","Ajax Amsterdam","","",""
"cmuihw24l0a7psexpg8yiw4co","Simon Adingra","","658536","2001-12-31","Cote d'Ivoire","Attack","Left Winger",175,22000000,"on_loan","cmuihqce400ath29e227zx42b","Ajax Amsterdam","cmuihq47i006bh29e3kejf8oh","Sunderland AFC","2027-06-30"
"cmuihvwrk03orsexp5b753i4q","Steven Berghuis","","129554","1991-12-18","Netherlands","Attack","Right Winger",182,2000000,"first_team","cmuihqce400ath29e227zx42b","Ajax Amsterdam","","",""
"cmuihvy620587sexpq53ebl2e","Wout Weghorst","","228645","1992-08-06","Netherlands","Attack","Centre-Forward",197,2000000,"first_team","cmuihqce400ath29e227zx42b","Ajax Amsterdam","","",""
"cmuihw1d909bcsexp5t1ajxw3","Youri Baas","","559327","2003-03-16","Netherlands","Defender","Centre-Back",188,20000000,"first_team","cmuihqce400ath29e227zx42b","Ajax Amsterdam","","",""
"cmuihw3eq0bf1sexp329afrnk","Jochem Ritmeester van de Kamp","","865281","2003-11-01","Netherlands","Midfield","Attacking Midfield",177,1500000,"first_team","cmuihqe6h00bth29em4im0ts0","Almere City FC","","",""
"cmuihw1by0931sexp99pysssf","Ruben Providence","","536520","2001-07-06","Haiti","Attack","Left Winger",178,300000,"first_team","cmuihqe6h00bth29em4im0ts0","Almere City FC","","",""
"cmuihvyr806g3sexp59vfq56t","Jan Mlakar","","309180","1998-10-22","Slovenia","Attack","Centre-Forward",183,2800000,"first_team","cmuihpyky0035h29e24p7d295","Amiens SC","","",""
"cmuihw43d0bypsexpt6ok93fw","Rayan Lutin","","954090","2003-01-15","Comoros","Midfield","Attacking Midfield",170,800000,"first_team","cmuihpyky0035h29e24p7d295","Amiens SC","","",""
"cmuihw2py0atbsexprnetwvfi","Amine El Ouazzani","","735051","2001-07-14","Morocco","Attack","Centre-Forward",188,2500000,"first_team","cmuihpysp003bh29eh8ctgbgf","Angers SCO","","",""
"cmuihw3em0bcasexptlge3ch6","Amine Sbaï","","851220","2000-11-04","Morocco","Attack","Left Winger",175,4000000,"first_team","cmuihpysp003bh29eh8ctgbgf","Angers SCO","","",""
"cmuihw44a0cn5sexpp2drb3ej","Anthony Bermont","","1088110","2005-02-09","France","Attack","Left Winger",187,1000000,"first_team","cmuihpysp003bh29eh8ctgbgf","Angers SCO","","",""
"cmuihvuxz02dusexpbevprqs6","Anthony Lopes","","60561","1990-09-30","Portugal","Goalkeeper","Goalkeeper",184,900000,"first_team","cmuihpysp003bh29eh8ctgbgf","Angers SCO","","",""
"cmuihw4si0d6qsexpfdb00ujf","Bané Diatta","","1382453","2008-06-26","France","Midfield","Defensive Midfield",,0,"first_team","cmuihpysp003bh29eh8ctgbgf","Angers SCO","","",""
"cmuihvxgg04wlsexp03o3nb8v","Branco van den Boomen","","203938","1995-07-20","Netherlands","Midfield","Central Midfield",188,2500000,"first_team","cmuihpysp003bh29eh8ctgbgf","Angers SCO","","",""
"cmuihvzvr07dxsexpz907jcwu","Carlens Arcus","","371686","1996-06-27","Haiti","Defender","Right-Back",180,1800000,"first_team","cmuihpysp003bh29eh8ctgbgf","Angers SCO","","",""
"cmuihw4470cjwsexp91vplyvr","Emmanuel Biumla","","1071956","2005-05-07","France","Defender","Centre-Back",185,2500000,"first_team","cmuihpysp003bh29eh8ctgbgf","Angers SCO","","",""
"cmuihvwrp03susexpq6131k9r","Haris Belkebla","","138055","1994-01-27","Algeria","Midfield","Central Midfield",177,1800000,"first_team","cmuihpysp003bh29eh8ctgbgf","Angers SCO","","",""
"cmuihw4r20cs7sexpd0bp31e3","Harouna Djibirin","","1133929","2006-11-04","Cameroon","Attack","Right Winger",175,1500000,"first_team","cmuihpysp003bh29eh8ctgbgf","Angers SCO","","",""
"cmuihw24h0a3usexpklzxp2e4","Jim Allevinah","","646733","1995-02-26","Gabon","Attack","Right Winger",172,1000000,"first_team","cmuihpysp003bh29eh8ctgbgf","Angers SCO","","",""
"cmuihvxg304nhsexp5hc4rwoj","Jordan Lefort","","192492","1993-08-08","Mauritania","Defender","Centre-Back",184,1000000,"first_team","cmuihpysp003bh29eh8ctgbgf","Angers SCO","","",""
"cmuo57s4l003mti9kf2reyai3","Joseph Kalulu","","1117092","2004-11-29","France; DR Congo","Left-Back","Left-Back",,2000000,"first_team","cmuihpysp003bh29eh8ctgbgf","Angers SCO","","",""
"cmuihw3eh0b9fsexpu06h0jzo","Lilian Raolisoa","","829874","2000-06-15","France","Defender","Right-Back",178,4000000,"first_team","cmuihpysp003bh29eh8ctgbgf","Angers SCO","","",""
"cmuihw3ey0bl6sexpcbqx20f1","Louis Mouton","","904662","2002-06-02","France","Midfield","Attacking Midfield",180,4000000,"first_team","cmuihpysp003bh29eh8ctgbgf","Angers SCO","","",""
"cmuihw44c0coosexp87lg1zdx","Marius Louër","","1103652","2007-03-10","France","Defender","Right-Back",181,2000000,"first_team","cmuihpysp003bh29eh8ctgbgf","Angers SCO","","",""
"cmuihw1d10982sexpzh13wtq7","Melvin Zinga","","548347","2002-03-15","France","Goalkeeper","Goalkeeper",187,300000,"first_team","cmuihpysp003bh29eh8ctgbgf","Angers SCO","","",""
"cmuihw4470ck4sexp3kvhschh","Oumar Pona","","1073176","2006-06-20","Mali","Goalkeeper","Goalkeeper",195,200000,"first_team","cmuihpysp003bh29eh8ctgbgf","Angers SCO","","",""
"cmuihw2qc0b2ysexpmsci7294","Ousmane Camara","","804711","2003-03-05","Mali","Defender","Centre-Back",197,8000000,"first_team","cmuihpysp003bh29eh8ctgbgf","Angers SCO","","",""
"cmuihw44c0coqsexpvqpvs5ze","Prosper Peter","","1103958","2007-08-08","France","Attack","Centre-Forward",188,15000000,"first_team","cmuihpysp003bh29eh8ctgbgf","Angers SCO","","",""
"cmuihw2q70aytsexpop2a74wb","Usman Simbakoli","","766839","2001-12-11","Central African Republic","Attack","Centre-Forward",184,250000,"first_team","cmuihpysp003bh29eh8ctgbgf","Angers SCO","","",""
"cmuihw2qd0b41sexp1ldnhjsv","Yassin Belkhdim","","807688","2002-02-13","Morocco","Midfield","Central Midfield",175,7000000,"first_team","cmuihpysp003bh29eh8ctgbgf","Angers SCO","","",""
"cmuihvzav06s4sexp2zp6ju29","Ben White","","335721","1997-10-07","England","Defender","Right-Back",186,30000000,"first_team","cmuiho5do001hb23froc57owj","Arsenal FC","","",""
"cmuihw1bi08xesexpk2swk1j9","Bruno Guimarães","","520624","1997-11-15","Brazil","Midfield","Central Midfield",182,70000000,"first_team","cmuiho5do001hb23froc57owj","Arsenal FC","","",""
"cmuihw0it085hsexpsfur7r3i","Bukayo Saka","","433177","2001-09-04","England","Attack","Right Winger",178,110000000,"first_team","cmuiho5do001hb23froc57owj","Arsenal FC","","",""
"cmuo7ake3000597yii2e5o0ae","Christos Tzolis","","451677","2002-01-30","Greece","Left Winger","Left Winger",,40000000,"first_team","cmuiho5do001hb23froc57owj","Arsenal FC","","",""
"cmuihw24h0a44sexplzwlgqvf","Cristhian Mosquera","","646750","2004-06-26","Spain","Defender","Centre-Back",191,40000000,"first_team","cmuiho5do001hb23froc57owj","Arsenal FC","","",""
"cmuihvyqf05t0sexpi64mcfaj","David Raya","","262749","1995-09-14","Spain","Goalkeeper","Goalkeeper",186,30000000,"first_team","cmuiho5do001hb23froc57owj","Arsenal FC","","",""
"cmuihvzbj0788sexp1h5hvbdl","Declan Rice","","357662","1999-01-13","England","Midfield","Central Midfield",188,120000000,"first_team","cmuiho5do001hb23froc57owj","Arsenal FC","","",""
"cmuihw0k008llsexpj9c14ppm","Eberechi Eze","","479999","1998-06-28","England","Midfield","Attacking Midfield",178,65000000,"first_team","cmuiho5do001hb23froc57owj","Arsenal FC","","",""
"cmuihvzwn07yssexp5gygtk5p","Ezri Konsa","","413403","1997-10-22","England","Defender","Centre-Back",180,40000000,"first_team","cmuiho5do001hb23froc57owj","Arsenal FC","","",""
"cmuihw0j1086msexpsl7ktpbk","Gabriel","","435338","1997-12-18","Brazil","Defender","Centre-Back",190,75000000,"first_team","cmuiho5do001hb23froc57owj","Arsenal FC","","",""
"cmuihw1cw0969sexp53ydbyps","Illan Meslier","","542586","2000-03-01","France","Goalkeeper","Goalkeeper",197,8000000,"first_team","cmuiho5do001hb23froc57owj","Arsenal FC","","",""
"cmuihvzws0816sexpu0fld4ra","Jurriën Timber","","420243","2001-06-16","Netherlands","Defender","Right-Back",179,70000000,"first_team","cmuiho5do001hb23froc57owj","Arsenal FC","","",""
"cmuihvyr806g5sexpxmai6iuc","Kai Havertz","","309400","1999-06-10","Germany","Attack","Centre-Forward",193,55000000,"first_team","cmuiho5do001hb23froc57owj","Arsenal FC","","",""
"cmuihvxg304ndsexpeunyea4e","Kepa Arrizabalaga","","192279","1994-10-02","Spain","Goalkeeper","Goalkeeper",188,5000000,"first_team","cmuiho5do001hb23froc57owj","Arsenal FC","","",""
"cmuihvzak06jxsexpydd2q599","Martin Ødegaard","","316264","1998-12-16","Norway","Midfield","Attacking Midfield",178,65000000,"first_team","cmuiho5do001hb23froc57owj","Arsenal FC","","",""
"cmuihvzwu082bsexpurdjafjg","Martín Zubimendi","","423440","1999-02-01","Spain","Midfield","Defensive Midfield",181,75000000,"first_team","cmuiho5do001hb23froc57owj","Arsenal FC","","",""
"cmuihw4rh0cy9sexp9r7dxmgx","Max Dowman","","1187629","2009-12-30","England","Attack","Right Winger",183,30000000,"first_team","cmuiho5do001hb23froc57owj","Arsenal FC","","",""
"cmuihvzb006ulsexprdsvtwdf","Mikel Merino","","338424","1996-06-21","Spain","Midfield","Central Midfield",188,25000000,"first_team","cmuiho5do001hb23froc57owj","Arsenal FC","","",""
"cmuihw3eu0binsexpif21jl7t","Myles Lewis-Skelly","","890721","2006-09-25","England","Defender","Left-Back",178,45000000,"first_team","cmuiho5do001hb23froc57owj","Arsenal FC","","",""
"cmuihw0ka08t1sexplczeaw34","Noni Madueke","","503987","2002-03-09","England","Attack","Right Winger",182,50000000,"first_team","cmuiho5do001hb23froc57owj","Arsenal FC","","",""
"cmuihw24m0a8esexptz27unea","Piero Hincapié","","659813","2002-01-08","Ecuador","Defender","Centre-Back",183,50000000,"first_team","cmuiho5do001hb23froc57owj","Arsenal FC","","",""
"cmuihw0k808rysexp9m211kx6","Riccardo Calafiori","","502821","2002-05-18","Italy","Defender","Left-Back",188,55000000,"first_team","cmuiho5do001hb23froc57owj","Arsenal FC","","",""
"cmuihvzap06nqsexpndey8df3","Viktor Gyökeres","","325443","1998-06-03","Sweden","Attack","Centre-Forward",189,65000000,"first_team","cmuiho5do001hb23froc57owj","Arsenal FC","","",""
"cmuihw0k708qdsexpp79ayoqb","William Saliba","","495666","2001-03-23","France","Defender","Centre-Back",192,100000000,"first_team","cmuiho5do001hb23froc57owj","Arsenal FC","","",""
"cmuihvyqf05tmsexpyoldczwu","Aleksandr Golovin","","263918","1996-05-29","Russia","Midfield","Attacking Midfield",178,18000000,"first_team","cmuihq0az0047h29ew2gfpbqj","AS Monaco","","",""
"cmuo56y1a0009ti9kuzs1xj40","Anis Soubeir","","1307000","2007-05-30","Morocco; France","Central Midfield","Central Midfield",,0,"first_team","cmuihq0az0047h29ew2gfpbqj","AS Monaco","","",""
"cmuihw0jp08hbsexp8hr5bbiz","Ansu Fati","","466810","2002-10-30","Spain","Attack","Left Winger",178,15000000,"first_team","cmuihq0az0047h29ew2gfpbqj","AS Monaco","","",""
"cmuihw43r0c89sexpy5e0ufx3","Christian Mawissa","","1005240","2005-04-17","France","Defender","Centre-Back",184,15000000,"first_team","cmuihq0az0047h29ew2gfpbqj","AS Monaco","","",""
"cmuihvzat06r5sexpfjjwqbk0","Denis Zakaria","","334526","1996-11-19","Switzerland","Midfield","Defensive Midfield",189,25000000,"first_team","cmuihq0az0047h29ew2gfpbqj","AS Monaco","","",""
"cmuo56xww0007ti9kozy9a25l","Edan Diop","","745178","2004-08-28","France; Senegal","Central Midfield","Central Midfield",,3000000,"first_team","cmuihq0az0047h29ew2gfpbqj","AS Monaco","","",""
"cmuihvxfo04desexpuapdnxbh","Eric Dier","","175722","1994-01-14","England","Defender","Centre-Back",191,4000000,"first_team","cmuihq0az0047h29ew2gfpbqj","AS Monaco","","",""
"cmuihw0k908spsexpx4icg7aj","Folarin Balogun","","503770","2001-07-02","United States","Attack","Centre-Forward",179,40000000,"first_team","cmuihq0az0047h29ew2gfpbqj","AS Monaco","","",""
"cmuihvzbm07bfsexplvfbvk2h","Jordan Teze","","364245","1999-09-29","Netherlands","Defender","Right-Back",183,15000000,"first_team","cmuihq0az0047h29ew2gfpbqj","AS Monaco","","",""
"cmuihw4480ckqsexp5h01wtfl","Jules Stawiecki","","1075582","2007-04-09","France","Goalkeeper","Goalkeeper",186,150000,"first_team","cmuihq0az0047h29ew2gfpbqj","AS Monaco","","",""
"cmuihw3f20bo7sexp4k88bebc","Lamine Camara","","918969","2003-12-31","Senegal","Midfield","Central Midfield",174,40000000,"first_team","cmuihq0az0047h29ew2gfpbqj","AS Monaco","","",""
"cmuihvux701zmsexpsyy557rr","Lukas Hradecky","","48015","1989-11-23","Finland","Goalkeeper","Goalkeeper",192,1500000,"first_team","cmuihq0az0047h29ew2gfpbqj","AS Monaco","","",""
"cmuihw2q10awbsexpyg95n2kx","Mamadou Coulibaly","","745173","2004-04-20","France","Midfield","Central Midfield",179,15000000,"first_team","cmuihq0az0047h29ew2gfpbqj","AS Monaco","","",""
"cmuo56y6x000bti9krutev8om","Mathys Detourbet","","1171981","2007-04-29","France","Left Winger","Left Winger",,0,"first_team","cmuihq0az0047h29ew2gfpbqj","AS Monaco","","",""
"cmuihw24m0a89sexprhbx7i11","Matthis Abline","","659543","2003-03-27","France","Attack","Centre-Forward",182,20000000,"first_team","cmuihq0az0047h29ew2gfpbqj","AS Monaco","","",""
"cmuihw1dd09dcsexpgdhr1658","Mika Biereth","","565821","2003-02-07","Denmark","Attack","Centre-Forward",187,15000000,"first_team","cmuihq0az0047h29ew2gfpbqj","AS Monaco","","",""
"cmuihw1dc09cnsexptv1w26c5","Mohammed Salisu","","563963","1999-04-16","Ghana","Defender","Centre-Back",188,10000000,"first_team","cmuihq0az0047h29ew2gfpbqj","AS Monaco","","",""
"cmuo56xkw0003ti9k357q8cgi","Nazinho","","668587","2003-07-20","Portugal; Guinea-Bissau","Left-Back","Left-Back",,0,"first_team","cmuihq0az0047h29ew2gfpbqj","AS Monaco","","",""
"cmuo56xsh0005ti9k5sb5wvw8","Pape Cabral","","1075588","2007-01-20","France; Senegal","Central Midfield","Central Midfield",,0,"first_team","cmuihq0az0047h29ew2gfpbqj","AS Monaco","","",""
"cmuihw3f10bo4sexp9lxf13be","Paris Brunner","","918414","2006-02-14","Germany","Attack","Centre-Forward",186,1500000,"first_team","cmuihq0az0047h29ew2gfpbqj","AS Monaco","","",""
"cmuihvy6k05mjsexpmh123n5k","Philipp Köhn","","251322","1998-04-01","Switzerland","Goalkeeper","Goalkeeper",190,3500000,"first_team","cmuihq0az0047h29ew2gfpbqj","AS Monaco","","",""
"cmuihw44e0cpxsexp6nc00boy","Sadibou Sané","","1111777","2004-06-09","Senegal","Defender","Centre-Back",184,7000000,"first_team","cmuihq0az0047h29ew2gfpbqj","AS Monaco","","",""
"cmuihw43i0c35sexpe4weyjuw","Samuel Nibombe","","981700","2007-08-14","Belgium","Midfield","Defensive Midfield",198,1000000,"first_team","cmuihq0az0047h29ew2gfpbqj","AS Monaco","","",""
"cmuihw2q00avbsexpv809ltzy","Stanis Idumbo","","743387","2005-06-28","Belgium","Midfield","Attacking Midfield",171,4000000,"first_team","cmuihq0az0047h29ew2gfpbqj","AS Monaco","","",""
"cmuihvwsc047usexpem7r1ht4","Takumi Minamino","","165793","1995-01-15","Japan","Attack","Left Winger",172,10000000,"first_team","cmuihq0az0047h29ew2gfpbqj","AS Monaco","","",""
"cmuihw2q90b0isexpc598f330","Vanderson","","789082","2001-06-20","Brazil","Defender","Right-Back",173,18000000,"first_team","cmuihq0az0047h29ew2gfpbqj","AS Monaco","","",""
"cmuihw2qc0b34sexpzi422r7p","Martin Expérience","","804885","1999-03-08","Haiti","Defender","Left-Back",178,0,"first_team","cmuihoetk001zb23fbqyfc76d","AS Nancy-Lorraine","","",""
"cmuihw24509u9sexp6bja5xyh","Ben Old","","617021","2002-08-12","New Zealand","Defender","Left-Back",173,1800000,"first_team","cmuihqcoa00avh29e3iihwtwm","AS Saint-Étienne","","",""
"cmuihw0ip083vsexpjy6jmrzm","Zuriko Davitashvili","","427572","2001-02-14","Georgia","Attack","Left Winger",175,12000000,"first_team","cmuihqcoa00avh29e3iihwtwm","AS Saint-Étienne","","",""
"cmuihw4rp0d24sexppepnmt75","Antonio Arena","","1251220","2009-02-09","Italy","Attack","Centre-Forward",188,4000000,"first_team","cmuihoj9l0025b23fj4mplye4","Associazione Sportiva Roma","","",""
"cmuihvxga04swsexpz6ztupyr","Bryan Cristante","","199248","1995-03-02","Italy","Midfield","Defensive Midfield",186,7000000,"first_team","cmuihoj9l0025b23fj4mplye4","Associazione Sportiva Roma","","",""
"cmuihw2pk0aj8sexp433ngns6","Daniele Ghilardi","","701819","2003-01-05","Italy","Defender","Centre-Back",189,18000000,"first_team","cmuihoj9l0025b23fj4mplye4","Associazione Sportiva Roma","","",""
"cmuihw0k708qgsexpnao8uyzd","Devis Vásquez","","495722","1998-05-11","Colombia","Goalkeeper","Goalkeeper",195,1500000,"first_team","cmuihoj9l0025b23fj4mplye4","Associazione Sportiva Roma","","",""
"cmuihw1d809avsexpzt1te1am","Devyne Rensch","","557407","2003-01-17","Netherlands","Defender","Right-Back",181,8500000,"first_team","cmuihoj9l0025b23fj4mplye4","Associazione Sportiva Roma","","",""
"cmuihvzap06ntsexp10sjsfb9","Donyell Malen","","326029","1999-01-18","Netherlands","Attack","Centre-Forward",178,45000000,"first_team","cmuihoj9l0025b23fj4mplye4","Associazione Sportiva Roma","","",""
"cmuihw4rd0cwbsexpq737x1yh","Emanuele Lulli","","1175298","2007-08-16","Italy","Defender","Right-Back",184,0,"first_team","cmuihoj9l0025b23fj4mplye4","Associazione Sportiva Roma","","",""
"cmuihvzvq07dpsexpnw9pte0l","Evan Ndicka","","371149","1999-08-19","Cote d'Ivoire","Defender","Centre-Back",192,35000000,"first_team","cmuihoj9l0025b23fj4mplye4","Associazione Sportiva Roma","","",""
"cmuihvy6o05p5sexptsmybvap","Gianluca Mancini","","256448","1996-04-16","Italy","Defender","Centre-Back",190,15000000,"first_team","cmuihoj9l0025b23fj4mplye4","Associazione Sportiva Roma","","",""
"cmuihw3fc0bw2sexp99meuwa2","Giorgio De Marzi","","942004","2007-04-17","United States","Goalkeeper","Goalkeeper",,100000,"first_team","cmuihoj9l0025b23fj4mplye4","Associazione Sportiva Roma","","",""
"cmuihw24p0ab8sexp8ajeoazg","Konstantinos Koulierakis","","669380","2003-11-27","Greece","Defender","Centre-Back",188,25000000,"first_team","cmuihoj9l0025b23fj4mplye4","Associazione Sportiva Roma","","",""
"cmuihw1do09hfsexpl7wmyu36","Leonardo Balerdi","","575998","1999-01-25","Argentina","Defender","Centre-Back",188,18000000,"first_team","cmuihoj9l0025b23fj4mplye4","Associazione Sportiva Roma","","",""
"cmuihvyqu064ssexpazgu1kwz","Lorenzo Pellegrini","","286297","1996-06-18","Italy","Midfield","Attacking Midfield",186,8000000,"first_team","cmuihoj9l0025b23fj4mplye4","Associazione Sportiva Roma","","",""
"cmuihw24809x0sexp76hmgowo","Manu Koné","","624690","2001-05-16","France","Midfield","Central Midfield",185,50000000,"first_team","cmuihoj9l0025b23fj4mplye4","Associazione Sportiva Roma","","",""
"cmuihvyqq061bsexpaxkg476u","Mario Hermoso","","281769","1995-06-17","Spain","Defender","Centre-Back",184,7000000,"first_team","cmuihoj9l0025b23fj4mplye4","Associazione Sportiva Roma","","",""
"cmuihvwrn03qysexp86fqncas","Marten de Roon","","133179","1991-03-28","Netherlands","Midfield","Defensive Midfield",186,3200000,"first_team","cmuihoj9l0025b23fj4mplye4","Associazione Sportiva Roma","","",""
"cmuihw24p0ab6sexpqnfo1hyk","Matías Soulé","","668951","2003-04-14","Argentina","Attack","Right Winger",182,35000000,"first_team","cmuihoj9l0025b23fj4mplye4","Associazione Sportiva Roma","","",""
"cmuihvzb006ursexplxt1slr6","Mile Svilar","","338670","1999-08-26","Serbia","Goalkeeper","Goalkeeper",189,35000000,"first_team","cmuihoj9l0025b23fj4mplye4","Associazione Sportiva Roma","","",""
"cmuihvzwu082lsexpxf17wm1k","Nahuel Molina","","424042","1998-04-05","Argentina","Defender","Right-Back",179,15000000,"first_team","cmuihoj9l0025b23fj4mplye4","Associazione Sportiva Roma","","",""
"cmuihw2qf0b5bsexp1x5lkavp","Niccolò Pisilli","","813137","2004-09-22","Italy","Midfield","Central Midfield",180,30000000,"first_team","cmuihoj9l0025b23fj4mplye4","Associazione Sportiva Roma","","",""
"cmuihvxgh04xusexpzvukwhsd","Paulo Dybala","","206050","1993-11-14","Argentina","Attack","Second Striker",177,5000000,"first_team","cmuihoj9l0025b23fj4mplye4","Associazione Sportiva Roma","","",""
"cmuihvy6g05j4sexpjlbfx843","Pierluigi Gollini","","244192","1995-03-17","Italy","Goalkeeper","Goalkeeper",194,800000,"first_team","cmuihoj9l0025b23fj4mplye4","Associazione Sportiva Roma","","",""
"cmuihw43d0bzhsexpn0liljph","Rodrigo Mora","","957653","2007-05-04","Portugal","Midfield","Attacking Midfield",168,38000000,"first_team","cmuihoj9l0025b23fj4mplye4","Associazione Sportiva Roma","","",""
"cmuihw3em0bc9sexppmg615pj","Santiago Castro","","849520","2004-09-17","Argentina","Attack","Centre-Forward",179,32000000,"first_team","cmuihoj9l0025b23fj4mplye4","Associazione Sportiva Roma","","",""
"cmuihw43f0c0psexp32oabd8n","Wesley","","964580","2003-09-05","Brazil","Defender","Right-Back",178,40000000,"first_team","cmuihoj9l0025b23fj4mplye4","Associazione Sportiva Roma","","",""
"cmuihw0jy08ktsexp0la5teas","Aaron Wan-Bissaka","","477758","1997-11-25","DR Congo","Defender","Right-Back",183,15000000,"first_team","cmuihq8vi008xh29edz4vg4xw","Aston Villa","","",""
"cmuihw2qf0b52sexpn07mu3sh","Alejandro Garnacho","","811779","2004-06-30","Argentina","Attack","Left Winger",180,28000000,"first_team","cmuihq8vi008xh29edz4vg4xw","Aston Villa","","",""
"cmuihw43r0c8bsexpcq2b6yut","Alysson","","1005583","2006-05-04","Brazil","Attack","Right Winger",184,10000000,"first_team","cmuihq8vi008xh29edz4vg4xw","Aston Villa","","",""
"cmuihw0k408nksexpz2r6v1ya","Amadou Onana","","485706","2001-08-15","Belgium","Midfield","Defensive Midfield",195,45000000,"first_team","cmuihq8vi008xh29edz4vg4xw","Aston Villa","","",""
"cmuihvzw507p0sexpgluynoeh","Boubacar Kamara","","394327","1999-11-22","France","Midfield","Defensive Midfield",184,40000000,"first_team","cmuihq8vi008xh29edz4vg4xw","Aston Villa","","",""
"cmuihw4rm0d0vsexpeqhueb89","Brian Madjo","","1226357","2009-01-11","England","Attack","Centre-Forward",193,12000000,"first_team","cmuihq8vi008xh29edz4vg4xw","Aston Villa","","",""
"cmuihvzan06lysexpmog9i6lt","Emiliano Buendía","","321247","1996-12-24","Argentina","Attack","Left Winger",172,16000000,"first_team","cmuihq8vi008xh29edz4vg4xw","Aston Villa","","",""
"cmuihw43u0causexpww52xv2c","George Hemmings","","1023191","2007-04-02","England","Midfield","Central Midfield",,800000,"first_team","cmuihq8vi008xh29edz4vg4xw","Aston Villa","","",""
"cmuihw0k308nesexp47t85de1","Ian Maatsen","","485585","2002-03-09","Netherlands","Defender","Left-Back",178,30000000,"first_team","cmuihq8vi008xh29edz4vg4xw","Aston Villa","","",""
"cmuihw4rg0cxwsexp41fcbuke","Ibrahim Mbaye","","1185888","2008-01-23","Senegal","Attack","Right Winger",175,30000000,"first_team","cmuihq8vi008xh29edz4vg4xw","Aston Villa","","",""
"cmuihw2py0atdsexpdepfhuvq","João Gomes","","735570","2001-02-11","Brazil","Midfield","Central Midfield",176,40000000,"first_team","cmuihq8vi008xh29edz4vg4xw","Aston Villa","","",""
"cmuihw3f50bq9sexpufbun6ue","Johan Manzambi","","927353","2005-10-13","Switzerland","Midfield","Central Midfield",182,50000000,"first_team","cmuihq8vi008xh29edz4vg4xw","Aston Villa","","",""
"cmuihvxg304o2sexpjuikl7sb","John McGinn","","193116","1994-10-17","Scotland","Midfield","Central Midfield",178,13000000,"first_team","cmuihq8vi008xh29edz4vg4xw","Aston Villa","","",""
"cmuihw24g0a3fsexpl1n8l03s","Lamare Bogarde","","645686","2004-01-04","Netherlands","Midfield","Defensive Midfield",185,18000000,"first_team","cmuihq8vi008xh29edz4vg4xw","Aston Villa","","",""
"cmuihvwrz03zgsexpuj9kiyen","Leon Goretzka","","153084","1995-02-05","Germany","Midfield","Central Midfield",189,12000000,"first_team","cmuihq8vi008xh29edz4vg4xw","Aston Villa","","",""
"cmuihvwrf03jvsexp6jsoarlf","Marco Bizot","","124884","1991-03-09","Netherlands","Goalkeeper","Goalkeeper",193,1500000,"first_team","cmuihq8vi008xh29edz4vg4xw","Aston Villa","","",""
"cmuihw24409u6sexpti4q2ldj","Matteo Ruggeri","","616631","2002-07-10","Italy","Defender","Left-Back",187,28000000,"first_team","cmuihq8vi008xh29edz4vg4xw","Aston Villa","","",""
"cmuihvzwv0832sexp49fleiwu","Matty Cash","","425334","1997-08-06","Poland","Defender","Right-Back",185,22000000,"first_team","cmuihq8vi008xh29edz4vg4xw","Aston Villa","","",""
"cmuo4na8m0015y9ho7zkvqdh9","Modou Kéba Cissé","","1282860","2005-08-04","Senegal","Centre-Back","Centre-Back",,6000000,"first_team","cmuihq8vi008xh29edz4vg4xw","Aston Villa","","",""
"cmuihw2q80azisexph36zzipm","Nicolas Jackson","","776890","2001-06-19","Senegal","Attack","Centre-Forward",187,40000000,"first_team","cmuihq8vi008xh29edz4vg4xw","Aston Villa","","",""
"cmuihvzwe07spsexpv880e630","Pau Torres","","399776","1997-01-15","Spain","Defender","Centre-Back",192,20000000,"first_team","cmuihq8vi008xh29edz4vg4xw","Aston Villa","","",""
"cmuihvwrm03qksexp0rbptamu","Ross Barkley","","131978","1993-12-04","England","Midfield","Central Midfield",189,4000000,"first_team","cmuihq8vi008xh29edz4vg4xw","Aston Villa","","",""
"cmuo4nagg0017y9hoqhzpwi3f","Tammy Abraham","","331726","1997-10-02","England; Nigeria","Centre-Forward","Centre-Forward",,18000000,"first_team","cmuihq8vi008xh29edz4vg4xw","Aston Villa","","",""
"cmuihw0k908sysexp1djixsok","Taylor Harwood-Bellis","","503977","2002-01-29","England","Defender","Centre-Back",188,20000000,"first_team","cmuihq8vi008xh29edz4vg4xw","Aston Villa","","",""
"cmuihvy6l05nisexpel2ezgp5","Tyrone Mings","","253677","1993-03-12","England","Defender","Centre-Back",196,3000000,"first_team","cmuihq8vi008xh29edz4vg4xw","Aston Villa","","",""
"cmuihvxfx04idsexpnh1nsl3z","Victor Lindelöf","","184573","1994-07-16","Sweden","Defender","Centre-Back",187,5000000,"first_team","cmuihq8vi008xh29edz4vg4xw","Aston Villa","","",""
"cmuihw0is0857sexpky0i4v42","Zion Suzuki","","432298","2002-08-20","Japan","Goalkeeper","Goalkeeper",190,20000000,"first_team","cmuihq8vi008xh29edz4vg4xw","Aston Villa","","",""
"cmuihw0j1086usexpukj78fve","Charles De Ketelaere","","435772","2001-03-09","Belgium","Midfield","Attacking Midfield",192,30000000,"first_team","cmuihqf7m00ceh29eo8vo509b","Atalanta BC","","",""
"cmuihvxfn04cosexp3kvc8jdh","Davide Zappacosta","","173859","1992-06-10","Italy","Midfield","Right Midfield",182,3500000,"first_team","cmuihqf7m00ceh29eo8vo509b","Atalanta BC","","",""
"cmuihw24109rasexpkwqlxvu2","Éderson","","607854","1999-07-06","Brazil","Midfield","Central Midfield",183,45000000,"first_team","cmuihqf7m00ceh29eo8vo509b","Atalanta BC","","",""
"cmuihvzwe07svsexpps0dvbqo","Eljif Elmas","","400489","1999-09-23","North Macedonia","Midfield","Attacking Midfield",184,13000000,"first_team","cmuihqf7m00ceh29eo8vo509b","Atalanta BC","","",""
"cmuo547mq000lbpsmra7g76ri","Franck Kessié","","294808","1996-12-19","Cote d'Ivoire; Italy","Central Midfield","Central Midfield",,12000000,"first_team","cmuihqf7m00ceh29eo8vo509b","Atalanta BC","","",""
"cmuihvzwi07v1sexpy08i9vgs","Giacomo Raspadori","","405885","2000-02-17","Italy","Attack","Second Striker",172,22000000,"first_team","cmuihqf7m00ceh29eo8vo509b","Atalanta BC","","",""
"cmuihvzbj078usexpv4jusedw","Gianluca Gaetano","","358008","2000-05-04","Italy","Midfield","Defensive Midfield",183,6500000,"first_team","cmuihqf7m00ceh29eo8vo509b","Atalanta BC","","",""
"cmuihvyrc06jmsexpnweqget6","Gianluca Scamacca","","315867","1998-12-31","Italy","Attack","Centre-Forward",195,25000000,"first_team","cmuihqf7m00ceh29eo8vo509b","Atalanta BC","","",""
"cmuihw1dm09gasexp4fya3yoo","Giorgio Scalvini","","571604","2003-12-10","Italy","Defender","Centre-Back",194,38000000,"first_team","cmuihqf7m00ceh29eo8vo509b","Atalanta BC","","",""
"cmuihw0k808s0sexp3c9uz6tw","Isak Hien","","503075","1999-01-12","Sweden","Defender","Centre-Back",191,22000000,"first_team","cmuihqf7m00ceh29eo8vo509b","Atalanta BC","","",""
"cmuihw24s0acssexpva15olol","Jonathan Rowe","","672381","2003-04-29","England","Attack","Left Winger",173,28000000,"first_team","cmuihqf7m00ceh29eo8vo509b","Atalanta BC","","",""
"cmuihw2q20awxsexpji5h2ceu","Kamaldeen Sulemana","","746695","2002-02-14","Ghana","Attack","Left Winger",174,17000000,"first_team","cmuihqf7m00ceh29eo8vo509b","Atalanta BC","","",""
"cmuihw1bs0901sexpwlpib2pj","Lazar Samardžić","","528833","2002-02-23","Serbia","Midfield","Attacking Midfield",184,16000000,"first_team","cmuihqf7m00ceh29eo8vo509b","Atalanta BC","","",""
"cmuihw2pq0amesexpirxfh4n9","Lorenzo Bernasconi","","708635","2003-11-15","Italy","Midfield","Left Midfield",190,20000000,"first_team","cmuihqf7m00ceh29eo8vo509b","Atalanta BC","","",""
"cmuihw0jh08dqsexpj9hatnh6","Marco Carnesecchi","","459763","2000-06-30","Italy","Goalkeeper","Goalkeeper",191,30000000,"first_team","cmuihqf7m00ceh29eo8vo509b","Atalanta BC","","",""
"cmuihvxgc04u5sexp2pwzgd7s","Marco Sportiello","","199976","1992-05-09","Italy","Goalkeeper","Goalkeeper",192,800000,"first_team","cmuihqf7m00ceh29eo8vo509b","Atalanta BC","","",""
"cmuihvxgh04xrsexprj4dyi8k","Mario Pašalić","","205938","1995-02-08","Croatia","Midfield","Central Midfield",188,6000000,"first_team","cmuihqf7m00ceh29eo8vo509b","Atalanta BC","","",""
"cmuihw1d4098ssexpg50ohxhj","Nicola Zalewski","","550108","2002-01-22","Poland","Midfield","Left Midfield",175,20000000,"first_team","cmuihqf7m00ceh29eo8vo509b","Atalanta BC","","",""
"cmuihw0iv086asexp7r7bb512","Nikola Krstović","","434433","2000-04-04","Montenegro","Attack","Centre-Forward",185,30000000,"first_team","cmuihqf7m00ceh29eo8vo509b","Atalanta BC","","",""
"cmuihw24g0a3asexp6hg4lfko","Odilon Kossounou","","644771","2001-01-03","Cote d'Ivoire","Defender","Centre-Back",191,15000000,"first_team","cmuihqf7m00ceh29eo8vo509b","Atalanta BC","","",""
"cmuihvzbj078osexpamk4lcb6","Raoul Bellanova","","357992","2000-05-16","Italy","Midfield","Right Midfield",188,15000000,"first_team","cmuihqf7m00ceh29eo8vo509b","Atalanta BC","","",""
"cmuihw3fc0bvssexp2w7a4gfh","Relja Obric","","940553","2006-04-10","Slovenia","Defender","Centre-Back",194,800000,"first_team","cmuihqf7m00ceh29eo8vo509b","Atalanta BC","","",""
"cmuihvvw2034fsexp3wwq2uif","Sead Kolasinac","","94005","1993-06-19","Bosnia-Herzegovina","Defender","Centre-Back",183,4000000,"first_team","cmuihqf7m00ceh29eo8vo509b","Atalanta BC","","",""
"cmuihw2pi0ai5sexp1pcdw39q","Thomas Kristensen","","698259","2002-01-16","Denmark","Defender","Centre-Back",198,12000000,"first_team","cmuihqf7m00ceh29eo8vo509b","Atalanta BC","","",""
"cmuo547j9000jbpsmg3880nnb","Thomas Pompei","","962246","2006-07-04","Italy","Goalkeeper","Goalkeeper",,250000,"first_team","cmuihqf7m00ceh29eo8vo509b","Atalanta BC","","",""
"cmuihw1et09lzsexpag2q9gj7","Aitor Paredes","","591916","2000-04-28","Spain","Defender","Centre-Back",185,7500000,"first_team","cmuihqcpi00azh29e0ihjlfsq","Athletic Bilbao","","",""
"cmuihw3ei0ba3sexppbp0azye","Alejandro Rego","","834491","2003-06-10","Spain","Midfield","Central Midfield",192,5000000,"first_team","cmuihqcpi00azh29e0ihjlfsq","Athletic Bilbao","","",""
"cmuihvzb006umsexpxd0hv9vb","Álex Berenguer","","338425","1995-07-03","Spain","Attack","Left Winger",175,4000000,"first_team","cmuihqcpi00azh29e0ihjlfsq","Athletic Bilbao","","",""
"cmuihw3ei0b9ysexpv29r5ay6","Álex Padilla","","834483","2003-08-31","Mexico","Goalkeeper","Goalkeeper",190,3000000,"first_team","cmuihqcpi00azh29e0ihjlfsq","Athletic Bilbao","","",""
"cmuihw24r0acesexp5vae32ef","Álvaro Djaló","","671649","1999-08-15","Guinea-Bissau","Attack","Left Winger",175,4500000,"first_team","cmuihqcpi00azh29e0ihjlfsq","Athletic Bilbao","","",""
"cmuihvxfp04dusexphnt1w7m7","Aymeric Laporte","","176553","1994-05-26","Spain","Defender","Centre-Back",191,8000000,"first_team","cmuihqcpi00azh29e0ihjlfsq","Athletic Bilbao","","",""
"cmuo50jq8000igffhn4p5m6wc","Beñat Gerenabarrena","","709214","2003-03-29","Spain","Central Midfield","Central Midfield",,1000000,"first_team","cmuihqcpi00azh29e0ihjlfsq","Athletic Bilbao","","",""
"cmuihw24809x5sexp5xztx6kg","Beñat Prados","","625047","2001-02-07","Spain","Midfield","Central Midfield",180,15000000,"first_team","cmuihqcpi00azh29e0ihjlfsq","Athletic Bilbao","","",""
"cmuihw1bk08yfsexpc3w04sev","Dani Vivian","","524000","1999-07-04","Spain","Defender","Centre-Back",184,20000000,"first_team","cmuihqcpi00azh29e0ihjlfsq","Athletic Bilbao","","",""
"cmuihvzb206w0sexpwg7ir0le","Gorka Guruzeta","","340205","1996-09-11","Spain","Attack","Centre-Forward",188,5000000,"first_team","cmuihqcpi00azh29e0ihjlfsq","Athletic Bilbao","","",""
"cmuihw3ei0ba1sexpqh8m99sr","Hugo Rincón","","834487","2003-01-26","Spain","Defender","Right-Back",183,3500000,"first_team","cmuihqcpi00azh29e0ihjlfsq","Athletic Bilbao","","",""
"cmuihvy6m05ocsexp72wwdvn6","Iñaki Williams","","255508","1994-06-14","Ghana","Attack","Right Winger",186,8000000,"first_team","cmuihqcpi00azh29e0ihjlfsq","Athletic Bilbao","","",""
"cmuihvwrh03m0sexp914uwbj9","Iñigo Ruiz de Galarreta","","126751","1993-08-05","Spain","Midfield","Central Midfield",175,2000000,"first_team","cmuihqcpi00azh29e0ihjlfsq","Athletic Bilbao","","",""
"cmuihw0k508otsexpeqgt5ri8","Jesús Areso","","488626","1999-07-01","Spain","Defender","Right-Back",182,5000000,"first_team","cmuihqcpi00azh29e0ihjlfsq","Athletic Bilbao","","",""
"cmuihw3f50bq2sexp9ljjx0e1","Johaneko Louis-Jean","","926766","2004-06-27","France","Defender","Right-Back",175,400000,"first_team","cmuihqcpi00azh29e0ihjlfsq","Athletic Bilbao","","",""
"cmuihw43z0cffsexp3ymiyhf1","Maroan Sannadi","","1054934","2001-01-31","Morocco","Attack","Centre-Forward",192,3000000,"first_team","cmuihqcpi00azh29e0ihjlfsq","Athletic Bilbao","","",""
"cmuihw3fb0bvesexpwznsstw7","Mikel Jauregizar","","938729","2003-11-12","Spain","Midfield","Central Midfield",177,30000000,"first_team","cmuihqcpi00azh29e0ihjlfsq","Athletic Bilbao","","",""
"cmuihw24p0aaqsexp4fsgxtka","Nico Serrano","","668183","2003-03-04","Spain","Attack","Left Winger",176,1500000,"first_team","cmuihqcpi00azh29e0ihjlfsq","Athletic Bilbao","","",""
"cmuihw2pq0ammsexpzccu4geu","Nico Williams","","709187","2002-07-11","Spain","Attack","Left Winger",181,40000000,"first_team","cmuihqcpi00azh29e0ihjlfsq","Athletic Bilbao","","",""
"cmuihw1dl09g3sexpnl51rpih","Oihan Sancet","","571020","2000-04-24","Spain","Midfield","Attacking Midfield",188,25000000,"first_team","cmuihqcpi00azh29e0ihjlfsq","Athletic Bilbao","","",""
"cmuihw4400cg2sexpu9laqfvc","Peio Canales","","1056966","2005-01-16","Spain","Midfield","Attacking Midfield",175,10000000,"first_team","cmuihqcpi00azh29e0ihjlfsq","Athletic Bilbao","","",""
"cmuihw1dc09cisexp6ifjuqik","Robert Navarro","","563137","2002-04-11","Spain","Attack","Right Winger",178,6000000,"first_team","cmuihqcpi00azh29e0ihjlfsq","Athletic Bilbao","","",""
"cmuihw3ei0b9zsexpxg63tz70","Unai Egiluz","","834485","2002-03-18","Spain","Defender","Centre-Back",186,400000,"first_team","cmuihqcpi00azh29e0ihjlfsq","Athletic Bilbao","","",""
"cmuihvyqe05svsexp3w0ojara","Unai Simón","","262396","1997-06-10","Spain","Goalkeeper","Goalkeeper",190,22000000,"first_team","cmuihqcpi00azh29e0ihjlfsq","Athletic Bilbao","","",""
"cmuihvy6m05o7sexpkyoinhp2","Yeray Álvarez","","255488","1995-01-23","Spain","Defender","Centre-Back",182,900000,"first_team","cmuihqcpi00azh29e0ihjlfsq","Athletic Bilbao","","",""
"cmuihvuy402flsexpg44hdpj9","Yuri Berchiche","","61812","1990-02-09","Spain","Defender","Left-Back",181,1000000,"first_team","cmuihqcpi00azh29e0ihjlfsq","Athletic Bilbao","","",""
"cmuihvzwi07v4sexpmq710sni","Ademola Lookman","","406040","1997-10-19","Nigeria","Attack","Left Winger",174,40000000,"first_team","cmuihotfm002nb23fe7004xbm","Atlético de Madrid","","",""
"cmuihvxg304o0sexpa3b2wd89","Alejandro Grimaldo","","193082","1995-09-19","Spain","Defender","Left-Back",171,20000000,"first_team","cmuihotfm002nb23fe7004xbm","Atlético de Madrid","","",""
"cmuihw1d0097usexp6sfpu5k0","Álex Baena","","548111","2001-07-19","Spain","Attack","Left Winger",172,40000000,"first_team","cmuihotfm002nb23fe7004xbm","Atlético de Madrid","","",""
"cmuihvy6905d5sexp40385h54","Alexander Sørloth","","238407","1995-12-04","Norway","Attack","Centre-Forward",196,18000000,"first_team","cmuihotfm002nb23fe7004xbm","Atlético de Madrid","","",""
"cmuo50ad50006gffh2ioy6d5k","Arnau Ortiz","","802046","2001-10-29","Spain","Left Winger","Left Winger",,1200000,"first_team","cmuihotfm002nb23fe7004xbm","Atlético de Madrid","","",""
"cmuihvzbi0776sexp57a41jij","Cristian Romero","","355915","1998-04-26","Argentina","Defender","Centre-Back",185,45000000,"first_team","cmuihotfm002nb23fe7004xbm","Atlético de Madrid","","",""
"cmuihw3fd0bx0sexp7m14e157","Dani Martinez","","945763","2004-05-04","Spain","Defender","Centre-Back",186,500000,"first_team","cmuihotfm002nb23fe7004xbm","Atlético de Madrid","","",""
"cmuihvzwg07ucsexp2c86h4tf","Dávid Hancko","","404418","1997-12-12","Slovakia","Defender","Centre-Back",188,35000000,"first_team","cmuihotfm002nb23fe7004xbm","Atlético de Madrid","","",""
"cmuihw2pz0av1sexp304zjxhc","Giuliano Simeone","","742201","2002-12-17","Argentina","Attack","Right Winger",174,40000000,"first_team","cmuihotfm002nb23fe7004xbm","Atlético de Madrid","","",""
"cmuihvwrc03hfsexpdvlzi429","Jan Oblak","","121483","1993-01-06","Slovenia","Goalkeeper","Goalkeeper",188,15000000,"first_team","cmuihotfm002nb23fe7004xbm","Atlético de Madrid","","",""
"cmuihw2pg0afjsexpjncw125t","Johnny Cardoso","","689505","2001-09-19","United States","Midfield","Central Midfield",186,20000000,"first_team","cmuihotfm002nb23fe7004xbm","Atlético de Madrid","","",""
"cmuihw1bw091wsexpvxy4owd9","Jonathan David","","533738","2000-01-13","Canada","Attack","Centre-Forward",178,30000000,"first_team","cmuihotfm002nb23fe7004xbm","Atlético de Madrid","","",""
"cmuo50a8k0004gffh2t6z17jd","Jorge Domínguez","","1460961","2009-12-21","Spain; Congo","Centre-Back","Centre-Back",,8000000,"first_team","cmuihotfm002nb23fe7004xbm","Atlético de Madrid","","",""
"cmuihvy6f05hosexpgb5xq0e0","Juan Musso","","242359","1994-05-05","Argentina","Goalkeeper","Goalkeeper",193,3000000,"first_team","cmuihotfm002nb23fe7004xbm","Atlético de Madrid","","",""
"cmuihw1do09hgsexp6zwmbcym","Julián Alvarez","","576024","2000-01-30","Argentina","Attack","Centre-Forward",170,120000000,"first_team","cmuihotfm002nb23fe7004xbm","Atlético de Madrid","","",""
"cmuihw1d809atsexp00037bvb","Kang-in Lee","","557149","2001-02-18","Korea, South","Midfield","Attacking Midfield",174,28000000,"first_team","cmuihotfm002nb23fe7004xbm","Atlético de Madrid","","",""
"cmuihvvsa02pfsexpxkbusofq","Koke","","74229","1992-01-07","Spain","Midfield","Central Midfield",176,5000000,"first_team","cmuihotfm002nb23fe7004xbm","Atlético de Madrid","","",""
"cmuihw3ek0bbdsexphs6pydgv","Marc Pubill","","844637","2003-06-19","Spain","Defender","Centre-Back",191,35000000,"first_team","cmuihotfm002nb23fe7004xbm","Atlético de Madrid","","",""
"cmuihvyqr061ysexpywcl3i7l","Marcos Llorente","","282411","1995-01-29","Spain","Defender","Right-Back",183,20000000,"first_team","cmuihotfm002nb23fe7004xbm","Atlético de Madrid","","",""
"cmuihw0jk08elsexpa48tpb2h","Morten Hjulmand","","461496","1999-06-24","Denmark","Midfield","Defensive Midfield",185,45000000,"first_team","cmuihotfm002nb23fe7004xbm","Atlético de Madrid","","",""
"cmuihw3eu0bidsexpn138fhqj","Obed Vargas","","889435","2005-08-04","Mexico","Midfield","Central Midfield",175,10000000,"first_team","cmuihotfm002nb23fe7004xbm","Atlético de Madrid","","",""
"cmuihw2q80azcsexpga9eg7ph","Pablo Barrios","","775605","2003-06-14","Spain","Midfield","Central Midfield",181,55000000,"first_team","cmuihotfm002nb23fe7004xbm","Atlético de Madrid","","",""
"cmuihvzbc074bsexpnsolu5bn","Robin Le Normand","","351809","1996-11-10","Spain","Defender","Centre-Back",187,20000000,"first_team","cmuihotfm002nb23fe7004xbm","Atlético de Madrid","","",""
"cmuihw43e0bzxsexpwqyb1c0n","Rodrigo Mendoza","","961297","2005-03-14","Spain","Midfield","Central Midfield",182,20000000,"first_team","cmuihotfm002nb23fe7004xbm","Atlético de Madrid","","",""
"cmuihw3ew0bjvsexp9tc7z6yw","Salvi Esquivel","","895330","2005-09-29","Spain","Goalkeeper","Goalkeeper",193,1000000,"first_team","cmuihotfm002nb23fe7004xbm","Atlético de Madrid","","",""
"cmuihvws3042usexpka8e9emn","Aderllan Santos","","159142","1989-04-08","Brazil","Defender","Centre-Back",193,100000,"first_team","cmuiho6da001jb23f3qutfjx0","Avs Futebol","","",""
"cmuihvyrb06idsexpk8j0n66k","Bruno Lourenço","","314942","1998-02-01","Portugal","Midfield","Attacking Midfield",179,700000,"first_team","cmuiho6da001jb23f3qutfjx0","Avs Futebol","","",""
"cmuihw2pw0armsexpsz7nyrkh","Cristian Devenish","","726697","2001-01-24","Colombia","Defender","Centre-Back",192,800000,"first_team","cmuiho6da001jb23f3qutfjx0","Avs Futebol","","",""
"cmuihw4400cgfsexpgompthik","Edson Mucuana","","1058056","2003-12-11","Mozambique","Attack","Left Winger",167,0,"first_team","cmuiho6da001jb23f3qutfjx0","Avs Futebol","","",""
"cmuihw0jk08ewsexpahmxi8vb","Gustavo Assunção","","461629","2000-03-29","Brazil","Midfield","Defensive Midfield",178,1500000,"first_team","cmuiho6da001jb23f3qutfjx0","Avs Futebol","","",""
"cmuihw24f0a1tsexpnwq0kalf","Gustavo Mendonça","","637788","2003-03-10","Portugal","Midfield","Central Midfield",176,500000,"first_team","cmuiho6da001jb23f3qutfjx0","Avs Futebol","","",""
"cmuihw1dg09elsexppmgyv2dn","Jordi Escobar","","568155","2002-02-09","Spain","Attack","Centre-Forward",188,0,"first_team","cmuiho6da001jb23f3qutfjx0","Avs Futebol","","",""
"cmuihvyqi05vxsexpuqnogpy8","Kiki","","270055","1994-12-09","Portugal","Defender","Left-Back",181,300000,"first_team","cmuiho6da001jb23f3qutfjx0","Avs Futebol","","",""
"cmuihvzw107lksexp1os5s5zx","Kobamelo Kodisang","","390478","1999-08-27","South Africa","Attack","Right Winger",168,1500000,"first_team","cmuiho6da001jb23f3qutfjx0","Avs Futebol","","",""
"cmuihvux201y5sexp17xtyq38","Nenê","","45717","1983-07-27","Brazil","Attack","Centre-Forward",183,50000,"first_team","cmuiho6da001jb23f3qutfjx0","Avs Futebol","","",""
"cmuihw43q0c7esexp2d3lc6y0","Sidi Bane","","1000828","2004-01-13","Senegal","Defender","Centre-Back",184,0,"first_team","cmuiho6da001jb23f3qutfjx0","Avs Futebol","","",""
"cmuihw1cr0942sexpeszh6cgs","Simão","","538253","1993-07-01","Brazil","Goalkeeper","Goalkeeper",189,200000,"first_team","cmuiho6da001jb23f3qutfjx0","Avs Futebol","","",""
"cmuihw2q30axlsexpu7ortbtk","Tiago Hernández","","747810","2002-05-10","Uruguay","Midfield","Defensive Midfield",183,300000,"first_team","cmuiho6da001jb23f3qutfjx0","Avs Futebol","","",""
"cmuihvvvx032gsexpjgqmuio2","Trigueira","","91949","1988-01-03","Portugal","Goalkeeper","Goalkeeper",192,50000,"first_team","cmuiho6da001jb23f3qutfjx0","Avs Futebol","","",""
"cmuihw3f30bpdsexpbu7gy61f","Tunde Akinsola","","924447","2003-03-09","Nigeria","Attack","Left Winger",175,800000,"first_team","cmuiho6da001jb23f3qutfjx0","Avs Futebol","","",""
"cmuihw0k008lbsexp2jyx9djx","Alexandre Penetra","","479643","2001-09-08","Portugal","Defender","Centre-Back",186,10000000,"first_team","cmuiho33d001db23ffg0co70a","AZ Alkmaar","","",""
"cmuihw4480clasexp062dylb7","Ayoub Oufkir","","1078350","2006-01-03","Netherlands","Attack","Right Winger",176,3000000,"first_team","cmuiho33d001db23ffg0co70a","AZ Alkmaar","","",""
"cmuihw43r0c8qsexpw7i46vva","Billy van Duijl","","1008564","2005-10-03","Netherlands","Defender","Centre-Back",190,1500000,"first_team","cmuiho33d001db23ffg0co70a","AZ Alkmaar","","",""
"cmuihw2q30axdsexpfoihlphu","Dave Kwakman","","747017","2004-08-06","Netherlands","Midfield","Central Midfield",186,1500000,"first_team","cmuiho33d001db23ffg0co70a","AZ Alkmaar","","",""
"cmuihw1do09hosexpw4e91lgh","Denso Kasius","","577394","2002-10-05","Netherlands","Defender","Right-Back",183,6000000,"first_team","cmuiho33d001db23ffg0co70a","AZ Alkmaar","","",""
"cmuihw43d0bzesexpclzehumw","Elijah Dijkstra","","957241","2006-08-04","Netherlands","Defender","Right-Back",172,6000000,"first_team","cmuiho33d001db23ffg0co70a","AZ Alkmaar","","",""
"cmuihvvyg03e5sexp04w49fa3","Hobie Verhulst","","116471","1993-04-01","Netherlands","Goalkeeper","Goalkeeper",192,150000,"first_team","cmuiho33d001db23ffg0co70a","AZ Alkmaar","","",""
"cmuihw1cw096nsexp0v3lvrt1","Ibrahim Sadiq","","543501","2000-05-06","Ghana","Attack","Right Winger",167,2000000,"first_team","cmuiho33d001db23ffg0co70a","AZ Alkmaar","","",""
"cmuihvvv402tbsexpxh7gz09z","Jeroen Zoet","","79045","1991-01-05","Netherlands","Goalkeeper","Goalkeeper",189,250000,"first_team","cmuiho33d001db23ffg0co70a","AZ Alkmaar","","",""
"cmuihvxfx04j3sexpsbljcqat","Jizz Hornkamp","","185817","1998-03-06","Netherlands","Attack","Centre-Forward",182,2500000,"first_team","cmuiho33d001db23ffg0co70a","AZ Alkmaar","","",""
"cmuihvvwd0390sexpif8sh29o","Jordy Clasie","","104223","1991-06-26","Netherlands","Midfield","Defensive Midfield",169,800000,"first_team","cmuiho33d001db23ffg0co70a","AZ Alkmaar","","",""
"cmuihw43k0c54sexp1ro230ca","Kasper Boogaard","","988406","2006-01-28","Netherlands","Midfield","Defensive Midfield",187,2500000,"first_team","cmuiho33d001db23ffg0co70a","AZ Alkmaar","","",""
"cmuihw3ep0be4sexpbr2oy60h","Kees Smit","","859035","2006-01-19","Netherlands","Midfield","Central Midfield",185,25000000,"first_team","cmuiho33d001db23ffg0co70a","AZ Alkmaar","","",""
"cmuihw2pw0as5sexpnzf65t65","Lequincio Zeefuik","","728864","2004-11-25","Netherlands","Attack","Centre-Forward",197,850000,"first_team","cmuiho33d001db23ffg0co70a","AZ Alkmaar","","",""
"cmuihw2qb0b29sexp20yjbri6","Lewis Schouten","","801031","2004-02-03","Netherlands","Defender","Centre-Back",191,700000,"first_team","cmuiho33d001db23ffg0co70a","AZ Alkmaar","","",""
"cmuihw4460cj6sexpqh3yeya5","Mateo Chávez","","1066953","2004-05-11","Mexico","Defender","Left-Back",178,4000000,"first_team","cmuiho33d001db23ffg0co70a","AZ Alkmaar","","",""
"cmuihw3f60bqysexpej3hnq26","Mathijs Menu","","929130","2005-04-30","Netherlands","Defender","Centre-Back",181,0,"first_team","cmuiho33d001db23ffg0co70a","AZ Alkmaar","","",""
"cmuihw24h0a3qsexpgwao5x5w","Maxim Dekker","","646704","2004-04-20","Netherlands","Defender","Centre-Back",192,650000,"first_team","cmuiho33d001db23ffg0co70a","AZ Alkmaar","","",""
"cmuihw2qa0b14sexpw5mm56o7","Mayckel Lahdo","","795274","2002-12-29","Sweden","Attack","Right Winger",179,2700000,"first_team","cmuiho33d001db23ffg0co70a","AZ Alkmaar","","",""
"cmuihvyrb06ixsexptl00p20j","Mees de Wit","","315254","1998-04-16","Netherlands","Defender","Left-Back",181,6000000,"first_team","cmuiho33d001db23ffg0co70a","AZ Alkmaar","","",""
"cmuihw24u0adxsexp6gnskcyd","Mexx Meerdink","","678546","2003-07-23","Netherlands","Attack","Centre-Forward",182,8000000,"first_team","cmuiho33d001db23ffg0co70a","AZ Alkmaar","","",""
"cmuihw2pk0ajgsexpx6sygszs","Nick Twisk","","702447","2003-03-12","Netherlands","Midfield","Defensive Midfield",181,0,"first_team","cmuiho33d001db23ffg0co70a","AZ Alkmaar","","",""
"cmuihvzbk079wsexph559fvty","Peer Koopmeiners","","361074","2000-05-03","Netherlands","Midfield","Defensive Midfield",186,12000000,"first_team","cmuiho33d001db23ffg0co70a","AZ Alkmaar","","",""
"cmuihw3f60bqzsexpoztwt4w9","Rio Robbemond","","929133","2005-01-04","Netherlands","Midfield","Central Midfield",185,0,"first_team","cmuiho33d001db23ffg0co70a","AZ Alkmaar","","",""
"cmuihw3f90btssexpjlhmn4fg","Rion Ichihara","","936294","2005-07-06","Japan","Defender","Centre-Back",187,1500000,"first_team","cmuiho33d001db23ffg0co70a","AZ Alkmaar","","",""
"cmuihw2qb0b26sexpbn25666m","Ro-Zangelo Daal","","800995","2004-02-09","Netherlands","Attack","Left Winger",173,3000000,"first_team","cmuiho33d001db23ffg0co70a","AZ Alkmaar","","",""
"cmuihw2po0akosexpj0jd3qyo","Rome-Jayden Owusu-Oduro","","704772","2004-07-01","Netherlands","Goalkeeper","Goalkeeper",190,6000000,"first_team","cmuiho33d001db23ffg0co70a","AZ Alkmaar","","",""
"cmuihw2px0at3sexpn67acw7o","Seiya Maikuma","","733438","1997-10-15","Japan","Defender","Right-Back",179,2000000,"first_team","cmuiho33d001db23ffg0co70a","AZ Alkmaar","","",""
"cmuihw1dp09i3sexpc4ptb0oh","Sven Mijnans","","578804","2000-03-08","Netherlands","Midfield","Attacking Midfield",190,15000000,"first_team","cmuiho33d001db23ffg0co70a","AZ Alkmaar","","",""
"cmuihw43e0bznsexp4uvj0r7n","Weslley Patati","","959106","2003-09-30","Brazil","Attack","Right Winger",172,4500000,"first_team","cmuiho33d001db23ffg0co70a","AZ Alkmaar","","",""
"cmuihw24h0a3rsexp047bzlgw","Wouter Goes","","646707","2004-06-09","Netherlands","Defender","Centre-Back",188,15000000,"first_team","cmuiho33d001db23ffg0co70a","AZ Alkmaar","","",""
"cmuihw23v09nbsexp916p2hwr","Zico Buurmeester","","595940","2002-06-06","Netherlands","Midfield","Central Midfield",184,1300000,"first_team","cmuiho33d001db23ffg0co70a","AZ Alkmaar","","",""
"cmuihw43c0bydsexp81zjasxr","Afonso Moreira","","952282","2005-03-18","Portugal","Attack","Left Winger",176,20000000,"first_team","cmuihpzti003xh29ejh2oa78u","Bayer 04 Leverkusen","","",""
"cmuihvyqe05shsexpc19fcapy","Aleix García","","261504","1997-06-27","Spain","Midfield","Central Midfield",173,20000000,"first_team","cmuihpzti003xh29ejh2oa78u","Bayer 04 Leverkusen","","",""
"cmuihw4rx0d67sexprnk4t35n","Christian Kofane","","1364454","2006-07-25","Cameroon","Attack","Centre-Forward",189,40000000,"first_team","cmuihpzti003xh29ejh2oa78u","Bayer 04 Leverkusen","","",""
"cmuihw1dc09cvsexp6pxfr6zg","Edmond Tapsoba","","564545","1999-02-01","Burkina Faso","Defender","Centre-Back",194,35000000,"first_team","cmuihpzti003xh29ejh2oa78u","Bayer 04 Leverkusen","","",""
"cmuihw2qf0b4xsexpwd9ngnft","Eliesse Ben Seghir","","810895","2005-02-15","Morocco","Attack","Left Winger",178,20000000,"first_team","cmuihpzti003xh29ejh2oa78u","Bayer 04 Leverkusen","","",""
"cmuihw24n0a9lsexpwegyug0n","Equi Fernández","","664708","2002-07-24","Argentina","Midfield","Defensive Midfield",178,20000000,"first_team","cmuihpzti003xh29ejh2oa78u","Bayer 04 Leverkusen","","",""
"cmuihw0ju08jtsexpu31usssv","Facundo Medina","","474800","1999-05-27","Argentina","Defender","Centre-Back",184,18000000,"first_team","cmuihpzti003xh29ejh2oa78u","Bayer 04 Leverkusen","","",""
"cmuihw2ps0ao6sexp75b9vdcm","Guéla Doué","","711980","2002-10-16","Cote d'Ivoire","Defender","Right-Back",187,20000000,"first_team","cmuihpzti003xh29ejh2oa78u","Bayer 04 Leverkusen","","",""
"cmuihw3ey0blesexpu7vob9dq","Ibrahim Maza","","905011","2005-11-23","Algeria","Midfield","Attacking Midfield",180,45000000,"first_team","cmuihpzti003xh29ejh2oa78u","Bayer 04 Leverkusen","","",""
"cmuihvvv602ugsexp5p14aep8","Janis Blaswich","","81173","1991-05-01","Germany","Goalkeeper","Goalkeeper",193,700000,"first_team","cmuihpzti003xh29ejh2oa78u","Bayer 04 Leverkusen","","",""
"cmuihw24b09ztsexpvb8zj1pv","Jarell Quansah","","632349","2003-01-28","England","Defender","Centre-Back",190,45000000,"first_team","cmuihpzti003xh29ejh2oa78u","Bayer 04 Leverkusen","","",""
"cmuihruku013fh29ezzq66sba","Jonas Hofmann","","7161","1992-07-13","Germany","Midfield","Attacking Midfield",176,1500000,"first_team","cmuihpzti003xh29ejh2oa78u","Bayer 04 Leverkusen","","",""
"cmuo5a0vf000jitgyzcj55asq","Kennet Eichhorn","","1214123","2009-07-27","Germany","Defensive Midfield","Defensive Midfield",,20000000,"first_team","cmuihpzti003xh29ejh2oa78u","Bayer 04 Leverkusen","","",""
"cmuihw2px0asjsexpq9j5uuvq","Loïc Badé","","730581","2000-04-10","France","Defender","Centre-Back",191,20000000,"first_team","cmuihpzti003xh29ejh2oa78u","Bayer 04 Leverkusen","","",""
"cmuihvy5y0549sexp22v9gkj0","Lucas Vázquez","","221316","1991-06-30","Spain","Defender","Right-Back",173,1500000,"first_team","cmuihpzti003xh29ejh2oa78u","Bayer 04 Leverkusen","","",""
"cmuihw0jq08hisexp7yxdwnci","Malik Tillman","","467437","2002-05-27","United States","Midfield","Attacking Midfield",187,30000000,"first_team","cmuihpzti003xh29ejh2oa78u","Bayer 04 Leverkusen","","",""
"cmuihvwrg03kksexp8xcr0bi4","Mark Flekken","","125714","1993-06-12","Netherlands","Goalkeeper","Goalkeeper",195,6000000,"first_team","cmuihpzti003xh29ejh2oa78u","Bayer 04 Leverkusen","","",""
"cmuihw0j40884sexp0rss7pxr","Martin Terrier","","442891","1997-03-03","France","Attack","Left Winger",184,8000000,"first_team","cmuihpzti003xh29ejh2oa78u","Bayer 04 Leverkusen","","",""
"cmuihw1bq08z1sexp7sr0logf","Miguel Gutiérrez","","525299","2001-07-26","Spain","Defender","Left-Back",180,22000000,"first_team","cmuihpzti003xh29ejh2oa78u","Bayer 04 Leverkusen","","",""
"cmuihw4410cgosexpz1admr87","Montrell Culbreath","","1058514","2007-08-28","Germany","Attack","Right Winger",172,15000000,"first_team","cmuihpzti003xh29ejh2oa78u","Bayer 04 Leverkusen","","",""
"cmuo5a0zt000litgymls25qr1","Moussa Diaby","","395516","1999-07-07","France; Mali","Right Winger","Right Winger",,25000000,"first_team","cmuihpzti003xh29ejh2oa78u","Bayer 04 Leverkusen","","",""
"cmuihvzb306wesexp2q8dlt3v","Nathan Tella","","340322","1999-07-04","Nigeria","Attack","Right Winger",173,15000000,"first_team","cmuihpzti003xh29ejh2oa78u","Bayer 04 Leverkusen","","",""
"cmuo5a14j000nitgym8id8rd4","Ndjicoura Bomba","","1392804","2008-03-12","Mali","Centre-Forward","Centre-Forward",,0,"first_team","cmuihpzti003xh29ejh2oa78u","Bayer 04 Leverkusen","","",""
"cmuihvvvl02yfsexptyvfedt9","Niklas Lomb","","85543","1993-07-27","Germany","Goalkeeper","Goalkeeper",186,250000,"first_team","cmuihpzti003xh29ejh2oa78u","Bayer 04 Leverkusen","","",""
"cmuihvy6e05hhsexpa1htzyvc","Patrik Schick","","242086","1996-01-23","Czech Republic","Attack","Centre-Forward",191,18000000,"first_team","cmuihpzti003xh29ejh2oa78u","Bayer 04 Leverkusen","","",""
"cmuihvws3042ssexp9j0yb26d","Robert Andrich","","159088","1994-09-21","Germany","Midfield","Defensive Midfield",187,6000000,"first_team","cmuihpzti003xh29ejh2oa78u","Bayer 04 Leverkusen","","",""
"cmuo5a0nj000hitgyuouin594","Tim Oermann","","696164","2003-10-06","Germany","Centre-Back","Centre-Back",,4000000,"first_team","cmuihpzti003xh29ejh2oa78u","Bayer 04 Leverkusen","","",""
"cmuihw24l0a72sexpd73ye2wz","Victor Boniface","","656681","2000-12-22","Nigeria","Attack","Centre-Forward",190,5000000,"first_team","cmuihpzti003xh29ejh2oa78u","Bayer 04 Leverkusen","","",""
"cmuihw2q90b0ysexpqp0yxu6s","Aleksandar Pavlovic","","792380","2004-05-02","Germany","Midfield","Defensive Midfield",188,90000000,"first_team","cmuihq3qa0061h29eyxx4xw43","Bayern Munich","","",""
"cmuihvzwv082rsexpj1rn7qmm","Alphonso Davies","","424204","2000-11-01","Canada","Defender","Left-Back",183,40000000,"first_team","cmuihq3qa0061h29eyxx4xw43","Bayern Munich","","",""
"cmuihw4st0d7wsexpdqcqf3cq","Bara Sapoko Ndiaye","","1497653","2007-12-30","Senegal","Midfield","Central Midfield",180,4000000,"first_team","cmuihq3qa0061h29eyxx4xw43","Bayern Munich","","",""
"cmuihvzb7070bsexps3tdmteg","Dayot Upamecano","","344695","1998-10-26","France","Defender","Centre-Back",186,70000000,"first_team","cmuihq3qa0061h29eyxx4xw43","Bayern Munich","","",""
"cmuihvwrm03qrsexpjskl9ltc","Harry Kane","","132098","1993-07-27","England","Attack","Centre-Forward",188,60000000,"first_team","cmuihq3qa0061h29eyxx4xw43","Bayern Munich","","",""
"cmuihvzbf075ssexpa3dj4hds","Hiroki Ito","","353892","1999-05-11","Japan","Defender","Centre-Back",188,18000000,"first_team","cmuihq3qa0061h29eyxx4xw43","Bayern Munich","","",""
"cmuihw2pk0ajmsexptp44k1b5","Ismael Saibari","","702869","2001-01-27","Morocco","Midfield","Attacking Midfield",185,40000000,"first_team","cmuihq3qa0061h29eyxx4xw43","Bayern Munich","","",""
"cmuihw1dq09iksexpkrsp7bv9","Jamal Musiala","","580195","2003-02-25","Germany","Midfield","Attacking Midfield",184,100000000,"first_team","cmuihq3qa0061h29eyxx4xw43","Bayern Munich","","",""
"cmuihw24109r7sexp2yhvwr6a","Jonas Urbig","","607720","2003-08-07","Germany","Goalkeeper","Goalkeeper",189,18000000,"first_team","cmuihq3qa0061h29eyxx4xw43","Bayern Munich","","",""
"cmuihvxg604pysexpxrcdzkqi","Jonathan Tah","","196357","1996-02-10","Germany","Defender","Centre-Back",195,28000000,"first_team","cmuihq3qa0061h29eyxx4xw43","Bayern Munich","","",""
"cmuihvws50447sexp09vsoljw","Joshua Kimmich","","161056","1995-02-07","Germany","Midfield","Defensive Midfield",177,35000000,"first_team","cmuihq3qa0061h29eyxx4xw43","Bayern Munich","","",""
"cmuihw0k208mpsexp0kq5jz3m","Josip Stanisic","","483046","2000-04-01","Croatia","Defender","Right-Back",187,40000000,"first_team","cmuihq3qa0061h29eyxx4xw43","Bayern Munich","","",""
"cmuihvy5z055csexp4fwockyf","Konrad Laimer","","223967","1997-05-26","Austria","Defender","Right-Back",180,32000000,"first_team","cmuihq3qa0061h29eyxx4xw43","Bayern Munich","","",""
"cmuihw4470ckksexpvzh8btuz","Lennart Karl","","1075147","2008-02-21","Germany","Midfield","Attacking Midfield",168,60000000,"first_team","cmuihq3qa0061h29eyxx4xw43","Bayern Munich","","",""
"cmuihw0k108lusexpm1nzzdz1","Luis Díaz","","480692","1997-01-12","Colombia","Attack","Left Winger",179,70000000,"first_team","cmuihq3qa0061h29eyxx4xw43","Bayern Munich","","",""
"cmuihvt1q010gsexpezknfar6","Manuel Neuer","","17259","1986-03-26","Germany","Goalkeeper","Goalkeeper",193,4000000,"first_team","cmuihq3qa0061h29eyxx4xw43","Bayern Munich","","",""
"cmuihw1de09dqsexpwa1h57iy","Michael Olise","","566723","2001-12-11","France","Attack","Right Winger",180,170000000,"first_team","cmuihq3qa0061h29eyxx4xw43","Bayern Munich","","",""
"cmuihw0k808s4sexpxtpq16yj","Min-jae Kim","","503482","1996-11-14","Korea, South","Defender","Centre-Back",190,20000000,"first_team","cmuihq3qa0061h29eyxx4xw43","Bayern Munich","","",""
"cmuihw2pg0ag3sexp5rq6fir8","Nathaniel Brown","","691892","2003-06-15","Germany","Defender","Left-Back",176,40000000,"first_team","cmuihq3qa0061h29eyxx4xw43","Bayern Munich","","",""
"cmuihw0jv08k1sexp1hocop56","Sacha Boey","","475413","2000-09-12","France","Defender","Right-Back",178,10000000,"first_team","cmuihq3qa0061h29eyxx4xw43","Bayern Munich","","",""
"cmuihvws30432sexp791mqmhd","Serge Gnabry","","159471","1995-07-13","Germany","Attack","Second Striker",176,18000000,"first_team","cmuihq3qa0061h29eyxx4xw43","Bayern Munich","","",""
"cmuihvu5101rdsexp25fdvkw2","Sven Ulreich","","40680","1988-08-02","Germany","Goalkeeper","Goalkeeper",192,500000,"first_team","cmuihq3qa0061h29eyxx4xw43","Bayern Munich","","",""
"cmuihw3eg0b8dsexpbjiqaars","Tom Bischof","","822959","2005-06-27","Germany","Midfield","Central Midfield",176,40000000,"first_team","cmuihq3qa0061h29eyxx4xw43","Bayern Munich","","",""
"cmuihvzb706zisexpqbwmb7v8","Artem Dovbyk","","343537","1997-06-20","Ukraine","Attack","Centre-Forward",189,15000000,"first_team","cmuihnmx8000jb23fowusi2kw","Bologna Football Club 1909","","",""
"cmuihvzvp07cosexpppijmg4l","Arthur Theate","","368891","2000-05-24","Belgium","Defender","Centre-Back",185,17000000,"first_team","cmuihnmx8000jb23fowusi2kw","Bologna Football Club 1909","","",""
"cmuihw4r00crhsexpsiryk5o5","Eivind Helland","","1129198","2005-04-24","Norway","Defender","Centre-Back",196,8000000,"first_team","cmuihnmx8000jb23fowusi2kw","Bologna Football Club 1909","","",""
"cmuihw0k708qpsexp0k1n4zdj","Emil Holm","","496745","2000-05-12","Sweden","Defender","Right-Back",191,10000000,"first_team","cmuihnmx8000jb23fowusi2kw","Bologna Football Club 1909","","",""
"cmuihvxg704qpsexpgzkbidbo","Federico Bernardeschi","","197300","1994-02-15","Italy","Attack","Right Winger",183,3500000,"first_team","cmuihnmx8000jb23fowusi2kw","Bologna Football Club 1909","","",""
"cmuo54cw9001bbpsmwrt7bc4c","Jay Enem","","678035","2003-03-11","Netherlands; Nigeria","Centre-Forward","Centre-Forward",,0,"first_team","cmuihnmx8000jb23fowusi2kw","Bologna Football Club 1909","","",""
"cmuihvzb8070xsexphnhfoi5s","Jens Odgaard","","345590","1999-03-30","Denmark","Midfield","Attacking Midfield",188,12000000,"first_team","cmuihnmx8000jb23fowusi2kw","Bologna Football Club 1909","","",""
"cmuihvzb506xusexpqkpy0wkw","Juan Miranda","","341227","2000-01-18","Spain","Defender","Left-Back",185,15000000,"first_team","cmuihnmx8000jb23fowusi2kw","Bologna Football Club 1909","","",""
"cmuihw0ip0841sexpur4yvmkx","Lewis Ferguson","","428563","1999-08-23","Scotland","Midfield","Central Midfield",181,14000000,"first_team","cmuihnmx8000jb23fowusi2kw","Bologna Football Club 1909","","",""
"cmuihvu4m01i3sexpz0tyzpem","Lorenzo De Silvestri","","33571","1988-05-22","Italy","Defender","Right-Back",187,600000,"first_team","cmuihnmx8000jb23fowusi2kw","Bologna Football Club 1909","","",""
"cmuihvvv602udsexp1hsj3a7b","Lukasz Skorupski","","80894","1991-05-04","Poland","Goalkeeper","Goalkeeper",188,2000000,"first_team","cmuihnmx8000jb23fowusi2kw","Bologna Football Club 1909","","",""
"cmuo54cst0019bpsm1mdjqiun","Marco Libra","","1311378","2008-03-21","Venezuela; Italy","Central Midfield","Central Midfield",,0,"first_team","cmuihnmx8000jb23fowusi2kw","Bologna Football Club 1909","","",""
"cmuihw24j0a5nsexp6hsiotny","Martin Vitík","","652054","2003-01-20","Czech Republic","Defender","Centre-Back",193,13000000,"first_team","cmuihnmx8000jb23fowusi2kw","Bologna Football Club 1909","","",""
"cmuihw43n0c68sexpxkstsb1v","Massimo Pessina","","992569","2007-12-24","Italy","Goalkeeper","Goalkeeper",188,3500000,"first_team","cmuihnmx8000jb23fowusi2kw","Bologna Football Club 1909","","",""
"cmuo54cpm0017bpsmxvumlqp5","Mikel Amondarain","","1283311","2005-01-06","Argentina","Central Midfield","Central Midfield",,0,"first_team","cmuihnmx8000jb23fowusi2kw","Bologna Football Club 1909","","",""
"cmuihvzw407o7sexpp96fq7dh","Nadir Zortea","","392966","1999-06-18","Italy","Defender","Right-Back",187,7000000,"first_team","cmuihnmx8000jb23fowusi2kw","Bologna Football Club 1909","","",""
"cmuihw0jg08dcsexpfnqedib0","Nicolò Cambiaghi","","459151","2000-12-27","Italy","Attack","Left Winger",176,14000000,"first_team","cmuihnmx8000jb23fowusi2kw","Bologna Football Club 1909","","",""
"cmuihvzw107lcsexplsf6zien","Nicolò Casale","","389837","1998-02-13","Italy","Defender","Centre-Back",191,3800000,"first_team","cmuihnmx8000jb23fowusi2kw","Bologna Football Club 1909","","",""
"cmuihvzak06k4sexp4ws2xnnn","Nikola Moro","","316934","1998-03-11","Croatia","Midfield","Defensive Midfield",183,7000000,"first_team","cmuihnmx8000jb23fowusi2kw","Bologna Football Club 1909","","",""
"cmuihw1bu090ssexp5cklmzcn","Oussama El Azzouzi","","531065","2001-05-28","Morocco","Midfield","Defensive Midfield",189,1800000,"first_team","cmuihnmx8000jb23fowusi2kw","Bologna Football Club 1909","","",""
"cmuihw3f70brgsexpwx0x89e8","Rahim Alhassane","","929899","2001-12-31","Niger","Defender","Left-Back",184,1500000,"first_team","cmuihnmx8000jb23fowusi2kw","Bologna Football Club 1909","","",""
"cmuihvzvp07chsexp5gsdrhi1","Riccardo Orsolini","","368482","1997-01-23","Italy","Attack","Right Winger",186,15000000,"first_team","cmuihnmx8000jb23fowusi2kw","Bologna Football Club 1909","","",""
"cmuihw0is0850sexpilvxigxz","Roberto Piccoli","","432092","2001-01-26","Italy","Attack","Centre-Forward",190,14000000,"first_team","cmuihnmx8000jb23fowusi2kw","Bologna Football Club 1909","","",""
"cmuihw24k0a6fsexpdnyckwwj","Samuel Mbangula","","654991","2004-01-15","Belgium","Attack","Left Winger",179,8000000,"first_team","cmuihnmx8000jb23fowusi2kw","Bologna Football Club 1909","","",""
"cmuihvzw307n8sexp42dylf24","Tommaso Pobega","","392538","1999-07-14","Italy","Midfield","Central Midfield",188,8000000,"first_team","cmuihnmx8000jb23fowusi2kw","Bologna Football Club 1909","","",""
"cmuihw0jo08gesexptz6vnery","Torbjørn Heggem","","464469","1999-01-11","Norway","Defender","Centre-Back",192,13000000,"first_team","cmuihnmx8000jb23fowusi2kw","Bologna Football Club 1909","","",""
"cmuihw43t0ca6sexptonktr7u","Ukko Happonen","","1018026","2007-03-12","Finland","Goalkeeper","Goalkeeper",,50000,"first_team","cmuihnmx8000jb23fowusi2kw","Bologna Football Club 1909","","",""
"cmuihvvsv02resexpsrztnzui","Alexander Meyer","","76158","1991-04-12","Germany","Goalkeeper","Goalkeeper",195,500000,"first_team","cmuihq09e0045h29ednnt1hkq","Borussia Dortmund","","",""
"cmuihw24m0a81sexpq4ajr3xv","Carney Chukwuemeka","","659459","2003-10-19","Austria","Midfield","Central Midfield",187,20000000,"first_team","cmuihq09e0045h29ednnt1hkq","Borussia Dortmund","","",""
"cmuihw1dp09i8sexpxgnx7p2i","Daniel Svensson","","579287","2002-02-11","Sweden","Defender","Left-Back",183,22000000,"first_team","cmuihq09e0045h29ednnt1hkq","Borussia Dortmund","","",""
"cmuihvvyk03fxsexpcswjqcp1","Emre Can","","119296","1994-01-11","Germany","Defender","Centre-Back",186,3000000,"first_team","cmuihq09e0045h29ednnt1hkq","Borussia Dortmund","","",""
"cmuo59we60007itgyjmcsrzjt","Enzo dos Santos","","1311594","2009-01-28","Luxembourg; Cape Verde","Central Midfield","Central Midfield",,250000,"first_team","cmuihq09e0045h29ednnt1hkq","Borussia Dortmund","","",""
"cmuihw3eu0bimsexpjujsn1l7","Ethan Nwaneri","","890719","2007-03-20","England","Midfield","Attacking Midfield",176,35000000,"on_loan","cmuihq09e0045h29ednnt1hkq","Borussia Dortmund","cmuiho5do001hb23froc57owj","Arsenal FC","2027-06-30"
"cmuihw0kb08tysexp5ia2upzu","Fábio Silva","","505653","2002-07-18","Portugal","Attack","Centre-Forward",185,22000000,"first_team","cmuihq09e0045h29ednnt1hkq","Borussia Dortmund","","",""
"cmuihvzwj07vosexp90k7rxmd","Felix Nmecha","","406640","2000-10-09","Germany","Midfield","Central Midfield",190,50000000,"first_team","cmuihq09e0045h29ednnt1hkq","Borussia Dortmund","","",""
"cmuihw3et0bhbsexpb2te1ck2","Filippo Mane","","883007","2005-03-07","Italy","Defender","Centre-Back",188,2500000,"first_team","cmuihq09e0045h29ednnt1hkq","Borussia Dortmund","","",""
"cmuo59wmv000bitgyvljmnrby","Giannis Konstantelias","","628331","2003-03-05","Greece","Attacking Midfield","Attacking Midfield",,22000000,"first_team","cmuihq09e0045h29ednnt1hkq","Borussia Dortmund","","",""
"cmuihvy6q05q9sexpgoh0xmf6","Gregor Kobel","","257814","1997-12-05","Switzerland","Goalkeeper","Goalkeeper",196,40000000,"first_team","cmuihq09e0045h29ednnt1hkq","Borussia Dortmund","","",""
"cmuo59vzv0003itgylw3dtqt9","Joane Gadou","","1075577","2007-01-17","France; Cote d'Ivoire","Centre-Back","Centre-Back",,20000000,"first_team","cmuihq09e0045h29ednnt1hkq","Borussia Dortmund","","",""
"cmuihw2qa0b1bsexp9vxoepju","Jobe Bellingham","","796297","2005-09-22","England","Midfield","Central Midfield",191,40000000,"first_team","cmuihq09e0045h29ednnt1hkq","Borussia Dortmund","","",""
"cmuihvzwk07w7sexpz23543nr","Joey Veerman","","408574","1998-11-18","Netherlands","Midfield","Central Midfield",185,25000000,"first_team","cmuihq09e0045h29ednnt1hkq","Borussia Dortmund","","",""
"cmuihvzvq07ddsexpdo49b085","Julian Ryerson","","370789","1997-11-16","Norway","Defender","Right-Back",183,25000000,"first_team","cmuihq09e0045h29ednnt1hkq","Borussia Dortmund","","",""
"cmuo59wrj000ditgye1qh6ef0","Justin Lerma","","1185507","2008-05-05","Ecuador","Attacking Midfield","Attacking Midfield",,3200000,"first_team","cmuihq09e0045h29ednnt1hkq","Borussia Dortmund","","",""
"cmuo59w4q0005itgy1foqe77j","Kauã Prates","","1275068","2008-08-12","Brazil","Left-Back","Left-Back",,10000000,"first_team","cmuihq09e0045h29ednnt1hkq","Borussia Dortmund","","",""
"cmuo59wij0009itgy0skqipgv","Konstantinos Karetsas","","990148","2007-11-19","Greece; Belgium","Attacking Midfield","Attacking Midfield",,35000000,"first_team","cmuihq09e0045h29ednnt1hkq","Borussia Dortmund","","",""
"cmuihw4470ckjsexpyoybixkt","Luca Reggiani","","1074990","2008-01-08","Italy","Defender","Centre-Back",194,10000000,"first_team","cmuihq09e0045h29ednnt1hkq","Borussia Dortmund","","",""
"cmuihvvwf039vsexp9yyznwvj","Marcel Sabitzer","","106987","1994-03-16","Austria","Midfield","Central Midfield",178,6000000,"first_team","cmuihq09e0045h29ednnt1hkq","Borussia Dortmund","","",""
"cmuihw4rj0cz3sexp2noh4mjh","Mathis Albert","","1193849","2009-05-20","United States","Attack","Left Winger",179,300000,"first_team","cmuihq09e0045h29ednnt1hkq","Borussia Dortmund","","",""
"cmuihw1do09husexp7tgtu9u1","Maximilian Beier","","578392","2002-10-16","Germany","Attack","Centre-Forward",185,40000000,"first_team","cmuihq09e0045h29ednnt1hkq","Borussia Dortmund","","",""
"cmuihw4r40ct3sexpz47owj4s","Mussa Kaba","","1141179","2008-11-16","Germany","Midfield","Defensive Midfield",196,200000,"first_team","cmuihq09e0045h29ednnt1hkq","Borussia Dortmund","","",""
"cmuihvzw007krsexpxok4m3o2","Nico Schlotterbeck","","388198","1999-11-30","Germany","Defender","Centre-Back",191,55000000,"first_team","cmuihq09e0045h29ednnt1hkq","Borussia Dortmund","","",""
"cmuihvvw3034msexpkj25x5r8","Patrick Drewes","","94192","1993-02-03","Germany","Goalkeeper","Goalkeeper",194,300000,"first_team","cmuihq09e0045h29ednnt1hkq","Borussia Dortmund","","",""
"cmuihvyqt063psexptja9l616","Ramy Bensebaini","","284732","1995-04-15","Algeria","Defender","Centre-Back",187,7000000,"first_team","cmuihq09e0045h29ednnt1hkq","Borussia Dortmund","","",""
"cmuihw4400cgksexp5hs9ptnd","Samuele Inácio","","1058359","2008-04-01","Italy","Attack","Second Striker",176,15000000,"first_team","cmuihq09e0045h29ednnt1hkq","Borussia Dortmund","","",""
"cmuihvyqi05w5sexpei7rt7g9","Serhou Guirassy","","270541","1996-03-11","Guinea","Attack","Centre-Forward",187,32000000,"first_team","cmuihq09e0045h29ednnt1hkq","Borussia Dortmund","","",""
"cmuihw2pf0aeqsexpbcgr4v32","Silas Ostrzinski","","684116","2003-11-18","Germany","Goalkeeper","Goalkeeper",198,200000,"first_team","cmuihq09e0045h29ednnt1hkq","Borussia Dortmund","","",""
"cmuihvxg304nwsexpjm0mdul0","Waldemar Anton","","193004","1996-07-19","Germany","Defender","Centre-Back",189,18000000,"first_team","cmuihq09e0045h29ednnt1hkq","Borussia Dortmund","","",""
"cmuo5aod7002uitgyjyl07luh","Daiki Hashioka","","387191","1999-05-17","Japan","Right-Back","Right-Back",,1500000,"first_team","cmuihq0qz004fh29e00fpn7fy","Borussia Mönchengladbach","","",""
"cmuihvvvw031vsexp4ef0rukp","Daniel Batz","","90317","1991-01-11","Germany","Goalkeeper","Goalkeeper",191,350000,"first_team","cmuihq0qz004fh29e00fpn7fy","Borussia Mönchengladbach","","",""
"cmuo5ao3y002qitgysrpihx2n","David Herold","","604358","2003-02-20","Germany","Left-Back","Left-Back",,4000000,"first_team","cmuihq0qz004fh29e00fpn7fy","Borussia Mönchengladbach","","",""
"cmuo5aomf002yitgyec1gww27","Enzo Leopold","","383362","2000-07-23","Germany","Central Midfield","Central Midfield",,4000000,"first_team","cmuihq0qz004fh29e00fpn7fy","Borussia Mönchengladbach","","",""
"cmuihw2pv0aqxsexp2affjina","Fabio Chiarodia","","724104","2005-06-04","Italy","Defender","Centre-Back",186,3000000,"first_team","cmuihq0qz004fh29e00fpn7fy","Borussia Mönchengladbach","","",""
"cmuihvyqp05zxsexpzcuxdzna","Florian Neuhaus","","278332","1997-03-15","Germany","Midfield","Central Midfield",185,2500000,"first_team","cmuihq0qz004fh29e00fpn7fy","Borussia Mönchengladbach","","",""
"cmuihvy63058jsexpv6u935up","Franck Honorat","","229006","1996-08-10","France","Attack","Right Winger",180,7000000,"first_team","cmuihq0qz004fh29e00fpn7fy","Borussia Mönchengladbach","","",""
"cmuihw4460cj8sexphkyyuycw","Fritz Fleck","","1067439","2007-05-29","Germany","Midfield","Attacking Midfield",172,300000,"first_team","cmuihq0qz004fh29e00fpn7fy","Borussia Mönchengladbach","","",""
"cmuihw24o0aa7sexpvyg3n44a","Hugo Bolin","","667251","2003-07-23","Sweden","Attack","Left Winger",179,6000000,"first_team","cmuihq0qz004fh29e00fpn7fy","Borussia Mönchengladbach","","",""
"cmuo5aovu0032itgy3a8i0nec","Iaia Manco Danfa","","1211929","2007-04-06","Guinea-Bissau; Portugal","Centre-Forward","Centre-Forward",,250000,"first_team","cmuihq0qz004fh29e00fpn7fy","Borussia Mönchengladbach","","",""
"cmuihvzan06m6sexpo668x60u","Isac Lidberg","","322073","1998-09-07","Sweden","Attack","Centre-Forward",187,5000000,"first_team","cmuihq0qz004fh29e00fpn7fy","Borussia Mönchengladbach","","",""
"cmuo5anzq002oitgyq3t3kmmt","Jan Leszczyński","","1118874","2007-04-12","Poland","Centre-Back","Centre-Back",,600000,"first_team","cmuihq0qz004fh29e00fpn7fy","Borussia Mönchengladbach","","",""
"cmuihw0jc08bvsexp26bdwpyv","Jan Olschowsky","","455922","2001-11-17","Germany","Goalkeeper","Goalkeeper",184,450000,"first_team","cmuihq0qz004fh29e00fpn7fy","Borussia Mönchengladbach","","",""
"cmuihw24309t4sexp40ialn1v","Jens Castrop","","613192","2003-07-28","Korea, South","Midfield","Central Midfield",178,10000000,"first_team","cmuihq0qz004fh29e00fpn7fy","Borussia Mönchengladbach","","",""
"cmuihw0ka08tesexpupn3v3u5","Joe Scally","","504153","2002-12-30","United States","Defender","Right-Back",184,7000000,"first_team","cmuihq0qz004fh29e00fpn7fy","Borussia Mönchengladbach","","",""
"cmuihvzau06rksexpb75wmkjj","Kevin Diks","","335209","1996-10-05","Indonesia","Defender","Centre-Back",186,5000000,"first_team","cmuihq0qz004fh29e00fpn7fy","Borussia Mönchengladbach","","",""
"cmuihvvwf039usexpfcbejf51","Kevin Stöger","","106872","1993-08-26","Austria","Midfield","Attacking Midfield",175,1800000,"first_team","cmuihq0qz004fh29e00fpn7fy","Borussia Mönchengladbach","","",""
"cmuihvzbi0773sexp4ongha72","Ko Itakura","","355816","1997-01-26","Japan","Defender","Centre-Back",188,8000000,"first_team","cmuihq0qz004fh29e00fpn7fy","Borussia Mönchengladbach","","",""
"cmuihw2q90b0bsexpuv4ah2y5","Lukas Ullrich","","787151","2004-03-15","Germany","Defender","Left-Back",180,6000000,"first_team","cmuihq0qz004fh29e00fpn7fy","Borussia Mönchengladbach","","",""
"cmuo5aor80030itgyxqdde9sb","Mathieu Nguefack","","1070980","2008-05-14","Germany; Cameroon","Central Midfield","Central Midfield",,1500000,"first_team","cmuihq0qz004fh29e00fpn7fy","Borussia Mönchengladbach","","",""
"cmuihvyqt063esexpq447hlxv","Moritz Nicolas","","284270","1997-10-20","Germany","Goalkeeper","Goalkeeper",193,8000000,"first_team","cmuihq0qz004fh29e00fpn7fy","Borussia Mönchengladbach","","",""
"cmuihvzav06sbsexpuyj6igy6","Nicolas Kühn","","336012","1999-12-31","Germany","Attack","Right Winger",174,10000000,"first_team","cmuihq0qz004fh29e00fpn7fy","Borussia Mönchengladbach","","",""
"cmuihvzw007kvsexpmh5akgp2","Philipp Sander","","388409","1998-02-20","Germany","Midfield","Defensive Midfield",186,4000000,"first_team","cmuihq0qz004fh29e00fpn7fy","Borussia Mönchengladbach","","",""
"cmuihvyqs0638sexpde23emir","Robin Hack","","284010","1998-08-26","Germany","Attack","Left Winger",178,7000000,"first_team","cmuihq0qz004fh29e00fpn7fy","Borussia Mönchengladbach","","",""
"cmuihw1d4098xsexpjia82rw0","Shuto Machino","","550580","1999-09-29","Japan","Attack","Centre-Forward",185,4000000,"first_team","cmuihq0qz004fh29e00fpn7fy","Borussia Mönchengladbach","","",""
"cmuihvxg304nxsexp9edyym9d","Tim Kleindienst","","193033","1995-08-30","Germany","Attack","Centre-Forward",194,8000000,"first_team","cmuihq0qz004fh29e00fpn7fy","Borussia Mönchengladbach","","",""
"cmuihvu4l01gnsexp4buzou46","Tobias Sippel","","31653","1988-03-21","Germany","Goalkeeper","Goalkeeper",183,300000,"first_team","cmuihq0qz004fh29e00fpn7fy","Borussia Mönchengladbach","","",""
"cmuihw4460cjosexplzuocd8o","Wael Mohya","","1070979","2008-12-30","Germany","Midfield","Attacking Midfield",179,17000000,"first_team","cmuihq0qz004fh29e00fpn7fy","Borussia Mönchengladbach","","",""
"cmuo5ao8h002sitgyaj33v2yd","Yukhym Konoplya","","467250","1999-08-26","Ukraine","Right-Back","Right-Back",,5000000,"first_team","cmuihq0qz004fh29e00fpn7fy","Borussia Mönchengladbach","","",""
"cmuo5aohs002witgyv3cpqdeo","Zento Uno","","957526","2003-11-20","Japan","Defensive Midfield","Defensive Midfield",,1000000,"first_team","cmuihq0qz004fh29e00fpn7fy","Borussia Mönchengladbach","","",""
"cmuihw1et09m0sexpa712qgl2","Aaron Hickey","","591949","2002-06-09","Scotland","Defender","Right-Back",185,16000000,"first_team","cmuihocpq001vb23fu3cm5yh8","Brentford FC","","",""
"cmuihw24v0aeksexpzojgr8l1","Antoni Milambo","","683620","2005-04-02","Netherlands","Midfield","Attacking Midfield",179,15000000,"first_team","cmuihocpq001vb23fu3cm5yh8","Brentford FC","","",""
"cmuo4n39e000oy9hojf7xp317","Benjamin Fredrick","","1071138","2005-05-28","Nigeria","Centre-Back","Centre-Back",,600000,"first_team","cmuihocpq001vb23fu3cm5yh8","Brentford FC","","",""
"cmuihvwrd03iosexp0jh96jb0","Callum Wilson","","123682","1992-02-26","England","Attack","Centre-Forward",180,4000000,"first_team","cmuihocpq001vb23fu3cm5yh8","Brentford FC","","",""
"cmuihvzb406xhsexpeur334r0","Caoimhín Kelleher","","340918","1998-11-22","Ireland","Goalkeeper","Goalkeeper",188,28000000,"first_team","cmuihocpq001vb23fu3cm5yh8","Brentford FC","","",""
"cmuihw3eg0b8esexpd1ms73z5","Dango Ouattara","","823231","2002-02-10","Burkina Faso","Attack","Right Winger",177,35000000,"first_team","cmuihocpq001vb23fu3cm5yh8","Brentford FC","","",""
"cmuihw44e0cpvsexpxjws1fzw","El Hadji Malick Diouf","","1111589","2004-12-27","Senegal","Defender","Left-Back",177,28000000,"first_team","cmuihocpq001vb23fu3cm5yh8","Brentford FC","","",""
"cmuihw0jc08c0sexp9bh8rz6h","Ellery Balcombe","","456292","1999-10-14","England","Goalkeeper","Goalkeeper",190,400000,"first_team","cmuihocpq001vb23fu3cm5yh8","Brentford FC","","",""
"cmuihw1d909b9sexp5ywz129s","Fábio Carvalho","","559263","2002-08-29","Portugal","Midfield","Attacking Midfield",170,8000000,"first_team","cmuihocpq001vb23fu3cm5yh8","Brentford FC","","",""
"cmuihw44a0cmqsexprxbzhr8x","Gustavo Nunes","","1086375","2005-11-19","Brazil","Attack","Left Winger",173,8000000,"first_team","cmuihocpq001vb23fu3cm5yh8","Brentford FC","","",""
"cmuihw0k508ozsexpc0v7z1gg","Hákon Valdimarsson","","488935","2001-10-12","Iceland","Goalkeeper","Goalkeeper",195,2500000,"first_team","cmuihocpq001vb23fu3cm5yh8","Brentford FC","","",""
"cmuihw2py0au4sexp5h19co2t","Igor Thiago","","739443","2001-06-25","Brazil","Attack","Centre-Forward",190,65000000,"first_team","cmuihocpq001vb23fu3cm5yh8","Brentford FC","","",""
"cmuihw2pf0aersexplusstlzf","Jaidon Anthony","","684210","1999-11-30","England","Attack","Left Winger",183,20000000,"first_team","cmuihocpq001vb23fu3cm5yh8","Brentford FC","","",""
"cmuo4n34e000my9ho6fomz4jj","Jannik Schuster","","915418","2006-05-16","Austria; Korea, South","Centre-Back","Centre-Back",,18000000,"first_team","cmuihocpq001vb23fu3cm5yh8","Brentford FC","","",""
"cmuihvzb306wdsexpwotv1yye","Josh Dasilva","","340321","1998-10-22","England","Midfield","Central Midfield",184,1500000,"first_team","cmuihocpq001vb23fu3cm5yh8","Brentford FC","","",""
"cmuo4n3e9000qy9hoi0q60qtu","Kaye Furo","","1011936","2007-02-06","Belgium; Nigeria","Centre-Forward","Centre-Forward",,8000000,"first_team","cmuihocpq001vb23fu3cm5yh8","Brentford FC","","",""
"cmuihw24g0a36sexpefjy2w8u","Keane Lewis-Potter","","644401","2001-02-21","England","Midfield","Left Midfield",170,25000000,"first_team","cmuihocpq001vb23fu3cm5yh8","Brentford FC","","",""
"cmuihw0ju08jisexpi30c3qy7","Kevin Schade","","473050","2001-11-26","Germany","Attack","Left Winger",185,35000000,"first_team","cmuihocpq001vb23fu3cm5yh8","Brentford FC","","",""
"cmuihvzap06ogsexpb8svk3ex","Kristoffer Ajer","","328658","1998-04-16","Norway","Defender","Centre-Back",198,18000000,"first_team","cmuihocpq001vb23fu3cm5yh8","Brentford FC","","",""
"cmuihw2qd0b44sexp7rlb55h5","Mamadou Sangaré","","808348","2002-06-25","Mali","Midfield","Central Midfield",181,40000000,"first_team","cmuihocpq001vb23fu3cm5yh8","Brentford FC","","",""
"cmuihvzam06l5sexpaoy2h94g","Mathias Jensen","","319859","1995-12-31","Denmark","Midfield","Central Midfield",180,10000000,"first_team","cmuihocpq001vb23fu3cm5yh8","Brentford FC","","",""
"cmuihw3eg0b8fsexp7c41zve5","Michael Kayode","","823486","2004-07-09","Italy","Defender","Right-Back",179,40000000,"first_team","cmuihocpq001vb23fu3cm5yh8","Brentford FC","","",""
"cmuihw1cv095qsexpvnv789i3","Mikkel Damsgaard","","540941","2000-07-02","Denmark","Midfield","Attacking Midfield",180,30000000,"first_team","cmuihocpq001vb23fu3cm5yh8","Brentford FC","","",""
"cmuihw0jr08i6sexpsyi84j35","Nathan Collins","","469050","2001-04-29","Ireland","Defender","Centre-Back",193,30000000,"first_team","cmuihocpq001vb23fu3cm5yh8","Brentford FC","","",""
"cmuihvzb106vbsexpea0f8zxz","Rico Henry","","339556","1997-07-07","Jamaica","Defender","Left-Back",170,13000000,"first_team","cmuihocpq001vb23fu3cm5yh8","Brentford FC","","",""
"cmuihw1cv095tsexp8ya8deq0","Sepp van den Berg","","541231","2001-12-19","Netherlands","Defender","Centre-Back",192,32000000,"first_team","cmuihocpq001vb23fu3cm5yh8","Brentford FC","","",""
"cmuihvyqi05vzsexp9nukutwm","Vitaly Janelt","","270171","1998-05-09","Germany","Midfield","Defensive Midfield",184,16000000,"first_team","cmuihocpq001vb23fu3cm5yh8","Brentford FC","","",""
"cmuihw2pt0ap2sexpv6jygodo","Yegor Yarmolyuk","","717411","2004-02-29","Ukraine","Midfield","Central Midfield",180,32000000,"first_team","cmuihocpq001vb23fu3cm5yh8","Brentford FC","","",""
"cmuihw1dd09d4sexpa0htidbc","Bart Verbruggen","","565093","2002-08-17","Netherlands","Goalkeeper","Goalkeeper",193,40000000,"first_team","cmuihomne002bb23fq0sdhdrm","Brighton & Hove Albion","","",""
"cmuihw4410cgusexpbv45kkaa","Charalampos Kostoulas","","1060087","2007-05-29","Greece","Attack","Centre-Forward",185,25000000,"first_team","cmuihomne002bb23fq0sdhdrm","Brighton & Hove Albion","","",""
"cmuihw3fe0bxrsexp5j4g368n","Chema Andrés","","948279","2005-04-24","Spain","Midfield","Defensive Midfield",190,20000000,"first_team","cmuihomne002bb23fq0sdhdrm","Brighton & Hove Albion","","",""
"cmuo4n11z000dy9hogmq7b5gv","Costinha","","539252","2000-03-26","Portugal","Right-Back","Right-Back",,7000000,"first_team","cmuihomne002bb23fq0sdhdrm","Brighton & Hove Albion","","",""
"cmuihw43p0c6nsexpv17n1p7q","Diego Gómez","","996897","2003-03-26","Paraguay","Midfield","Central Midfield",183,25000000,"first_team","cmuihomne002bb23fq0sdhdrm","Brighton & Hove Albion","","",""
"cmuihw24i0a4isexp71hiuana","Evan Ferguson","","648046","2004-10-18","Ireland","Attack","Centre-Forward",188,20000000,"first_team","cmuihomne002bb23fq0sdhdrm","Brighton & Hove Albion","","",""
"cmuo4n1bl000hy9ho7r2lj2am","Femi Azeez","","703408","2001-06-05","Nigeria; England","Right Winger","Right Winger",,15000000,"first_team","cmuihomne002bb23fq0sdhdrm","Brighton & Hove Albion","","",""
"cmuihvzvp07cwsexp0vdilcf4","Ferdi Kadıoğlu","","369316","1999-10-06","Türkiye","Defender","Left-Back",174,35000000,"first_team","cmuihomne002bb23fq0sdhdrm","Brighton & Hove Albion","","",""
"cmuihw1cs094ksexp2ohtuaiv","Georginio Rutter","","538977","2002-04-19","France","Attack","Centre-Forward",182,30000000,"first_team","cmuihomne002bb23fq0sdhdrm","Brighton & Hove Albion","","",""
"cmuihw44d0cpnsexp8on3v5ys","Ibrahim Osman","","1110406","2004-11-28","Ghana","Attack","Left Winger",179,7000000,"first_team","cmuihomne002bb23fq0sdhdrm","Brighton & Hove Albion","","",""
"cmuihw3er0bfmsexptk5kucvl","Jack Hinshelwood","","867688","2005-04-10","England","Midfield","Defensive Midfield",182,28000000,"first_team","cmuihomne002bb23fq0sdhdrm","Brighton & Hove Albion","","",""
"cmuo4n0x7000by9ho7larmx3u","Jaouen Hadjam","","750903","2003-03-26","Algeria; France","Left-Back","Left-Back",,7000000,"first_team","cmuihomne002bb23fq0sdhdrm","Brighton & Hove Albion","","",""
"cmuihvvs502oxsexp26m4r4p4","Jason Steele","","73564","1990-08-17","England","Goalkeeper","Goalkeeper",188,500000,"first_team","cmuihomne002bb23fq0sdhdrm","Brighton & Hove Albion","","",""
"cmuihw0kb08tosexpk09888t2","Kaoru Mitoma","","504849","1997-05-19","Japan","Attack","Left Winger",178,22000000,"first_team","cmuihomne002bb23fq0sdhdrm","Brighton & Hove Albion","","",""
"cmuihvwrv03xhsexpagybhknc","Lewis Dunk","","148153","1991-11-20","England","Defender","Centre-Back",192,3500000,"first_team","cmuihomne002bb23fq0sdhdrm","Brighton & Hove Albion","","",""
"cmuihw3ev0bj6sexpjxnpjiqz","Luka Vuskovic","","892160","2007-02-23","Croatia","Defender","Centre-Back",193,60000000,"first_team","cmuihomne002bb23fq0sdhdrm","Brighton & Hove Albion","","",""
"cmuihw4rf0cx1sexpi97p09gn","Malick Yalcouyé","","1178758","2005-11-17","Cote d'Ivoire","Midfield","Central Midfield",169,12000000,"first_team","cmuihomne002bb23fq0sdhdrm","Brighton & Hove Albion","","",""
"cmuihvzwn07z7sexpvauq13ac","Mats Wieffer","","415381","1999-11-15","Netherlands","Defender","Right-Back",189,25000000,"first_team","cmuihomne002bb23fq0sdhdrm","Brighton & Hove Albion","","",""
"cmuihvzwj07vjsexpevjikyvm","Matt O'Riley","","406634","2000-11-20","Denmark","Midfield","Central Midfield",189,18000000,"first_team","cmuihomne002bb23fq0sdhdrm","Brighton & Hove Albion","","",""
"cmuihw0iq084esexpikou8igk","Maxim De Cuyper","","429915","2000-12-21","Belgium","Defender","Left-Back",182,22000000,"first_team","cmuihomne002bb23fq0sdhdrm","Brighton & Hove Albion","","",""
"cmuihw0j20877sexpg1inrt8v","Michael Svoboda","","438961","1998-10-14","Austria","Defender","Centre-Back",195,900000,"first_team","cmuihomne002bb23fq0sdhdrm","Brighton & Hove Albion","","",""
"cmuihvzal06kmsexpztni9hlf","Olivier Boscagli","","318508","1997-11-17","France","Defender","Centre-Back",181,15000000,"first_team","cmuihomne002bb23fq0sdhdrm","Brighton & Hove Albion","","",""
"cmuihvvva02vtsexpntmxisij","Pascal Groß","","82873","1991-06-14","Germany","Midfield","Central Midfield",181,2500000,"first_team","cmuihomne002bb23fq0sdhdrm","Brighton & Hove Albion","","",""
"cmuihvzwk07wwsexpfephiswz","Pascal Struijk","","410708","1999-08-10","Netherlands","Defender","Centre-Back",190,22000000,"first_team","cmuihomne002bb23fq0sdhdrm","Brighton & Hove Albion","","",""
"cmuo4n1g6000jy9ho4pcdoa3l","Promise David","","888785","2001-07-03","Canada; Nigeria","Centre-Forward","Centre-Forward",,17000000,"first_team","cmuihomne002bb23fq0sdhdrm","Brighton & Hove Albion","","",""
"cmuihw3fe0by2sexptpl4dkni","Stefanos Tzimas","","950091","2006-01-05","Greece","Attack","Centre-Forward",186,18000000,"first_team","cmuihomne002bb23fq0sdhdrm","Brighton & Hove Albion","","",""
"cmuihvzwi07v8sexpi66vzl20","Tom McGill","","406556","2000-03-24","Canada","Goalkeeper","Goalkeeper",185,500000,"first_team","cmuihomne002bb23fq0sdhdrm","Brighton & Hove Albion","","",""
"cmuihw43s0c9msexpta3l3oj7","Yankuba Minteh","","1012534","2004-07-21","The Gambia","Attack","Right Winger",180,45000000,"first_team","cmuihomne002bb23fq0sdhdrm","Brighton & Hove Albion","","",""
"cmuihw24o0aa9sexpno36r2oy","Yasin Ayari","","667287","2003-10-05","Sweden","Midfield","Central Midfield",172,35000000,"first_team","cmuihomne002bb23fq0sdhdrm","Brighton & Hove Albion","","",""
"cmuo4n16s000fy9hod65a1wl6","Zadok Yohanna","","1421433","2007-06-29","Nigeria","Right Winger","Right Winger",,18000000,"first_team","cmuihomne002bb23fq0sdhdrm","Brighton & Hove Albion","","",""
"cmuihw24h0a3nsexp65059mra","Aaron Ramsey","","646658","2003-01-20","England","Midfield","Attacking Midfield",181,6000000,"first_team","cmuihoaiv001rb23fn6cviuyz","Burnley FC","","",""
"cmuihw2pm0ak6sexpf2t3f6wc","Andréas Hountondji","","704155","2002-07-10","Benin","Attack","Centre-Forward",190,3000000,"first_team","cmuihoaiv001rb23fn6cviuyz","Burnley FC","","",""
"cmuihw1dm09gcsexppxx4tr08","Armando Broja","","571743","2001-09-09","Albania","Attack","Centre-Forward",191,5000000,"first_team","cmuihoaiv001rb23fn6cviuyz","Burnley FC","","",""
"cmuihvuy802gusexp6dkncddh","Ashley Barnes","","63200","1989-10-29","England","Attack","Centre-Forward",185,150000,"first_team","cmuihoaiv001rb23fn6cviuyz","Burnley FC","","",""
"cmuihw24309susexpeig2aju7","Bashir Humphreys","","612517","2003-03-14","England","Defender","Centre-Back",186,12000000,"first_team","cmuihoaiv001rb23fn6cviuyz","Burnley FC","","",""
"cmuihvy5v051nsexp8lz1chgi","Connor Roberts","","214666","1995-09-22","Wales","Defender","Right-Back",175,1500000,"first_team","cmuihoaiv001rb23fn6cviuyz","Burnley FC","","",""
"cmuihw2pv0aqusexpk8nvl3eq","Enock Agyei","","724041","2005-01-12","Belgium","Attack","Right Winger",172,800000,"first_team","cmuihoaiv001rb23fn6cviuyz","Burnley FC","","",""
"cmuihw24109r4sexpk3osrtpt","Hannibal","","607224","2003-01-20","Tunisia","Midfield","Attacking Midfield",177,15000000,"first_team","cmuihoaiv001rb23fn6cviuyz","Burnley FC","","",""
"cmuihvzw307musexpd7inn1ds","Hjalmar Ekdal","","392179","1998-10-20","Sweden","Defender","Centre-Back",187,5000000,"first_team","cmuihoaiv001rb23fn6cviuyz","Burnley FC","","",""
"cmuihvyr306b1sexpt917tbsf","Jacob Bruun Larsen","","293281","1998-09-18","Denmark","Attack","Left Winger",183,4000000,"first_team","cmuihoaiv001rb23fn6cviuyz","Burnley FC","","",""
"cmuihvzwo07zhsexpi7n6wsgr","Joe Worrall","","415970","1997-01-09","England","Defender","Centre-Back",190,2000000,"first_team","cmuihoaiv001rb23fn6cviuyz","Burnley FC","","",""
"cmuihvzwg07u8sexp77x90n19","Jordan Beyer","","403898","2000-05-18","Germany","Defender","Centre-Back",187,1500000,"first_team","cmuihoaiv001rb23fn6cviuyz","Burnley FC","","",""
"cmuihvy6f05hzsexp2h8vl9w6","Josh Cullen","","242606","1996-04-06","Ireland","Midfield","Central Midfield",175,4000000,"first_team","cmuihoaiv001rb23fn6cviuyz","Burnley FC","","",""
"cmuihvyra06hnsexps9uxee9i","Josh Laurent","","314241","1995-05-05","England","Midfield","Central Midfield",188,1500000,"first_team","cmuihoaiv001rb23fn6cviuyz","Burnley FC","","",""
"cmuihvvw4035gsexpllubcx1c","Kyle Walker","","95424","1990-05-27","England","Defender","Right-Back",183,1500000,"first_team","cmuihoaiv001rb23fn6cviuyz","Burnley FC","","",""
"cmuihw2ps0ao9sexpwubql0hn","Lesley Ugochukwu","","711999","2004-03-25","France","Midfield","Defensive Midfield",190,22000000,"first_team","cmuihoaiv001rb23fn6cviuyz","Burnley FC","","",""
"cmuihw3f50bqhsexp2nfdro3g","Lucas Pires","","927768","2001-03-23","Brazil","Defender","Left-Back",182,4000000,"first_team","cmuihoaiv001rb23fn6cviuyz","Burnley FC","","",""
"cmuihw0jq08hosexpjbzqzlgo","Lyle Foster","","467623","2000-09-02","South Africa","Attack","Centre-Forward",185,8000000,"first_team","cmuihoaiv001rb23fn6cviuyz","Burnley FC","","",""
"cmuihvyra06hysexpbwlghm1h","Marcus Edwards","","314367","1998-12-02","England","Attack","Right Winger",168,6000000,"first_team","cmuihoaiv001rb23fn6cviuyz","Burnley FC","","",""
"cmuihw3ek0bbasexpm5jfxo1v","Max Alleyne","","843595","2005-07-20","England","Defender","Centre-Back",185,8000000,"on_loan","cmuihoaiv001rb23fn6cviuyz","Burnley FC","cmuihq3vs0069h29ebm5xqhye","Manchester City","2027-06-30"
"cmuihw3eh0b98sexpbq4hjugo","Max Weiß","","829299","2004-06-14","Germany","Goalkeeper","Goalkeeper",190,4000000,"first_team","cmuihoaiv001rb23fn6cviuyz","Burnley FC","","",""
"cmuihw0j5088isexpjueahoa9","Michael Obafemi","","444208","2000-07-05","Ireland","Attack","Centre-Forward",170,600000,"first_team","cmuihoaiv001rb23fn6cviuyz","Burnley FC","","",""
"cmuihvzvx07i5sexpdxkd4h7j","Mike Tresor","","381963","1999-05-27","Belgium","Midfield","Attacking Midfield",172,2000000,"first_team","cmuihoaiv001rb23fn6cviuyz","Burnley FC","","",""
"cmuihvzwm07y6sexpzjtv6vsy","Shurandy Sambo","","412937","2001-08-18","Curacao","Defender","Right-Back",174,1300000,"first_team","cmuihoaiv001rb23fn6cviuyz","Burnley FC","","",""
"cmuihw1d30989sexpa494ktrr","Zeki Amdouni","","548729","2000-12-03","Switzerland","Attack","Centre-Forward",183,7000000,"first_team","cmuihoaiv001rb23fn6cviuyz","Burnley FC","","",""
"cmuihw24l0a7ksexpvecskzdd","Abel Bretones","","658115","2000-08-20","Spain","Defender","Left-Back",188,3500000,"first_team","cmuihq61m0079h29efscx2qh5","CA Osasuna","","",""
"cmuihw24d0a0ssexpf2uxp72z","Aimar Oroz","","634131","2001-11-26","Spain","Midfield","Attacking Midfield",177,7500000,"first_team","cmuihq61m0079h29efscx2qh5","CA Osasuna","","",""
"cmuihvvyi03fasexpbtdoh4mp","Aitor Fernández","","118997","1991-05-02","Spain","Goalkeeper","Goalkeeper",182,500000,"first_team","cmuihq61m0079h29efscx2qh5","CA Osasuna","","",""
"cmuihw0j7089tsexphzwcxqj1","Alejandro Catena","","449796","1994-10-27","Spain","Defender","Centre-Back",194,2600000,"first_team","cmuihq61m0079h29efscx2qh5","CA Osasuna","","",""
"cmuihvux501ypsexpl3rev0rt","Ante Budimir","","46413","1991-07-21","Croatia","Attack","Centre-Forward",190,2800000,"first_team","cmuihq61m0079h29efscx2qh5","CA Osasuna","","",""
"cmuihw43v0ccdsexpfw4pqdl4","Asier Osambela","","1038512","2004-10-29","Spain","Midfield","Central Midfield",186,1000000,"first_team","cmuihq61m0079h29efscx2qh5","CA Osasuna","","",""
"cmuihvy6j05lisexp0j9axxjg","Diego Rico","","249513","1993-02-22","Spain","Defender","Left-Back",183,1000000,"first_team","cmuihq61m0079h29efscx2qh5","CA Osasuna","","",""
"cmuihw1cv095ysexp1kv9kuev","Enzo Boyomo","","541555","2001-10-06","Cameroon","Defender","Centre-Back",184,15000000,"first_team","cmuihq61m0079h29efscx2qh5","CA Osasuna","","",""
"cmuihw2pr0anjsexph02axge3","Iker Muñoz","","710677","2002-09-04","Spain","Midfield","Defensive Midfield",180,2000000,"first_team","cmuihq61m0079h29efscx2qh5","CA Osasuna","","",""
"cmuihw4450ciusexpxyhs1cc4","Iñigo Arguibide","","1065442","2005-04-18","Spain","Defender","Right-Back",178,800000,"first_team","cmuihq61m0079h29efscx2qh5","CA Osasuna","","",""
"cmuihw1d50999sexpvkvr5ikc","Jon Moncayola","","552425","1998-05-12","Spain","Midfield","Central Midfield",182,7000000,"first_team","cmuihq61m0079h29efscx2qh5","CA Osasuna","","",""
"cmuo51ie6002sgffh4v9ns9jx","Jonathan Dubasin","","628621","2000-02-02","Spain; Belgium","Right Winger","Right Winger",,4000000,"first_team","cmuihq61m0079h29efscx2qh5","CA Osasuna","","",""
"cmuihw1d709acsexpd82oripj","Jorge Herrando","","555500","2001-02-27","Spain","Defender","Centre-Back",192,3500000,"first_team","cmuihq61m0079h29efscx2qh5","CA Osasuna","","",""
"cmuihvyr606ddsexpod2s5t8w","Kike Barja","","298575","1997-03-31","Spain","Attack","Right Winger",179,1500000,"first_team","cmuihq61m0079h29efscx2qh5","CA Osasuna","","",""
"cmuihvy5u0510sexp5pei0cah","Lucas Torró","","213670","1994-07-18","Spain","Midfield","Defensive Midfield",190,2500000,"first_team","cmuihq61m0079h29efscx2qh5","CA Osasuna","","",""
"cmuihw4450cissexpwh762rl6","Mauro Echegoyen","","1065440","2005-03-02","Spain","Midfield","Central Midfield",176,200000,"first_team","cmuihq61m0079h29efscx2qh5","CA Osasuna","","",""
"cmuihvxfo04d6sexpqz2rvspp","Moi Gómez","","175449","1994-06-22","Spain","Midfield","Attacking Midfield",176,1500000,"first_team","cmuihq61m0079h29efscx2qh5","CA Osasuna","","",""
"cmuihw24b09z8sexp8ep2dqx4","Raúl García","","631002","2000-11-02","Spain","Attack","Centre-Forward",192,3000000,"first_team","cmuihq61m0079h29efscx2qh5","CA Osasuna","","",""
"cmuihw24809x2sexp01nqxpza","Raúl Moro","","624942","2002-12-04","Spain","Attack","Left Winger",169,3500000,"first_team","cmuihq61m0079h29efscx2qh5","CA Osasuna","","",""
"cmuo51i7z002qgffh9vfzdvmi","Rockson Yeboah","","1149188","2004-08-02","Ghana","Centre-Back","Centre-Back",,300000,"first_team","cmuihq61m0079h29efscx2qh5","CA Osasuna","","",""
"cmuihvzbf075hsexpdf18aley","Romain Del Castillo","","353399","1996-03-28","France","Attack","Right Winger",172,7000000,"first_team","cmuihq61m0079h29efscx2qh5","CA Osasuna","","",""
"cmuihvy5u050tsexpy2u2n27l","Rubén García","","213260","1993-07-13","Spain","Attack","Right Winger",172,1600000,"first_team","cmuihq61m0079h29efscx2qh5","CA Osasuna","","",""
"cmuihvy6i05kzsexppo1izn1f","Sergio Herrera","","248738","1993-06-04","Spain","Goalkeeper","Goalkeeper",192,2800000,"first_team","cmuihq61m0079h29efscx2qh5","CA Osasuna","","",""
"cmuihw0j3087msexp3udecqa3","Valentin Rosier","","441170","1996-08-18","France","Defender","Right-Back",175,3000000,"first_team","cmuihq61m0079h29efscx2qh5","CA Osasuna","","",""
"cmuihw1ct0952sexpndpz7spb","Iuri Tabatadze","","539965","1999-11-28","Georgia","Attack","Right Winger",183,1200000,"first_team","cmuihq3dw005yh29eacylgkht","Cádiz CF","","",""
"cmuihw1dg09ersexpfeyvh916","Adam Obert","","568333","2002-08-22","Slovakia","Defender","Left-Back",188,7000000,"first_team","cmuihpy660033h29egvkno1rw","Cagliari Calcio","","",""
"cmuihvyr706eysexpi4j0hst8","Alen Sherri","","304144","1997-12-14","Albania","Goalkeeper","Goalkeeper",197,800000,"first_team","cmuihpy660033h29egvkno1rw","Cagliari Calcio","","",""
"cmuihvy6605bnsexp7zsaxupp","Alessandro Deiola","","235931","1995-07-31","Italy","Midfield","Central Midfield",190,1500000,"first_team","cmuihpy660033h29egvkno1rw","Cagliari Calcio","","",""
"cmuihw3ez0bmhsexp4wnm2vqh","Alessandro Romano","","911224","2006-06-16","Switzerland","Midfield","Defensive Midfield",180,500000,"first_team","cmuihpy660033h29egvkno1rw","Cagliari Calcio","","",""
"cmuihw2q60ay0sexphvrdi4nr","Alieu Fadera","","749552","2001-11-02","The Gambia","Attack","Left Winger",182,4500000,"first_team","cmuihpy660033h29egvkno1rw","Cagliari Calcio","","",""
"cmuihvy6r05r2sexph2iqpuo9","Boris Radunović","","258482","1996-05-25","Serbia","Goalkeeper","Goalkeeper",194,1000000,"first_team","cmuihpy660033h29egvkno1rw","Cagliari Calcio","","",""
"cmuihw1ct094psexpqcjxb8wx","Daniel Maldini","","539134","2001-10-10","Italy","Midfield","Attacking Midfield",188,9000000,"first_team","cmuihpy660033h29egvkno1rw","Cagliari Calcio","","",""
"cmuo54m38002vbpsm5ry0g944","Demi Akarakiri","","1078164","2007-09-29","England; Nigeria","Central Midfield","Central Midfield",,0,"first_team","cmuihpy660033h29egvkno1rw","Cagliari Calcio","","",""
"cmuihvzwt081psexp91t16d9i","Elia Caprile","","421873","2001-08-24","Italy","Goalkeeper","Goalkeeper",191,15000000,"first_team","cmuihpy660033h29egvkno1rw","Cagliari Calcio","","",""
"cmuihw0je08cksexpje8rg13p","Giuseppe Aurelio","","457444","2000-03-21","Italy","Midfield","Left Midfield",186,700000,"first_team","cmuihpy660033h29egvkno1rw","Cagliari Calcio","","",""
"cmuihvy6i05l8sexpbs40hjex","Harry Winks","","249126","1996-02-01","England","Midfield","Defensive Midfield",178,7000000,"first_team","cmuihpy660033h29egvkno1rw","Cagliari Calcio","","",""
"cmuihw3f50bq3sexpk4i1as3e","Ivan Sulev","","926839","2006-09-10","Bulgaria","Midfield","Central Midfield",180,200000,"first_team","cmuihpy660033h29egvkno1rw","Cagliari Calcio","","",""
"cmuihw2pg0afysexp9vt92wx5","Jacopo Fazzini","","691482","2003-03-15","Italy","Midfield","Central Midfield",178,8500000,"first_team","cmuihpy660033h29egvkno1rw","Cagliari Calcio","","",""
"cmuihw4r20csgsexp5x7880qa","Joseph Liteta","","1134304","2006-02-21","Zambia","Midfield","Central Midfield",175,3500000,"first_team","cmuihpy660033h29egvkno1rw","Cagliari Calcio","","",""
"cmuihw4rm0d0zsexpdt6fdksa","Juan Rodríguez","","1228231","2005-05-29","Uruguay","Defender","Centre-Back",190,10000000,"first_team","cmuihpy660033h29egvkno1rw","Cagliari Calcio","","",""
"cmuo54m6c002xbpsms74wd101","Kevin Carlos","","718201","2001-04-10","Spain; Nigeria","Centre-Forward","Centre-Forward",,0,"first_team","cmuihpy660033h29egvkno1rw","Cagliari Calcio","","",""
"cmuihvzbh076gsexpedvswg1p","M'Bala Nzola","","354814","1996-08-17","Angola","Attack","Centre-Forward",185,4000000,"first_team","cmuihpy660033h29egvkno1rw","Cagliari Calcio","","",""
"cmuihw23y09orsexpt3c0en69","Mattia Felici","","600041","2001-04-16","Italy","Attack","Left Winger",182,2500000,"first_team","cmuihpy660033h29egvkno1rw","Cagliari Calcio","","",""
"cmuihw1dc09cpsexpsckgvw8g","Michel Adopo","","564305","2000-07-18","France","Midfield","Central Midfield",187,7000000,"first_team","cmuihpy660033h29egvkno1rw","Cagliari Calcio","","",""
"cmuihw43y0ce1sexp2lqlp10z","Nicola Grandu","","1048013","2006-07-14","Italy","Midfield","Left Midfield",,300000,"first_team","cmuihpy660033h29egvkno1rw","Cagliari Calcio","","",""
"cmuihw4sf0d6jsexprux72fpx","Paul Mendy","","1371793","2007-01-12","Senegal","Attack","Centre-Forward",,7000000,"first_team","cmuihpy660033h29egvkno1rw","Cagliari Calcio","","",""
"cmuo54lzp002tbpsmsp24vr54","Raphael Kofler","","1039342","2005-04-26","Italy","Centre-Back","Centre-Back",,5500000,"first_team","cmuihpy660033h29egvkno1rw","Cagliari Calcio","","",""
"cmuihw24a09yqsexpkpuodnpe","Riccardo Ciervo","","628558","2002-03-31","Italy","Attack","Left Winger",190,1300000,"first_team","cmuihpy660033h29egvkno1rw","Cagliari Calcio","","",""
"cmuihw3et0bhosexprfc4mrpb","Riyad Idrissi","","885226","2005-06-12","Italy","Defender","Left-Back",182,4000000,"first_team","cmuihpy660033h29egvkno1rw","Cagliari Calcio","","",""
"cmuihvxg704qtsexphhz8q15c","Roberto Gagliardini","","197471","1994-04-06","Italy","Midfield","Central Midfield",188,1300000,"first_team","cmuihpy660033h29egvkno1rw","Cagliari Calcio","","",""
"cmuihw44c0coesexpq1ry2zpl","Yael Trepy","","1099924","2006-05-19","France","Attack","Centre-Forward",191,2000000,"first_team","cmuihpy660033h29egvkno1rw","Cagliari Calcio","","",""
"cmuihw3f10bnisexplb6ilpjv","Yanis Massolin","","915849","2002-09-19","France","Midfield","Central Midfield",197,250000,"first_team","cmuihpy660033h29egvkno1rw","Cagliari Calcio","","",""
"cmuihvyqx067isexp3f9ic9iq","Yerry Mina","","289446","1994-09-22","Colombia","Defender","Centre-Back",195,2500000,"first_team","cmuihpy660033h29egvkno1rw","Cagliari Calcio","","",""
"cmuihvzwh07umsexp71lo5yqe","Yukinari Sugawara","","405385","2000-06-27","Japan","Defender","Right-Back",179,5500000,"first_team","cmuihpy660033h29egvkno1rw","Cagliari Calcio","","",""
"cmuihvzwi07v7sexpgeacho7y","Zé Pedro","","406151","1997-06-05","Portugal","Defender","Centre-Back",187,3000000,"first_team","cmuihpy660033h29egvkno1rw","Cagliari Calcio","","",""
"cmuihw1cy097jsexpoi57oi6f","Isaak Davies","","547039","2001-09-24","Wales","Attack","Left Winger",175,1000000,"first_team","cmuihqc7i00aph29ecgg0cwm6","Cardiff City","","",""
"cmuihw24809xisexp1qcnr7hf","Rubin Colwill","","626474","2002-04-26","Wales","Midfield","Attacking Midfield",189,2000000,"first_team","cmuihqc7i00aph29ecgg0cwm6","Cardiff City","","",""
"cmuihvzaz06u2sexpy6a0ap2c","Abdu Conté","","337798","1998-03-23","Portugal","Defender","Left-Back",183,700000,"first_team","cmuihq5nq0073h29e11xogoc5","Casa Pia AC","","",""
"cmuo5gmz5004113o5p3iaay1c","Abdu Dafe","","1534934","2008-06-10","Portugal","Central Midfield","Central Midfield",,0,"first_team","cmuihq5nq0073h29e11xogoc5","Casa Pia AC","","",""
"cmuo5gnpa004713o5e2amfcbc","Alassana Jatta","","631704","1999-01-12","The Gambia","Centre-Forward","Centre-Forward",,600000,"first_team","cmuihq5nq0073h29e11xogoc5","Casa Pia AC","","",""
"cmuihvws00405sexp3up7yr4b","André Geraldes","","154319","1991-05-01","Portugal","Defender","Right-Back",181,150000,"first_team","cmuihq5nq0073h29e11xogoc5","Casa Pia AC","","",""
"cmuihw24q0abnsexpbmuuv7x9","André Gomes","","670710","2004-10-19","Portugal","Goalkeeper","Goalkeeper",186,3000000,"first_team","cmuihq5nq0073h29e11xogoc5","Casa Pia AC","","",""
"cmuo5gn47004313o5ojri5kto","Aymen Zouin","","1188771","2006-12-29","Morocco; Italy","Left Winger","Left Winger",,250000,"first_team","cmuihq5nq0073h29e11xogoc5","Casa Pia AC","","",""
"cmuihw44c0corsexp8bxaiqnw","Benjamin Pauwels","","1104143","2004-10-28","Belgium","Attack","Left Winger",181,800000,"first_team","cmuihq5nq0073h29e11xogoc5","Casa Pia AC","","",""
"cmuihvy6905d4sexpstyhni6u","Cassiano","","238367","1989-06-15","Brazil","Attack","Centre-Forward",184,150000,"first_team","cmuihq5nq0073h29e11xogoc5","Casa Pia AC","","",""
"cmuihvzvx07ifsexpssvig5gg","Daniel Azevedo","","383008","1998-02-11","Portugal","Goalkeeper","Goalkeeper",195,100000,"first_team","cmuihq5nq0073h29e11xogoc5","Casa Pia AC","","",""
"cmuihw2py0au9sexpo9v9jd8a","David Sousa","","740159","2001-07-03","Brazil","Defender","Centre-Back",190,1000000,"first_team","cmuihq5nq0073h29e11xogoc5","Casa Pia AC","","",""
"cmuo5gnu7004913o5uzz1i36k","Evans Maurin","","823521","2001-03-30","France; Martinique","Centre-Forward","Centre-Forward",,300000,"first_team","cmuihq5nq0073h29e11xogoc5","Casa Pia AC","","",""
"cmuihw3ez0bm4sexpswfopo7v","Felipe Silva","","908236","2002-02-18","Brazil","Defender","Centre-Back",188,550000,"first_team","cmuihq5nq0073h29e11xogoc5","Casa Pia AC","","",""
"cmuo5gmtu003z13o58ls0oi4i","Gabi","","567516","2000-04-18","Portugal","Central Midfield","Central Midfield",,550000,"first_team","cmuihq5nq0073h29e11xogoc5","Casa Pia AC","","",""
"cmuihw24509uhsexp5l0piad7","Henrique Araújo","","617267","2002-01-18","Portugal","Attack","Centre-Forward",182,1000000,"first_team","cmuihq5nq0073h29e11xogoc5","Casa Pia AC","","",""
"cmuihw2qg0b5xsexpc6xud6c1","Ivan Mandić","","815219","2003-03-09","Croatia","Goalkeeper","Goalkeeper",196,300000,"first_team","cmuihq5nq0073h29e11xogoc5","Casa Pia AC","","",""
"cmuihvzao06nesexp39x121nz","Jérémy Livolant","","324806","1998-01-08","France","Attack","Right Winger",175,2500000,"first_team","cmuihq5nq0073h29e11xogoc5","Casa Pia AC","","",""
"cmuihw1bz093isexp07foxgyr","João Goulart","","537477","2000-01-26","Portugal","Defender","Centre-Back",191,1500000,"first_team","cmuihq5nq0073h29e11xogoc5","Casa Pia AC","","",""
"cmuihw3f70brzsexp5a4a0krv","João Rego","","931415","2005-06-19","Portugal","Midfield","Attacking Midfield",182,3000000,"first_team","cmuihq5nq0073h29e11xogoc5","Casa Pia AC","","",""
"cmuo5gmos003x13o5n3y38tto","JP","","1083970","2005-04-19","Brazil","Central Midfield","Central Midfield",,2000000,"first_team","cmuihq5nq0073h29e11xogoc5","Casa Pia AC","","",""
"cmuihw24c0a0esexpd0amh16c","Kaique Rocha","","633377","2001-02-27","Brazil","Defender","Centre-Back",195,1000000,"first_team","cmuihq5nq0073h29e11xogoc5","Casa Pia AC","","",""
"cmuihw4ro0d1rsexpn4ag69es","Kaly","","1241219","2003-11-26","Angola","Defender","Centre-Back",192,400000,"first_team","cmuihq5nq0073h29e11xogoc5","Casa Pia AC","","",""
"cmuihw4rm0d0osexpyk2rmdj1","Kevin Prieto","","1221003","2003-06-26","Uruguay","Midfield","Right Midfield",184,500000,"first_team","cmuihq5nq0073h29e11xogoc5","Casa Pia AC","","",""
"cmuihw1by092nsexp49gyl6th","Lawrence Ofori","","536081","1998-06-27","Ghana","Midfield","Central Midfield",169,1500000,"first_team","cmuihq5nq0073h29e11xogoc5","Casa Pia AC","","",""
"cmuo5gn9a004513o5xwsyoshb","Mohamed Salah","","1018201","2004-05-27","Belgium; Morocco","Right Winger","Right Winger",,900000,"first_team","cmuihq5nq0073h29e11xogoc5","Casa Pia AC","","",""
"cmuihvzvv07gjsexpwlskg7ls","Patrick Sequeira","","378482","1999-02-28","Costa Rica","Goalkeeper","Goalkeeper",190,3500000,"first_team","cmuihq5nq0073h29e11xogoc5","Casa Pia AC","","",""
"cmuihw2pi0ahdsexpg7rm0mla","Pedro Rosas","","696504","2000-11-27","Portugal","Defender","Left-Back",189,450000,"first_team","cmuihq5nq0073h29e11xogoc5","Casa Pia AC","","",""
"cmuihvyqy0680sexpntq7eq52","Rochinha","","290336","1995-05-02","Portugal","Attack","Left Winger",169,500000,"first_team","cmuihq5nq0073h29e11xogoc5","Casa Pia AC","","",""
"cmuihvxfr04g4sexpp655fvdm","Seba Pérez","","182108","1993-03-28","Colombia","Midfield","Defensive Midfield",175,500000,"first_team","cmuihq5nq0073h29e11xogoc5","Casa Pia AC","","",""
"cmuihw4420chfsexp8k88szw3","Selvi Clua","","1061660","2005-01-28","Spain","Midfield","Defensive Midfield",189,300000,"first_team","cmuihq5nq0073h29e11xogoc5","Casa Pia AC","","",""
"cmuihvwrr03u3sexpit546vr4","Dani Rodríguez","","139435","1988-06-05","Spain","Midfield","Attacking Midfield",178,100000,"first_team","cmuihonz1002db23fh4pcz91g","CD Leganés","","",""
"cmuihw1bx092lsexp90o24wdl","Duk","","535959","2000-02-15","Cape Verde","Attack","Left Winger",182,2500000,"first_team","cmuihonz1002db23fh4pcz91g","CD Leganés","","",""
"cmuo5h6wt006513o5gjzvl1ny","Allen Obando","","1050373","2006-06-13","Ecuador","Centre-Forward","Centre-Forward",,900000,"first_team","cmuihqgr500d7h29e04mjd6zg","CD Nacional","","",""
"cmuihw43u0caqsexpzjrpmhx0","Chico Gonçalves","","1020652","2004-03-04","Portugal","Defender","Centre-Back",188,200000,"first_team","cmuihqgr500d7h29e04mjd6zg","CD Nacional","","",""
"cmuihw24s0ad4sexpryiry2ll","Chiheb Labidi","","673511","2001-05-31","Tunisia","Midfield","Central Midfield",190,500000,"first_team","cmuihqgr500d7h29e04mjd6zg","CD Nacional","","",""
"cmuo5h42w005p13o5cpfpce2d","Danel Dongmo","","929612","2001-01-31","Cameroon","Central Midfield","Central Midfield",,0,"first_team","cmuihqgr500d7h29e04mjd6zg","CD Nacional","","",""
"cmuo5h3xr005n13o5345rklia","Daniel de la Cruz","","981484","2004-03-06","Ecuador","Right-Back","Right-Back",,500000,"first_team","cmuihqgr500d7h29e04mjd6zg","CD Nacional","","",""
"cmuihw2q10awvsexpz1n2a8ci","Daniel Jr","","746358","2002-05-08","Brazil","Midfield","Attacking Midfield",174,600000,"first_team","cmuihqgr500d7h29e04mjd6zg","CD Nacional","","",""
"cmuihw4rs0d2jsexpiuht7d92","Deivison","","1261642","2006-05-03","Brazil","Midfield","Central Midfield",185,200000,"first_team","cmuihqgr500d7h29e04mjd6zg","CD Nacional","","",""
"cmuo5h5eu005z13o5mnwh6kpi","Fernando Nava","","960584","2004-06-08","Bolivia","Left Winger","Left Winger",,500000,"first_team","cmuihqgr500d7h29e04mjd6zg","CD Nacional","","",""
"cmuihvzbi077usexpwr9s3xqg","Filipe Soares","","357163","1999-05-19","Portugal","Midfield","Attacking Midfield",180,700000,"first_team","cmuihqgr500d7h29e04mjd6zg","CD Nacional","","",""
"cmuihvzb406x3sexpikwedvvs","Ivanildo Fernandes","","340524","1996-03-25","Cape Verde","Defender","Centre-Back",194,200000,"first_team","cmuihqgr500d7h29e04mjd6zg","CD Nacional","","",""
"cmuo5h3bo005j13o5f5713o3f","João Gonçalves","","685805","2000-11-05","Portugal","Goalkeeper","Goalkeeper",,500000,"first_team","cmuihqgr500d7h29e04mjd6zg","CD Nacional","","",""
"cmuihw3f60br3sexpmltd2kw3","Joel Silva","","929573","2003-02-10","Portugal","Midfield","Central Midfield",185,400000,"first_team","cmuihqgr500d7h29e04mjd6zg","CD Nacional","","",""
"cmuihvyr706f6sexpywmkpjam","José Gomes","","305946","1996-07-19","Portugal","Defender","Left-Back",185,1000000,"first_team","cmuihqgr500d7h29e04mjd6zg","CD Nacional","","",""
"cmuihw44a0cmjsexp8wq0n5by","Josué Souza","","1084815","2005-04-24","Brazil","Midfield","Central Midfield",170,100000,"first_team","cmuihqgr500d7h29e04mjd6zg","CD Nacional","","",""
"cmuihw4qy0cqbsexpmwby4oc5","Kevyn","","1116638","2005-06-30","Brazil","Goalkeeper","Goalkeeper",192,200000,"first_team","cmuihqgr500d7h29e04mjd6zg","CD Nacional","","",""
"cmuihvzbc074dsexpf3irtp28","Léo Santos","","351894","1998-12-08","Brazil","Defender","Centre-Back",186,1000000,"first_team","cmuihqgr500d7h29e04mjd6zg","CD Nacional","","",""
"cmuihvzwf07tdsexpvhb27se3","Liziero","","401526","1998-02-06","Brazil","Midfield","Central Midfield",177,1500000,"first_team","cmuihqgr500d7h29e04mjd6zg","CD Nacional","","",""
"cmuo5h6na006113o5t5miejxq","Markus Jensen","","794592","2005-07-15","Denmark","Left Winger","Left Winger",,400000,"first_team","cmuihqgr500d7h29e04mjd6zg","CD Nacional","","",""
"cmuo5h4o4005t13o5jb2jdyv2","Matchoi Djaló","","685887","2003-04-10","Portugal; Guinea-Bissau","Attacking Midfield","Attacking Midfield",,500000,"first_team","cmuihqgr500d7h29e04mjd6zg","CD Nacional","","",""
"cmuo5h4x3005v13o5hxbccmdw","Mateus Iseppe","","1220180","2006-05-02","Brazil","Attacking Midfield","Attacking Midfield",,400000,"first_team","cmuihqgr500d7h29e04mjd6zg","CD Nacional","","",""
"cmuihw2qg0b5zsexpd6zhsaws","Matheus Dias","","815384","2002-05-08","Brazil","Midfield","Defensive Midfield",187,1500000,"first_team","cmuihqgr500d7h29e04mjd6zg","CD Nacional","","",""
"cmuo5h3on005l13o5ng377w4a","Matias Silva","","1582195","2008-11-21","Portugal","Left-Back","Left-Back",,0,"first_team","cmuihqgr500d7h29e04mjd6zg","CD Nacional","","",""
"cmuihw1bk08ydsexpv4uzhrns","Miguel Baeza","","523977","2000-03-26","Spain","Midfield","Attacking Midfield",177,400000,"first_team","cmuihqgr500d7h29e04mjd6zg","CD Nacional","","",""
"cmuo5h561005x13o5vqjktz5z","Min-kyu Song","","581977","1999-09-12","Korea, South","Left Winger","Left Winger",,1000000,"first_team","cmuihqgr500d7h29e04mjd6zg","CD Nacional","","",""
"cmuo5h7in006713o512rayvlb","Njoya Abdel","","1236397","2003-10-05","Cameroon","Centre-Forward","Centre-Forward",,900000,"first_team","cmuihqgr500d7h29e04mjd6zg","CD Nacional","","",""
"cmuihw4490cm8sexpnjnyc0nb","Pablo Ruan","","1083068","2003-01-31","Brazil","Attack","Right Winger",181,500000,"first_team","cmuihqgr500d7h29e04mjd6zg","CD Nacional","","",""
"cmuihw43w0cclsexps6jqg39p","Renato Marin","","1041614","2006-07-09","Italy","Goalkeeper","Goalkeeper",190,1000000,"first_team","cmuihqgr500d7h29e04mjd6zg","CD Nacional","","",""
"cmuo5h6rx006313o5wwwxrs7i","Stavros Gavriel","","613983","2002-01-29","Cyprus; Greece","Right Winger","Right Winger",,600000,"first_team","cmuihqgr500d7h29e04mjd6zg","CD Nacional","","",""
"cmuihw24u0ae1sexpx1txksyt","Ulisses","","678991","1999-09-27","Brazil","Defender","Centre-Back",186,1000000,"first_team","cmuihqgr500d7h29e04mjd6zg","CD Nacional","","",""
"cmuihw43x0cdzsexpb1at7fhh","Watts","","1047861","2005-07-13","Portugal","Attack","Right Winger",184,200000,"first_team","cmuihqgr500d7h29e04mjd6zg","CD Nacional","","",""
"cmuihvzvr07e2sexpv1tquoky","Wesley Gasolina","","371967","2000-03-12","Brazil","Defender","Right-Back",170,1500000,"first_team","cmuihqgr500d7h29e04mjd6zg","CD Nacional","","",""
"cmuo5h4fa005r13o5i9k8y7cx","William Kokolo","","510686","2000-06-09","France; DR Congo","Left-Back","Left-Back",,500000,"first_team","cmuihqgr500d7h29e04mjd6zg","CD Nacional","","",""
"cmuihw3es0bgvsexp9b82ogvb","Zé Vítor","","879236","2001-02-08","Brazil","Defender","Centre-Back",189,2500000,"first_team","cmuihqgr500d7h29e04mjd6zg","CD Nacional","","",""
"cmuo5h022005e13o5t80rudiv","Afonso Duarte","","992541","2005-09-05","Portugal","Left Winger","Left Winger",,0,"first_team","cmuihq2dd005bh29e4dnqmt8q","CD Santa Clara","","",""
"cmuihw43h0c1wsexpg6kftfzg","Brenner","","973703","2002-01-01","Brazil","Attack","Right Winger",171,1300000,"first_team","cmuihq2dd005bh29e4dnqmt8q","CD Santa Clara","","",""
"cmuihw44a0cmesexpemzbpu85","Dani Borges","","1083604","2003-04-05","Brazil","Midfield","Defensive Midfield",183,500000,"first_team","cmuihq2dd005bh29e4dnqmt8q","CD Santa Clara","","",""
"cmuihw4rt0d3gsexpsebv6qge","Djé","","1292917","2003-06-01","Cape Verde","Midfield","Central Midfield",178,800000,"first_team","cmuihq2dd005bh29e4dnqmt8q","CD Santa Clara","","",""
"cmuo5gz0s005213o530rhsu8b","Emanuel Moreira","","927733","2003-03-23","Portugal","Centre-Back","Centre-Back",,0,"first_team","cmuihq2dd005bh29e4dnqmt8q","CD Santa Clara","","",""
"cmuihw44b0cnnsexpifvsdhni","Fernando","","1091608","2005-04-11","Brazil","Attack","Right Winger",175,400000,"first_team","cmuihq2dd005bh29e4dnqmt8q","CD Santa Clara","","",""
"cmuo5gzs7005a13o54dvyu39w","Fredy","","1077990","2006-05-25","Portugal; Guinea-Bissau","Attacking Midfield","Attacking Midfield",,0,"first_team","cmuihq2dd005bh29e4dnqmt8q","CD Santa Clara","","",""
"cmuihvxfr04fqsexpb47x9esm","Gonçalo Paciência","","181547","1994-07-31","Portugal","Attack","Centre-Forward",184,700000,"first_team","cmuihq2dd005bh29e4dnqmt8q","CD Santa Clara","","",""
"cmuihw1bi08x7sexpe0b4dt72","Guilherme Romão","","519879","1997-10-06","Brazil","Defender","Left-Back",176,400000,"first_team","cmuihq2dd005bh29e4dnqmt8q","CD Santa Clara","","",""
"cmuihw4490cmbsexpao1cse78","Henrique Silva","","1083239","2005-10-16","Brazil","Defender","Centre-Back",,500000,"first_team","cmuihq2dd005bh29e4dnqmt8q","CD Santa Clara","","",""
"cmuo5gzne005813o5rmb3ndmn","Kamika","","959680","2004-06-04","Portugal","Right Winger","Right Winger",,0,"first_team","cmuihq2dd005bh29e4dnqmt8q","CD Santa Clara","","",""
"cmuo5h08n005g13o5gykvani1","Léo Jacó","","1022594","2005-04-06","Brazil","Centre-Forward","Centre-Forward",,400000,"first_team","cmuihq2dd005bh29e4dnqmt8q","CD Santa Clara","","",""
"cmuihvzwq080csexpcf6elvu9","Lucas França","","418615","1996-01-18","Brazil","Goalkeeper","Goalkeeper",194,600000,"first_team","cmuihq2dd005bh29e4dnqmt8q","CD Santa Clara","","",""
"cmuihw2pf0aeosexpjzmmsnnc","Lucas Soares","","684061","1998-05-03","Brazil","Defender","Right-Back",174,1500000,"first_team","cmuihq2dd005bh29e4dnqmt8q","CD Santa Clara","","",""
"cmuihw2qd0b47sexp9klg0go3","MT","","808475","2001-02-28","Brazil","Defender","Centre-Back",185,3500000,"first_team","cmuihq2dd005bh29e4dnqmt8q","CD Santa Clara","","",""
"cmuihw43j0c3usexp87uukrlr","Neneca","","983843","2003-08-26","Brazil","Goalkeeper","Goalkeeper",192,400000,"first_team","cmuihq2dd005bh29e4dnqmt8q","CD Santa Clara","","",""
"cmuihvzaz06u3sexpzq1jodx9","Pedro Ferreira","","337799","1998-01-04","Portugal","Midfield","Defensive Midfield",183,3000000,"first_team","cmuihq2dd005bh29e4dnqmt8q","CD Santa Clara","","",""
"cmuihvyqy0689sexpiykauqv4","Pedro Pacheco","","290508","1997-01-26","Portugal","Defender","Centre-Back",189,400000,"first_team","cmuihq2dd005bh29e4dnqmt8q","CD Santa Clara","","",""
"cmuo5gzxc005c13o5qqn7r207","Sorriso","","1219125","2006-04-15","Brazil","Left Winger","Left Winger",,0,"first_team","cmuihq2dd005bh29e4dnqmt8q","CD Santa Clara","","",""
"cmuihw0ka08t9sexpe8pblb30","Tiago Ribeiro","","504084","2002-03-13","Portugal","Midfield","Central Midfield",183,200000,"first_team","cmuihq2dd005bh29e4dnqmt8q","CD Santa Clara","","",""
"cmuihw3ew0bkgsexpem5stx7i","Vasconcelos","","898715","2005-02-25","Portugal","Midfield","Attacking Midfield",180,1500000,"first_team","cmuihq2dd005bh29e4dnqmt8q","CD Santa Clara","","",""
"cmuihw2pg0afhsexp6fizvj44","Vinícius Lopes","","688881","1999-05-06","Brazil","Attack","Right Winger",180,2500000,"first_team","cmuihq2dd005bh29e4dnqmt8q","CD Santa Clara","","",""
"cmuo5gzdo005613o55a17nanz","Vitinho","","1072630","2004-02-18","Brazil","Central Midfield","Central Midfield",,500000,"first_team","cmuihq2dd005bh29e4dnqmt8q","CD Santa Clara","","",""
"cmuihw2pf0afasexptq44ehi7","Welinton Torrão","","687361","1999-06-29","Brazil","Attack","Right Winger",183,400000,"first_team","cmuihq2dd005bh29e4dnqmt8q","CD Santa Clara","","",""
"cmuo5gz8t005413o5of4i6k94","Ythallo","","980854","2004-07-22","Brazil","Centre-Back","Centre-Back",,300000,"first_team","cmuihq2dd005bh29e4dnqmt8q","CD Santa Clara","","",""
"cmuihvwre03jesexpmch13x3o","Bebeto","","124548","1989-12-31","Brazil","Defender","Right-Back",174,50000,"first_team","cmuihqe6c00bph29e8vcrprk6","CD Tondela","","",""
"cmuihw43v0ccbsexpcn9qb25a","Cascavel","","1038290","2005-01-22","Portugal","Midfield","Attacking Midfield",182,0,"first_team","cmuihqe6c00bph29e8vcrprk6","CD Tondela","","",""
"cmuihw0jw08kasexpsex665y4","Cícero","","476355","1997-05-09","Brazil","Midfield","Defensive Midfield",178,500000,"first_team","cmuihqe6c00bph29e8vcrprk6","CD Tondela","","",""
"cmuihw4rj0cz6sexpbem8nace","Diego Tavares","","1194211","2005-03-11","Portugal","Defender","Centre-Back",185,0,"first_team","cmuihqe6c00bph29e8vcrprk6","CD Tondela","","",""
"cmuihvwrn03rksexpttugmr1c","Hélder Tavares","","134608","1989-12-25","Cape Verde","Midfield","Central Midfield",178,50000,"first_team","cmuihqe6c00bph29e8vcrprk6","CD Tondela","","",""
"cmuihvxgj04zusexpyfw915ln","João Afonso","","211107","1990-05-27","Portugal","Defender","Centre-Back",188,50000,"first_team","cmuihqe6c00bph29e8vcrprk6","CD Tondela","","",""
"cmuihw2ph0agzsexpdbbqz0ya","João Cesco","","695115","2001-01-23","Brazil","Defender","Centre-Back",189,0,"first_team","cmuihqe6c00bph29e8vcrprk6","CD Tondela","","",""
"cmuihw3ek0bb8sexpi4limv9i","Moudjatovic","","842764","2002-05-19","Cote d'Ivoire","Attack","Left Winger",167,200000,"first_team","cmuihqe6c00bph29e8vcrprk6","CD Tondela","","",""
"cmuihw2pj0aj1sexpfn4rafew","Nor Maviram","","700789","2001-04-03","Nigeria","Defender","Left-Back",178,400000,"first_team","cmuihqe6c00bph29e8vcrprk6","CD Tondela","","",""
"cmuihw0jz08l7sexpe8slhbrw","Nuno Cunha","","479635","2001-01-10","Portugal","Midfield","Central Midfield",178,0,"first_team","cmuihqe6c00bph29e8vcrprk6","CD Tondela","","",""
"cmuihw1et09m5sexpl7r8wrzy","Tiago Manso","","592498","1999-12-12","Portugal","Defender","Right-Back",174,900000,"first_team","cmuihqe6c00bph29e8vcrprk6","CD Tondela","","",""
"cmuihw1dm09ggsexp4thfugrz","Tray Fuller","","572425","2002-06-24","Canada","Attack","Right Winger",186,0,"first_team","cmuihqe6c00bph29e8vcrprk6","CD Tondela","","",""
"cmuihw4qx0cq0sexppszydoho","Yefrei Rodríguez","","1112292","2005-05-10","Colombia","Attack","Centre-Forward",191,0,"first_team","cmuihqe6c00bph29e8vcrprk6","CD Tondela","","",""
"cmuihw4rf0cxdsexpxerfqwyy","Abdoulaye Faye","","1182738","2004-09-21","Senegal","Defender","Centre-Back",191,4500000,"first_team","cmuihqg9e00czh29eqgxwp7l7","Celta de Vigo","","",""
"cmuihvy5x0532sexpzm4heupz","Aleix Febas","","217144","1996-02-01","Spain","Midfield","Central Midfield",172,5000000,"first_team","cmuihqg9e00czh29eqgxwp7l7","Celta de Vigo","","",""
"cmuihvzav06sdsexposm6jo65","Altay Bayındır","","336077","1998-04-13","Türkiye","Goalkeeper","Goalkeeper",198,5000000,"first_team","cmuihqg9e00czh29eqgxwp7l7","Celta de Vigo","","",""
"cmuihw24909xnsexp583i7xmk","Álvaro Núñez","","626953","2000-07-06","Spain","Defender","Right-Back",177,4000000,"first_team","cmuihqg9e00czh29eqgxwp7l7","Celta de Vigo","","",""
"cmuihvyqp05zzsexpc7g8kcoo","Borja Iglesias","","278359","1993-01-16","Spain","Attack","Centre-Forward",187,2800000,"first_team","cmuihqg9e00czh29eqgxwp7l7","Celta de Vigo","","",""
"cmuihvy6r05rmsexpyjioio3d","Carl Starfelt","","258987","1995-05-31","Sweden","Defender","Centre-Back",185,4500000,"first_team","cmuihqg9e00czh29eqgxwp7l7","Celta de Vigo","","",""
"cmuihw1eu09mosexpzm4eukdj","Couhaib Driouech","","593837","2002-04-16","Morocco","Attack","Left Winger",175,7500000,"first_team","cmuihqg9e00czh29eqgxwp7l7","Celta de Vigo","","",""
"cmuihw23x09oisexpwq0hr4cg","Ferran Jutglà","","599231","1999-01-31","Spain","Attack","Right Winger",175,10000000,"first_team","cmuihqg9e00czh29eqgxwp7l7","Celta de Vigo","","",""
"cmuihw3ev0bjesexpu3195e03","Hugo Álvarez","","892929","2003-07-01","Spain","Attack","Left Winger",176,8000000,"first_team","cmuihqg9e00czh29eqgxwp7l7","Celta de Vigo","","",""
"cmuihw2pp0alrsexp30zmkvvi","Hugo González","","707279","2003-02-06","Spain","Attack","Right Winger",177,300000,"first_team","cmuihqg9e00czh29eqgxwp7l7","Celta de Vigo","","",""
"cmuihvuyr02mxsexp74rtk0v9","Iago Aspas","","72047","1987-07-31","Spain","Attack","Centre-Forward",176,1600000,"first_team","cmuihqg9e00czh29eqgxwp7l7","Celta de Vigo","","",""
"cmuihw24509ucsexp8tadklsv","Ilaix Moriba","","617074","2003-01-18","Guinea","Midfield","Central Midfield",185,15000000,"first_team","cmuihqg9e00czh29eqgxwp7l7","Celta de Vigo","","",""
"cmuihvyr706ewsexpjmei5o7c","Ionuț Radu","","303657","1997-05-27","Romania","Goalkeeper","Goalkeeper",188,9000000,"first_team","cmuihqg9e00czh29eqgxwp7l7","Celta de Vigo","","",""
"cmuihvyr506cksexp50730deu","Iván Villar","","297194","1997-07-08","Spain","Goalkeeper","Goalkeeper",183,900000,"first_team","cmuihqg9e00czh29eqgxwp7l7","Celta de Vigo","","",""
"cmuihw0j7089ksexpw97k7fom","Javi Galán","","448628","1994-11-18","Spain","Defender","Left-Back",172,1800000,"first_team","cmuihqg9e00czh29eqgxwp7l7","Celta de Vigo","","",""
"cmuihw4480ckwsexpy88cd84g","Javi Rodríguez","","1076815","2003-06-26","Spain","Defender","Centre-Back",183,18000000,"first_team","cmuihqg9e00czh29eqgxwp7l7","Celta de Vigo","","",""
"cmuihw24j0a5qsexphu1xxtpq","Javi Rueda","","652331","2002-05-07","Spain","Defender","Right-Back",177,6000000,"first_team","cmuihqg9e00czh29eqgxwp7l7","Celta de Vigo","","",""
"cmuihw43e0bzssexp0u72fggk","Jones El-Abdellaoui","","960571","2006-01-11","Morocco","Attack","Right Winger",184,8000000,"first_team","cmuihqg9e00czh29eqgxwp7l7","Celta de Vigo","","",""
"cmuihvvye03d8sexp4p7174cq","Marcos Alonso","","112515","1990-12-27","Spain","Defender","Centre-Back",188,1200000,"first_team","cmuihqg9e00czh29eqgxwp7l7","Celta de Vigo","","",""
"cmuihw3ev0bjfsexp64tjol4u","Miguel Román","","892932","2002-12-25","Spain","Midfield","Central Midfield",178,15000000,"first_team","cmuihqg9e00czh29eqgxwp7l7","Celta de Vigo","","",""
"cmuihw3ey0bllsexp5w3uxrfv","Pablo Durán","","905997","2001-05-24","Spain","Attack","Centre-Forward",176,4000000,"first_team","cmuihqg9e00czh29eqgxwp7l7","Celta de Vigo","","",""
"cmuo50ndt000lgffh5wrkq88a","Sebastián Cáceres","","532389","1999-08-18","Uruguay","Centre-Back","Centre-Back",,4500000,"first_team","cmuihqg9e00czh29eqgxwp7l7","Celta de Vigo","","",""
"cmuihw1cx0976sexpph4xzfjr","Sergio Carreira","","545647","2000-10-12","Spain","Defender","Right-Back",170,12000000,"first_team","cmuihqg9e00czh29eqgxwp7l7","Celta de Vigo","","",""
"cmuihw2q60aygsexpm8j3xavg","Williot Swedberg","","764859","2004-01-31","Sweden","Attack","Left Winger",187,20000000,"first_team","cmuihqg9e00czh29eqgxwp7l7","Celta de Vigo","","",""
"cmuihw3fb0bvisexpkz2x4ezk","Yoel Lago","","939374","2004-03-24","Spain","Defender","Centre-Back",185,4000000,"first_team","cmuihqg9e00czh29eqgxwp7l7","Celta de Vigo","","",""
"cmuihvxg704rlsexpt0kzhmnv","Alberto Cerri","","197751","1996-04-15","Italy","Attack","Centre-Forward",194,600000,"first_team","cmuihpzab003jh29ezh4ntcbi","Cesena FC","","",""
"cmuihw3ez0bm5sexp0acnlg26","Cristian Shpendi","","908760","2003-05-18","Albania","Attack","Centre-Forward",181,0,"first_team","cmuihpzab003jh29ezh4ntcbi","Cesena FC","","",""
"cmuihvzat06rasexpae0ep1ws","Jonathan Klinsmann","","334992","1997-04-07","United States","Goalkeeper","Goalkeeper",195,2500000,"first_team","cmuihpzab003jh29ezh4ntcbi","Cesena FC","","",""
"cmuihw2pj0aijsexp0p87dl7q","Abraham Marcus","","699632","2000-01-01","Nigeria","Attack","Right Winger",178,1000000,"first_team","cmuihq2sq005hh29en9069nxw","CF Estrela Amadora","","",""
"cmuihw4rs0d2tsexp5fflc595","Alisson Souza","","1270605","2005-04-10","Brazil","Attack","Left Winger",,100000,"first_team","cmuihq2sq005hh29en9069nxw","CF Estrela Amadora","","",""
"cmuihvzbb073zsexp9t4fmg3b","Atanas Chernev","","351441","2002-03-24","Bulgaria","Defender","Centre-Back",195,700000,"first_team","cmuihq2sq005hh29en9069nxw","CF Estrela Amadora","","",""
"cmuo5g02i002f13o5kk6q32v1","Bénito","","768562","2003-08-21","France; Congo","Left Winger","Left Winger",,0,"first_team","cmuihq2sq005hh29en9069nxw","CF Estrela Amadora","","",""
"cmuihw2pj0aiksexpfuml2ndn","Bernardo Schappo","","699679","1999-03-21","Brazil","Defender","Centre-Back",191,750000,"first_team","cmuihq2sq005hh29en9069nxw","CF Estrela Amadora","","",""
"cmuihvzvs07ecsexpu23nnh5n","David Grilo","","372468","1996-08-12","Portugal","Goalkeeper","Goalkeeper",184,100000,"first_team","cmuihq2sq005hh29en9069nxw","CF Estrela Amadora","","",""
"cmuihw24q0abosexpj470w7n2","Diogo Pinto","","670711","2004-06-17","Portugal","Goalkeeper","Goalkeeper",192,300000,"first_team","cmuihq2sq005hh29en9069nxw","CF Estrela Amadora","","",""
"cmuihw4ra0cunsexp8dr1wn7x","Eddy Doué","","1159661","2005-12-10","Cote d'Ivoire","Midfield","Defensive Midfield",180,400000,"first_team","cmuihq2sq005hh29en9069nxw","CF Estrela Amadora","","",""
"cmuo5fzsz002b13o5cqw9xjmo","Emerson Vanga","","1183328","2006-02-11","France; Angola","Attacking Midfield","Attacking Midfield",,0,"first_team","cmuihq2sq005hh29en9069nxw","CF Estrela Amadora","","",""
"cmuihw4st0d79sexpisqzgpa0","Henrique Poniewas","","1433067","2006-09-24","Brazil","Attack","Centre-Forward",193,0,"first_team","cmuihq2sq005hh29en9069nxw","CF Estrela Amadora","","",""
"cmuo5fzxj002d13o5g0ru4kz1","Ianis Stoica","","547754","2002-12-08","Romania","Left Winger","Left Winger",,0,"first_team","cmuihq2sq005hh29en9069nxw","CF Estrela Amadora","","",""
"cmuihw0j7089isexpwdyv31ix","Jefferson Encada","","448468","1998-04-16","Guinea-Bissau","Defender","Right-Back",188,400000,"first_team","cmuihq2sq005hh29en9069nxw","CF Estrela Amadora","","",""
"cmuihw43g0c1ksexpn85zyg41","Jeremy Arévalo","","971663","2005-03-18","Ecuador","Attack","Centre-Forward",182,7000000,"first_team","cmuihq2sq005hh29en9069nxw","CF Estrela Amadora","","",""
"cmuihvyqf05tjsexpien4xvkc","Joan Jordán","","263727","1994-07-05","Spain","Midfield","Central Midfield",185,1000000,"first_team","cmuihq2sq005hh29en9069nxw","CF Estrela Amadora","","",""
"cmuihw24809xksexpjrjadqrf","Kevin Höög Jansson","","626854","2000-09-28","Sweden","Midfield","Defensive Midfield",190,400000,"first_team","cmuihq2sq005hh29en9069nxw","CF Estrela Amadora","","",""
"cmuihw3ev0bjdsexp7a6wc6jj","Leandro Antonetti","","892926","2003-01-12","Puerto Rico","Attack","Centre-Forward",189,200000,"first_team","cmuihq2sq005hh29en9069nxw","CF Estrela Amadora","","",""
"cmuo5fyin002313o50bx1t0st","Léo Linck","","742034","2001-03-03","Brazil","Goalkeeper","Goalkeeper",,2500000,"first_team","cmuihq2sq005hh29en9069nxw","CF Estrela Amadora","","",""
"cmuo5fzo3002913o5cgqbf0de","Lovro Zvonarek","","892973","2005-05-08","Croatia","Attacking Midfield","Attacking Midfield",,1800000,"first_team","cmuihq2sq005hh29en9069nxw","CF Estrela Amadora","","",""
"cmuihw24m0a7tsexphw3soc3a","Luan Patrick","","658674","2002-01-19","Brazil","Defender","Centre-Back",190,2000000,"first_team","cmuihq2sq005hh29en9069nxw","CF Estrela Amadora","","",""
"cmuihw43i0c3asexproujbd91","Lucas Mincarelli","","982393","2004-01-04","France","Defender","Left-Back",180,1000000,"first_team","cmuihq2sq005hh29en9069nxw","CF Estrela Amadora","","",""
"cmuihw2pp0alusexplg9rukw4","Max Scholze","","707350","2005-04-29","Germany","Defender","Right-Back",184,400000,"first_team","cmuihq2sq005hh29en9069nxw","CF Estrela Amadora","","",""
"cmuihvxg804rvsexppwlzzwpo","Rafa Soares","","198006","1995-05-08","Portugal","Defender","Left-Back",177,1000000,"first_team","cmuihq2sq005hh29en9069nxw","CF Estrela Amadora","","",""
"cmuo5g0lr002l13o5c5wh6wlj","René Mitongo","","1241698","2008-01-18","Belgium","Centre-Forward","Centre-Forward",,1000000,"first_team","cmuihq2sq005hh29en9069nxw","CF Estrela Amadora","","",""
"cmuihw44b0cnusexp76ey2a7a","Robinho","","1093626","2002-08-06","Brazil","Midfield","Central Midfield",180,600000,"first_team","cmuihq2sq005hh29en9069nxw","CF Estrela Amadora","","",""
"cmuo5g07f002h13o5xlgtfazt","Rodrigo Dudok","","1062317","2007-07-23","Uruguay","Left Winger","Left Winger",,100000,"first_team","cmuihq2sq005hh29en9069nxw","CF Estrela Amadora","","",""
"cmuo5fyqg002513o55a2rm0j3","Santiago Serra","","1293133","2007-01-23","Portugal","Defensive Midfield","Defensive Midfield",,0,"first_team","cmuihq2sq005hh29en9069nxw","CF Estrela Amadora","","",""
"cmuo5g0gz002j13o5izixloe1","Si-woo Yang","","1035894","2006-09-18","Korea, South","Right Winger","Right Winger",,0,"first_team","cmuihq2sq005hh29en9069nxw","CF Estrela Amadora","","",""
"cmuihw2qa0b1nsexppvvtbefe","Stefan Lekovic","","797572","2004-01-08","Serbia","Defender","Centre-Back",192,2500000,"first_team","cmuihq2sq005hh29en9069nxw","CF Estrela Amadora","","",""
"cmuihw2q80azwsexp2vh1ogqj","Tom Moustier","","782889","2002-05-01","France","Midfield","Central Midfield",185,400000,"first_team","cmuihq2sq005hh29en9069nxw","CF Estrela Amadora","","",""
"cmuo5fyxe002713o5tdseze5u","Vuk Pavicevic","","1117939","2008-02-22","Montenegro","Defensive Midfield","Defensive Midfield",,0,"first_team","cmuihq2sq005hh29en9069nxw","CF Estrela Amadora","","",""
"cmuihw4r50ctksexp6iibi3hv","Aarón Anselmino","","1145504","2005-04-28","Argentina","Defender","Centre-Back",186,10000000,"first_team","cmuihqcpo00b1h29edf8q9ksb","Chelsea FC","","",""
"cmuihw1dg09epsexpn53cg3d9","Cole Palmer","","568177","2002-05-05","England","Midfield","Attacking Midfield",185,100000000,"first_team","cmuihqcpo00b1h29edf8q9ksb","Chelsea FC","","",""
"cmuihvuyj02jmsexplg90ysf1","Danny Welbeck","","67063","1990-11-25","England","Attack","Centre-Forward",185,3000000,"first_team","cmuihqcpo00b1h29edf8q9ksb","Chelsea FC","","",""
"cmuihvvye03cysexp6i5qq99j","Emiliano Martínez","","111873","1992-09-01","Argentina","Goalkeeper","Goalkeeper",195,12000000,"first_team","cmuihqcpo00b1h29edf8q9ksb","Chelsea FC","","",""
"cmuihw1d909bdsexpvzkralfz","Emmanuel Emegha","","559328","2003-02-02","Netherlands","Attack","Centre-Forward",196,25000000,"first_team","cmuihqcpo00b1h29edf8q9ksb","Chelsea FC","","",""
"cmuihw4400cg5sexphfib1wn5","Estêvão","","1056993","2007-04-23","Brazil","Attack","Right Winger",178,80000000,"first_team","cmuihqcpo00b1h29edf8q9ksb","Chelsea FC","","",""
"cmuihw24k0a6zsexp2111wjtd","Gabriel Slonina","","656316","2004-05-14","United States","Goalkeeper","Goalkeeper",193,3000000,"first_team","cmuihqcpo00b1h29edf8q9ksb","Chelsea FC","","",""
"cmuihw4r40cszsexpkc2kxe96","Geovany Quenda","","1138758","2007-04-29","Portugal","Attack","Right Winger",172,42000000,"first_team","cmuihqcpo00b1h29edf8q9ksb","Chelsea FC","","",""
"cmuihw24q0ac6sexpqkpt7pjx","Jamie Gittens","","670882","2004-08-07","England","Attack","Left Winger",178,30000000,"first_team","cmuihqcpo00b1h29edf8q9ksb","Chelsea FC","","",""
"cmuihw24809xjsexpy2856ish","João Pedro","","626724","2001-09-25","Brazil","Attack","Centre-Forward",186,80000000,"first_team","cmuihqcpo00b1h29edf8q9ksb","Chelsea FC","","",""
"cmuihvuy302f3sexp4l8z602u","Jordan Henderson","","61651","1990-06-16","England","Midfield","Defensive Midfield",182,1200000,"first_team","cmuihqcpo00b1h29edf8q9ksb","Chelsea FC","","",""
"cmuihw3ey0blcsexp41hii3dl","Jorrel Hato","","904802","2006-03-06","Netherlands","Defender","Left-Back",182,40000000,"first_team","cmuihqcpo00b1h29edf8q9ksb","Chelsea FC","","",""
"cmuihw43q0c82sexpozic5xca","Josh Acheampong","","1004708","2006-05-04","England","Defender","Right-Back",190,25000000,"first_team","cmuihqcpo00b1h29edf8q9ksb","Chelsea FC","","",""
"cmuihw24409tesexpb5auvqox","Levi Colwill","","614258","2003-02-25","England","Defender","Centre-Back",187,50000000,"first_team","cmuihqcpo00b1h29edf8q9ksb","Chelsea FC","","",""
"cmuihw24609vrsexpjf7v1qyx","Malo Gusto","","620322","2003-05-18","France","Defender","Right-Back",178,35000000,"first_team","cmuihqcpo00b1h29edf8q9ksb","Chelsea FC","","",""
"cmuihw3ew0bk2sexpckwsp9gl","Marco Palestra","","895937","2005-03-02","Italy","Defender","Right-Back",186,35000000,"first_team","cmuihqcpo00b1h29edf8q9ksb","Chelsea FC","","",""
"cmuihw0iu0868sexppt652rcy","Maxence Lacroix","","434224","2000-04-05","France","Defender","Centre-Back",190,50000000,"first_team","cmuihqcpo00b1h29edf8q9ksb","Chelsea FC","","",""
"cmuihw3ei0b9usexp4cjc6h4u","Mike Penders","","834397","2005-07-30","Belgium","Goalkeeper","Goalkeeper",200,25000000,"first_team","cmuihqcpo00b1h29edf8q9ksb","Chelsea FC","","",""
"cmuihw2pf0afdsexpegweqpdi","Moisés Caicedo","","687626","2001-11-01","Ecuador","Midfield","Defensive Midfield",178,100000000,"first_team","cmuihqcpo00b1h29edf8q9ksb","Chelsea FC","","",""
"cmuihw0k908sisexp17cj2wiu","Morgan Rogers","","503743","2002-07-25","England","Midfield","Attacking Midfield",187,110000000,"first_team","cmuihqcpo00b1h29edf8q9ksb","Chelsea FC","","",""
"cmuihw0k508oasexpvivju0qy","Pedro Neto","","487465","2000-03-08","Portugal","Attack","Right Winger",174,60000000,"first_team","cmuihqcpo00b1h29edf8q9ksb","Chelsea FC","","",""
"cmuihw23v09nesexpfic32t6u","Pep Chavarría","","596122","1998-04-09","Spain","Defender","Left-Back",174,10000000,"first_team","cmuihqcpo00b1h29edf8q9ksb","Chelsea FC","","",""
"cmuihw0ju08jhsexpns4bv6yz","Reece James","","472423","1999-12-07","England","Defender","Right-Back",180,60000000,"first_team","cmuihqcpo00b1h29edf8q9ksb","Chelsea FC","","",""
"cmuihw24909yesexpvvl16sz8","Roméo Lavia","","628451","2004-01-05","Belgium","Midfield","Defensive Midfield",181,22000000,"first_team","cmuihqcpo00b1h29edf8q9ksb","Chelsea FC","","",""
"cmuihw2px0asmsexpfxlc5mbd","Teddy Sharman-Lowe","","731466","2003-03-29","England","Goalkeeper","Goalkeeper",189,500000,"first_team","cmuihqcpo00b1h29edf8q9ksb","Chelsea FC","","",""
"cmuihw3el0bc7sexpi4ywz0bu","Valentín Barco","","849410","2004-07-22","Argentina","Midfield","Central Midfield",172,40000000,"first_team","cmuihqcpo00b1h29edf8q9ksb","Chelsea FC","","",""
"cmuihw0jv08k0sexpg6e3qrwb","Wesley Fofana","","475411","2000-12-16","France","Defender","Centre-Back",188,28000000,"first_team","cmuihqcpo00b1h29edf8q9ksb","Chelsea FC","","",""
"cmuihw4rn0d19sexpq76swssd","Adrian Lahdo","","1231993","2007-12-25","Sweden","Midfield","Central Midfield",179,10000000,"first_team","cmuihntg0000vb23fquzb7c6q","Como 1907","","",""
"cmuihvzvy07j0sexp2clawa6g","Alberto Dossena","","385394","1998-10-12","Italy","Defender","Centre-Back",195,6000000,"first_team","cmuihntg0000vb23fquzb7c6q","Como 1907","","",""
"cmuihw2pr0an0sexp1f2tl1n4","Álex Valle","","709957","2004-04-24","Spain","Defender","Left-Back",178,12000000,"first_team","cmuihntg0000vb23fquzb7c6q","Como 1907","","",""
"cmuihw1bk08y6sexp0noswpde","Anastasios Douvikas","","523318","1999-08-01","Greece","Attack","Centre-Forward",186,25000000,"first_team","cmuihntg0000vb23fquzb7c6q","Como 1907","","",""
"cmuihw4420ch8sexpec3dl2dm","Assane Diao","","1061282","2005-09-06","Senegal","Attack","Left Winger",185,30000000,"first_team","cmuihntg0000vb23fquzb7c6q","Como 1907","","",""
"cmuihvy6f05iasexpylvkkr0t","Edoardo Goldaniga","","242940","1993-11-01","Italy","Defender","Centre-Back",193,2000000,"first_team","cmuihntg0000vb23fquzb7c6q","Como 1907","","",""
"cmuihw1dl09g8sexp5zi8imto","Ivan Smolcic","","571271","2000-08-16","Croatia","Defender","Right-Back",181,3500000,"first_team","cmuihntg0000vb23fquzb7c6q","Como 1907","","",""
"cmuihw3fe0bxqsexpwd6ajfic","Jacobo Ramón","","948278","2005-01-05","Spain","Defender","Centre-Back",196,30000000,"first_team","cmuihntg0000vb23fquzb7c6q","Como 1907","","",""
"cmuihw2q30axksexpr02drvoi","Jayden Addai","","747720","2005-08-25","Netherlands","Attack","Right Winger",177,20000000,"first_team","cmuihntg0000vb23fquzb7c6q","Como 1907","","",""
"cmuihvyqy068dsexpj1c80bwc","Jean Butez","","290537","1995-06-07","France","Goalkeeper","Goalkeeper",189,8000000,"first_team","cmuihntg0000vb23fquzb7c6q","Como 1907","","",""
"cmuihw4rh0cynsexp90p0idkh","Jesús Rodríguez","","1190411","2005-11-20","Spain","Attack","Left Winger",185,30000000,"first_team","cmuihntg0000vb23fquzb7c6q","Como 1907","","",""
"cmuo543o6000abpsmrz553q9g","Kaiki","","879217","2003-03-08","Brazil","Left-Back","Left-Back",,14000000,"first_team","cmuihntg0000vb23fquzb7c6q","Como 1907","","",""
"cmuihw0k708qesexpv4wrc22t","Lucas Da Cunha","","495667","2001-06-08","France","Midfield","Central Midfield",174,20000000,"first_team","cmuihntg0000vb23fquzb7c6q","Como 1907","","",""
"cmuihvyqr061isexp6ugjqym3","Luis Milla","","281989","1994-10-06","Spain","Midfield","Central Midfield",175,3500000,"first_team","cmuihntg0000vb23fquzb7c6q","Como 1907","","",""
"cmuihvws4043ysexp9187tyf9","Marc Oliver Kempf","","160938","1995-01-27","Germany","Defender","Centre-Back",186,3500000,"first_team","cmuihntg0000vb23fquzb7c6q","Como 1907","","",""
"cmuihw1dq09imsexp9caq58ae","Martin Baturina","","580451","2003-02-15","Croatia","Midfield","Attacking Midfield",172,30000000,"first_team","cmuihntg0000vb23fquzb7c6q","Como 1907","","",""
"cmuihw43l0c56sexp2riocxx7","Mattia Liberali","","988964","2007-04-05","Italy","Midfield","Attacking Midfield",172,0,"first_team","cmuihntg0000vb23fquzb7c6q","Como 1907","","",""
"cmuihvvvq030jsexp8ipzh1ad","Mauro Vigorito","","88595","1990-05-21","Italy","Goalkeeper","Goalkeeper",187,150000,"first_team","cmuihntg0000vb23fquzb7c6q","Como 1907","","",""
"cmuihvzw607pmsexp8nhjzw6a","Maxence Caqueret","","395237","2000-02-14","France","Midfield","Central Midfield",174,13000000,"first_team","cmuihntg0000vb23fquzb7c6q","Como 1907","","",""
"cmuihw24p0ab3sexp69ifrujp","Máximo Perrone","","668547","2003-01-06","Argentina","Midfield","Defensive Midfield",177,35000000,"first_team","cmuihntg0000vb23fquzb7c6q","Como 1907","","",""
"cmuihvzbm07b6sexp7mrrwntm","Moise Kean","","364135","2000-02-27","Italy","Attack","Centre-Forward",183,32000000,"first_team","cmuihntg0000vb23fquzb7c6q","Como 1907","","",""
"cmuihw3fe0bxssexpltf99us6","Nico Paz","","948294","2004-09-07","Argentina","Midfield","Attacking Midfield",185,80000000,"first_team","cmuihntg0000vb23fquzb7c6q","Como 1907","","",""
"cmuihvzwg07u1sexpu0e6p4p6","Robert Sánchez","","403151","1997-11-17","Spain","Goalkeeper","Goalkeeper",197,22000000,"on_loan","cmuihntg0000vb23fquzb7c6q","Como 1907","cmuihqcpo00b1h29edf8q9ksb","Chelsea FC","2027-06-30"
"cmuihw0jq08hssexpbyxj3x6q","Samuele Ricci","","467992","2001-08-20","Italy","Midfield","Defensive Midfield",181,22000000,"first_team","cmuihntg0000vb23fquzb7c6q","Como 1907","","",""
"cmuihvzb80719sexp519zislh","Trevoh Chalobah","","346314","1999-07-04","England","Defender","Centre-Back",192,40000000,"first_team","cmuihntg0000vb23fquzb7c6q","Como 1907","","",""
"cmuihw2q80azpsexpofaa22sm","Willy Kambwala","","780630","2004-08-24","France","Defender","Centre-Back",192,3000000,"first_team","cmuihntg0000vb23fquzb7c6q","Como 1907","","",""
"cmuihw24909xvsexprfxjb1e3","Yan Couto","","627228","2002-06-02","Brazil","Defender","Right-Back",168,17000000,"first_team","cmuihntg0000vb23fquzb7c6q","Como 1907","","",""
"cmuihw1cy097lsexpsu8d2xoe","Iker Álvarez","","547248","2001-07-24","Andorra","Goalkeeper","Goalkeeper",190,800000,"first_team","cmuihqhaj00dhh29edk87lbfa","Córdoba CF","","",""
"cmuihw24e0a15sexp4p3hrlcw","Aurèle Amenda","","635645","2003-07-30","Switzerland; Cameroon","Centre-Back","Centre-Back",194,10000000,"first_team","cmundu5xu0001zjoe1l91im6d","Coventry City","","",""
"cmunpdth2000nqkd3zyc85zjf","Ben Wilson","Ben Wilson","121352","1992-08-09","England","Goalkeeper","Goalkeeper",,300000,"first_team","cmundu5xu0001zjoe1l91im6d","Coventry City","","",""
"cmuihw2q90b0gsexp3cpz0rke","Bobby Thomas","","788283","2001-01-29","England","Centre-Back","Centre-Back",186,16000000,"first_team","cmundu5xu0001zjoe1l91im6d","Coventry City","","",""
"cmunpdp5u0009qkd32yll6r8b","Brandon Thomas-Asante","Brandon Thomas-Asante","451747","1998-12-29","Ghana; England","Centre-Forward","Centre-Forward",,16000000,"first_team","cmundu5xu0001zjoe1l91im6d","Coventry City","","",""
"cmunpdnnn0003qkd3igqfxx43","Caleb Yirenkyi","Caleb Yirenkyi","1240763","2006-01-15","Ghana","Central Midfield","Central Midfield",,18000000,"first_team","cmundu5xu0001zjoe1l91im6d","Coventry City","","",""
"cmuihw24h0a3lsexpo4u07nrp","Carl Rushworth","","646353","2001-07-01","England","Goalkeeper","Goalkeeper",191,16000000,"first_team","cmundu5xu0001zjoe1l91im6d","Coventry City","","",""
"cmuihvwro03s9sexp6jk1zrkl","Daniel Bentley","","136401","1993-07-12","England","Goalkeeper","Goalkeeper",193,800000,"first_team","cmundu5xu0001zjoe1l91im6d","Coventry City","","",""
"cmuihw1ar08v7sexptwoie82p","Ellis Simms","","511550","2001-01-04","England; Poland","Centre-Forward","Centre-Forward",191,12000000,"first_team","cmundu5xu0001zjoe1l91im6d","Coventry City","","",""
"cmunpdosl0005qkd3mdm32gd6","Ephron Mason-Clark","Ephron Mason-Clark","466637","1999-08-25","Jamaica; England","Left Winger","Left Winger",,16000000,"first_team","cmundu5xu0001zjoe1l91im6d","Coventry City","","",""
"cmuihw0j3087usexptlqk9zyy","Ethan Pinnock","","442248","1993-05-28","Jamaica; England","Centre-Back","Centre-Back",194,3000000,"first_team","cmundu5xu0001zjoe1l91im6d","Coventry City","","",""
"cmuihvzws081csexp5ea0tthe","Frank Onyeka","","421637","1997-12-31","Nigeria","Central Midfield","Central Midfield",183,8000000,"first_team","cmundu5xu0001zjoe1l91im6d","Coventry City","","",""
"cmuihvzan06mhsexph8jsb24j","Gustavo Hamer","","322985","1997-06-23","Netherlands; Brazil","Central Midfield","Central Midfield",169,14000000,"first_team","cmundu5xu0001zjoe1l91im6d","Coventry City","","",""
"cmunpdoz90007qkd3pxfteh1f","Haji Wright","Haji Wright","315291","1998-03-27","United States; Liberia","Centre-Forward","Centre-Forward",,16000000,"first_team","cmundu5xu0001zjoe1l91im6d","Coventry City","","",""
"cmunpdnd30001qkd317eex908","Jack Rudoni","Jack Rudoni","662476","2001-06-14","England; United States","Attacking Midfield","Attacking Midfield",,20000000,"first_team","cmundu5xu0001zjoe1l91im6d","Coventry City","","",""
"cmunpdt9r000lqkd3y8q7az9p","Jake Bidwell","Jake Bidwell","121250","1993-03-21","England","Left-Back","Left-Back",,600000,"first_team","cmundu5xu0001zjoe1l91im6d","Coventry City","","",""
"cmunpdqaz000dqkd3xke0dtja","Jay Dasilva","Jay Dasilva","258915","1998-04-22","Wales; England","Left-Back","Left-Back",,9000000,"first_team","cmundu5xu0001zjoe1l91im6d","Coventry City","","",""
"cmunpds4n000jqkd3b0sddwn1","Joel Latibeaudiere","Joel Latibeaudiere","412823","2000-01-06","Jamaica; England","Centre-Back","Centre-Back",,3000000,"first_team","cmundu5xu0001zjoe1l91im6d","Coventry City","","",""
"cmunpdqhy000fqkd3wujdpvfb","Josh Eccles","Josh Eccles","618903","2000-04-06","England","Central Midfield","Central Midfield",,9000000,"first_team","cmundu5xu0001zjoe1l91im6d","Coventry City","","",""
"cmuihw24909xlsexptid0puzh","Kaine Kesler-Hayden","","626888","2002-10-22","England","Right-Back","Right-Back",175,3000000,"first_team","cmundu5xu0001zjoe1l91im6d","Coventry City","","",""
"cmuihw24109r5sexppsa3qrr8","Loum Tchaouna","","607226","2003-09-07","France; Chad","Right Winger","Right Winger",180,13000000,"first_team","cmundu5xu0001zjoe1l91im6d","Coventry City","","",""
"cmuihw1br08zosexp7cjuf5xk","Luke Woolfenden","","527425","1998-10-20","England","Centre-Back","Centre-Back",193,2000000,"first_team","cmundu5xu0001zjoe1l91im6d","Coventry City","","",""
"cmuihvyqg05ursexpgunjnml9","Matt Grimes","","265471","1995-07-14","England","Defensive Midfield","Central Midfield",178,5000000,"first_team","cmundu5xu0001zjoe1l91im6d","Coventry City","","",""
"cmuihw1eo09l1sexpooohcjel","Milan van Ewijk","","587335","2000-09-07","Netherlands; Suriname","Right-Back","Right-Back",175,22000000,"first_team","cmundu5xu0001zjoe1l91im6d","Coventry City","","",""
"cmuihw43k0c4lsexprvch5gra","Sidiki Chérif","","986288","2006-12-14","Guinea","Centre-Forward","Centre-Forward",188,18000000,"first_team","cmundu5xu0001zjoe1l91im6d","Coventry City","","",""
"cmuihw43y0ce6sexpnac6lti2","Stephen Mfuni","","1049020","2008-02-11","England; DR Congo","Centre-Back","Centre-Back",193,1500000,"first_team","cmundu5xu0001zjoe1l91im6d","Coventry City","","",""
"cmuihvyr406bpsexpxobzkmxa","Taiwo Awoniyi","","295313","1997-08-11","Nigeria","Centre-Forward","Centre-Forward",183,8000000,"first_team","cmundu5xu0001zjoe1l91im6d","Coventry City","","",""
"cmunpdrln000hqkd3h47pd4en","Tatsuhiro Sakamoto","Tatsuhiro Sakamoto","617408","1996-10-22","Japan","Right Winger","Right Winger",,4500000,"first_team","cmundu5xu0001zjoe1l91im6d","Coventry City","","",""
"cmunpdpcd000bqkd3b6a18yqw","Victor Torp","Victor Torp","403692","1999-07-30","Denmark","Central Midfield","Central Midfield",,14000000,"first_team","cmundu5xu0001zjoe1l91im6d","Coventry City","","",""
"cmuihw0jn08fxsexpebuxydno","Yann Gboho","","463613","2001-01-13","Cote d'Ivoire; France","Left Winger","Left Winger",178,18000000,"first_team","cmundu5xu0001zjoe1l91im6d","Coventry City","","",""
"cmuihw2q00aw1sexphlx29dwh","Adam Wharton","","744149","2004-02-05","England","Midfield","Defensive Midfield",182,70000000,"first_team","cmuihqfqr00cqh29e2077zt3y","Crystal Palace","","",""
"cmuo4n55m000ty9hohzuxjt7z","Anan Khalaili","","945021","2004-09-03","Israel","Right-Back","Right-Back",,23000000,"first_team","cmuihqfqr00cqh29e2077zt3y","Crystal Palace","","",""
"cmuihvzvy07j8sexpt7pgesch","Axel Disasi","","386047","1998-03-10","France","Defender","Centre-Back",191,15000000,"first_team","cmuihqfqr00cqh29e2077zt3y","Crystal Palace","","",""
"cmuihvzaj06jusexp6r3qyhcf","Ben Chilwell","","316125","1996-12-20","England","Defender","Left-Back",180,10000000,"first_team","cmuihqfqr00cqh29e2077zt3y","Crystal Palace","","",""
"cmuihw2pg0afksexp0jel9stf","Chadi Riad","","689637","2003-06-16","Morocco","Defender","Centre-Back",186,15000000,"first_team","cmuihqfqr00cqh29e2077zt3y","Crystal Palace","","",""
"cmuihw1cw096ksexpu95gibwb","Cheick Doucouré","","543387","2000-01-07","Mali","Midfield","Defensive Midfield",180,10000000,"first_team","cmuihqfqr00cqh29e2077zt3y","Crystal Palace","","",""
"cmuihw1dp09hysexpa50dn8m1","Chris Richards","","578539","2000-03-27","United States","Defender","Centre-Back",189,28000000,"first_team","cmuihqfqr00cqh29e2077zt3y","Crystal Palace","","",""
"cmuihvzbi077csexphcpkncv0","Daichi Kamada","","356141","1996-08-04","Japan","Midfield","Attacking Midfield",180,10000000,"first_team","cmuihqfqr00cqh29e2077zt3y","Crystal Palace","","",""
"cmuo4n5al000vy9hocyn9wy16","Darío Osorio","","881116","2004-01-24","Chile","Right Winger","Right Winger",,15000000,"first_team","cmuihqfqr00cqh29e2077zt3y","Crystal Palace","","",""
"cmuihvy6r05risexpuxq62mzz","Dean Henderson","","258919","1997-03-11","England","Goalkeeper","Goalkeeper",188,28000000,"first_team","cmuihqfqr00cqh29e2077zt3y","Crystal Palace","","",""
"cmuihw1em09k5sexpvvvnin7w","Dwight McNeil","","584769","1999-11-21","England","Attack","Left Winger",183,18000000,"first_team","cmuihqfqr00cqh29e2077zt3y","Crystal Palace","","",""
"cmuihvzb306wfsexp4yp2apfd","Eddie Nketiah","","340324","1999-05-29","England","Attack","Centre-Forward",175,10000000,"first_team","cmuihqfqr00cqh29e2077zt3y","Crystal Palace","","",""
"cmuihw0k808resexpz375djes","Evann Guessand","","500689","2001-06-30","Cote d'Ivoire","Attack","Right Winger",188,25000000,"first_team","cmuihqfqr00cqh29e2077zt3y","Crystal Palace","","",""
"cmuihw4480ckysexpd4e5l0c8","Honest Ahanor","","1077175","2008-02-22","Italy","Defender","Centre-Back",184,30000000,"first_team","cmuihqfqr00cqh29e2077zt3y","Crystal Palace","","",""
"cmuihvzwk07wnsexpzhempd5r","Ismaïla Sarr","","410225","1998-02-24","Senegal","Attack","Right Winger",185,40000000,"first_team","cmuihqfqr00cqh29e2077zt3y","Crystal Palace","","",""
"cmuihw43r0c8gsexpa3fxnqq6","Jaydee Canvot","","1006411","2006-07-28","France","Defender","Centre-Back",188,28000000,"first_team","cmuihqfqr00cqh29e2077zt3y","Crystal Palace","","",""
"cmuihvzwr080wsexpchy9dpph","Jean-Philippe Mateta","","420002","1997-06-27","France","Attack","Centre-Forward",192,30000000,"first_team","cmuihqfqr00cqh29e2077zt3y","Crystal Palace","","",""
"cmuihvyqf05t4sexpzxsrcsib","Jefferson Lerma","","262980","1994-10-24","Colombia","Midfield","Defensive Midfield",180,6000000,"first_team","cmuihqfqr00cqh29e2077zt3y","Crystal Palace","","",""
"cmuihw0iq084gsexp4a7hsus2","Jørgen Strand Larsen","","429983","2000-02-05","Norway","Attack","Centre-Forward",193,40000000,"first_team","cmuihqfqr00cqh29e2077zt3y","Crystal Palace","","",""
"cmuihvzaq06pjsexptgj04ke9","Óscar Mingueza","","331505","1999-05-12","Spain","Defender","Right-Back",184,18000000,"first_team","cmuihqfqr00cqh29e2077zt3y","Crystal Palace","","",""
"cmuihvzws0813sexp5p0wz39k","Quinten Timber","","420213","2001-06-16","Netherlands","Midfield","Central Midfield",176,25000000,"first_team","cmuihqfqr00cqh29e2077zt3y","Crystal Palace","","",""
"cmuihvxg604q4sexpxn317nh6","Remi Matthews","","196722","1994-02-09","England","Goalkeeper","Goalkeeper",183,200000,"first_team","cmuihqfqr00cqh29e2077zt3y","Crystal Palace","","",""
"cmuihvzar06pmsexpx2cwwq1x","Takehiro Tomiyasu","","331560","1998-11-04","Japan","Defender","Centre-Back",187,5000000,"first_team","cmuihqfqr00cqh29e2077zt3y","Crystal Palace","","",""
"cmuihw2px0aslsexpw8u7nd6d","Tyrick Mitchell","","730893","1999-08-31","England","Defender","Left-Back",181,25000000,"first_team","cmuihqfqr00cqh29e2077zt3y","Crystal Palace","","",""
"cmuihvyr506cesexp6wiy8s27","Walter Benítez","","296802","1993-01-18","Argentina","Goalkeeper","Goalkeeper",191,4000000,"first_team","cmuihqfqr00cqh29e2077zt3y","Crystal Palace","","",""
"cmuihvxgi04y7sexp1xk5gagg","Will Hughes","","207014","1995-04-16","England","Midfield","Central Midfield",185,5000000,"first_team","cmuihqfqr00cqh29e2077zt3y","Crystal Palace","","",""
"cmuihw1dg09ensexpml5e9f7y","Yéremy Pino","","568157","2002-10-19","Spain","Attack","Right Winger",174,30000000,"first_team","cmuihqfqr00cqh29e2077zt3y","Crystal Palace","","",""
"cmuo4n5fl000xy9hokzzczwcj","Zavier Gozo","","1007383","2007-03-22","United States; Cote d'Ivoire","Right Winger","Right Winger",,6000000,"first_team","cmuihqfqr00cqh29e2077zt3y","Crystal Palace","","",""
"cmuihw23w09nwsexpgjr9vhiv","Adrián Butzke","","596884","1999-03-29","Spain","Attack","Centre-Forward",193,300000,"first_team","cmuihovp7002rb23fxfslsjdn","CS Marítimo","","",""
"cmuihw1bz093csexpozaeazb5","Alfonso Pastor","","537367","2000-10-03","Spain","Goalkeeper","Goalkeeper",192,250000,"first_team","cmuihovp7002rb23fxfslsjdn","CS Marítimo","","",""
"cmuihw0k808rpsexp2ir4qz7v","Bryan Limbombe","","502288","2001-05-13","Belgium","Attack","Right Winger",172,400000,"first_team","cmuihovp7002rb23fxfslsjdn","CS Marítimo","","",""
"cmuo5hmlq007p13o5e4wd4fl9","Enrique Peña Zauner","","336325","2000-03-04","Venezuela; Germany","Left Winger","Left Winger",,0,"first_team","cmuihovp7002rb23fxfslsjdn","CS Marítimo","","",""
"cmuihw1d50993sexpdb8o7dwo","Fran Vieites","","551182","1999-05-06","Spain","Goalkeeper","Goalkeeper",196,500000,"first_team","cmuihovp7002rb23fxfslsjdn","CS Marítimo","","",""
"cmuihw3f50bqgsexphbkbhr0t","Francisco Gomes","","927715","2004-04-13","Portugal","Attack","Right Winger",175,0,"first_team","cmuihovp7002rb23fxfslsjdn","CS Marítimo","","",""
"cmuo5hlvk007f13o57k48tdyn","Francisco Silva","","1100298","2007-02-08","Portugal","Defensive Midfield","Defensive Midfield",,0,"first_team","cmuihovp7002rb23fxfslsjdn","CS Marítimo","","",""
"cmuo5hkgj007713o582fkm1i7","Gábor Szalai","","830057","2000-06-09","Hungary","Centre-Back","Centre-Back",,1000000,"first_team","cmuihovp7002rb23fxfslsjdn","CS Marítimo","","",""
"cmuo5hk69007513o53d9g321r","Gonçalo Tabuaço","","540182","2001-03-11","Portugal","Goalkeeper","Goalkeeper",,0,"first_team","cmuihovp7002rb23fxfslsjdn","CS Marítimo","","",""
"cmuihw4rx0d6dsexp9xayst6p","Ibrahim Alani","","1367276","2006-07-28","Nigeria","Midfield","Central Midfield",175,500000,"first_team","cmuihovp7002rb23fxfslsjdn","CS Marítimo","","",""
"cmuihvy5z055esexpusnnz6f1","Igor Julião","","223977","1994-08-22","Brazil","Defender","Right-Back",175,500000,"first_team","cmuihovp7002rb23fxfslsjdn","CS Marítimo","","",""
"cmuo5hm0j007h13o5kewovyxz","Israel Isaac Ayuma","","1129892","2005-08-08","Nigeria","Central Midfield","Central Midfield",,300000,"first_team","cmuihovp7002rb23fxfslsjdn","CS Marítimo","","",""
"cmuo5hn5q007t13o511l3wc4b","José Melro","","939765","2004-05-26","Portugal","Centre-Forward","Centre-Forward",,0,"first_team","cmuihovp7002rb23fxfslsjdn","CS Marítimo","","",""
"cmuihw3fc0bw0sexp1d4m8c5p","Martín Tejón","","941883","2004-04-11","Spain","Attack","Right Winger",165,1000000,"first_team","cmuihovp7002rb23fxfslsjdn","CS Marítimo","","",""
"cmuo5hmw0007r13o57c3ie48i","Maurice Boakye","","805595","2004-09-01","Germany; Ghana","Centre-Forward","Centre-Forward",,0,"first_team","cmuihovp7002rb23fxfslsjdn","CS Marítimo","","",""
"cmuo5hmc7007l13o5kxb792gx","Maxime Dominguez","","207561","1996-02-01","Switzerland; Spain","Attacking Midfield","Attacking Midfield",,0,"first_team","cmuihovp7002rb23fxfslsjdn","CS Marítimo","","",""
"cmuo5hnfc007v13o57oyjqo20","Mons Bassouamina","","391377","1998-05-28","Congo; France","Centre-Forward","Centre-Forward",,0,"first_team","cmuihovp7002rb23fxfslsjdn","CS Marítimo","","",""
"cmuo5hlgz007b13o53spdgqga","Nathanael Ogbeta","","433168","2001-04-28","England; Nigeria","Left-Back","Left-Back",,400000,"first_team","cmuihovp7002rb23fxfslsjdn","CS Marítimo","","",""
"cmuo5hm7f007j13o5t8kdqnyb","Nélio Batista","","1210902","2009-01-14","Portugal","Central Midfield","Central Midfield",,0,"first_team","cmuihovp7002rb23fxfslsjdn","CS Marítimo","","",""
"cmuihw24v0aecsexp15onwh0q","Nilton","","681829","2001-05-24","Portugal","Defender","Left-Back",182,1200000,"first_team","cmuihovp7002rb23fxfslsjdn","CS Marítimo","","",""
"cmuo5hl7u007913o5v1p0qnv0","Paulo Henrique","","292365","1996-10-23","Portugal","Left-Back","Left-Back",,700000,"first_team","cmuihovp7002rb23fxfslsjdn","CS Marítimo","","",""
"cmuihw2q00avzsexp6ai5y58t","Rafael Fernandes","","744074","2002-06-27","Portugal","Defender","Centre-Back",191,500000,"first_team","cmuihovp7002rb23fxfslsjdn","CS Marítimo","","",""
"cmuihvxg804rpsexpdkuwz97d","Raphael Guzzo","","197880","1995-01-05","Portugal","Midfield","Central Midfield",178,600000,"first_team","cmuihovp7002rb23fxfslsjdn","CS Marítimo","","",""
"cmuihw2pi0ahmsexpr2kyaour","Rodrigo Andrade","","696656","2001-11-23","Portugal","Midfield","Defensive Midfield",180,200000,"first_team","cmuihovp7002rb23fxfslsjdn","CS Marítimo","","",""
"cmuihvzwo07zksexpspwnp2ap","Romain Correia","","416088","1999-09-05","Portugal","Defender","Centre-Back",187,300000,"first_team","cmuihovp7002rb23fxfslsjdn","CS Marítimo","","",""
"cmuihw2pf0aewsexptv2rqaul","Samuel Bamba","","684318","2004-02-12","Germany","Attack","Right Winger",179,450000,"first_team","cmuihovp7002rb23fxfslsjdn","CS Marítimo","","",""
"cmuo5hmgx007n13o5g4ngzkk7","Simo Bouzaidi","","537375","1999-11-16","Morocco; Spain","Left Winger","Left Winger",,1200000,"first_team","cmuihovp7002rb23fxfslsjdn","CS Marítimo","","",""
"cmuo5hlly007d13o5dqe62kez","Tomás Tavares","","550549","2001-03-07","Portugal; Cape Verde","Right-Back","Right-Back",,300000,"first_team","cmuihovp7002rb23fxfslsjdn","CS Marítimo","","",""
"cmuihw0jd08c6sexpljavcex2","Vladan Danilovic","","456898","1999-07-26","Bosnia-Herzegovina","Midfield","Defensive Midfield",183,600000,"first_team","cmuihovp7002rb23fxfslsjdn","CS Marítimo","","",""
"cmuihw3fc0bvzsexpjlbsf2f7","Yellu Santiago","","941869","2004-05-24","Spain","Midfield","Central Midfield",192,700000,"first_team","cmuihovp7002rb23fxfslsjdn","CS Marítimo","","",""
"cmuihw2pt0apbsexprwuzhp3m","Abde Rebbach","","718034","1998-08-10","Algeria","Attack","Left Winger",176,2500000,"first_team","cmuiho7e5001lb23fhy6pl2ep","Deportivo Alavés","","",""
"cmuihw24109rdsexpjssqxhr7","Adrián Rodríguez","","608382","2000-12-11","Argentina","Goalkeeper","Goalkeeper",195,200000,"first_team","cmuiho7e5001lb23fhy6pl2ep","Deportivo Alavés","","",""
"cmuihw3f90btasexp1a7hyi8t","Aitor Mañas","","935232","2003-01-04","Spain","Attack","Centre-Forward",185,600000,"first_team","cmuiho7e5001lb23fhy6pl2ep","Deportivo Alavés","","",""
"cmuihw0jp08gxsexpdp9aih5d","Ander Guevara","","465967","1997-07-06","Spain","Midfield","Central Midfield",180,2500000,"first_team","cmuiho7e5001lb23fhy6pl2ep","Deportivo Alavés","","",""
"cmuihw4r00cr8sexp3z7rlb4y","Ángel Pérez","","1124136","2002-06-07","Spain","Attack","Right Winger",183,3000000,"first_team","cmuiho7e5001lb23fhy6pl2ep","Deportivo Alavés","","",""
"cmuihw0k708q9sexpoki6hzhb","Antonio Blanco","","495621","2000-07-22","Spain","Midfield","Defensive Midfield",176,10000000,"first_team","cmuiho7e5001lb23fhy6pl2ep","Deportivo Alavés","","",""
"cmuihvyr506d8sexpeyqzi5rg","Antonio Sivera","","298197","1996-08-10","Spain","Goalkeeper","Goalkeeper",185,6000000,"first_team","cmuiho7e5001lb23fhy6pl2ep","Deportivo Alavés","","",""
"cmuihvyqt063wsexp5m33gxhh","Carles Aleñá","","284854","1998-01-04","Spain","Midfield","Central Midfield",180,3000000,"first_team","cmuiho7e5001lb23fhy6pl2ep","Deportivo Alavés","","",""
"cmuihw0ir084ssexpj6vuwjcc","Carlos Protesoni","","431190","1998-03-29","Uruguay","Midfield","Defensive Midfield",185,1000000,"first_team","cmuiho7e5001lb23fhy6pl2ep","Deportivo Alavés","","",""
"cmuihvwsb047isexpksfqggms","Denis Suárez","","165007","1994-01-05","Spain","Midfield","Attacking Midfield",176,1000000,"first_team","cmuiho7e5001lb23fhy6pl2ep","Deportivo Alavés","","",""
"cmuihw1bw091rsexptvz7oris","Facundo Garcés","","533354","1999-09-04","Malaysia","Defender","Centre-Back",191,1000000,"first_team","cmuiho7e5001lb23fhy6pl2ep","Deportivo Alavés","","",""
"cmuihw24p0aaysexp9ac69u1k","Hugo Novoa","","668276","2003-01-23","Spain","Defender","Right-Back",182,1000000,"first_team","cmuiho7e5001lb23fhy6pl2ep","Deportivo Alavés","","",""
"cmuihvxfo04d4sexp01auag4c","Jonny Otto","","175446","1994-03-02","Spain","Defender","Right-Back",175,2200000,"first_team","cmuiho7e5001lb23fhy6pl2ep","Deportivo Alavés","","",""
"cmuihvzat06qzsexpa2qpgm1h","Lucas Boyé","","334222","1996-02-27","Argentina","Attack","Centre-Forward",183,5000000,"first_team","cmuiho7e5001lb23fhy6pl2ep","Deportivo Alavés","","",""
"cmuihvy5z055qsexpswujukal","Mariano Díaz","","225020","1993-07-31","Dominican Republic","Attack","Centre-Forward",180,300000,"first_team","cmuiho7e5001lb23fhy6pl2ep","Deportivo Alavés","","",""
"cmuihw24d0a0tsexpedktyv7c","Miguel Rodríguez","","634427","2003-04-28","Spain","Attack","Right Winger",179,4500000,"first_team","cmuiho7e5001lb23fhy6pl2ep","Deportivo Alavés","","",""
"cmuihw2pu0aqesexpvu1z89cg","Mikel Rodriguez","","721660","2002-04-02","Spain","Midfield","Central Midfield",175,500000,"first_team","cmuiho7e5001lb23fhy6pl2ep","Deportivo Alavés","","",""
"cmuihw1bw091tsexpsas453au","Nahuel Tenaglia","","533568","1996-02-20","Argentina","Defender","Right-Back",181,3000000,"first_team","cmuiho7e5001lb23fhy6pl2ep","Deportivo Alavés","","",""
"cmuihw3ep0becsexp5v00gtbq","Nicolás Valentini","","860992","2001-04-05","Argentina","Defender","Centre-Back",187,3000000,"first_team","cmuiho7e5001lb23fhy6pl2ep","Deportivo Alavés","","",""
"cmuihw2q90b06sexp5flhooww","Pablo Ibáñez","","785353","1998-09-19","Spain","Midfield","Central Midfield",179,4000000,"first_team","cmuiho7e5001lb23fhy6pl2ep","Deportivo Alavés","","",""
"cmuihw43z0cfdsexp5gf7bzx5","Selu Diallo","","1054931","2003-09-30","Guinea","Midfield","Central Midfield",187,200000,"first_team","cmuiho7e5001lb23fhy6pl2ep","Deportivo Alavés","","",""
"cmuihvyr706easexpbf70vlr0","Toni Martínez","","302371","1997-06-29","Spain","Attack","Centre-Forward",187,7500000,"first_team","cmuiho7e5001lb23fhy6pl2ep","Deportivo Alavés","","",""
"cmuo51pt40038gffh8obfi8sz","Ville Koski","","581326","2002-01-27","Finland","Centre-Back","Centre-Back",,1500000,"first_team","cmuiho7e5001lb23fhy6pl2ep","Deportivo Alavés","","",""
"cmuihw2pz0auqsexpv391rnll","Youssef Enríquez","","741289","2005-10-06","Morocco","Defender","Left-Back",170,4000000,"first_team","cmuiho7e5001lb23fhy6pl2ep","Deportivo Alavés","","",""
"cmuihvxgg04wusexpq2reftqi","Adama Traoré","","204103","1996-01-24","Spain","Attack","Right Winger",178,6000000,"first_team","cmuihqg6y00cvh29elaxzcvzv","Deportivo de La Coruña","","",""
"cmuihw0jp08h9sexplfnru5ff","Adrià Altimira","","466807","2001-03-27","Spain","Defender","Right-Back",170,2000000,"first_team","cmuihqg6y00cvh29elaxzcvzv","Deportivo de La Coruña","","",""
"cmuihw0ja08b4sexp2ooueygm","Álvaro Fernández","","453704","1998-04-12","Spain","Goalkeeper","Goalkeeper",185,2500000,"first_team","cmuihqg6y00cvh29elaxzcvzv","Deportivo de La Coruña","","",""
"cmuihvyqp05zmsexp3r8bgbqw","Angeliño","","277179","1997-01-03","Spain","Defender","Left-Back",171,4500000,"first_team","cmuihqg6y00cvh29elaxzcvzv","Deportivo de La Coruña","","",""
"cmuo512630017gffhepk78pgw","Arnau Comas","","388542","2000-04-11","Spain","Centre-Back","Centre-Back",,500000,"first_team","cmuihqg6y00cvh29elaxzcvzv","Deportivo de La Coruña","","",""
"cmuo5135k001ngffh1styrgrq","Bil Nsongo","","1299392","2004-09-21","Cameroon","Centre-Forward","Centre-Forward",,3000000,"first_team","cmuihqg6y00cvh29elaxzcvzv","Deportivo de La Coruña","","",""
"cmuo5121i0015gffhkr88cklg","Bright Ede","","1177033","2007-02-18","Poland","Centre-Back","Centre-Back",,600000,"first_team","cmuihqg6y00cvh29elaxzcvzv","Deportivo de La Coruña","","",""
"cmuo511j20013gffh95eitjh3","Dani Barcia","","857949","2003-01-19","Spain","Centre-Back","Centre-Back",,1200000,"first_team","cmuihqg6y00cvh29elaxzcvzv","Deportivo de La Coruña","","",""
"cmuo5130p001lgffhch51hlbs","David Mella","","741256","2005-05-23","Spain","Right Winger","Right Winger",,5000000,"first_team","cmuihqg6y00cvh29elaxzcvzv","Deportivo de La Coruña","","",""
"cmuo512jb001dgffhfn20zqnw","Diego Villares","","590687","1996-06-17","Spain","Central Midfield","Central Midfield",,1000000,"first_team","cmuihqg6y00cvh29elaxzcvzv","Deportivo de La Coruña","","",""
"cmuihvwrh03lzsexpr30bzxgp","Germán Parreño","","126746","1993-02-15","Spain","Goalkeeper","Goalkeeper",191,300000,"first_team","cmuihqg6y00cvh29elaxzcvzv","Deportivo de La Coruña","","",""
"cmuihw0jf08d6sexpv7133dap","Giacomo Quagliata","","458777","2000-02-18","Italy","Defender","Left-Back",180,1700000,"first_team","cmuihqg6y00cvh29elaxzcvzv","Deportivo de La Coruña","","",""
"cmuo512rt001hgffhc59kzrwo","Jonathan Asp Jensen","","856274","2006-01-14","Denmark","Attacking Midfield","Attacking Midfield",,4000000,"first_team","cmuihqg6y00cvh29elaxzcvzv","Deportivo de La Coruña","","",""
"cmuihvy6j05m7sexp65fjys1l","José María Giménez","","250845","1995-01-19","Uruguay","Defender","Centre-Back",186,9000000,"first_team","cmuihqg6y00cvh29elaxzcvzv","Deportivo de La Coruña","","",""
"cmuihw1dc09chsexppl27bcmo","Leo Román","","562742","2000-07-05","Spain","Goalkeeper","Goalkeeper",189,6000000,"first_team","cmuihqg6y00cvh29elaxzcvzv","Deportivo de La Coruña","","",""
"cmuihw2pq0alxsexp35hnrwv1","Lorenzo Amatucci","","707450","2004-02-04","Italy","Midfield","Defensive Midfield",172,1000000,"first_team","cmuihqg6y00cvh29elaxzcvzv","Deportivo de La Coruña","","",""
"cmuo511ek0011gffhpba3vt4i","Lucas Noubi","","743379","2005-01-15","Belgium; Cameroon","Centre-Back","Centre-Back",,1500000,"first_team","cmuihqg6y00cvh29elaxzcvzv","Deportivo de La Coruña","","",""
"cmuihw24209rzsexpix0aydq4","Luismi Cruz","","610461","2001-05-22","Spain","Attack","Right Winger",166,600000,"first_team","cmuihqg6y00cvh29elaxzcvzv","Deportivo de La Coruña","","",""
"cmuihw24e0a1isexp2uplek7d","Marc Casadó","","636695","2003-09-13","Spain","Midfield","Defensive Midfield",172,18000000,"first_team","cmuihqg6y00cvh29elaxzcvzv","Deportivo de La Coruña","","",""
"cmuihw1dg09eisexpv9h6ojg0","Mario Soriano","","568148","2002-04-21","Spain","Attack","Left Winger",163,800000,"first_team","cmuihqg6y00cvh29elaxzcvzv","Deportivo de La Coruña","","",""
"cmuo512aj0019gffhk1qmj6qs","Miguel Loureiro","","400104","1996-11-21","Spain","Right-Back","Right-Back",,1200000,"first_team","cmuihqg6y00cvh29elaxzcvzv","Deportivo de La Coruña","","",""
"cmuo512nd001fgffh55v0mz0c","Noé Carrillo","","1309177","2006-12-28","Spain","Central Midfield","Central Midfield",,1000000,"first_team","cmuihqg6y00cvh29elaxzcvzv","Deportivo de La Coruña","","",""
"cmuihvuxw02casexpytnr9ako","Pierre-Emerick Aubameyang","","58864","1989-06-17","Gabon","Attack","Centre-Forward",187,2500000,"first_team","cmuihqg6y00cvh29elaxzcvzv","Deportivo de La Coruña","","",""
"cmuo512ef001bgffhp2ft9ij0","Riki Rodríguez","","596899","1997-09-25","Spain","Central Midfield","Central Midfield",,1500000,"first_team","cmuihqg6y00cvh29elaxzcvzv","Deportivo de La Coruña","","",""
"cmuihvxfx04ihsexpv1fur9uu","Ximo Navarro","","184767","1990-01-22","Spain","Defender","Right-Back",176,600000,"first_team","cmuihqg6y00cvh29elaxzcvzv","Deportivo de La Coruña","","",""
"cmuo512w3001jgffhnaeqhv1d","Yeremay Hernández","","636385","2002-12-10","Spain","Left Winger","Left Winger",,25000000,"first_team","cmuihqg6y00cvh29elaxzcvzv","Deportivo de La Coruña","","",""
"cmuihw1bi08x2sexpq5rxv7zs","Zakaria Eddahchouri","","519651","2000-05-10","Netherlands","Attack","Centre-Forward",187,75000,"first_team","cmuihqg6y00cvh29elaxzcvzv","Deportivo de La Coruña","","",""
"cmuihw43f0c0vsexpj9snk6jc","Sohaib Naïr","","966312","2002-04-22","Algeria","Defender","Centre-Back",186,2000000,"first_team","cmuihqfme00clh29e8d851zq9","EA Guingamp","","",""
"cmuihw4490cllsexpkvlg1ztr","Amil Siljevic","","1079622","2007-01-18","Bosnia-Herzegovina","Goalkeeper","Goalkeeper",192,0,"first_team","cmuihq2b80057h29e0r17uj2f","Eintracht Frankfurt","","",""
"cmuihw0iq084csexp0uazdbkg","Ansgar Knauff","","429874","2002-01-09","Germany","Attack","Right Winger",180,15000000,"first_team","cmuihq2b80057h29e0r17uj2f","Eintracht Frankfurt","","",""
"cmuihw2qb0b1ysexp6trqsjjw","Ayoube Amaimouni-Echghouyab","","799993","2004-11-29","Morocco","Attack","Right Winger",179,10000000,"first_team","cmuihq2b80057h29e0r17uj2f","Eintracht Frankfurt","","",""
"cmuihw3ee0b6osexpo6vmwnps","Can Uzun","","816585","2005-11-10","Türkiye","Midfield","Attacking Midfield",186,45000000,"first_team","cmuihq2b80057h29e0r17uj2f","Eintracht Frankfurt","","",""
"cmuihw2q10aw8sexpi4mnj6m3","Elias Baum","","744857","2005-10-25","Germany","Defender","Right-Back",180,4000000,"first_team","cmuihq2b80057h29e0r17uj2f","Eintracht Frankfurt","","",""
"cmuihw3en0bcvsexph60qv5s6","Farès Chaïbi","","855015","2002-11-27","Algeria","Midfield","Attacking Midfield",183,15000000,"first_team","cmuihq2b80057h29e0r17uj2f","Eintracht Frankfurt","","",""
"cmuihvu4z01qpsexpb0qpxxv4","Jens Grahl","","40034","1988-09-21","Germany","Goalkeeper","Goalkeeper",192,200000,"first_team","cmuihq2b80057h29e0r17uj2f","Eintracht Frankfurt","","",""
"cmuo5a55h000titgyxn8e0sn9","Jeremiaha Maluze","","1022523","2004-11-11","Germany; Nigeria","Centre-Back","Centre-Back",,500000,"first_team","cmuihq2b80057h29e0r17uj2f","Eintracht Frankfurt","","",""
"cmuo5a604000zitgyhnsfc0k0","Jessic Ngankam","","448177","2000-07-20","Germany; Cameroon","Centre-Forward","Centre-Forward",,700000,"first_team","cmuihq2b80057h29e0r17uj2f","Eintracht Frankfurt","","",""
"cmuihvzas06qpsexp7cm6wzky","Jonathan Burkardt","","333647","2000-07-10","Germany","Attack","Centre-Forward",181,30000000,"first_team","cmuihq2b80057h29e0r17uj2f","Eintracht Frankfurt","","",""
"cmuihw43p0c6wsexpekcjewdg","Kauã Santos","","997861","2003-04-10","Brazil","Goalkeeper","Goalkeeper",196,7000000,"first_team","cmuihq2b80057h29e0r17uj2f","Eintracht Frankfurt","","",""
"cmuihw4r60ctusexpyielgruk","Keita Kosugi","","1146988","2006-03-17","Japan","Defender","Left-Back",172,5000000,"first_team","cmuihq2b80057h29e0r17uj2f","Eintracht Frankfurt","","",""
"cmuihw0k408nnsexpdkhr4z7m","Lilian Brassier","","485960","1999-11-01","France","Defender","Centre-Back",186,12000000,"first_team","cmuihq2b80057h29e0r17uj2f","Eintracht Frankfurt","","",""
"cmuihw4rg0cxssexpb0ayj2qj","Love Arrhov","","1184986","2008-05-16","Sweden","Midfield","Attacking Midfield",178,5000000,"first_team","cmuihq2b80057h29e0r17uj2f","Eintracht Frankfurt","","",""
"cmuo5a5qm000xitgyptr7vuy0","Malik Pimpong","","1259986","2008-01-01","Denmark","Centre-Forward","Centre-Forward",,4000000,"first_team","cmuihq2b80057h29e0r17uj2f","Eintracht Frankfurt","","",""
"cmuihvvss02q5sexpggqcxc2y","Mario Götze","","74842","1992-06-02","Germany","Midfield","Attacking Midfield",176,3000000,"first_team","cmuihq2b80057h29e0r17uj2f","Eintracht Frankfurt","","",""
"cmuihw2pf0aeusexpda3et1v1","Nnamdi Collins","","684315","2004-01-09","Germany","Defender","Centre-Back",188,20000000,"first_team","cmuihq2b80057h29e0r17uj2f","Eintracht Frankfurt","","",""
"cmuihw1br08zgsexprhrsmrkq","Noah Atubolu","","526845","2002-05-24","Germany","Goalkeeper","Goalkeeper",190,25000000,"first_team","cmuihq2b80057h29e0r17uj2f","Eintracht Frankfurt","","",""
"cmuihw3ey0bldsexpizgf6vcw","Noel Aseko","","904974","2005-11-21","Germany","Midfield","Defensive Midfield",178,6000000,"first_team","cmuihq2b80057h29e0r17uj2f","Eintracht Frankfurt","","",""
"cmuihw3ek0bbosexpn22c0kbu","Oscar Højlund","","846310","2005-01-03","Denmark","Midfield","Central Midfield",184,15000000,"first_team","cmuihq2b80057h29e0r17uj2f","Eintracht Frankfurt","","",""
"cmuihw44b0cnzsexpsvl5y632","Otávio","","1094885","2005-11-24","Brazil","Defender","Centre-Back",193,1500000,"first_team","cmuihq2b80057h29e0r17uj2f","Eintracht Frankfurt","","",""
"cmuo5a5lf000vitgy0ot1en36","Raphael Onyedika","","699783","2001-04-19","Nigeria","Defensive Midfield","Defensive Midfield",,23000000,"first_team","cmuihq2b80057h29e0r17uj2f","Eintracht Frankfurt","","",""
"cmuihvzbk0791sexpgpgjd9vv","Ritsu Doan","","358504","1998-06-15","Japan","Attack","Right Winger",172,17000000,"first_team","cmuihq2b80057h29e0r17uj2f","Eintracht Frankfurt","","",""
"cmuihvzap06ojsexp3sbgw0iw","Robin Koch","","328784","1996-07-16","Germany","Defender","Centre-Back",192,10000000,"first_team","cmuihq2b80057h29e0r17uj2f","Eintracht Frankfurt","","",""
"cmuihvux9020jsexp8ox7adbt","Timothy Chandler","","49723","1990-03-28","United States","Defender","Right-Back",187,350000,"first_team","cmuihq2b80057h29e0r17uj2f","Eintracht Frankfurt","","",""
"cmuihw2ph0agesexpo7wzb7ij","Younes Ebnoutalib","","692368","2003-09-12","Germany","Attack","Centre-Forward",191,8000000,"first_team","cmuihq2b80057h29e0r17uj2f","Eintracht Frankfurt","","",""
"cmuo51m4e0035gffhia5dui71","Abiel Osorio","","991773","2002-06-13","Argentina","Centre-Forward","Centre-Forward",,1500000,"first_team","cmuihq03y0041h29ezh2jdh2h","Elche CF","","",""
"cmuihw4450ciksexpzr6nrysl","Adam Boayar","","1064506","2005-10-12","Morocco","Attack","Second Striker",180,800000,"first_team","cmuihq03y0041h29ezh2jdh2h","Elche CF","","",""
"cmuihw24609v6sexp2rgivwiw","Alejandro Iturbe","","618801","2003-09-01","Spain","Goalkeeper","Goalkeeper",186,1400000,"first_team","cmuihq03y0041h29ezh2jdh2h","Elche CF","","",""
"cmuihw4450cilsexprypyqg0h","Ali Houary","","1064538","2005-08-04","Morocco","Attack","Second Striker",178,300000,"first_team","cmuihq03y0041h29ezh2jdh2h","Elche CF","","",""
"cmuihw0j1086psexpe1f36pwg","Bambo Diaby","","435493","1997-12-16","Spain","Defender","Centre-Back",188,300000,"first_team","cmuihq03y0041h29ezh2jdh2h","Elche CF","","",""
"cmuihw43f0c08sexpsoo8hasp","Buba Sangaré","","962125","2007-08-05","Spain","Defender","Right-Back",183,4500000,"first_team","cmuihq03y0041h29ezh2jdh2h","Elche CF","","",""
"cmuo51lzv0033gffhewpssufa","Ezequiel Ponce","","296783","1997-03-29","Argentina; Spain","Centre-Forward","Centre-Forward",,4000000,"first_team","cmuihq03y0041h29ezh2jdh2h","Elche CF","","",""
"cmuihw43j0c3vsexpsm73wjdc","Facundo Buonanotte","","983989","2004-12-22","Argentina","Midfield","Attacking Midfield",174,12000000,"first_team","cmuihq03y0041h29ezh2jdh2h","Elche CF","","",""
"cmuihw3ez0bmasexpn1i55fv1","Federico Redondo","","909758","2003-01-17","Argentina","Midfield","Defensive Midfield",188,2500000,"first_team","cmuihq03y0041h29ezh2jdh2h","Elche CF","","",""
"cmuihw24909y2sexpsapzanmg","Fer Niño","","627294","2000-10-23","Spain","Attack","Centre-Forward",191,3000000,"first_team","cmuihq03y0041h29ezh2jdh2h","Elche CF","","",""
"cmuihw1d0097ysexpvym2y4gm","Germán Valera","","548188","2002-03-15","Spain","Attack","Left Winger",170,6000000,"first_team","cmuihq03y0041h29ezh2jdh2h","Elche CF","","",""
"cmuo51lox0031gffhvldodx8i","Gonzalo Villar","","398163","1998-03-23","Spain","Central Midfield","Central Midfield",,1800000,"first_team","cmuihq03y0041h29ezh2jdh2h","Elche CF","","",""
"cmuihvzb606yisexpi1koj7om","Grady Diangana","","342048","1998-04-18","DR Congo","Attack","Right Winger",180,2000000,"first_team","cmuihq03y0041h29ezh2jdh2h","Elche CF","","",""
"cmuihw4rp0d23sexpnosozxrj","Javi Morcillo","","1250522","2006-03-14","Spain","Midfield","Central Midfield",183,500000,"first_team","cmuihq03y0041h29ezh2jdh2h","Elche CF","","",""
"cmuihvyqp05zqsexp7ifkskbr","Josan","","277533","1989-12-02","Spain","Attack","Right Winger",176,100000,"first_team","cmuihq03y0041h29ezh2jdh2h","Elche CF","","",""
"cmuo51kzg002vgffhvudfj9r8","Kevin Lomónaco","","661136","2002-01-08","Argentina; Italy","Centre-Back","Centre-Back",,8000000,"first_team","cmuihq03y0041h29ezh2jdh2h","Elche CF","","",""
"cmuihw3f00bmosexpnhlb2bsy","Lucas Cepeda","","912392","2002-10-30","Chile","Attack","Left Winger",177,2500000,"first_team","cmuihq03y0041h29ezh2jdh2h","Elche CF","","",""
"cmuihw1bu090xsexpxparfa3c","Marc Aguado","","531404","2000-02-21","Spain","Midfield","Defensive Midfield",182,3500000,"first_team","cmuihq03y0041h29ezh2jdh2h","Elche CF","","",""
"cmuihw1d4098hsexpf66m63gx","Martim Neto","","549027","2003-01-13","Portugal","Midfield","Central Midfield",185,4000000,"first_team","cmuihq03y0041h29ezh2jdh2h","Elche CF","","",""
"cmuo51l2z002xgffhfsmg2lvz","Matia Barzic","","1060456","2004-05-31","Croatia; Spain","Centre-Back","Centre-Back",,1000000,"first_team","cmuihq03y0041h29ezh2jdh2h","Elche CF","","",""
"cmuihvwru03vzsexp6rfpelt0","Matías Dituro","","144128","1987-05-07","Argentina","Goalkeeper","Goalkeeper",191,100000,"first_team","cmuihq03y0041h29ezh2jdh2h","Elche CF","","",""
"cmuihvxge04vjsexpq68h8535","Pedro Bigas","","203043","1990-05-14","Spain","Defender","Centre-Back",181,300000,"first_team","cmuihq03y0041h29ezh2jdh2h","Elche CF","","",""
"cmuo51lgy002zgffh17w7stui","Roy Revivo","","919538","2003-05-22","Israel","Left-Back","Left-Back",,4500000,"first_team","cmuihq03y0041h29ezh2jdh2h","Elche CF","","",""
"cmuihw2po0al0sexpzow48xwo","Rubén Sánchez","","705813","2001-02-03","Spain","Defender","Right-Back",185,1800000,"first_team","cmuihq03y0041h29ezh2jdh2h","Elche CF","","",""
"cmuihvzb106vlsexpsb4szm6k","Tete Morente","","339816","1996-12-03","Spain","Attack","Left Winger",184,1800000,"first_team","cmuihq03y0041h29ezh2jdh2h","Elche CF","","",""
"cmuihvxgh04xjsexpdrehfq59","Thomas Lemar","","205562","1995-11-11","France","Midfield","Attacking Midfield",171,1800000,"first_team","cmuihq03y0041h29ezh2jdh2h","Elche CF","","",""
"cmuihw0k708qbsexpu1nmiipa","Víctor Chust","","495625","2000-03-04","Spain","Defender","Centre-Back",184,3500000,"first_team","cmuihq03y0041h29ezh2jdh2h","Elche CF","","",""
"cmuihw2pp0alcsexpkpxhkj8g","Yago Santiago","","706947","2003-04-14","Spain","Attack","Left Winger",180,1000000,"first_team","cmuihq03y0041h29ezh2jdh2h","Elche CF","","",""
"cmuo57wr50046ti9k8jjv71ga","Adrien Monfray","","281611","1990-12-20","France; Algeria","Centre-Back","Centre-Back",,200000,"first_team","cmuiho49g001fb23fa7sw5ed8","ESTAC Troyes","","",""
"cmuihw1em09kfsexp2tas0rjd","Alexandre Phliponeau","","585951","2000-01-25","France","Midfield","Defensive Midfield",180,400000,"first_team","cmuiho49g001fb23fa7sw5ed8","ESTAC Troyes","","",""
"cmuo57yjo004uti9k15unoad5","Amadou Diakité","","1179193","2005-05-31","France; Mali","Right Winger","Right Winger",,50000,"first_team","cmuiho49g001fb23fa7sw5ed8","ESTAC Troyes","","",""
"cmuo57wvo0048ti9k1xrgjy78","Anis Ouzenadji","","1119845","2006-11-04","France; Algeria","Left-Back","Left-Back",,0,"first_team","cmuiho49g001fb23fa7sw5ed8","ESTAC Troyes","","",""
"cmuo57xxa004kti9kktvtkfmk","Antoine Mille","","807653","1997-08-14","France","Central Midfield","Central Midfield",,2500000,"first_team","cmuiho49g001fb23fa7sw5ed8","ESTAC Troyes","","",""
"cmuo57z6a0052ti9kbc38t8bc","Christ Batola","","1337539","2009-06-03","France; Congo","Centre-Forward","Centre-Forward",,0,"first_team","cmuiho49g001fb23fa7sw5ed8","ESTAC Troyes","","",""
"cmuihw43g0c1asexpvbuats22","Dermane Karim","","969447","2003-12-25","Togo","Midfield","Attacking Midfield",178,2500000,"first_team","cmuiho49g001fb23fa7sw5ed8","ESTAC Troyes","","",""
"cmuo57wg50042ti9kqixvdbcm","Hillel Konaté","","170549","1994-12-28","Burkina Faso; Cote d'Ivoire","Goalkeeper","Goalkeeper",,400000,"first_team","cmuiho49g001fb23fa7sw5ed8","ESTAC Troyes","","",""
"cmuo57y6x004oti9kcc27hg9z","Hugo Picard","","944181","2003-05-09","France","Attacking Midfield","Attacking Midfield",,3000000,"first_team","cmuiho49g001fb23fa7sw5ed8","ESTAC Troyes","","",""
"cmuo57z1k0050ti9kw6meas7i","Ibrahim Traoré","","1146422","2006-03-12","France; Mali","Centre-Forward","Centre-Forward",,50000,"first_team","cmuiho49g001fb23fa7sw5ed8","ESTAC Troyes","","",""
"cmuo57ybe004qti9khbquozu2","Idrissa Soukouna","","1364925","2008-08-10","France; Mali","Attacking Midfield","Attacking Midfield",,0,"first_team","cmuiho49g001fb23fa7sw5ed8","ESTAC Troyes","","",""
"cmuo57y23004mti9kldx36gdb","Iron Gomis","","693352","1999-11-09","France; Senegal","Central Midfield","Central Midfield",,1400000,"first_team","cmuiho49g001fb23fa7sw5ed8","ESTAC Troyes","","",""
"cmuihw2q70az2sexpmcacyxio","Ismaël Boura","","770895","2000-08-13","Comoros","Defender","Left-Back",173,4000000,"first_team","cmuiho49g001fb23fa7sw5ed8","ESTAC Troyes","","",""
"cmuihw2py0atosexpsaszptni","Jérémy Le Douaron","","737781","1998-04-20","France","Attack","Centre-Forward",189,5000000,"first_team","cmuiho49g001fb23fa7sw5ed8","ESTAC Troyes","","",""
"cmuihw43r0c92sexp7tbbiwr5","Junior Diaz","","1009596","2003-07-22","Cote d'Ivoire","Defender","Centre-Back",193,6000000,"first_team","cmuiho49g001fb23fa7sw5ed8","ESTAC Troyes","","",""
"cmuihw1dn09h8sexp2ygitk5o","Kandet Diawara","","575319","2000-02-09","Guinea","Attack","Left Winger",180,400000,"first_team","cmuiho49g001fb23fa7sw5ed8","ESTAC Troyes","","",""
"cmuo57xeh004cti9kcok74v2u","Lucas Maronnier","","536473","2000-03-09","France","Right-Back","Right-Back",,800000,"first_team","cmuiho49g001fb23fa7sw5ed8","ESTAC Troyes","","",""
"cmuo57yfr004sti9kieaax2n3","Merwan Ifnaoui","","976861","1998-10-22","France; Morocco","Right Winger","Right Winger",,2500000,"first_team","cmuiho49g001fb23fa7sw5ed8","ESTAC Troyes","","",""
"cmuo57xry004iti9kbl9qt7u6","Mouhamed Diop","","933147","2000-09-30","Senegal","Central Midfield","Central Midfield",,4000000,"first_team","cmuiho49g001fb23fa7sw5ed8","ESTAC Troyes","","",""
"cmuo57xiw004eti9kimj3o6lu","Noah Donkor","","1119840","2006-11-25","France; Ghana","Right-Back","Right-Back",,0,"first_team","cmuiho49g001fb23fa7sw5ed8","ESTAC Troyes","","",""
"cmuihw0k508o6sexpdpevd87h","Paolo Gozzi","","487333","2001-04-24","Italy","Defender","Centre-Back",187,300000,"first_team","cmuiho49g001fb23fa7sw5ed8","ESTAC Troyes","","",""
"cmuo57wbp0040ti9k3ak8aokb","Patrick Beach","","983578","2003-08-06","Australia","Goalkeeper","Goalkeeper",,0,"first_team","cmuiho49g001fb23fa7sw5ed8","ESTAC Troyes","","",""
"cmuihvy6505axsexpc9fgdnre","Renaud Ripart","","234802","1993-03-13","France","Attack","Right Winger",181,2000000,"first_team","cmuiho49g001fb23fa7sw5ed8","ESTAC Troyes","","",""
"cmuo57xne004gti9k1x8o30ca","Roman Murcy","","1174523","2006-02-23","France; Réunion","Defensive Midfield","Defensive Midfield",,50000,"first_team","cmuiho49g001fb23fa7sw5ed8","ESTAC Troyes","","",""
"cmuo57ynu004wti9kbx0rz1xw","Timothé Nkada","","522788","1999-07-20","France; Cameroon","Centre-Forward","Centre-Forward",,2000000,"first_team","cmuiho49g001fb23fa7sw5ed8","ESTAC Troyes","","",""
"cmuo57yso004yti9klmqx5flp","Yacouba Koné","","1523861","2007-06-21","Cote d'Ivoire","Centre-Forward","Centre-Forward",,0,"first_team","cmuiho49g001fb23fa7sw5ed8","ESTAC Troyes","","",""
"cmuo57xah004ati9ku2qu7qlr","Yvann Titi","","986299","2006-05-05","France; Angola","Right-Back","Right-Back",,2500000,"first_team","cmuiho49g001fb23fa7sw5ed8","ESTAC Troyes","","",""
"cmuo57wma0044ti9kl9uamjyx","Zacharie Boucher","","111041","1992-03-07","France; Madagascar","Goalkeeper","Goalkeeper",,100000,"first_team","cmuiho49g001fb23fa7sw5ed8","ESTAC Troyes","","",""
"cmuihvyqu064dsexpxmvavobg","Ainsley Maitland-Niles","","285845","1997-08-28","England","Defender","Right-Back",180,10000000,"first_team","cmuihq4bo006fh29ef9sfod5p","Everton FC","","",""
"cmuihw0js08iqsexppfs95c33","Brennan Johnson","","470607","2001-05-22","Wales","Attack","Right Winger",186,30000000,"first_team","cmuihq4bo006fh29ef9sfod5p","Everton FC","","",""
"cmuihw2q50axssexp3i0oroz4","Carlos Alcaraz","","748319","2002-11-29","Argentina","Midfield","Central Midfield",176,15000000,"first_team","cmuihq4bo006fh29ef9sfod5p","Everton FC","","",""
"cmuihvwrv03xlsexpjx7yes1e","Christian Nørgaard","","148367","1994-03-09","Denmark","Midfield","Defensive Midfield",187,5000000,"first_team","cmuihq4bo006fh29ef9sfod5p","Everton FC","","",""
"cmuihw44d0cp9sexpmxmt7oi0","Harrison Armstrong","","1107733","2007-01-18","England","Midfield","Central Midfield",185,12000000,"first_team","cmuihq4bo006fh29ef9sfod5p","Everton FC","","",""
"cmuo4nkfe001oy9ho55aiyrv1","Hayden Hackney","","538216","2002-06-26","England; Scotland","Defensive Midfield","Defensive Midfield",,32000000,"first_team","cmuihq4bo006fh29ef9sfod5p","Everton FC","","",""
"cmuihvxgf04w0sexpr3q1spks","Jack Grealish","","203460","1995-09-09","England","Attack","Left Winger",180,20000000,"first_team","cmuihq4bo006fh29ef9sfod5p","Everton FC","","",""
"cmuihw2ps0anzsexpp8ojq9cm","Jake O'Brien","","711544","2001-05-14","Ireland","Defender","Right-Back",197,18000000,"first_team","cmuihq4bo006fh29ef9sfod5p","Everton FC","","",""
"cmuihw0kb08ttsexp4w4helx4","James Garner","","505219","2001-03-12","England","Midfield","Defensive Midfield",182,45000000,"first_team","cmuihq4bo006fh29ef9sfod5p","Everton FC","","",""
"cmuihvxfn04cfsexpwayu7krt","James Tarkowski","","173504","1992-11-18","England","Defender","Centre-Back",185,5000000,"first_team","cmuihq4bo006fh29ef9sfod5p","Everton FC","","",""
"cmuihw24m0a8msexp3oe6ci3f","Jarrad Branthwaite","","661053","2002-06-26","England","Defender","Centre-Back",195,40000000,"first_team","cmuihq4bo006fh29ef9sfod5p","Everton FC","","",""
"cmuihvwrl03p3sexpbi7deh5n","Jordan Pickford","","130164","1994-03-06","England","Goalkeeper","Goalkeeper",185,13000000,"first_team","cmuihq4bo006fh29ef9sfod5p","Everton FC","","",""
"cmuihw0jv08jxsexplhy6gtbt","Kiernan Dewsbury-Hall","","475188","1998-09-05","England","Midfield","Central Midfield",176,35000000,"first_team","cmuihq4bo006fh29ef9sfod5p","Everton FC","","",""
"cmuihvzbj0787sexp31sqm0tf","Mark Travers","","357658","1999-05-17","Ireland","Goalkeeper","Goalkeeper",191,3000000,"first_team","cmuihq4bo006fh29ef9sfod5p","Everton FC","","",""
"cmuihw24109risexpze654slk","Merlin Röhl","","608832","2002-07-04","Germany","Midfield","Attacking Midfield",192,16000000,"first_team","cmuihq4bo006fh29ef9sfod5p","Everton FC","","",""
"cmuihvvyi03f3sexpi092cnz7","Michael Keane","","118534","1993-01-10","England","Defender","Centre-Back",188,3000000,"first_team","cmuihq4bo006fh29ef9sfod5p","Everton FC","","",""
"cmuihw3fa0buqsexp2ci2kobc","Thierno Barry","","937941","2002-10-20","France","Attack","Centre-Forward",195,30000000,"first_team","cmuihq4bo006fh29ef9sfod5p","Everton FC","","",""
"cmuihvy5w052bsexpia2tn09r","Tom King","","215810","1995-03-08","Wales","Goalkeeper","Goalkeeper",194,100000,"first_team","cmuihq4bo006fh29ef9sfod5p","Everton FC","","",""
"cmuihw3er0bffsexpzkdms9q0","Tyler Dibling","","866655","2006-02-16","England","Attack","Right Winger",178,17000000,"first_team","cmuihq4bo006fh29ef9sfod5p","Everton FC","","",""
"cmuihw3fa0bu9sexppvti9m0q","Tyrique George","","936874","2006-02-03","England","Attack","Left Winger",181,20000000,"first_team","cmuihq4bo006fh29ef9sfod5p","Everton FC","","",""
"cmuihvzwh07ujsexpcl4hnfpp","Vitaliy Mykolenko","","404842","1999-05-28","Ukraine","Defender","Left-Back",180,25000000,"first_team","cmuihq4bo006fh29ef9sfod5p","Everton FC","","",""
"cmuihw0k308nhsexpyxkjev6r","Calvin Raatsie","","485588","2002-02-08","Netherlands","Goalkeeper","Goalkeeper",188,300000,"first_team","cmuihqf1z00c9h29ewetm83qg","Excelsior Rotterdam","","",""
"cmuihw24009pzsexprhosfpzo","Casper Widell","","605395","2003-05-04","Sweden","Defender","Centre-Back",192,1500000,"first_team","cmuihqf1z00c9h29ewetm83qg","Excelsior Rotterdam","","",""
"cmuihw4400cgasexp9prp3819","Chris-Kévin Nadje","","1057565","2001-08-13","Cote d'Ivoire","Midfield","Attacking Midfield",190,0,"first_team","cmuihqf1z00c9h29ewetm83qg","Excelsior Rotterdam","","",""
"cmuihw24109rfsexpkjq6ypcl","Derensili Sanches Fernandes","","608407","2001-05-27","Netherlands","Attack","Right Winger",176,900000,"first_team","cmuihqf1z00c9h29ewetm83qg","Excelsior Rotterdam","","",""
"cmuihw4r40ct6sexp2mq52ikn","Jerolldino Bergraaf","","1142631","2006-07-04","Netherlands","Attack","Centre-Forward",190,300000,"first_team","cmuihqf1z00c9h29ewetm83qg","Excelsior Rotterdam","","",""
"cmuihw23u09n5sexpj5ogobux","Lennard Hartjes","","595238","2003-04-06","Netherlands","Midfield","Central Midfield",172,800000,"first_team","cmuihqf1z00c9h29ewetm83qg","Excelsior Rotterdam","","",""
"cmuihvxfw04hssexpzng7mah4","Mike van Duinen","","183397","1991-11-05","Netherlands","Attack","Centre-Forward",185,150000,"first_team","cmuihqf1z00c9h29ewetm83qg","Excelsior Rotterdam","","",""
"cmuihw2q70az6sexpwp1g1bcm","Nesto Groen","","775044","2004-07-21","Netherlands","Attack","Centre-Forward",185,100000,"first_team","cmuihqf1z00c9h29ewetm83qg","Excelsior Rotterdam","","",""
"cmuihw1dp09hzsexp3rs06r8q","Noah Naujoks","","578544","2002-05-01","Netherlands","Midfield","Attacking Midfield",183,1500000,"first_team","cmuihqf1z00c9h29ewetm83qg","Excelsior Rotterdam","","",""
"cmuihw2pu0aq1sexppae1twib","Nolan Martens","","720189","2004-07-06","Belgium","Defender","Right-Back",180,0,"first_team","cmuihqf1z00c9h29ewetm83qg","Excelsior Rotterdam","","",""
"cmuihw4ru0d3xsexpvqkvecwo","Stijn Middendorp","","1299824","2004-02-11","Netherlands","Midfield","Defensive Midfield",186,0,"first_team","cmuihqf1z00c9h29ewetm83qg","Excelsior Rotterdam","","",""
"cmuihw0io083jsexprg65a17y","André Vidigal","","426624","1998-08-16","Portugal","Attack","Left Winger",176,1500000,"first_team","cmuihq3b2005vh29e4cxx0zua","FC Alverca","","",""
"cmuihw43d0byxsexp5lze4lh7","Bastien Meupiyou","","955253","2006-03-18","France","Defender","Centre-Back",191,7000000,"first_team","cmuihq3b2005vh29e4cxx0zua","FC Alverca","","",""
"cmuihw3ep0be5sexplizw3q4h","Cédric Nuozzi","","859923","2006-01-29","Belgium","Attack","Left Winger",177,800000,"first_team","cmuihq3b2005vh29e4cxx0zua","FC Alverca","","",""
"cmuihw2ph0ah3sexplhndwels","Chiquinho","","695454","2000-02-04","Portugal","Attack","Left Winger",179,5000000,"first_team","cmuihq3b2005vh29e4cxx0zua","FC Alverca","","",""
"cmuihw3ex0bkhsexp4qwlynug","Chissumba","","898721","2005-05-28","Portugal","Defender","Left-Back",180,5000000,"first_team","cmuihq3b2005vh29e4cxx0zua","FC Alverca","","",""
"cmuihw4rw0d52sexpdkexsowd","Davy Gui","","1321322","2006-06-14","Cote d'Ivoire","Midfield","Central Midfield",185,600000,"first_team","cmuihq3b2005vh29e4cxx0zua","FC Alverca","","",""
"cmuihw3ev0bj0sexpoviivkwt","Dawda Camara","","891923","2002-11-03","Mauritania","Attack","Centre-Forward",188,1000000,"first_team","cmuihq3b2005vh29e4cxx0zua","FC Alverca","","",""
"cmuihw3ep0be1sexpzxsqisqk","Diogo Spencer","","858252","2004-04-16","Portugal","Defender","Right-Back",178,900000,"first_team","cmuihq3b2005vh29e4cxx0zua","FC Alverca","","",""
"cmuihw2pl0ajssexpemnpk64c","Figueiredo","","703324","2001-08-13","Brazil","Attack","Left Winger",178,4000000,"first_team","cmuihq3b2005vh29e4cxx0zua","FC Alverca","","",""
"cmuo5ft20001q13o5nbgc5wh1","Ian Luccas","","796796","2003-02-11","Brazil","Defensive Midfield","Defensive Midfield",,0,"first_team","cmuihq3b2005vh29e4cxx0zua","FC Alverca","","",""
"cmuihw4rd0cw4sexp2evgsc1f","Ikker Julian","","1173903","2005-07-06","Belgium","Midfield","Left Midfield",181,0,"first_team","cmuihq3b2005vh29e4cxx0zua","FC Alverca","","",""
"cmuihw2q20awwsexpt4grpdi6","Isaac James","","746642","2004-08-27","Nigeria","Defender","Left-Back",175,600000,"first_team","cmuihq3b2005vh29e4cxx0zua","FC Alverca","","",""
"cmuihvxgk0505sexpplep4c0p","Jhonatan","","212216","1991-05-07","Brazil","Goalkeeper","Goalkeeper",190,200000,"first_team","cmuihq3b2005vh29e4cxx0zua","FC Alverca","","",""
"cmuihw44d0cozsexpnfo0z0d4","Julián Martínez","","1105188","2003-11-30","Honduras","Defender","Centre-Back",185,500000,"first_team","cmuihq3b2005vh29e4cxx0zua","FC Alverca","","",""
"cmuo5ftks001w13o5kzipeefn","Lucca Giuntini","","1307181","2005-12-07","Italy; Brazil","Attacking Midfield","Attacking Midfield",,0,"first_team","cmuihq3b2005vh29e4cxx0zua","FC Alverca","","",""
"cmuihw2qf0b5asexpe4w14pnm","Mateus","","813121","2002-05-01","Brazil","Goalkeeper","Goalkeeper",199,100000,"first_team","cmuihq3b2005vh29e4cxx0zua","FC Alverca","","",""
"cmuo5ftv9002013o5wz62up8h","Matheus França","","743597","2004-04-01","Brazil","Second Striker","Second Striker",,6000000,"first_team","cmuihq3b2005vh29e4cxx0zua","FC Alverca","","",""
"cmuihw24a09yxsexpj3tlrhud","Matheus Mendes","","629077","1999-03-09","Brazil","Goalkeeper","Goalkeeper",193,600000,"first_team","cmuihq3b2005vh29e4cxx0zua","FC Alverca","","",""
"cmuo5fsk7001m13o5og2cjnsw","Mofe Jemide","","1044495","2006-11-08","England; Nigeria","Centre-Back","Centre-Back",,0,"first_team","cmuihq3b2005vh29e4cxx0zua","FC Alverca","","",""
"cmuihw0k508o5sexpmhpceox6","Nabil Touaizi","","487180","2001-01-31","Morocco","Midfield","Right Midfield",183,800000,"first_team","cmuihq3b2005vh29e4cxx0zua","FC Alverca","","",""
"cmuihw43j0c4fsexpy5h1u01l","Noah Raveyre","","986180","2005-06-21","France","Goalkeeper","Goalkeeper",195,200000,"first_team","cmuihq3b2005vh29e4cxx0zua","FC Alverca","","",""
"cmuihw44a0cn1sexp3vuis005","Rayan Lucas","","1087842","2005-01-02","Brazil","Midfield","Defensive Midfield",185,900000,"first_team","cmuihq3b2005vh29e4cxx0zua","FC Alverca","","",""
"cmuo5ftpy001y13o5maobc5wn","Rodrigo Catraio","","1457605","2005-06-04","Portugal","Right Winger","Right Winger",,0,"first_team","cmuihq3b2005vh29e4cxx0zua","FC Alverca","","",""
"cmuihw24i0a4nsexpsodl4o9u","Sabit Abdulai","","648812","1999-05-10","Ghana","Midfield","Defensive Midfield",187,700000,"first_team","cmuihq3b2005vh29e4cxx0zua","FC Alverca","","",""
"cmuihw4rm0d0msexpez21tyaz","Samy Jr. Merheg","","1218658","2006-12-05","Lebanon","Attack","Centre-Forward",186,1000000,"first_team","cmuihq3b2005vh29e4cxx0zua","FC Alverca","","",""
"cmuihvvvz0333sexp4pwkm9ca","Sergi Gómez","","92947","1992-03-27","Spain","Defender","Centre-Back",185,300000,"first_team","cmuihq3b2005vh29e4cxx0zua","FC Alverca","","",""
"cmuihw43k0c55sexp8az4xpwy","Steven Baseya","","988468","2005-01-13","France","Defender","Centre-Back",190,400000,"first_team","cmuihq3b2005vh29e4cxx0zua","FC Alverca","","",""
"cmuo5ftfz001u13o5mchkmx1v","Tiago Octávio","","742459","2004-07-08","Portugal","Central Midfield","Central Midfield",,0,"first_team","cmuihq3b2005vh29e4cxx0zua","FC Alverca","","",""
"cmuo5fspf001o13o5ssb9b8up","Toni Tamarit","","1344793","2005-11-22","Spain","Right-Back","Right-Back",,500000,"first_team","cmuihq3b2005vh29e4cxx0zua","FC Alverca","","",""
"cmuihw24l0a77sexp76tsbpe2","Vasco Moreira","","657429","2001-05-06","Portugal","Midfield","Defensive Midfield",180,1000000,"first_team","cmuihq3b2005vh29e4cxx0zua","FC Alverca","","",""
"cmuihw43s0c9vsexpz28oe7wg","Vivaldo Semedo","","1014243","2005-01-27","Portugal","Attack","Centre-Forward",192,500000,"first_team","cmuihq3b2005vh29e4cxx0zua","FC Alverca","","",""
"cmuo5fsbk001k13o51ak5940r","Yaya Bojang","","1135770","2004-09-10","The Gambia","Centre-Back","Centre-Back",,0,"first_team","cmuihq3b2005vh29e4cxx0zua","FC Alverca","","",""
"cmuihw4ro0d1xsexprpqr8ef2","Zakaria Kassary","","1245251","2006-01-24","Morocco","Midfield","Central Midfield",178,150000,"first_team","cmuihq3b2005vh29e4cxx0zua","FC Alverca","","",""
"cmuo5ft8z001s13o5r6ucvqqz","Zé Rafael","","225432","1993-06-16","Brazil; Italy","Central Midfield","Central Midfield",,0,"first_team","cmuihq3b2005vh29e4cxx0zua","FC Alverca","","",""
"cmuihw2pz0auvsexprzpxf2vt","Alfonso Trezza","","741517","1999-06-21","Uruguay","Attack","Right Winger",166,1500000,"first_team","cmuihqf7m00cfh29exy9mxhu8","FC Arouca","","",""
"cmuihw0js08itsexp58cufsxx","Boris Popović","","470796","2000-02-25","Serbia","Defender","Centre-Back",189,1000000,"first_team","cmuihqf7m00cfh29exy9mxhu8","FC Arouca","","",""
"cmuihw43i0c32sexphb9w6134","Brian Mansilla","","981058","2002-05-13","Uruguay","Attack","Left Winger",176,800000,"first_team","cmuihqf7m00cfh29exy9mxhu8","FC Arouca","","",""
"cmuo5ggzy003u13o5nmzgog6y","Costinha","","1582293","2008-08-04","Portugal","Right Winger","Right Winger",,0,"first_team","cmuihqf7m00cfh29exy9mxhu8","FC Arouca","","",""
"cmuihw24q0abpsexpfmw8ksih","Diogo Monteiro","","670713","2005-01-27","Portugal","Defender","Centre-Back",187,300000,"first_team","cmuihqf7m00cfh29exy9mxhu8","FC Arouca","","",""
"cmuihw3eq0beksexplt8s4m7w","Dylan Nandín","","862352","2002-02-27","Uruguay","Attack","Centre-Forward",186,1000000,"first_team","cmuihqf7m00cfh29exy9mxhu8","FC Arouca","","",""
"cmuihw24109r1sexpfw0l1s0a","Espen van Ee","","607144","2003-07-04","Netherlands","Midfield","Central Midfield",183,1200000,"first_team","cmuihqf7m00cfh29exy9mxhu8","FC Arouca","","",""
"cmuihw3eh0b8ysexpdinxyve3","Fally Mayulu","","826719","2002-07-14","France","Attack","Centre-Forward",193,1500000,"first_team","cmuihqf7m00cfh29exy9mxhu8","FC Arouca","","",""
"cmuo5ggq4003q13o5qfsrv28i","Gabriel Rukavina","","743567","2004-01-16","Croatia","Left Winger","Left Winger",,500000,"first_team","cmuihqf7m00cfh29exy9mxhu8","FC Arouca","","",""
"cmuihvzvp07cdsexp6zzt8dfm","Ignacio de Arruabarrena","","367651","1997-01-15","Uruguay","Goalkeeper","Goalkeeper",185,1000000,"first_team","cmuihqf7m00cfh29exy9mxhu8","FC Arouca","","",""
"cmuihw1bg08w6sexp5xti3gax","Iván Barbero","","514514","1998-08-16","Spain","Attack","Centre-Forward",186,1000000,"first_team","cmuihqf7m00cfh29exy9mxhu8","FC Arouca","","",""
"cmuihw3f00bmvsexpz9mw94b2","Jakub Vinarčík","","912688","2005-07-10","Slovakia","Goalkeeper","Goalkeeper",202,300000,"first_team","cmuihqf7m00cfh29exy9mxhu8","FC Arouca","","",""
"cmuihvzb406xcsexpswazi6uh","Javi Sánchez","","340853","1997-03-13","Spain","Defender","Centre-Back",189,800000,"first_team","cmuihqf7m00cfh29exy9mxhu8","FC Arouca","","",""
"cmuihw24109rksexphgurkk0q","José Fontán","","609361","2000-02-10","Spain","Defender","Centre-Back",182,1800000,"first_team","cmuihqf7m00cfh29exy9mxhu8","FC Arouca","","",""
"cmuihw3fc0bvusexpoqfwz4y0","Leo Shahar","","940858","2007-03-17","England","Defender","Right-Back",,0,"first_team","cmuihqf7m00cfh29exy9mxhu8","FC Arouca","","",""
"cmuo5ggle003o13o5ug9rbou2","Mario Climent","","720526","2002-01-30","Spain","Left-Back","Left-Back",,0,"first_team","cmuihqf7m00cfh29exy9mxhu8","FC Arouca","","",""
"cmuo5gggc003m13o5dco5pz3l","Martim Duarte","","575723","2003-01-17","Portugal","Goalkeeper","Goalkeeper",,0,"first_team","cmuihqf7m00cfh29exy9mxhu8","FC Arouca","","",""
"cmuihw4420ch9sexposxfbjyi","Mateo Flores","","1061283","2004-04-06","Spain","Midfield","Central Midfield",178,1000000,"first_team","cmuihqf7m00cfh29exy9mxhu8","FC Arouca","","",""
"cmuihw24c0a05sexpcd6mhma3","Miguel Puche","","632901","2001-04-29","Spain","Attack","Left Winger",180,400000,"first_team","cmuihqf7m00cfh29exy9mxhu8","FC Arouca","","",""
"cmuihw23u09mysexp47irw0vg","Naïs Djouahra","","594926","1999-11-22","France","Attack","Left Winger",172,1500000,"first_team","cmuihqf7m00cfh29exy9mxhu8","FC Arouca","","",""
"cmuihw1bq08ytsexpwoups7nn","Orest Lebedenko","","524964","1998-09-22","Ukraine","Defender","Left-Back",176,500000,"first_team","cmuihqf7m00cfh29exy9mxhu8","FC Arouca","","",""
"cmuihw24709wgsexpmww9rd59","Pablo Gozálbez","","622992","2001-04-29","Spain","Midfield","Attacking Midfield",171,700000,"first_team","cmuihqf7m00cfh29exy9mxhu8","FC Arouca","","",""
"cmuihw24l0a7asexpd8sllyc5","Pedro Santos","","657435","2000-10-11","Portugal","Midfield","Central Midfield",183,600000,"first_team","cmuihqf7m00cfh29exy9mxhu8","FC Arouca","","",""
"cmuo5gguy003s13o5tsjbccqh","Si-hoo Park","","1154528","2007-08-18","Korea, South","Left Winger","Left Winger",,0,"first_team","cmuihqf7m00cfh29exy9mxhu8","FC Arouca","","",""
"cmuihw3er0bftsexphvb4umki","Taichi Fukui","","868622","2004-07-14","Japan","Midfield","Central Midfield",177,5000000,"first_team","cmuihqf7m00cfh29exy9mxhu8","FC Arouca","","",""
"cmuihw1dq09iqsexpe29o2spt","Tiago Esgaio","","581121","1995-07-31","Portugal","Defender","Right-Back",175,1000000,"first_team","cmuihqf7m00cfh29exy9mxhu8","FC Arouca","","",""
"cmuihvzvy07issexp0ct04trg","Alexis Claude-Maurice","","384593","1998-06-05","France","Midfield","Attacking Midfield",176,15000000,"first_team","cmuihq0jy004bh29e4vb2kecf","FC Augsburg","","",""
"cmuihw24j0a60sexpac0pl5rc","Anton Kade","","654234","2004-01-16","Germany","Midfield","Attacking Midfield",185,10000000,"first_team","cmuihq0jy004bh29e4vb2kecf","FC Augsburg","","",""
"cmuihw2q00aw6sexplg6cj7ix","Arijon Ibrahimovic","","744728","2005-12-10","Germany","Midfield","Attacking Midfield",178,10000000,"first_team","cmuihq0jy004bh29e4vb2kecf","FC Augsburg","","",""
"cmuo5acs8001kitgy4pmhkop2","Calvin Brackelmann","","358766","1999-08-22","Germany","Centre-Back","Centre-Back",,3000000,"first_team","cmuihq0jy004bh29e4vb2kecf","FC Augsburg","","",""
"cmuihw1dh09fesexpno97kl0s","Chrislain Matsima","","569383","2002-05-14","France","Defender","Centre-Back",193,22000000,"first_team","cmuihq0jy004bh29e4vb2kecf","FC Augsburg","","",""
"cmuihw0kd08uhsexp1znnsrxn","Fabian Rieder","","507341","2002-02-15","Switzerland","Midfield","Attacking Midfield",181,12000000,"first_team","cmuihq0jy004bh29e4vb2kecf","FC Augsburg","","",""
"cmuihw4r10cs0sexpaf3io0t8","Faik Sakar","","1132292","2008-01-13","Germany","Midfield","Attacking Midfield",178,200000,"first_team","cmuihq0jy004bh29e4vb2kecf","FC Augsburg","","",""
"cmuihvy6k05mhsexpi9pcu645","Finn Dahmen","","251299","1998-03-26","Germany","Goalkeeper","Goalkeeper",186,12000000,"first_team","cmuihq0jy004bh29e4vb2kecf","FC Augsburg","","",""
"cmuihw1by092zsexpqgvti5ma","Han-Noah Massengo","","536508","2001-07-06","France","Midfield","Central Midfield",178,8000000,"first_team","cmuihq0jy004bh29e4vb2kecf","FC Augsburg","","",""
"cmuihw3eh0b9dsexpfm0eaqzd","Hennes Behrens","","829838","2005-01-18","Germany","Defender","Left-Back",175,5000000,"first_team","cmuihq0jy004bh29e4vb2kecf","FC Augsburg","","",""
"cmuihvvwf039qsexp2u33xpfn","Jeffrey Gouweleeuw","","106405","1991-07-09","Netherlands","Defender","Centre-Back",188,1000000,"first_team","cmuihq0jy004bh29e4vb2kecf","FC Augsburg","","",""
"cmuihw4qz0cqysexpdgvou9d7","Juma Bah","","1121298","2006-04-10","Sierra Leone","Defender","Centre-Back",195,10000000,"first_team","cmuihq0jy004bh29e4vb2kecf","FC Augsburg","","",""
"cmuihvxg404ogsexp6ddsywg6","Marius Wolf","","193900","1995-05-26","Germany","Defender","Right-Back",188,2500000,"first_team","cmuihq0jy004bh29e4vb2kecf","FC Augsburg","","",""
"cmuihw2q80azjsexpg2bibmt4","Mert Kömür","","777005","2005-07-16","Germany","Midfield","Attacking Midfield",184,12000000,"first_team","cmuihq0jy004bh29e4vb2kecf","FC Augsburg","","",""
"cmuihvvzg03ggsexp9ce0iae1","Michael Gregoritsch","","120205","1994-04-17","Austria","Attack","Centre-Forward",193,1500000,"first_team","cmuihq0jy004bh29e4vb2kecf","FC Augsburg","","",""
"cmuihw24209rssexps5kwtdxr","Nediljko Labrovic","","610190","1999-10-09","Croatia","Goalkeeper","Goalkeeper",196,2000000,"first_team","cmuihq0jy004bh29e4vb2kecf","FC Augsburg","","",""
"cmuihw3f30bp9sexpg26yalor","Noahkai Banks","","923945","2006-11-30","United States","Defender","Centre-Back",193,20000000,"first_team","cmuihq0jy004bh29e4vb2kecf","FC Augsburg","","",""
"cmuihvyqg05u6sexpmbj64zk4","Robin Fellhauer","","264960","1998-01-20","Germany","Midfield","Defensive Midfield",182,3500000,"first_team","cmuihq0jy004bh29e4vb2kecf","FC Augsburg","","",""
"cmuihw2pw0arosexpoqp5etns","Rodrigo Ribeiro","","726701","2005-04-27","Portugal","Attack","Centre-Forward",186,4000000,"first_team","cmuihq0jy004bh29e4vb2kecf","FC Augsburg","","",""
"cmuo5ad1b001oitgyduke1uqw","Sima Suso","","928265","2005-05-28","Germany","Central Midfield","Central Midfield",,2800000,"first_team","cmuihq0jy004bh29e4vb2kecf","FC Augsburg","","",""
"cmuo5adfx001sitgyv1l73rtv","Steve Mounié","","238639","1994-09-29","Benin; France","Centre-Forward","Centre-Forward",,1500000,"first_team","cmuihq0jy004bh29e4vb2kecf","FC Augsburg","","",""
"cmuihw1dk09flsexpwv4jq30f","Tim Breithaupt","","569457","2002-02-06","Germany","Midfield","Defensive Midfield",192,2000000,"first_team","cmuihq0jy004bh29e4vb2kecf","FC Augsburg","","",""
"cmuihw4rb0cv5sexpvvo65s2n","Tim Schnitzer","","1162968","2008-02-06","Germany","Midfield","Defensive Midfield",,500000,"first_team","cmuihq0jy004bh29e4vb2kecf","FC Augsburg","","",""
"cmuihw43d0byosexpmr511u5u","Tom Wisbereit","","954082","2007-11-16","Germany","Goalkeeper","Goalkeeper",195,0,"first_team","cmuihq0jy004bh29e4vb2kecf","FC Augsburg","","",""
"cmuo5ad5y001qitgyyc8ivkrl","Uchenna Ogundu","","1309324","2006-05-12","Nigeria","Centre-Forward","Centre-Forward",,4000000,"first_team","cmuihq0jy004bh29e4vb2kecf","FC Augsburg","","",""
"cmuihvzb506ygsexpf1qhsc01","Yannik Keitel","","342039","2000-02-14","Germany","Midfield","Defensive Midfield",186,2000000,"first_team","cmuihq0jy004bh29e4vb2kecf","FC Augsburg","","",""
"cmuo5acx1001mitgyrq18x90y","Young-woo Seol","","639414","1998-12-05","Korea, South","Right-Back","Right-Back",,6500000,"first_team","cmuihq0jy004bh29e4vb2kecf","FC Augsburg","","",""
"cmuihw24e0a1hsexpekgtwx23","Alejandro Balde","","636688","2003-10-17","Spain","Defender","Left-Back",177,50000000,"first_team","cmuihoy3o002vb23f8egwo6vd","FC Barcelona","","",""
"cmuihvxg604qgsexp9h67wrkv","Andreas Christensen","","196948","1996-04-09","Denmark","Defender","Centre-Back",189,8000000,"first_team","cmuihoy3o002vb23f8egwo6vd","FC Barcelona","","",""
"cmuihw0k908shsexpz5l4cwer","Anthony Gordon","","503733","2001-02-23","England","Attack","Left Winger",183,65000000,"first_team","cmuihoy3o002vb23f8egwo6vd","FC Barcelona","","",""
"cmuo7fdwl000314p28529l80a","Brian Fariñas","","938154","2006-02-09","Spain","Central Midfield","Central Midfield",,2500000,"first_team","cmuihoy3o002vb23f8egwo6vd","FC Barcelona","","",""
"cmuihvyr306b4sexpzxgna44c","Dani Olmo","","293385","1998-05-06","Spain","Midfield","Attacking Midfield",179,60000000,"first_team","cmuihoy3o002vb23f8egwo6vd","FC Barcelona","","",""
"cmuihvxgh04xqsexpd0l9txxz","Dominik Livakovic","","205927","1995-01-08","Croatia","Goalkeeper","Goalkeeper",188,4000000,"first_team","cmuihoy3o002vb23f8egwo6vd","FC Barcelona","","",""
"cmuihw0jp08h3sexpg9mn39se","Eric García","","466794","2001-01-08","Spain","Defender","Centre-Back",183,40000000,"first_team","cmuihoy3o002vb23f8egwo6vd","FC Barcelona","","",""
"cmuihw24e0a1lsexpdftajzch","Fermín López","","636703","2003-05-10","Spain","Midfield","Attacking Midfield",176,100000000,"first_team","cmuihoy3o002vb23f8egwo6vd","FC Barcelona","","",""
"cmuihvzap06o0sexpfc2cb613","Frenkie de Jong","","326330","1997-05-11","Netherlands","Midfield","Central Midfield",181,35000000,"first_team","cmuihoy3o002vb23f8egwo6vd","FC Barcelona","","",""
"cmuihvzbl07avsexpvwmvzxom","Gabriel Jesus","","363205","1997-04-02","Brazil","Attack","Centre-Forward",175,17000000,"first_team","cmuihoy3o002vb23f8egwo6vd","FC Barcelona","","",""
"cmuihw24h0a3zsexpb9bmn35b","Gavi","","646740","2004-08-04","Spain","Midfield","Central Midfield",173,30000000,"first_team","cmuihoy3o002vb23f8egwo6vd","FC Barcelona","","",""
"cmuihw2po0akxsexpmud951kq","Gerard Martín","","705395","2002-02-25","Spain","Defender","Centre-Back",186,35000000,"first_team","cmuihoy3o002vb23f8egwo6vd","FC Barcelona","","",""
"cmuo7ff1a000714p2c4niisal","Hamza Abdelkarim","","1259085","2008-01-01","Egypt","Centre-Forward","Centre-Forward",,1500000,"first_team","cmuihoy3o002vb23f8egwo6vd","FC Barcelona","","",""
"cmuo7fee6000514p28t38q9yw","Jesse Bisiwu","","1105549","2008-01-22","Belgium; Ghana","Left Winger","Left Winger",,800000,"first_team","cmuihoy3o002vb23f8egwo6vd","FC Barcelona","","",""
"cmuihw1da09bwsexpcmwkt1mn","Joan García","","561613","2001-05-03","Spain","Goalkeeper","Goalkeeper",194,45000000,"first_team","cmuihoy3o002vb23f8egwo6vd","FC Barcelona","","",""
"cmuo7fd3u000114p2dgi9u3kx","João Cancelo","","182712","1994-05-27","Portugal","Right-Back","Right-Back",,8000000,"first_team","cmuihoy3o002vb23f8egwo6vd","FC Barcelona","","",""
"cmuihvzwl07xisexpcttyyt2a","Jules Koundé","","411975","1998-11-11","France","Defender","Right-Back",181,60000000,"first_team","cmuihoy3o002vb23f8egwo6vd","FC Barcelona","","",""
"cmuihw0k708qksexp8tdco483","Karim Adeyemi","","496094","2002-01-17","Germany","Midfield","Right Winger",180,40000000,"first_team","cmuihoy3o002vb23f8egwo6vd","FC Barcelona","","",""
"cmuihw3fb0buxsexpq7rnabr4","Lamine Yamal","","937958","2007-07-12","Spain","Attack","Right Winger",183,220000000,"first_team","cmuihoy3o002vb23f8egwo6vd","FC Barcelona","","",""
"cmuihw43t0cafsexp5is0kyb4","Marc Bernal","","1018920","2007-05-25","Spain","Midfield","Defensive Midfield",193,30000000,"first_team","cmuihoy3o002vb23f8egwo6vd","FC Barcelona","","",""
"cmuihw43e0c03sexpu0t55t24","Pau Cubarsí","","962110","2007-01-21","Spain","Defender","Centre-Back",184,80000000,"first_team","cmuihoy3o002vb23f8egwo6vd","FC Barcelona","","",""
"cmuihw24v0aensexp0va9urqk","Pedri","","683840","2002-11-24","Spain","Midfield","Central Midfield",174,150000000,"first_team","cmuihoy3o002vb23f8egwo6vd","FC Barcelona","","",""
"cmuihvzwl07x3sexpr6mfndg8","Raphinha","","411295","1996-12-13","Brazil","Attack","Left Winger",176,70000000,"first_team","cmuihoy3o002vb23f8egwo6vd","FC Barcelona","","",""
"cmuihvzbj0784sexpy0rbk4pc","Rodri","","357565","1996-06-21","Spain","Midfield","Defensive Midfield",190,50000000,"first_team","cmuihoy3o002vb23f8egwo6vd","FC Barcelona","","",""
"cmuihw2q90b0xsexphs0dcd6a","Roony Bardghji","","792331","2005-11-14","Sweden","Attack","Right Winger",173,15000000,"first_team","cmuihoy3o002vb23f8egwo6vd","FC Barcelona","","",""
"cmuihvu5701uosexprebdgpnt","Wojciech Szczesny","","44058","1990-04-17","Poland","Goalkeeper","Goalkeeper",195,800000,"first_team","cmuihoy3o002vb23f8egwo6vd","FC Barcelona","","",""
"cmuihw43t0caesexpcxyouthu","Xavi Espart","","1018912","2007-05-20","Spain","Defender","Right-Back",175,5000000,"first_team","cmuihoy3o002vb23f8egwo6vd","FC Barcelona","","",""
"cmuihw0k508orsexpgq1vf5zr","Martin Vetkal","","488297","2004-02-20","Estonia","Midfield","Defensive Midfield",181,275000,"first_team","cmuihpzoq003rh29eoclm8xbg","FC Dordrecht","","",""
"cmuihvxfp04eisexptxpztsj8","Mica Pinto","","177866","1993-06-03","Luxembourg","Defender","Left-Back",176,350000,"first_team","cmuihpzoq003rh29eoclm8xbg","FC Dordrecht","","",""
"cmuihw2q30axjsexpzwn5pcuc","Dirk Baron","","747635","2002-08-15","Netherlands","Goalkeeper","Goalkeeper",196,25000,"first_team","cmuihosak002lb23fgevhmls6","FC Emmen","","",""
"cmuihw1d709a8sexp7m2it4lq","Iwo Kaczmarski","","555056","2004-04-15","Poland","Midfield","Central Midfield",183,300000,"first_team","cmuihqeno00c1h29er7n02cyd","FC Empoli","","",""
"cmuo5fbl9000y13o5zanyb7fv","Finn van Breemen","","705016","2003-02-25","Netherlands","Centre-Back","Centre-Back",,0,"first_team","cmuihq66x007fh29elwopl3td","FC Famalicão","","",""
"cmuihw43h0c2qsexpzsyz6l3s","Gabriel Cabral","","979508","2003-04-18","Brazil","Goalkeeper","Goalkeeper",196,0,"first_team","cmuihq66x007fh29elwopl3td","FC Famalicão","","",""
"cmuihw1dn09h3sexp6ldkk9dk","Garcia","","574758","2002-01-03","Brazil","Defender","Right-Back",175,1500000,"first_team","cmuihq66x007fh29elwopl3td","FC Famalicão","","",""
"cmuo5fc3s001413o5a7hk5z5a","Georgios Koutsias","","724039","2004-02-08","Greece","Centre-Forward","Centre-Forward",,0,"first_team","cmuihq66x007fh29elwopl3td","FC Famalicão","","",""
"cmuihvzaq06p0sexpnod8kr43","Gil Dias","","329723","1996-09-27","Portugal","Attack","Right Winger",186,2000000,"first_team","cmuihq66x007fh29elwopl3td","FC Famalicão","","",""
"cmuihvyqr0625sexp76zsz2pu","Ivan Zlobin","","282654","1997-03-06","Russia","Goalkeeper","Goalkeeper",191,1000000,"first_team","cmuihq66x007fh29elwopl3td","FC Famalicão","","",""
"cmuihvzb706zxsexp6a6imhwy","Lazar Carević","","344457","1999-03-15","Montenegro","Goalkeeper","Goalkeeper",195,5000000,"first_team","cmuihq66x007fh29elwopl3td","FC Famalicão","","",""
"cmuo5fbu5001013o5ljczwbiy","Leny Meyer","","678843","2004-07-01","Switzerland","Left-Back","Left-Back",,600000,"first_team","cmuihq66x007fh29elwopl3td","FC Famalicão","","",""
"cmuihw24l0a70sexprm6gripc","Léo Realpe","","656409","2001-02-25","Ecuador","Defender","Centre-Back",186,5000000,"first_team","cmuihq66x007fh29elwopl3td","FC Famalicão","","",""
"cmuihw4440ci9sexpdr5mlxp2","Marcos Peña","","1064121","2005-01-21","Spain","Midfield","Central Midfield",180,1500000,"first_team","cmuihq66x007fh29elwopl3td","FC Famalicão","","",""
"cmuihw4rm0d0rsexpe6qn0icf","Matheus Mattara","","1223956","2006-08-31","Brazil","Defender","Centre-Back",191,0,"first_team","cmuihq66x007fh29elwopl3td","FC Famalicão","","",""
"cmuihw4420chlsexprr092jiw","Mathias de Amorim","","1061975","2004-12-09","Portugal","Midfield","Central Midfield",174,10000000,"first_team","cmuihq66x007fh29elwopl3td","FC Famalicão","","",""
"cmuihw4rg0cxvsexpakcv2vid","Mathis Jangéal","","1185887","2008-06-23","France","Midfield","Attacking Midfield",180,1000000,"first_team","cmuihq66x007fh29elwopl3td","FC Famalicão","","",""
"cmuihw24j0a5rsexpavnhqppm","Óscar Aranda","","652332","2002-04-28","Spain","Attack","Left Winger",181,3000000,"first_team","cmuihq66x007fh29elwopl3td","FC Famalicão","","",""
"cmuo5fca6001613o5dnhl55if","Pato","","1150372","2004-02-17","Mexico","Centre-Forward","Centre-Forward",,4000000,"first_team","cmuihq66x007fh29elwopl3td","FC Famalicão","","",""
"cmuihvzvu07fksexprgdjrxsr","Paulo Moreira","","375392","2000-02-16","Portugal","Midfield","Central Midfield",176,1500000,"first_team","cmuihq66x007fh29elwopl3td","FC Famalicão","","",""
"cmuihw3ek0bbrsexpf6v2rnz3","Pedro Bondo","","847484","2004-11-15","Angola","Defender","Left-Back",172,2000000,"first_team","cmuihq66x007fh29elwopl3td","FC Famalicão","","",""
"cmuihw3eh0b8ssexpggzwj7gb","Pedro Santos","","825835","2003-02-09","Portugal","Attack","Right Winger",178,600000,"first_team","cmuihq66x007fh29elwopl3td","FC Famalicão","","",""
"cmuihw1d4098ksexp995rbcoe","Rodrigo Pinheiro","","549038","2002-08-27","Portugal","Defender","Right-Back",183,5000000,"first_team","cmuihq66x007fh29elwopl3td","FC Famalicão","","",""
"cmuihw2pj0aiwsexpqjz8kgz6","Roméo Beney","","700479","2005-01-18","Switzerland","Attack","Left Winger",187,1500000,"first_team","cmuihq66x007fh29elwopl3td","FC Famalicão","","",""
"cmuihw3er0bfssexp6blf030b","Sorriso","","868101","2001-02-22","Brazil","Attack","Left Winger",175,5000000,"first_team","cmuihq66x007fh29elwopl3td","FC Famalicão","","",""
"cmuo5fbyu001213o51r1noi6u","Tamás Szűcs","","933240","2005-01-16","Hungary","Central Midfield","Central Midfield",,0,"first_team","cmuihq66x007fh29elwopl3td","FC Famalicão","","",""
"cmuihvzws0810sexpr8l1gb5n","Tom van de Looi","","420189","1999-07-01","Netherlands","Midfield","Defensive Midfield",186,5000000,"first_team","cmuihq66x007fh29elwopl3td","FC Famalicão","","",""
"cmuihw4r20cs9sexpugn2g9z6","Umar Abubakar","","1133954","2006-02-14","Nigeria","Attack","Centre-Forward",190,1000000,"first_team","cmuihq66x007fh29elwopl3td","FC Famalicão","","",""
"cmuihw2pr0an9sexp3nw3m0n5","Víctor Rofino","","709999","2002-07-27","Spain","Defender","Centre-Back",185,150000,"first_team","cmuihq66x007fh29elwopl3td","FC Famalicão","","",""
"cmuihw24s0ad2sexp21ab4wbt","Vojin Serafimovic","","673435","2005-10-13","Serbia","Defender","Centre-Back",190,400000,"first_team","cmuihq66x007fh29elwopl3td","FC Famalicão","","",""
"cmuihw0jn08gcsexpa77m2rt5","Brynjólfur Willumsson","","464444","2000-08-11","Iceland","Attack","Centre-Forward",185,900000,"first_team","cmuihq181004ph29eat3v78na","FC Groningen","","",""
"cmuihw24s0acmsexpgeig0hnp","David van der Werff","","671737","2004-08-30","Netherlands","Attack","Right Winger",180,2000000,"first_team","cmuihq181004ph29eat3v78na","FC Groningen","","",""
"cmuihw4rc0cvwsexp29sursg8","Elvis van der Laan","","1172424","2008-02-28","Sweden","Defender","Centre-Back",,100000,"first_team","cmuihq181004ph29eat3v78na","FC Groningen","","",""
"cmuihvzw007k6sexpv4vohfh8","Etienne Vaessen","","387197","1995-07-25","Suriname","Goalkeeper","Goalkeeper",189,2500000,"first_team","cmuihq181004ph29eat3v78na","FC Groningen","","",""
"cmuihw24r0acksexp99pbnkvw","Jorg Schreuders","","671735","2004-09-08","Netherlands","Attack","Left Winger",177,1700000,"first_team","cmuihq181004ph29eat3v78na","FC Groningen","","",""
"cmuihw2pw0as1sexp31pmeucc","Lovro Stubljar","","728516","2004-08-08","Slovenia","Goalkeeper","Goalkeeper",191,150000,"first_team","cmuihq181004ph29eat3v78na","FC Groningen","","",""
"cmuihvy6805cjsexpev7mq4jn","Marco Rente","","237244","1997-02-24","Germany","Defender","Right-Back",188,1300000,"first_team","cmuihq181004ph29eat3v78na","FC Groningen","","",""
"cmuihw3fe0bxzsexpkscdjcsr","Mark Hoekstra","","949874","2006-02-09","Netherlands","Attack","Right Winger",,75000,"first_team","cmuihq181004ph29eat3v78na","FC Groningen","","",""
"cmuihvwrg03kmsexp094n0ewi","Marvin Peersman","","125769","1991-02-09","Belgium","Defender","Left-Back",185,250000,"first_team","cmuihq181004ph29eat3v78na","FC Groningen","","",""
"cmuihw3ek0bbtsexputj0qgdp","Nils Eggens","","847498","2005-04-07","Netherlands","Attack","Centre-Forward",186,0,"first_team","cmuihq181004ph29eat3v78na","FC Groningen","","",""
"cmuihw1d909b2sexpa1e7r7ta","Noam Emeran","","557611","2002-09-23","Rwanda","Attack","Left Winger",179,200000,"first_team","cmuihq181004ph29eat3v78na","FC Groningen","","",""
"cmuihvy64059ssexp6myd9tsz","Oskar Zawada","","232015","1996-01-31","Poland","Attack","Centre-Forward",192,500000,"first_team","cmuihq181004ph29eat3v78na","FC Groningen","","",""
"cmuihw3ek0bbqsexpybxy5fst","Robin Kelder","","847451","2005-03-24","Netherlands","Defender","Centre-Back",183,0,"first_team","cmuihq181004ph29eat3v78na","FC Groningen","","",""
"cmuihvzw007kisexplvn62dpu","Rui Mendes","","387996","1999-11-09","Portugal","Attack","Right Winger",179,200000,"first_team","cmuihq181004ph29eat3v78na","FC Groningen","","",""
"cmuihw2q90b0zsexpelu8h0ke","Stije Resink","","793099","2003-05-27","Netherlands","Midfield","Defensive Midfield",186,7000000,"first_team","cmuihq181004ph29eat3v78na","FC Groningen","","",""
"cmuihw3ey0blnsexpnft9uuo7","Stijn Petiet","","906152","2003-08-25","Netherlands","Goalkeeper","Goalkeeper",,0,"first_team","cmuihq181004ph29eat3v78na","FC Groningen","","",""
"cmuihw3el0bc3sexpsfgkenop","Sven Bouland","","848755","2006-02-21","Netherlands","Defender","Centre-Back",184,150000,"first_team","cmuihq181004ph29eat3v78na","FC Groningen","","",""
"cmuihw2pu0aprsexph84l5vmn","Thijmen Blokzijl","","719209","2005-02-24","Netherlands","Defender","Centre-Back",191,4000000,"first_team","cmuihq181004ph29eat3v78na","FC Groningen","","",""
"cmuihw24s0acnsexpn8bf6hn8","Thom van Bergen","","671738","2004-01-05","Netherlands","Attack","Centre-Forward",180,3000000,"first_team","cmuihq181004ph29eat3v78na","FC Groningen","","",""
"cmuihw24j0a5ysexppqzn3kbn","Tika de Jonge","","653725","2003-03-10","Netherlands","Midfield","Central Midfield",183,1800000,"first_team","cmuihq181004ph29eat3v78na","FC Groningen","","",""
"cmuihw43z0cf3sexpqxt5p45d","Travis Hernes","","1053908","2005-11-03","Norway","Midfield","Central Midfield",179,350000,"first_team","cmuihq181004ph29eat3v78na","FC Groningen","","",""
"cmuihw3f00bn0sexpktaa0u0h","Tyrique Mercera","","913289","2003-12-18","Curacao","Defender","Right-Back",187,600000,"first_team","cmuihq181004ph29eat3v78na","FC Groningen","","",""
"cmuihw24r0acjsexpt86yrha4","Wouter Prins","","671734","2004-02-05","Netherlands","Defender","Left-Back",173,450000,"first_team","cmuihq181004ph29eat3v78na","FC Groningen","","",""
"cmuihvy6b05eisexpwsern7uk","Aiyegun Tosin","","239647","1998-06-25","Benin","Attack","Centre-Forward",179,1800000,"first_team","cmuihodrf001xb23fkcn0k6ut","FC Lorient","","",""
"cmuihvzao06ncsexpbm7o29m0","Alec Georgen","","324800","1998-09-16","France","Defender","Right-Back",172,450000,"first_team","cmuihodrf001xb23fkcn0k6ut","FC Lorient","","",""
"cmuihw44a0cn6sexp3doxhc71","Arsène Kouassi","","1088199","2004-01-01","Burkina Faso","Defender","Left-Back",178,15000000,"first_team","cmuihodrf001xb23fkcn0k6ut","FC Lorient","","",""
"cmuihw4470ckgsexpqt6nzp91","Arthur Avom","","1074628","2004-12-14","Cameroon","Midfield","Central Midfield",173,20000000,"first_team","cmuihodrf001xb23fkcn0k6ut","FC Lorient","","",""
"cmuihw1es09lisexp0fkvim99","Bandiougou Fadiga","","590914","2001-01-14","France","Midfield","Attacking Midfield",178,150000,"first_team","cmuihodrf001xb23fkcn0k6ut","FC Lorient","","",""
"cmuihvwrf03jzsexp2o37z8az","Benjamin Leroy","","124901","1989-04-06","France","Goalkeeper","Goalkeeper",184,100000,"first_team","cmuihodrf001xb23fkcn0k6ut","FC Lorient","","",""
"cmuihvzar06qcsexpl3aqfwkb","Bingourou Kamara","","333175","1996-10-20","Senegal","Goalkeeper","Goalkeeper",195,600000,"first_team","cmuihodrf001xb23fkcn0k6ut","FC Lorient","","",""
"cmuo57kv7002rti9k0gy20xh3","Dembo Sylla","","1049151","2002-11-10","Guinea; France","Right-Back","Right-Back",,1500000,"first_team","cmuihodrf001xb23fkcn0k6ut","FC Lorient","","",""
"cmuihw24i0a4ssexp0z3hycvs","Formose Mendy","","649023","2001-01-01","Senegal","Defender","Centre-Back",191,4500000,"first_team","cmuihodrf001xb23fkcn0k6ut","FC Lorient","","",""
"cmuihw4rq0d27sexp9807zh03","Gabin Bernardeau","","1254786","2006-01-23","France","Midfield","Attacking Midfield",181,1200000,"first_team","cmuihodrf001xb23fkcn0k6ut","FC Lorient","","",""
"cmuihw2qc0b33sexpbmzyaum4","Ibrahima Baldé","","804884","2003-01-16","France","Attack","Centre-Forward",185,300000,"first_team","cmuihodrf001xb23fkcn0k6ut","FC Lorient","","",""
"cmuihw2pq0amfsexpjja9t3r9","Isaak Touré","","708678","2003-03-27","France","Defender","Centre-Back",206,1200000,"first_team","cmuihodrf001xb23fkcn0k6ut","FC Lorient","","",""
"cmuihw2qb0b2hsexpcov1xkrz","Isak Jensen","","801886","2003-12-22","Denmark","Attack","Left Winger",186,5000000,"first_team","cmuihodrf001xb23fkcn0k6ut","FC Lorient","","",""
"cmuihvzan06m8sexp47dcf8ws","Jean-Victor Makengo","","322305","1998-06-11","France","Midfield","Attacking Midfield",177,6000000,"first_team","cmuihodrf001xb23fkcn0k6ut","FC Lorient","","",""
"cmuihw4st0d7lsexpel3ess8f","Mamadou Koné","","1459673","2006-11-19","Cote d'Ivoire","Attack","Centre-Forward",,0,"first_team","cmuihodrf001xb23fkcn0k6ut","FC Lorient","","",""
"cmuihw24609vcsexpuoi8n6dw","Mohamed Bamba","","619461","2001-12-09","Cote d'Ivoire","Attack","Centre-Forward",185,2000000,"first_team","cmuihodrf001xb23fkcn0k6ut","FC Lorient","","",""
"cmuihw0k708qosexpj03w9j7z","Montassar Talbi","","496706","1998-05-25","Tunisia","Defender","Centre-Back",190,8000000,"first_team","cmuihodrf001xb23fkcn0k6ut","FC Lorient","","",""
"cmuihw24h0a46sexpjvav846u","Nathaniel Adjei","","646829","2002-08-20","Ghana","Defender","Centre-Back",191,1500000,"first_team","cmuihodrf001xb23fkcn0k6ut","FC Lorient","","",""
"cmuihw2pg0ag4sexpuf4pwt8t","Noah Cadiou","","691958","1998-10-25","Guadeloupe","Midfield","Central Midfield",191,3000000,"first_team","cmuihodrf001xb23fkcn0k6ut","FC Lorient","","",""
"cmuo57kzi002tti9kbp82ckcg","Noah Mbamba","","743395","2005-01-05","DR Congo; Belgium","Central Midfield","Central Midfield",,2000000,"first_team","cmuihodrf001xb23fkcn0k6ut","FC Lorient","","",""
"cmuo57kmi002nti9k0d2vlcez","Nosa Edward Obaretin","","704456","2003-01-26","Italy; Nigeria","Centre-Back","Centre-Back",,1500000,"first_team","cmuihodrf001xb23fkcn0k6ut","FC Lorient","","",""
"cmuihw3ee0b6lsexpm6i0mtkg","Panos Katseris","","816308","2001-07-04","Greece","Midfield","Right Midfield",187,2000000,"first_team","cmuihodrf001xb23fkcn0k6ut","FC Lorient","","",""
"cmuihw24o0aa0sexphhf9cb4i","Souleymane Faye","","666971","2003-02-07","Senegal","Attack","Right Winger",179,3000000,"first_team","cmuihodrf001xb23fkcn0k6ut","FC Lorient","","",""
"cmuo57kqv002pti9kw1gl9cv8","Srdjan Kuzmic","","722375","2004-01-16","Slovenia","Left-Back","Left-Back",,0,"first_team","cmuihodrf001xb23fkcn0k6ut","FC Lorient","","",""
"cmuihw2q70aynsexphpua0txz","Théo Le Bris","","766412","2002-09-30","France","Midfield","Right Midfield",170,5000000,"first_team","cmuihodrf001xb23fkcn0k6ut","FC Lorient","","",""
"cmuihvwrv03x5sexp17qrkiv0","Yvon Mvogo","","147051","1994-06-05","Switzerland","Goalkeeper","Goalkeeper",190,2500000,"first_team","cmuihodrf001xb23fkcn0k6ut","FC Lorient","","",""
"cmuihw4re0cwxsexpjtq6dld3","Alpha Touré","","1178489","2006-01-24","Senegal","Midfield","Defensive Midfield",180,5000000,"first_team","cmuihq6mo007ph29enroholtq","FC Metz","","",""
"cmuihw4ru0d3usexpb5f2nqr2","Believe Munongo","","1297673","2009-11-22","France","Midfield","Central Midfield",191,10000000,"first_team","cmuihq6mo007ph29enroholtq","FC Metz","","",""
"cmuihvwri03mosexpd5l2dvj3","Benjamin Stambouli","","127160","1990-08-12","France","Midfield","Defensive Midfield",180,250000,"first_team","cmuihq6mo007ph29enroholtq","FC Metz","","",""
"cmuihvxg104mcsexp6b2rujc2","Bouna Sarr","","190685","1992-01-30","Senegal","Defender","Right-Back",178,350000,"first_team","cmuihq6mo007ph29enroholtq","FC Metz","","",""
"cmuihw44c0codsexpy5zophfk","Cléo Mélières","","1099860","2005-04-12","France","Defender","Right-Back",175,200000,"first_team","cmuihq6mo007ph29enroholtq","FC Metz","","",""
"cmuihvyr406c7sexpfdgfv8gj","Fodé Ballo-Touré","","296422","1997-01-02","Senegal","Defender","Left-Back",182,900000,"first_team","cmuihq6mo007ph29enroholtq","FC Metz","","",""
"cmuihvxfy04j7sexpazgpr5os","Giorgi Kvilitaia","","186233","1993-09-30","Georgia","Attack","Centre-Forward",193,900000,"first_team","cmuihq6mo007ph29enroholtq","FC Metz","","",""
"cmuihw44e0cpwsexpl55wya2l","Ibou Sané","","1111776","2005-03-27","Senegal","Attack","Centre-Forward",179,300000,"first_team","cmuihq6mo007ph29enroholtq","FC Metz","","",""
"cmuihw3ep0be8sexpdly2n64t","Ismaël Guerti","","860053","2004-07-29","Morocco","Midfield","Attacking Midfield",178,250000,"first_team","cmuihq6mo007ph29enroholtq","FC Metz","","",""
"cmuihvxft04gxsexptcvn8a7i","Jean-Philippe Gbamin","","182894","1995-09-24","Cote d'Ivoire","Defender","Centre-Back",186,2000000,"first_team","cmuihq6mo007ph29enroholtq","FC Metz","","",""
"cmuihw1ct094tsexpixawgjmx","Jessy Deminguet","","539232","1998-01-06","France","Midfield","Central Midfield",178,2000000,"first_team","cmuihq6mo007ph29enroholtq","FC Metz","","",""
"cmuihvzvu07fjsexprmjy47r2","Joel Asoro","","375391","1999-04-26","Sweden","Attack","Right Winger",176,900000,"first_team","cmuihq6mo007ph29enroholtq","FC Metz","","",""
"cmuihw1cv0965sexp7i2jppwa","Jonathan Fischer","","542452","2001-11-08","Denmark","Goalkeeper","Goalkeeper",198,2000000,"first_team","cmuihq6mo007ph29enroholtq","FC Metz","","",""
"cmuihw44c0cojsexp1fa8zhjz","Joseph Mangondo","","1101719","2005-08-05","France","Attack","Centre-Forward",185,50000,"first_team","cmuihq6mo007ph29enroholtq","FC Metz","","",""
"cmuihvws1040tsexpa70a83l8","Maxime Colin","","156618","1991-11-14","France","Defender","Right-Back",180,250000,"first_team","cmuihq6mo007ph29enroholtq","FC Metz","","",""
"cmuihw43v0cccsexp5gsupmck","Michel Mboula","","1038308","2003-04-29","Gabon","Defender","Centre-Back",185,900000,"first_team","cmuihq6mo007ph29enroholtq","FC Metz","","",""
"cmuihw3ej0barsexplrqoou2n","Morgan Bokele","","838562","2004-03-12","Cameroon","Attack","Left Winger",175,0,"first_team","cmuihq6mo007ph29enroholtq","FC Metz","","",""
"cmuihw4rv0d4dsexpyupc2q87","Nathan Mbala","","1307004","2008-02-18","DR Congo","Attack","Centre-Forward",179,4500000,"first_team","cmuihq6mo007ph29enroholtq","FC Metz","","",""
"cmuihw24o0aa2sexp3kd8j3jc","Ousmane Ba","","666975","2002-06-05","Senegal","Goalkeeper","Goalkeeper",187,100000,"first_team","cmuihq6mo007ph29enroholtq","FC Metz","","",""
"cmuihw1dh09f3sexp8q9nnjr1","Pape Sy","","568728","1997-05-01","Senegal","Goalkeeper","Goalkeeper",206,600000,"first_team","cmuihq6mo007ph29enroholtq","FC Metz","","",""
"cmuihw43m0c5ysexpr9mtqy6u","Terry Yegbe","","991054","2001-01-24","Ghana","Defender","Centre-Back",195,3000000,"first_team","cmuihq6mo007ph29enroholtq","FC Metz","","",""
"cmuihw43w0ccjsexp4p49s6lj","Yannis Lawson","","1041555","2004-11-21","Togo","Defender","Left-Back",179,200000,"first_team","cmuihq6mo007ph29enroholtq","FC Metz","","",""
"cmuihw3f60bqwsexpwz5t71dx","Alexis Mirbach","","928873","2005-03-03","France","Goalkeeper","Goalkeeper",192,50000,"first_team","cmuihqhd100djh29et2cb4bdz","FC Nantes","","",""
"cmuihw3fd0bwrsexpfmdd254a","Ali Youssif","","944724","2001-07-08","Libya","Defender","Centre-Back",188,2500000,"first_team","cmuihqhd100djh29et2cb4bdz","FC Nantes","","",""
"cmuihw4re0cwhsexpx6bgssfn","Bahmed Deuff","","1176215","2006-03-09","Mauritania","Midfield","Defensive Midfield",194,1200000,"first_team","cmuihqhd100djh29et2cb4bdz","FC Nantes","","",""
"cmuihvzbj078xsexpbkq30zwx","Chidozie Awaziem","","358143","1996-12-31","Nigeria","Defender","Centre-Back",189,2500000,"first_team","cmuihqhd100djh29et2cb4bdz","FC Nantes","","",""
"cmuihw43q0c7zsexpe9vuh5mg","Dehmaine Tabibou","","1004619","2005-04-16","France","Midfield","Central Midfield",183,5000000,"first_team","cmuihqhd100djh29et2cb4bdz","FC Nantes","","",""
"cmuihvzar06q1sexpxvaf02xa","Deiver Machado","","332560","1993-09-01","Colombia","Defender","Left-Back",173,1800000,"first_team","cmuihqhd100djh29et2cb4bdz","FC Nantes","","",""
"cmuihvzvy07ivsexpy0t3xyqh","Fabien Centonze","","384859","1996-01-15","France","Defender","Right-Back",182,1000000,"first_team","cmuihqhd100djh29et2cb4bdz","FC Nantes","","",""
"cmuihvvss02q8sexp0yn6x70n","Francis Coquelin","","74869","1991-05-12","France","Midfield","Defensive Midfield",177,700000,"first_team","cmuihqhd100djh29et2cb4bdz","FC Nantes","","",""
"cmuihvzbg0765sexpnxs7sdot","Frédéric Guilbert","","354352","1994-12-23","France","Defender","Right-Back",178,800000,"first_team","cmuihqhd100djh29et2cb4bdz","FC Nantes","","",""
"cmuihw4qy0cqksexphu94flfl","Herba Guirassy","","1119453","2006-08-28","France","Attack","Left Winger",186,7000000,"first_team","cmuihqhd100djh29et2cb4bdz","FC Nantes","","",""
"cmuihvzvs07ejsexpf5yx0k0a","Ibrahima Sissoko","","372712","1997-10-26","Mali","Midfield","Defensive Midfield",193,2000000,"first_team","cmuihqhd100djh29et2cb4bdz","FC Nantes","","",""
"cmuihw1bu0915sexp4oqu14qr","Ignatius Ganago","","531949","1999-02-15","Cameroon","Attack","Centre-Forward",176,2000000,"first_team","cmuihqhd100djh29et2cb4bdz","FC Nantes","","",""
"cmuihw1em09khsexpt5ieqz5l","Johann Lepenant","","585973","2002-10-21","France","Midfield","Defensive Midfield",176,7000000,"first_team","cmuihqhd100djh29et2cb4bdz","FC Nantes","","",""
"cmuihvzb706zssexp7o04wlp3","Kelvin Amian","","344072","1998-02-07","France","Defender","Right-Back",180,2000000,"first_team","cmuihqhd100djh29et2cb4bdz","FC Nantes","","",""
"cmuihw4qy0cqmsexp9nfebq6t","Louis Leroux","","1119456","2006-01-22","France","Midfield","Attacking Midfield",184,10000000,"first_team","cmuihqhd100djh29et2cb4bdz","FC Nantes","","",""
"cmuihw24m0a82sexpnvdmf0e6","Lucas Bonelli","","659510","2003-02-13","France","Goalkeeper","Goalkeeper",196,0,"first_team","cmuihqhd100djh29et2cb4bdz","FC Nantes","","",""
"cmuihw3fd0bwnsexpxjd7qac7","Mathieu Acapandié","","944355","2004-12-13","Madagascar","Defender","Right-Back",182,700000,"first_team","cmuihqhd100djh29et2cb4bdz","FC Nantes","","",""
"cmuihw0jm08fhsexpikvp8k51","Mostafa Mohamed","","462348","1997-11-27","Egypt","Attack","Centre-Forward",185,3500000,"first_team","cmuihqhd100djh29et2cb4bdz","FC Nantes","","",""
"cmuihvxg104m2sexp9nauy4qk","Patrik Carlgren","","190280","1992-01-07","Sweden","Goalkeeper","Goalkeeper",189,400000,"first_team","cmuihqhd100djh29et2cb4bdz","FC Nantes","","",""
"cmuihw3en0bd4sexpxenrhdcu","Sacha Ziani","","855159","2003-08-06","France","Midfield","Defensive Midfield",168,0,"first_team","cmuihqhd100djh29et2cb4bdz","FC Nantes","","",""
"cmuihw3eh0b8osexpey9qhxc0","Sékou Doucouré","","825438","2005-04-25","Mali","Defender","Centre-Back",187,150000,"first_team","cmuihqhd100djh29et2cb4bdz","FC Nantes","","",""
"cmuihw4ro0d1psexp8l5yguiz","Tylel Tati","","1241207","2008-01-18","France","Defender","Centre-Back",192,25000000,"first_team","cmuihqhd100djh29et2cb4bdz","FC Nantes","","",""
"cmuihvxfk04a4sexpajx1sgba","Uros Radakovic","","169511","1994-03-30","Serbia","Defender","Centre-Back",194,400000,"first_team","cmuihqhd100djh29et2cb4bdz","FC Nantes","","",""
"cmuihw2qa0b1hsexp1i052tze","Yassine Benhattab","","796589","2002-11-17","France","Attack","Right Winger",170,0,"first_team","cmuihqhd100djh29et2cb4bdz","FC Nantes","","",""
"cmuihvvw60361sexpa34dpcp6","Youssef El Arabi","","96533","1987-02-02","Morocco","Attack","Centre-Forward",183,100000,"first_team","cmuihqhd100djh29et2cb4bdz","FC Nantes","","",""
"cmuihw4rb0cuusexpn2yh6izw","David Costa","","1160599","2004-01-11","Cape Verde","Midfield","Attacking Midfield",170,0,"first_team","cmuihq4z0006rh29erpmdn79g","FC Paços de Ferreira","","",""
"cmuihw2q60ay9sexpuaqa9yki","Alan Varela","","756990","2001-07-03","Argentina","Midfield","Defensive Midfield",177,32000000,"first_team","cmuihqe6h00brh29ew01veugs","FC Porto","","",""
"cmuihw3es0bgosexp0dns7ep2","Alberto Costa","","877139","2003-09-28","Portugal","Defender","Right-Back",186,18000000,"first_team","cmuihqe6h00brh29ew01veugs","FC Porto","","",""
"cmuihvxg804rwsexpwqorbyt2","André Silva","","198008","1995-11-05","Portugal","Attack","Centre-Forward",186,3000000,"first_team","cmuihqe6h00brh29ew01veugs","FC Porto","","",""
"cmuihw24d0a0xsexpzbw44beo","Borja Sainz","","634461","2001-02-20","Spain","Attack","Left Winger",174,20000000,"first_team","cmuihqe6h00brh29ew01veugs","FC Porto","","",""
"cmuihvws1040ksexp8p82u8ac","Cláudio Ramos","","155396","1991-11-15","Portugal","Goalkeeper","Goalkeeper",183,800000,"first_team","cmuihqe6h00brh29ew01veugs","FC Porto","","",""
"cmuihvzbi077rsexpzkkygb61","Diogo Costa","","357153","1999-09-18","Portugal","Goalkeeper","Goalkeeper",188,40000000,"first_team","cmuihqe6h00brh29ew01veugs","FC Porto","","",""
"cmuihw3f20bolsexpc0zjm40d","Dominik Prpić","","921533","2004-05-18","Croatia","Defender","Centre-Back",188,4000000,"first_team","cmuihqe6h00brh29ew01veugs","FC Porto","","",""
"cmuo5esq5000413o50m7ssnu7","Duarte Cunha","","1182538","2008-01-25","Portugal","Right Winger","Right Winger",,1500000,"first_team","cmuihqe6h00brh29ew01veugs","FC Porto","","",""
"cmuihw0jz08kzsexpecll05iz","Francisco Moura","","478365","1999-08-15","Portugal","Defender","Left-Back",181,9000000,"first_team","cmuihqe6h00brh29ew01veugs","FC Porto","","",""
"cmuihw2pj0aimsexpi42ejz54","Gabri Veiga","","699704","2002-05-26","Spain","Midfield","Attacking Midfield",185,30000000,"first_team","cmuihqe6h00brh29ew01veugs","FC Porto","","",""
"cmuo5esh8000213o5rgf8hc7s","Gabriel Mec","","1228661","2008-04-11","Brazil","Right Winger","Right Winger",,16000000,"first_team","cmuihqe6h00brh29ew01veugs","FC Porto","","",""
"cmuihvzvo07bwsexpqqam2x9n","In-beom Hwang","","365394","1996-09-19","Korea, South","Midfield","Defensive Midfield",177,7000000,"first_team","cmuihqe6h00brh29ew01veugs","FC Porto","","",""
"cmuihvzwv083bsexpfyxz8nj5","Jakub Kiwior","","425918","2000-02-14","Poland","Defender","Centre-Back",189,35000000,"first_team","cmuihqe6h00brh29ew01veugs","FC Porto","","",""
"cmuihvy6f05icsexpeqb9us5d","Jan Bednarek","","243028","1996-04-11","Poland","Defender","Centre-Back",189,11000000,"first_team","cmuihqe6h00brh29ew01veugs","FC Porto","","",""
"cmuihvxg904shsexp50ys6lx4","João Costa","","198638","1996-02-01","Portugal","Goalkeeper","Goalkeeper",186,500000,"first_team","cmuihqe6h00brh29ew01veugs","FC Porto","","",""
"cmuihw3f90btisexprioz818q","Martim Fernandes","","935480","2006-01-17","Portugal","Defender","Right-Back",181,12000000,"first_team","cmuihqe6h00brh29ew01veugs","FC Porto","","",""
"cmuihw0k608pmsexpvid3wkt6","Nehuén Pérez","","491693","2000-06-23","Argentina","Defender","Centre-Back",186,12000000,"first_team","cmuihqe6h00brh29ew01veugs","FC Porto","","",""
"cmuihw4rb0cv0sexp4uv0dnl3","Oskar Pietuszewski","","1162012","2008-05-19","Poland","Attack","Left Winger",179,25000000,"first_team","cmuihqe6h00brh29ew01veugs","FC Porto","","",""
"cmuihvzvq07desexp7lodsk6q","Pablo Rosario","","370791","1997-01-06","Dominican Republic","Midfield","Defensive Midfield",188,8000000,"first_team","cmuihqe6h00brh29ew01veugs","FC Porto","","",""
"cmuihw1bi08xgsexpgmq4fwvc","Pepê","","520662","1997-02-23","Brazil","Attack","Right Winger",175,17000000,"first_team","cmuihqe6h00brh29ew01veugs","FC Porto","","",""
"cmuihw43m0c5zsexpabkm9ffx","Samu Aghehowa","","991268","2004-05-04","Spain","Attack","Centre-Forward",193,45000000,"first_team","cmuihqe6h00brh29ew01veugs","FC Porto","","",""
"cmuihw1d6099hsexpnh24acwl","Santiago Gimenez","","552955","2001-04-17","Mexico","Attack","Centre-Forward",180,18000000,"first_team","cmuihqe6h00brh29ew01veugs","FC Porto","","",""
"cmuihvxft04gwsexpywhsdwpc","Seko Fofana","","182893","1995-05-06","Cote d'Ivoire","Midfield","Central Midfield",185,8000000,"first_team","cmuihqe6h00brh29ew01veugs","FC Porto","","",""
"cmuihw44a0cmpsexpzs86disn","Souza","","1086258","2006-06-15","Brazil","Defender","Left-Back",183,12000000,"first_team","cmuihqe6h00brh29ew01veugs","FC Porto","","",""
"cmuihw1dn09hcsexp7fyescux","Vasco Sousa","","575716","2003-04-02","Portugal","Midfield","Central Midfield",169,2000000,"first_team","cmuihqe6h00brh29ew01veugs","FC Porto","","",""
"cmuihw3f50bq7sexpdqsyftt6","Victor Froholdt","","926993","2006-02-24","Denmark","Midfield","Central Midfield",187,50000000,"first_team","cmuihqe6h00brh29ew01veugs","FC Porto","","",""
"cmuihw43q0c85sexpvhjo29bo","William Gomes","","1004725","2006-03-14","Brazil","Attack","Right Winger",171,25000000,"first_team","cmuihqe6h00brh29ew01veugs","FC Porto","","",""
"cmuihw1cx096vsexp8ehx1c0v","Zaidu Sanusi","","544784","1997-06-12","Nigeria","Defender","Left-Back",182,3000000,"first_team","cmuihqe6h00brh29ew01veugs","FC Porto","","",""
"cmunpeaw5001rqkd346k6jsds","Adil Aouchiche","Adil Aouchiche","569385","2002-07-15","Algeria; France","Attacking Midfield","Attacking Midfield",,3500000,"first_team","cmuihq5qq0075h29elabq5hjd","FC Schalke 04","","",""
"cmunped660023qkd3w2kk193h","Adrian Gantenbein","Adrian Gantenbein","410870","2001-04-18","Switzerland","Right-Back","Right-Back",,900000,"first_team","cmuihq5qq0075h29elabq5hjd","FC Schalke 04","","",""
"cmuihw0jx08kisexp4xd6yqab","Bryan Lasme","","477109","1998-11-13","France; Cote d'Ivoire","Centre-Forward","Centre-Forward",194,600000,"first_team","cmuihq5qq0075h29elabq5hjd","FC Schalke 04","","",""
"cmunpebfk001vqkd3jgy3lqeg","Dejan Ljubicic","Dejan Ljubicic","287188","1997-10-08","Austria","Defensive Midfield","Defensive Midfield",,3000000,"first_team","cmuihq5qq0075h29elabq5hjd","FC Schalke 04","","",""
"cmuihvu4f01cksexpfolovcea","Edin Dzeko","","28396","1986-03-16","Bosnia-Herzegovina","Centre-Forward","Centre-Forward",192,1000000,"first_team","cmuihq5qq0075h29elabq5hjd","FC Schalke 04","","",""
"cmunpeeao0029qkd32hj3wp8f","Emil Højlund","Emil Højlund","802560","2005-01-04","Denmark","Centre-Forward","Centre-Forward",,500000,"first_team","cmuihq5qq0075h29elabq5hjd","FC Schalke 04","","",""
"cmuihvy6d05gmsexpdmhthsz2","Finn Porath","","241307","1997-02-22","Germany","Right Midfield","Right Midfield",180,800000,"first_team","cmuihq5qq0075h29elabq5hjd","FC Schalke 04","","",""
"cmunpebt7001xqkd3gk67qirx","Hasan Kuruçay","Hasan Kuruçay","292812","1997-08-31","Türkiye; Denmark","Centre-Back","Centre-Back",,2000000,"first_team","cmuihq5qq0075h29elabq5hjd","FC Schalke 04","","",""
"cmuihvyr106a8sexpwc8dtuqr","Hee-chan Hwang","","292246","1996-01-25","Korea, South","Centre-Forward","Centre-Forward",177,6000000,"first_team","cmuihq5qq0075h29elabq5hjd","FC Schalke 04","","",""
"cmunpee3r0027qkd3hfkvpmgy","Janik Bachmann","Janik Bachmann","327862","1996-05-06","Germany","Central Midfield","Central Midfield",,500000,"first_team","cmuihq5qq0075h29elabq5hjd","FC Schalke 04","","",""
"cmunpeeoh002bqkd37bgwz3ds","Johannes Siebeking","Johannes Siebeking","1047294","2006-03-02","Germany","Goalkeeper","Goalkeeper",,125000,"first_team","cmuihq5qq0075h29elabq5hjd","FC Schalke 04","","",""
"cmuihw0ja08aosexp5gcyiytr","Junior Adamu","","452477","2001-06-05","Austria","Centre-Forward","Centre-Forward",183,3000000,"first_team","cmuihq5qq0075h29elabq5hjd","FC Schalke 04","","",""
"cmuihw1by092wsexptjrjowwk","Junior Dina Ebimbe","","536482","2000-11-20","Cameroon; France","Right Midfield","Right Midfield",184,6000000,"first_team","cmuihq5qq0075h29elabq5hjd","FC Schalke 04","","",""
"cmunpecm00021qkd3pad0kz56","Kenan Karaman","Kenan Karaman","119557","1994-03-05","Türkiye; Germany","Attacking Midfield","Attacking Midfield",,1800000,"first_team","cmuihq5qq0075h29elabq5hjd","FC Schalke 04","","",""
"cmuihvu5601uasexpq2xgye9c","Kevin Müller","","43824","1991-03-14","Germany","Goalkeeper","Goalkeeper",190,300000,"first_team","cmuihq5qq0075h29elabq5hjd","FC Schalke 04","","",""
"cmuihvvvm02z0sexpgvtq3eh8","Loris Karius","","85864","1993-06-21","Germany","Goalkeeper","Goalkeeper",191,800000,"first_team","cmuihq5qq0075h29elabq5hjd","FC Schalke 04","","",""
"cmunpedju0025qkd3m28td8yx","Luca Vozar","Luca Vozar","1162413","2007-05-06","Germany","Defensive Midfield","Defensive Midfield",,800000,"first_team","cmuihq5qq0075h29elabq5hjd","FC Schalke 04","","",""
"cmuihvyqf05tbsexpicwix01b","Maximilian Wöber","","263361","1998-02-03","Austria","Centre-Back","Centre-Back",188,3000000,"first_team","cmuihq5qq0075h29elabq5hjd","FC Schalke 04","","",""
"cmunpe9yx001pqkd3ptqtdd5y","Mertcan Ayhan","Mertcan Ayhan","969376","2006-09-08","Türkiye; Germany","Centre-Back","Centre-Back",,8000000,"first_team","cmuihq5qq0075h29elabq5hjd","FC Schalke 04","","",""
"cmuihw0jj08ecsexpyolmtkgf","Moussa Sylla","","460655","1999-11-24","Mali; France","Centre-Forward","Right Winger",181,5000000,"first_team","cmuihq5qq0075h29elabq5hjd","FC Schalke 04","","",""
"cmuihvzwt081qsexpc6dtwiua","Nikola Katic","","422051","1996-10-09","Bosnia-Herzegovina; Croatia","Centre-Back","Centre-Back",194,1800000,"first_team","cmuihq5qq0075h29elabq5hjd","FC Schalke 04","","",""
"cmuihvyqm05xssexplf9lfefl","Robin Gosens","","273132","1994-07-04","Germany; Netherlands","Left-Back","Left-Back",183,4000000,"first_team","cmuihq5qq0075h29elabq5hjd","FC Schalke 04","","",""
"cmunpec11001zqkd3gv4ix5ld","Ron Schallenberg","Ron Schallenberg","332392","1998-10-06","Germany","Defensive Midfield","Defensive Midfield",,2000000,"first_team","cmuihq5qq0075h29elabq5hjd","FC Schalke 04","","",""
"cmuihw24o0a9qsexpjft6g1st","Satoshi Tanaka","","665618","2002-08-12","Japan","Defensive Midfield","Defensive Midfield",175,2000000,"first_team","cmuihq5qq0075h29elabq5hjd","FC Schalke 04","","",""
"cmunpe9sg001nqkd3cp7m8pa4","Soufiane El-Faouzi","Soufiane El-Faouzi","697740","2002-07-13","Morocco; Germany","Central Midfield","Central Midfield",,9000000,"first_team","cmuihq5qq0075h29elabq5hjd","FC Schalke 04","","",""
"cmuihvyqr061tsexpulvhv19x","Timo Becker","","282349","1997-03-24","Germany","Centre-Back","Centre-Back",190,1500000,"first_team","cmuihq5qq0075h29elabq5hjd","FC Schalke 04","","",""
"cmunpeb8r001tqkd3qjaz8dzk","Vitalie Becker","Vitalie Becker","919703","2005-03-03","Germany; Russia","Left-Back","Left-Back",,3000000,"first_team","cmuihq5qq0075h29elabq5hjd","FC Schalke 04","","",""
"cmuihw3ej0bassexp2m5vw9ys","Alexandre Pierre","","838947","2001-02-24","Haiti","Goalkeeper","Goalkeeper",190,100000,"first_team","cmuihqepa00c3h29e547askj1","FC Sochaux-Montbéliard","","",""
"cmuihw4rd0cw2sexpfaggmww6","Elson Mendes","","1173606","2005-09-17","Cape Verde","Midfield","Defensive Midfield",178,0,"first_team","cmuihqepa00c3h29e547askj1","FC Sochaux-Montbéliard","","",""
"cmuihw4rt0d36sexp5mu9378u","Abdoulie Ceesay","","1280281","2004-01-04","The Gambia","Attack","Centre-Forward",185,1000000,"first_team","cmuihq6x2007rh29e66c1kcyw","FC St. Pauli","","",""
"cmuihvy6805c8sexp56rw5vhu","Adam Dzwigala","","236966","1995-09-24","Poland","Defender","Centre-Back",185,800000,"first_team","cmuihq6x2007rh29e66c1kcyw","FC St. Pauli","","",""
"cmuihw23y09omsexp4xsye5i8","Arkadiusz Pyrka","","599733","2002-09-19","Poland","Defender","Right-Back",177,3500000,"first_team","cmuihq6x2007rh29e66c1kcyw","FC St. Pauli","","",""
"cmuihw0ja08b6sexpo9rorcw7","Ben Voll","","453742","2000-12-08","Germany","Goalkeeper","Goalkeeper",195,500000,"first_team","cmuihq6x2007rh29e66c1kcyw","FC St. Pauli","","",""
"cmuihw1bj08xxsexp77dl7h0a","Connor Metcalfe","","522223","1999-11-04","Australia","Midfield","Central Midfield",183,1500000,"first_team","cmuihq6x2007rh29e66c1kcyw","FC St. Pauli","","",""
"cmuihw0j908ahsexp6batidlq","David Nemeth","","451906","2001-03-17","Austria","Defender","Centre-Back",191,2500000,"first_team","cmuihq6x2007rh29e66c1kcyw","FC St. Pauli","","",""
"cmuihvyr206ahsexp85qyv3b1","Eric Smith","","292534","1997-01-07","Sweden","Defender","Centre-Back",192,5000000,"first_team","cmuihq6x2007rh29e66c1kcyw","FC St. Pauli","","",""
"cmuihw0k808rgsexp9v04lgl1","Erik Ahlstrand","","501049","2001-10-13","Sweden","Midfield","Central Midfield",184,400000,"first_team","cmuihq6x2007rh29e66c1kcyw","FC St. Pauli","","",""
"cmuihw1en09kusexpxb721btz","Fin Stevens","","587019","2003-04-09","Wales","Defender","Right-Back",179,500000,"first_team","cmuihq6x2007rh29e66c1kcyw","FC St. Pauli","","",""
"cmuihvws003zxsexpeul1pmit","Hauke Wahl","","154147","1994-04-14","Germany","Defender","Centre-Back",189,1500000,"first_team","cmuihq6x2007rh29e66c1kcyw","FC St. Pauli","","",""
"cmuihvxg304nksexpkbxxfvzf","Jackson Irvine","","192557","1993-03-06","Australia","Midfield","Central Midfield",189,1000000,"first_team","cmuihq6x2007rh29e66c1kcyw","FC St. Pauli","","",""
"cmuihw3ez0bmbsexpnvllagrc","Jannik Robatsch","","909860","2004-12-27","Austria","Defender","Centre-Back",190,500000,"first_team","cmuihq6x2007rh29e66c1kcyw","FC St. Pauli","","",""
"cmuihw2pi0ahtsexppqfnq15s","Joel Chima Fujita","","697277","2002-02-15","Japan","Midfield","Central Midfield",175,10000000,"first_team","cmuihq6x2007rh29e66c1kcyw","FC St. Pauli","","",""
"cmuihvzas06qtsexp6fi1zjj1","Lars Ritzka","","333903","1998-05-06","Germany","Defender","Left-Back",185,1000000,"first_team","cmuihq6x2007rh29e66c1kcyw","FC St. Pauli","","",""
"cmuihw24009pwsexp1hj6lve8","Louis Oppie","","605265","2002-05-16","Germany","Defender","Left-Back",184,2500000,"first_team","cmuihq6x2007rh29e66c1kcyw","FC St. Pauli","","",""
"cmuihvy6f05i6sexpt66c6z6d","Manolis Saliakas","","242661","1996-09-11","Greece","Defender","Right-Back",177,2000000,"first_team","cmuihq6x2007rh29e66c1kcyw","FC St. Pauli","","",""
"cmuihvzvv07gdsexpbpxd3qps","Martijn Kaars","","377729","1999-03-04","Netherlands","Attack","Centre-Forward",183,3000000,"first_team","cmuihq6x2007rh29e66c1kcyw","FC St. Pauli","","",""
"cmuihw43q0c7jsexpphqzc3vx","Marwin Schmitz","","1003534","2007-01-06","Germany","Midfield","Defensive Midfield",180,200000,"first_team","cmuihq6x2007rh29e66c1kcyw","FC St. Pauli","","",""
"cmuihvzwv082psexpnzhyxfhj","Mathias Pereira Lage","","424072","1996-11-29","Portugal","Attack","Left Winger",180,2500000,"first_team","cmuihq6x2007rh29e66c1kcyw","FC St. Pauli","","",""
"cmuihw4r60cu1sexpo18xqwzu","Nick Schmidt","","1152232","2007-09-11","Japan","Midfield","Central Midfield",180,125000,"first_team","cmuihq6x2007rh29e66c1kcyw","FC St. Pauli","","",""
"cmuihw0k508omsexpa69cg9qq","Oladapo Afolayan","","487850","1997-09-10","England","Attack","Right Winger",180,1000000,"first_team","cmuihq6x2007rh29e66c1kcyw","FC St. Pauli","","",""
"cmuihw24u0adrsexpgeyhwhar","Ricky-Jade Jones","","677935","2002-11-07","England","Attack","Centre-Forward",183,1200000,"first_team","cmuihq6x2007rh29e66c1kcyw","FC St. Pauli","","",""
"cmuihw2qa0b15sexpww44acmr","Romeo Aigbekaen","","795387","2004-06-21","Germany","Attack","Centre-Forward",189,0,"first_team","cmuihq6x2007rh29e66c1kcyw","FC St. Pauli","","",""
"cmuihw23w09nusexpwzxrrsq0","Scott Banks","","596821","2001-09-25","Scotland","Attack","Right Winger",183,300000,"first_team","cmuihq6x2007rh29e66c1kcyw","FC St. Pauli","","",""
"cmuihw1br08zqsexpack7v419","Simon Spari","","527597","2002-06-15","Austria","Goalkeeper","Goalkeeper",196,350000,"first_team","cmuihq6x2007rh29e66c1kcyw","FC St. Pauli","","",""
"cmuihw0k708qhsexp3vb2avub","Taichi Hara","","495752","1999-05-04","Japan","Attack","Centre-Forward",191,1000000,"first_team","cmuihq6x2007rh29e66c1kcyw","FC St. Pauli","","",""
"cmuihw24209s8sexpceuixk54","Tomoya Ando","","610795","1999-01-09","Japan","Defender","Centre-Back",190,3000000,"first_team","cmuihq6x2007rh29e66c1kcyw","FC St. Pauli","","",""
"cmuo57ir5002gti9k6tj1qn6x","Abu Francis","","658533","2001-04-27","Ghana","Central Midfield","Central Midfield",,2000000,"first_team","cmuihq9dj0097h29elsved1su","FC Toulouse","","",""
"cmuihw4rk0czosexp76whgans","Alexis Vossah","","1200427","2008-03-10","France","Midfield","Central Midfield",181,15000000,"first_team","cmuihq9dj0097h29elsved1su","FC Toulouse","","",""
"cmuihw0jx08khsexp3nlcvj22","Aron Dønnum","","476836","1998-04-19","Norway","Midfield","Right Midfield",178,5000000,"first_team","cmuihq9dj0097h29elsved1su","FC Toulouse","","",""
"cmuo57ive002iti9kh34f354c","Aymen Amaaouch","","1297670","2009-09-30","France; Morocco","Central Midfield","Central Midfield",,0,"first_team","cmuihq9dj0097h29elsved1su","FC Toulouse","","",""
"cmuihw0jo08gfsexpnlh4vc7w","Casper Tengstedt","","464598","2000-05-31","Denmark","Attack","Centre-Forward",184,3500000,"first_team","cmuihq9dj0097h29elsved1su","FC Toulouse","","",""
"cmuo57i810028ti9kddqxjdzt","Christ Tapé","","1270796","2006-03-02","Cote d'Ivoire","Left-Back","Left-Back",,0,"first_team","cmuihq9dj0097h29elsved1su","FC Toulouse","","",""
"cmuihw0jq08hpsexp6o1veztx","Cristian Cásseres Jr.","","467632","2000-01-19","Venezuela","Midfield","Central Midfield",176,9000000,"first_team","cmuihq9dj0097h29elsved1su","FC Toulouse","","",""
"cmuihw3ew0bk7sexp00n4emrm","David Odogu","","897423","2006-06-02","Germany","Defender","Centre-Back",191,5000000,"first_team","cmuihq9dj0097h29elsved1su","FC Toulouse","","",""
"cmuihw3f00bmxsexpjago9mvh","Guillaume Restes","","912902","2005-03-10","France","Goalkeeper","Goalkeeper",188,18000000,"first_team","cmuihq9dj0097h29elsved1su","FC Toulouse","","",""
"cmuihw4rj0czjsexpw4eqlatq","Ilyas Azizi","","1200417","2008-04-12","France","Attack","Left Winger",173,0,"first_team","cmuihq9dj0097h29elsved1su","FC Toulouse","","",""
"cmuo57iby002ati9kn0eals52","Ismaïl Diallo","","1177290","2003-08-23","France; Senegal","Right-Back","Right-Back",,900000,"first_team","cmuihq9dj0097h29elsved1su","FC Toulouse","","",""
"cmuihw24v0aelsexpo0pdj3np","Jacen Russell-Rowe","","683625","2002-09-12","Canada","Attack","Centre-Forward",183,3000000,"first_team","cmuihq9dj0097h29elsved1su","FC Toulouse","","",""
"cmuihw4ro0d1gsexp5xy1700a","Julián Vignolo","","1234988","2006-12-06","Argentina","Attack","Centre-Forward",185,1500000,"first_team","cmuihq9dj0097h29elsved1su","FC Toulouse","","",""
"cmuihw0ip0847sexpjcd8g3mr","Mark McKenzie","","429259","1999-02-24","United States","Defender","Centre-Back",186,7000000,"first_team","cmuihq9dj0097h29elsved1su","FC Toulouse","","",""
"cmuihw43s0c9asexp3s778gb7","Mathis Amougou","","1010854","2006-01-17","France","Midfield","Central Midfield",177,9000000,"first_team","cmuihq9dj0097h29elsved1su","FC Toulouse","","",""
"cmuihw4480ckpsexp2rf74xid","Mathys Niflore","","1075580","2007-03-01","France","Goalkeeper","Goalkeeper",192,1000000,"first_team","cmuihq9dj0097h29elsved1su","FC Toulouse","","",""
"cmuihvyqo05yqsexpmoqplemb","Niklas Schmidt","","275249","1998-02-28","Germany","Midfield","Central Midfield",184,1500000,"first_team","cmuihq9dj0097h29elsved1su","FC Toulouse","","",""
"cmuo57ifv002cti9khkqlcv6v","Niko Sigur","","1045375","2003-09-09","Canada; Croatia","Defensive Midfield","Defensive Midfield",,4000000,"first_team","cmuihq9dj0097h29elsved1su","FC Toulouse","","",""
"cmuihw3et0bhisexp432ivsp1","Rafik Messali","","883865","2003-04-27","Algeria","Defender","Right-Back",177,1500000,"first_team","cmuihq9dj0097h29elsved1su","FC Toulouse","","",""
"cmuihvyqs062vsexptg2a359i","Rasmus Nicolaisen","","283227","1997-03-15","Denmark","Defender","Centre-Back",191,5000000,"first_team","cmuihq9dj0097h29elsved1su","FC Toulouse","","",""
"cmuihw43l0c5gsexp9xnprisl","Santiago Hidalgo","","989574","2005-02-16","Argentina","Attack","Centre-Forward",174,6000000,"first_team","cmuihq9dj0097h29elsved1su","FC Toulouse","","",""
"cmuihw4480ckrsexpiimvhyln","Seny Koumbassa","","1075583","2007-06-19","France","Defender","Centre-Back",194,5000000,"first_team","cmuihq9dj0097h29elsved1su","FC Toulouse","","",""
"cmuo57izu002kti9k64bvlf3b","Sion Oppong","","1368526","2007-09-25","Sweden; Ghana","Left Winger","Left Winger",,0,"first_team","cmuihq9dj0097h29elsved1su","FC Toulouse","","",""
"cmuo57im9002eti9kkemc2ue4","Thomas Jørgensen","","953004","2005-09-30","Denmark","Central Midfield","Central Midfield",,0,"first_team","cmuihq9dj0097h29elsved1su","FC Toulouse","","",""
"cmuihvy6j05m1sexpudh6bj6q","Arno Verschueren","","250591","1997-04-07","Belgium","Midfield","Attacking Midfield",185,700000,"first_team","cmuihq5k60071h29e42akmqnf","FC Twente Enschede","","",""
"cmuihw1cy097nsexpja6dgtgp","Bart van Rooij","","547499","2001-05-25","Netherlands","Defender","Right-Back",174,10000000,"first_team","cmuihq5k60071h29e42akmqnf","FC Twente Enschede","","",""
"cmuihw1es09lssexpjgea9dgq","Daan Rots","","591363","2001-07-24","Netherlands","Attack","Right Winger",179,5000000,"first_team","cmuihq5k60071h29e42akmqnf","FC Twente Enschede","","",""
"cmuihvuxi024fsexp3i2k0t39","Lars Unnerstall","","53696","1990-07-19","Germany","Goalkeeper","Goalkeeper",198,1000000,"first_team","cmuihq5k60071h29e42akmqnf","FC Twente Enschede","","",""
"cmuihw1bs0900sexpafducpfi","Mathias Kjølø","","528652","2001-06-26","Norway","Midfield","Defensive Midfield",174,1000000,"first_team","cmuihq5k60071h29e42akmqnf","FC Twente Enschede","","",""
"cmuihw24509ussexpldy2sje7","Max Bruns","","618086","2002-11-05","Netherlands","Defender","Centre-Back",186,1500000,"first_team","cmuihq5k60071h29e42akmqnf","FC Twente Enschede","","",""
"cmuihw1dc09cgsexpeq5epg5f","Mees Hilgers","","562702","2001-05-12","Indonesia","Defender","Centre-Back",185,3000000,"first_team","cmuihq5k60071h29e42akmqnf","FC Twente Enschede","","",""
"cmuihvu4m01hlsexp1412elk1","Przemyslaw Tyton","","33210","1987-01-03","Poland","Goalkeeper","Goalkeeper",195,75000,"first_team","cmuihq5k60071h29e42akmqnf","FC Twente Enschede","","",""
"cmuihw2pl0ajzsexpv6yunq76","Sam Karssies","","703779","2003-02-25","Netherlands","Goalkeeper","Goalkeeper",186,75000,"first_team","cmuihq5k60071h29e42akmqnf","FC Twente Enschede","","",""
"cmuihvzw007k0sexp1ejaqiol","Sam Lammers","","386914","1997-04-29","Netherlands","Attack","Centre-Forward",191,4000000,"first_team","cmuihq5k60071h29e42akmqnf","FC Twente Enschede","","",""
"cmuihw1as08vrsexpfes8kloa","Taylor Booth","","513963","2001-05-30","United States","Attack","Right Winger",174,1000000,"first_team","cmuihq5k60071h29e42akmqnf","FC Twente Enschede","","",""
"cmuihw3es0bghsexpcujar331","Adrian Blake","","875581","2005-07-14","England","Attack","Left Winger",182,2000000,"first_team","cmuihq181004nh29e2ib1sw4p","FC Utrecht","","",""
"cmuihw1dd09d8sexpjqrue2cn","Alonzo Engwanda","","565436","2003-01-26","Belgium","Midfield","Defensive Midfield",173,8000000,"first_team","cmuihq181004nh29e2ib1sw4p","FC Utrecht","","",""
"cmuihw24h0a3ysexpfkyx6hqu","Ángel Alarcón","","646739","2004-05-14","Spain","Attack","Left Winger",175,6000000,"first_team","cmuihq181004nh29e2ib1sw4p","FC Utrecht","","",""
"cmuihvzwi07vesexpkufolybu","Can Bozdogan","","406609","2001-04-04","Germany","Midfield","Central Midfield",174,2000000,"first_team","cmuihq181004nh29e2ib1sw4p","FC Utrecht","","",""
"cmuihvzb406wysexp8pdesz9o","Dani de Wit","","340459","1998-01-27","Netherlands","Midfield","Attacking Midfield",184,3500000,"first_team","cmuihq181004nh29e2ib1sw4p","FC Utrecht","","",""
"cmuihw23z09pssexp75hy8f7x","David Min","","604813","1999-06-22","Netherlands","Attack","Centre-Forward",194,1500000,"first_team","cmuihq181004nh29e2ib1sw4p","FC Utrecht","","",""
"cmuihvzbk079usexpf6sp4jdv","Davy van den Berg","","361066","2000-02-03","Netherlands","Midfield","Central Midfield",185,1500000,"first_team","cmuihq181004nh29e2ib1sw4p","FC Utrecht","","",""
"cmuihw0je08cisexp0ou15fbc","Derry Murkin","","457341","1999-07-26","England","Defender","Left-Back",183,1800000,"first_team","cmuihq181004nh29e2ib1sw4p","FC Utrecht","","",""
"cmuihw4qx0cq2sexp35aozm9o","Emeka Adiele","","1112524","2007-07-30","England","Defender","Left-Back",,700000,"first_team","cmuihq181004nh29e2ib1sw4p","FC Utrecht","","",""
"cmuihw3f10bo5sexpe2z0l1st","Emirhan Demircan","","918445","2005-01-19","Türkiye","Attack","Left Winger",181,450000,"first_team","cmuihq181004nh29e2ib1sw4p","FC Utrecht","","",""
"cmuihw1es09lhsexps413nwuf","Guus Offerhaus","","590777","2001-01-02","Netherlands","Defender","Centre-Back",188,800000,"first_team","cmuihq181004nh29e2ib1sw4p","FC Utrecht","","",""
"cmuihw44d0cptsexpdhx7dzxs","Jaygo van Ommeren","","1111077","2008-05-07","Netherlands","Midfield","Defensive Midfield",,500000,"first_team","cmuihq181004nh29e2ib1sw4p","FC Utrecht","","",""
"cmuihw24109qysexpwbodag4z","Kevin Gadellaa","","607133","2003-04-07","Netherlands","Goalkeeper","Goalkeeper",210,250000,"first_team","cmuihq181004nh29e2ib1sw4p","FC Utrecht","","",""
"cmuihw1dl09g0sexp7eeoqqp8","Matisse Didden","","570597","2001-10-07","Belgium","Defender","Centre-Back",198,3000000,"first_team","cmuihq181004nh29e2ib1sw4p","FC Utrecht","","",""
"cmuihvy64059qsexp4lj3hw5e","Michael Brouwer","","231650","1993-01-20","Netherlands","Goalkeeper","Goalkeeper",189,250000,"first_team","cmuihq181004nh29e2ib1sw4p","FC Utrecht","","",""
"cmuihw0k208misexplty59rpw","Mike Eerdhuijzen","","482141","2000-07-12","Netherlands","Defender","Centre-Back",194,1300000,"first_team","cmuihq181004nh29e2ib1sw4p","FC Utrecht","","",""
"cmuihvxfy04jwsexp31rce8v2","Mike van der Hoorn","","187105","1992-10-14","Netherlands","Defender","Centre-Back",190,750000,"first_team","cmuihq181004nh29e2ib1sw4p","FC Utrecht","","",""
"cmuihw2pv0aqnsexpxrb6tng8","Miliano Jonathans","","723008","2004-04-04","Indonesia","Attack","Right Winger",178,750000,"first_team","cmuihq181004nh29e2ib1sw4p","FC Utrecht","","",""
"cmuihw2q80az9sexp45w2wx98","Neal Viereck","","775244","2004-05-02","Netherlands","Defender","Centre-Back",195,0,"first_team","cmuihq181004nh29e2ib1sw4p","FC Utrecht","","",""
"cmuihw43c0by9sexptuvmr61x","Neville Ogidi Nwankwo","","951398","2002-10-07","Netherlands","Defender","Centre-Back",189,800000,"first_team","cmuihq181004nh29e2ib1sw4p","FC Utrecht","","",""
"cmuihvzwu0829sexp7hwh0r20","Niklas Vesterlund","","422932","1999-06-05","Denmark","Defender","Right-Back",185,1500000,"first_team","cmuihq181004nh29e2ib1sw4p","FC Utrecht","","",""
"cmuihw1d809awsexp74urkhck","Noah Ohio","","557410","2003-01-15","Netherlands","Attack","Centre-Forward",183,1000000,"first_team","cmuihq181004nh29e2ib1sw4p","FC Utrecht","","",""
"cmuihw2py0atrsexp9k16kmd3","Oualid Agougil","","738475","2005-08-06","Morocco","Midfield","Defensive Midfield",178,500000,"first_team","cmuihq181004nh29e2ib1sw4p","FC Utrecht","","",""
"cmuihw3fa0bugsexpzlds183o","Per Kloosterboer","","937571","2005-03-07","Netherlands","Defender","Centre-Back",184,0,"first_team","cmuihq181004nh29e2ib1sw4p","FC Utrecht","","",""
"cmuihw2py0atvsexprf6x8zfk","Rafik El Arguioui","","738479","2005-07-30","Morocco","Midfield","Attacking Midfield",178,500000,"first_team","cmuihq181004nh29e2ib1sw4p","FC Utrecht","","",""
"cmuihvyrb06ibsexpx6wupgcu","Siebe Horemans","","314915","1998-06-01","Belgium","Defender","Right-Back",186,3000000,"first_team","cmuihq181004nh29e2ib1sw4p","FC Utrecht","","",""
"cmuihvy6i05kxsexpj8uxtn49","Vasilios Barkas","","248658","1994-05-29","Greece","Goalkeeper","Goalkeeper",196,3000000,"first_team","cmuihq181004nh29e2ib1sw4p","FC Utrecht","","",""
"cmuihvzwe07sysexpor5a9192","Victor Jensen","","400548","2000-02-07","Denmark","Midfield","Attacking Midfield",180,2500000,"first_team","cmuihq181004nh29e2ib1sw4p","FC Utrecht","","",""
"cmuihw2q80azssexp20ixo3ci","Yoann Cathline","","782476","2002-07-21","France","Attack","Left Winger",176,6000000,"first_team","cmuihq181004nh29e2ib1sw4p","FC Utrecht","","",""
"cmuihvy6k05m9sexphr6ya76a","Heinz Mörschel","","250945","1997-08-23","Dominican Republic","Midfield","Attacking Midfield",190,800000,"first_team","cmuihqdq000blh29e52yj6utu","FC Vizela","","",""
"cmuihw24v0aebsexpgpkmd9xg","Jójó","","681827","2001-05-18","Cape Verde","Defender","Right-Back",188,550000,"first_team","cmuihqdq000blh29e52yj6utu","FC Vizela","","",""
"cmuihw1d5099bsexpf1xhu1yd","Leverton Pierre","","552467","1998-03-08","Haiti","Midfield","Defensive Midfield",181,0,"first_team","cmuihqdq000blh29e52yj6utu","FC Vizela","","",""
"cmuihw24g0a30sexpc7ga7ze2","Matías Lacava","","642721","2002-10-23","Venezuela","Attack","Right Winger",167,700000,"first_team","cmuihqdq000blh29e52yj6utu","FC Vizela","","",""
"cmuihw24v0aeesexp61ovm6kw","Nikita Demchenko","","681989","2002-09-05","Belarus","Midfield","Attacking Midfield",175,500000,"first_team","cmuihqdq000blh29e52yj6utu","FC Vizela","","",""
"cmuihvzb606z7sexpg6psssex","Yassin Fortuné","","342878","1999-01-29","Haiti","Attack","Centre-Forward",186,400000,"first_team","cmuihqdq000blh29e52yj6utu","FC Vizela","","",""
"cmuihvzwl07wxsexpmewp13by","Alex Plat","","410719","1998-02-03","Netherlands","Midfield","Defensive Midfield",178,300000,"first_team","cmuihqe7t00bvh29em81ogfx5","FC Volendam","","",""
"cmuihw4rj0czdsexpduy7tt8m","Anass Bouziane","","1196804","2006-12-21","Netherlands","Midfield","Defensive Midfield",,25000,"first_team","cmuihqe7t00bvh29em81ogfx5","FC Volendam","","",""
"cmuihw3eg0b7vsexpzss1gkmm","Arouna Kabba","","820331","2005-04-06","Netherlands","Goalkeeper","Goalkeeper",188,0,"first_team","cmuihqe7t00bvh29em81ogfx5","FC Volendam","","",""
"cmuihw24k0a6csexp3siilrfx","Aurelio Oehlers","","654902","2004-02-04","Netherlands","Attack","Right Winger",172,500000,"first_team","cmuihqe7t00bvh29em81ogfx5","FC Volendam","","",""
"cmuihw2q90b0osexpl2cij9we","Déron Payne","","790411","2002-09-24","Trinidad and Tobago","Defender","Right-Back",182,350000,"first_team","cmuihqe7t00bvh29em81ogfx5","FC Volendam","","",""
"cmuihw1en09kzsexpvyxequuc","Dion Vlak","","587297","2001-06-27","Netherlands","Goalkeeper","Goalkeeper",,25000,"first_team","cmuihqe7t00bvh29em81ogfx5","FC Volendam","","",""
"cmuihw1d909bbsexphwr0as0u","Gibson Yah","","559325","2003-09-26","Netherlands","Midfield","Defensive Midfield",193,1300000,"first_team","cmuihqe7t00bvh29em81ogfx5","FC Volendam","","",""
"cmuihvyqj05wrsexp1ioaa6iq","Henk Veerman","","271743","1991-02-25","Netherlands","Attack","Centre-Forward",201,250000,"first_team","cmuihqe7t00bvh29em81ogfx5","FC Volendam","","",""
"cmuihw43z0cfksexpzdr83gb1","Jesper Tielemans","","1055233","2006-05-16","Netherlands","Attack","Centre-Forward",,50000,"first_team","cmuihqe7t00bvh29em81ogfx5","FC Volendam","","",""
"cmuihw43z0cfmsexpeucnt0jr","Key-Shawn Wong-A-Soij","","1055235","2006-09-30","Netherlands","Attack","Left Winger",,50000,"first_team","cmuihqe7t00bvh29em81ogfx5","FC Volendam","","",""
"cmuihw4rd0cw8sexpwgl9dy15","Luca Blondeau","","1175045","2006-02-10","Netherlands","Defender","Centre-Back",194,75000,"first_team","cmuihqe7t00bvh29em81ogfx5","FC Volendam","","",""
"cmuihvxfl04b0sexppd63s1mu","Mawouna Amevor","","170720","1991-12-15","Togo","Defender","Centre-Back",191,200000,"first_team","cmuihqe7t00bvh29em81ogfx5","FC Volendam","","",""
"cmuihw43z0cflsexpvs1maryf","Mika van der Horst","","1055234","2005-05-10","Netherlands","Midfield","Central Midfield",,25000,"first_team","cmuihqe7t00bvh29em81ogfx5","FC Volendam","","",""
"cmuihw2q70ayjsexpwhh8qj98","Milan de Haan","","765468","2003-11-19","Netherlands","Midfield","Central Midfield",,450000,"first_team","cmuihqe7t00bvh29em81ogfx5","FC Volendam","","",""
"cmuihw3f60bqosexpdacsi0e5","Myron Mau-Asam","","928359","2004-03-31","Netherlands","Midfield","Central Midfield",,50000,"first_team","cmuihqe7t00bvh29em81ogfx5","FC Volendam","","",""
"cmuihw3fc0bvosexpuetwckoj","Nordin Bukala","","940095","2005-09-17","Netherlands","Midfield","Central Midfield",184,600000,"first_team","cmuihqe7t00bvh29em81ogfx5","FC Volendam","","",""
"cmuihw3f90btosexphk36sb9w","Precious Ugwu","","936006","2006-02-07","Netherlands","Defender","Right-Back",192,500000,"first_team","cmuihqe7t00bvh29em81ogfx5","FC Volendam","","",""
"cmuihw4rd0cw9sexp2zihxdml","Robin van Cruijsen","","1175048","2006-02-19","Netherlands","Midfield","Attacking Midfield",170,1200000,"first_team","cmuihqe7t00bvh29em81ogfx5","FC Volendam","","",""
"cmuihw2pw0as7sexp49u0ylkm","Roy Steur","","729011","2005-01-31","Netherlands","Goalkeeper","Goalkeeper",192,200000,"first_team","cmuihqe7t00bvh29em81ogfx5","FC Volendam","","",""
"cmuihw2pr0anosexpzzm0pet3","Silvinho Esajas","","710999","2002-07-07","Suriname","Defender","Centre-Back",193,150000,"first_team","cmuihqe7t00bvh29em81ogfx5","FC Volendam","","",""
"cmuihw1cv095rsexpzxcnbvj4","Yannick Leliendal","","541020","2002-04-22","Suriname","Defender","Left-Back",169,1000000,"first_team","cmuihqe7t00bvh29em81ogfx5","FC Volendam","","",""
"cmuihvzvv07g8sexpfvk25as1","Anel Ahmedhodzic","","377468","1999-03-25","Bosnia-Herzegovina","Defender","Centre-Back",190,10000000,"first_team","cmuihq1t5004zh29exb9q00c1","Feyenoord Rotterdam","","",""
"cmuihw3f10bnzsexpaj2e35ay","Anis Hadj Moussa","","917911","2002-02-10","Algeria","Attack","Right Winger",176,23000000,"first_team","cmuihq1t5004zh29exb9q00c1","Feyenoord Rotterdam","","",""
"cmuihw2q80azasexpb6qu853x","Aymen Sliti","","775257","2006-03-23","Netherlands","Attack","Left Winger",179,2000000,"first_team","cmuihq1t5004zh29exb9q00c1","Feyenoord Rotterdam","","",""
"cmuihvy6q05qfsexpbogejd73","Bart Nieuwkoop","","257987","1996-03-06","Netherlands","Defender","Right-Back",181,1500000,"first_team","cmuihq1t5004zh29exb9q00c1","Feyenoord Rotterdam","","",""
"cmuihvzwk07wdsexpx1d9eao8","Calvin Stengs","","409344","1998-12-17","Netherlands","Midfield","Attacking Midfield",187,4500000,"first_team","cmuihq1t5004zh29exb9q00c1","Feyenoord Rotterdam","","",""
"cmuihw4rn0d1dsexpj1tw8u8v","Gaoussou Diarra","","1233996","2002-11-20","Mali","Attack","Left Winger",183,1700000,"first_team","cmuihq1t5004zh29exb9q00c1","Feyenoord Rotterdam","","",""
"cmuihvzvt07f5sexp2wk5qg99","Gijs Smal","","374212","1997-08-30","Netherlands","Defender","Left-Back",183,5500000,"first_team","cmuihq1t5004zh29exb9q00c1","Feyenoord Rotterdam","","",""
"cmuihw43p0c6xsexputba0f5k","Givairo Read","","997903","2006-06-01","Netherlands","Defender","Right-Back",175,25000000,"first_team","cmuihq1t5004zh29exb9q00c1","Feyenoord Rotterdam","","",""
"cmuihw1dl09g6sexpxxnzsys0","Gjivai Zechiël","","571149","2004-05-31","Netherlands","Midfield","Central Midfield",180,10000000,"first_team","cmuihq1t5004zh29exb9q00c1","Feyenoord Rotterdam","","",""
"cmuihw0k008lfsexp77zy6m61","Gonçalo Borges","","479649","2001-03-28","Portugal","Attack","Right Winger",184,3000000,"first_team","cmuihq1t5004zh29exb9q00c1","Feyenoord Rotterdam","","",""
"cmuihw2pw0arvsexp6kbiqjso","Jaden Slory","","727480","2005-05-08","Netherlands","Attack","Right Winger",175,700000,"first_team","cmuihq1t5004zh29exb9q00c1","Feyenoord Rotterdam","","",""
"cmuihvzvy07ipsexp8epo3uti","Jakub Moder","","384461","1999-04-06","Poland","Midfield","Central Midfield",191,10000000,"first_team","cmuihq1t5004zh29exb9q00c1","Feyenoord Rotterdam","","",""
"cmuihw2q10awnsexpv5sqol0o","Jan Plug","","745625","2005-04-01","Netherlands","Defender","Centre-Back",188,0,"first_team","cmuihq1t5004zh29exb9q00c1","Feyenoord Rotterdam","","",""
"cmuihvyqw066hsexp5t5yqfpd","Jeremiah St. Juste","","288253","1996-10-18","Netherlands","Defender","Centre-Back",186,3000000,"first_team","cmuihq1t5004zh29exb9q00c1","Feyenoord Rotterdam","","",""
"cmuihw3eo0bdesexpnjkq4or1","Jordan Bos","","855731","2002-10-28","Australia","Defender","Left-Back",180,12000000,"first_team","cmuihq1t5004zh29exb9q00c1","Feyenoord Rotterdam","","",""
"cmuihvyra06hbsexpwy91y2hf","Jordan Lotomba","","313094","1998-09-28","Switzerland","Defender","Right-Back",177,3500000,"first_team","cmuihq1t5004zh29exb9q00c1","Feyenoord Rotterdam","","",""
"cmuihvyqf05tpsexpmqw06o1j","Liam Bossin","","264176","1996-07-14","Ireland","Goalkeeper","Goalkeeper",190,350000,"first_team","cmuihq1t5004zh29exb9q00c1","Feyenoord Rotterdam","","",""
"cmuihw23y09p0sexpeo97bk7a","Luciano Valente","","601495","2003-10-03","Netherlands","Midfield","Central Midfield",189,18000000,"first_team","cmuihq1t5004zh29exb9q00c1","Feyenoord Rotterdam","","",""
"cmuihvzvp07d0sexpbsxrknx0","Mats Deijl","","369554","1997-07-14","Netherlands","Defender","Right-Back",181,2000000,"first_team","cmuihq1t5004zh29exb9q00c1","Feyenoord Rotterdam","","",""
"cmuihw0k908sasexpthvfehcd","Neraysho Kasanwirjo","","503640","2002-02-17","Netherlands","Defender","Centre-Back",185,1500000,"first_team","cmuihq1t5004zh29exb9q00c1","Feyenoord Rotterdam","","",""
"cmuihw24o0aaisexp1a4nis3c","Oussama Targhalline","","667965","2002-05-19","Morocco","Midfield","Defensive Midfield",186,16000000,"first_team","cmuihq1t5004zh29exb9q00c1","Feyenoord Rotterdam","","",""
"cmuihvzwo07zssexpzod0e33u","Ramiz Zerrouki","","416660","1998-05-25","Algeria","Midfield","Defensive Midfield",183,6500000,"first_team","cmuihq1t5004zh29exb9q00c1","Feyenoord Rotterdam","","",""
"cmuihw1eu09mksexpt69lm0je","Sem Steijn","","593519","2001-11-11","Netherlands","Midfield","Attacking Midfield",173,11000000,"first_team","cmuihq1t5004zh29exb9q00c1","Feyenoord Rotterdam","","",""
"cmuihw23v09n6sexpi3az8b4w","Shiloh 't Zand","","595247","2003-05-13","Suriname","Midfield","Attacking Midfield",177,300000,"first_team","cmuihq1t5004zh29exb9q00c1","Feyenoord Rotterdam","","",""
"cmuihw43k0c4ysexpy7p3nlee","Thijs Kraaijeveld","","987370","2007-05-02","Netherlands","Midfield","Defensive Midfield",190,5000000,"first_team","cmuihq1t5004zh29exb9q00c1","Feyenoord Rotterdam","","",""
"cmuihw1ez09mqsexpfu092ews","Thomas Beelen","","593862","2001-06-10","Netherlands","Defender","Centre-Back",190,5000000,"first_team","cmuihq1t5004zh29exb9q00c1","Feyenoord Rotterdam","","",""
"cmuihvxg604qbsexpd0y18dm0","Timon Wellenreuther","","196829","1995-12-02","Germany","Goalkeeper","Goalkeeper",188,5000000,"first_team","cmuihq1t5004zh29exb9q00c1","Feyenoord Rotterdam","","",""
"cmuihw23x09ofsexpl71gqrn5","Tsuyoshi Watanabe","","598791","1997-02-04","Japan","Defender","Centre-Back",184,10000000,"first_team","cmuihq1t5004zh29exb9q00c1","Feyenoord Rotterdam","","",""
"cmuihw1dm09g9sexpcpn2j02b","Valgeir Lunddal","","571310","2001-09-23","Iceland","Defender","Right-Back",191,900000,"first_team","cmuihq803008fh29e8p31ax3j","Fortuna Düsseldorf","","",""
"cmuihvy61056osexpr21x7v0p","Alen Halilovic","","226074","1996-06-17","Croatia","Midfield","Attacking Midfield",169,400000,"first_team","cmuihq80t008hh29edci2vstb","Fortuna Sittardia Combinatie","","",""
"cmuihw4470ck6sexpekf31pio","Amin Laoukili","","1073562","2005-01-13","Netherlands","Midfield","Attacking Midfield",,0,"first_team","cmuihq80t008hh29edci2vstb","Fortuna Sittardia Combinatie","","",""
"cmuihw43c0by8sexp4i2ow8tg","Daan Bisschops","","951318","2005-03-29","Netherlands","Defender","Left-Back",,0,"first_team","cmuihq80t008hh29edci2vstb","Fortuna Sittardia Combinatie","","",""
"cmuihvy5v051xsexpb0tsfklu","Daley Sinkgraven","","215099","1995-07-03","Netherlands","Defender","Left-Back",179,300000,"first_team","cmuihq80t008hh29edci2vstb","Fortuna Sittardia Combinatie","","",""
"cmuihw24m0a87sexp6pdaxpcb","Edouard Michut","","659521","2003-03-03","France","Midfield","Central Midfield",177,1200000,"first_team","cmuihq80t008hh29edci2vstb","Fortuna Sittardia Combinatie","","",""
"cmuihvvv902vesexp9vbi20t0","Ivo Pinto","","82281","1990-01-06","Portugal","Defender","Right-Back",182,250000,"first_team","cmuihq80t008hh29edci2vstb","Fortuna Sittardia Combinatie","","",""
"cmuihw1do09hnsexpa1tjv5rj","Jasper Dahlhaus","","576682","2001-11-26","Netherlands","Defender","Left-Back",176,1400000,"first_team","cmuihq80t008hh29edci2vstb","Fortuna Sittardia Combinatie","","",""
"cmuihvxfy04jgsexpq3jpcrva","Kristoffer Peterson","","186704","1994-11-27","Sweden","Attack","Left Winger",185,450000,"first_team","cmuihq80t008hh29edci2vstb","Fortuna Sittardia Combinatie","","",""
"cmuihw3f10bnhsexp8sxr0r3m","Luka Tunjic","","915445","2005-11-18","Croatia","Midfield","Attacking Midfield",183,300000,"first_team","cmuihq80t008hh29edci2vstb","Fortuna Sittardia Combinatie","","",""
"cmuihvy6505b5sexp8boxedw0","Luuk Koopmans","","235108","1993-11-17","Netherlands","Goalkeeper","Goalkeeper",190,200000,"first_team","cmuihq80t008hh29edci2vstb","Fortuna Sittardia Combinatie","","",""
"cmuihw4rh0cypsexp91i3tzp3","Owen Johnson","","1190921","2005-08-02","Netherlands","Missing","",184,0,"first_team","cmuihq80t008hh29edci2vstb","Fortuna Sittardia Combinatie","","",""
"cmuihw43u0cbfsexpprkmrk3n","Ramazan Bayram","","1029376","2004-10-11","Belgium","Goalkeeper","Goalkeeper",190,25000,"first_team","cmuihq80t008hh29edci2vstb","Fortuna Sittardia Combinatie","","",""
"cmuihvyqx067ksexpw2p3v4wt","Samuel Bastien","","289510","1996-09-25","DR Congo","Midfield","Central Midfield",175,300000,"first_team","cmuihq80t008hh29edci2vstb","Fortuna Sittardia Combinatie","","",""
"cmuihvzbj078vsexp93z7uohz","Shawn Adewoye","","358021","2000-06-28","Belgium","Defender","Centre-Back",185,900000,"first_team","cmuihq80t008hh29edci2vstb","Fortuna Sittardia Combinatie","","",""
"cmuihw0k308nfsexpbnmr5g6z","Syb van Ottele","","485586","2002-02-01","Netherlands","Defender","Centre-Back",185,600000,"first_team","cmuihq80t008hh29edci2vstb","Fortuna Sittardia Combinatie","","",""
"cmuihw3fe0by1sexpdz0sc0fa","Wassim Elasri","","949904","2004-06-19","Netherlands","Midfield","Defensive Midfield",176,0,"first_team","cmuihq80t008hh29edci2vstb","Fortuna Sittardia Combinatie","","",""
"cmuo54poz003vbpsmzmxpt701","Aleksa Terzić","","404260","1999-08-17","Serbia","Left-Back","Left-Back",,2500000,"first_team","cmuihqgcj00d1h29e5nz2aiov","Frosinone Calcio","","",""
"cmuihw0iu085tsexp4d23shv2","Alessio Zerbin","","433584","1999-03-02","Italy","Midfield","Right Midfield",182,2000000,"first_team","cmuihqgcj00d1h29e5nz2aiov","Frosinone Calcio","","",""
"cmuihw1eu09mlsexp9pkrk65v","Anouar El Azzouzi","","593774","2001-05-28","Morocco","Midfield","Defensive Midfield",187,650000,"first_team","cmuihqgcj00d1h29e5nz2aiov","Frosinone Calcio","","",""
"cmuihw2qc0b31sexpzf8hbo05","Anthony Oyono","","804812","2001-04-11","Gabon","Defender","Right-Back",184,2000000,"first_team","cmuihqgcj00d1h29e5nz2aiov","Frosinone Calcio","","",""
"cmuihw3ef0b7esexp46sp0s75","Antonio Raimondo","","818888","2004-03-17","Italy","Attack","Centre-Forward",185,3000000,"first_team","cmuihqgcj00d1h29e5nz2aiov","Frosinone Calcio","","",""
"cmuihw1bj08y1sexp0pko8vhb","Ben Lhassine Kone","","522681","2000-03-13","Cote d'Ivoire","Midfield","Central Midfield",172,500000,"first_team","cmuihqgcj00d1h29e5nz2aiov","Frosinone Calcio","","",""
"cmuo54pz10041bpsm4xvjdsij","Daniel Bîrligea","","468192","2000-04-19","Romania","Centre-Forward","Centre-Forward",,4500000,"first_team","cmuihqgcj00d1h29e5nz2aiov","Frosinone Calcio","","",""
"cmuihw2pz0audsexpxp5f8s17","Eldin Lolic","","740517","2004-05-14","Bosnia-Herzegovina","Goalkeeper","Goalkeeper",194,75000,"first_team","cmuihqgcj00d1h29e5nz2aiov","Frosinone Calcio","","",""
"cmuihw3ej0bb1sexpll3hwj2g","Enzo Tchato","","842338","2002-11-22","Cameroon","Defender","Right-Back",182,1800000,"first_team","cmuihqgcj00d1h29e5nz2aiov","Frosinone Calcio","","",""
"cmuihw3eu0bi9sexp21rg0152","Farès Ghedjemis","","888738","2002-09-05","France","Attack","Right Winger",183,600000,"first_team","cmuihqgcj00d1h29e5nz2aiov","Frosinone Calcio","","",""
"cmuihvxg504pmsexp88le02ob","Florian Grillitsch","","195736","1995-08-06","Austria","Midfield","Defensive Midfield",186,2500000,"first_team","cmuihqgcj00d1h29e5nz2aiov","Frosinone Calcio","","",""
"cmuihvzaz06u7sexpyv1txlid","Francesco Gelli","","337811","1996-10-14","Italy","Midfield","Attacking Midfield",173,1000000,"first_team","cmuihqgcj00d1h29e5nz2aiov","Frosinone Calcio","","",""
"cmuo54plw003tbpsmmtx0c211","Gabriele Bracaglia","","571600","2003-07-19","Italy","Left-Back","Left-Back",,0,"first_team","cmuihqgcj00d1h29e5nz2aiov","Frosinone Calcio","","",""
"cmuo54piu003rbpsmh6pjqbik","Gabriele Calvani","","745778","2004-01-12","Italy","Centre-Back","Centre-Back",,0,"first_team","cmuihqgcj00d1h29e5nz2aiov","Frosinone Calcio","","",""
"cmuihvyr606dysexpft5bv1cl","Giacomo Calò","","301235","1997-02-04","Italy","Midfield","Defensive Midfield",180,750000,"first_team","cmuihqgcj00d1h29e5nz2aiov","Frosinone Calcio","","",""
"cmuihvzwm07xzsexpp1lhjfqt","Giorgi Kvernadze","","412758","2003-02-06","Georgia","Attack","Left Winger",188,4000000,"first_team","cmuihqgcj00d1h29e5nz2aiov","Frosinone Calcio","","",""
"cmuihw24409u5sexpp8y2x4kz","Giorgio Cittadini","","616628","2002-04-17","Italy","Defender","Centre-Back",193,2400000,"first_team","cmuihqgcj00d1h29e5nz2aiov","Frosinone Calcio","","",""
"cmuihw1d4098tsexpf4oregeq","Ilario Monterisi","","550116","2001-12-18","Italy","Defender","Centre-Back",190,2800000,"first_team","cmuihqgcj00d1h29e5nz2aiov","Frosinone Calcio","","",""
"cmuihvws4043fsexped9uhox1","Kevin Akpoguma","","160241","1995-04-18","Nigeria","Defender","Centre-Back",192,1500000,"first_team","cmuihqgcj00d1h29e5nz2aiov","Frosinone Calcio","","",""
"cmuihw2po0akwsexp28mwm39s","Lorenzo Palmisani","","705355","2004-06-11","Italy","Goalkeeper","Goalkeeper",,200000,"first_team","cmuihqgcj00d1h29e5nz2aiov","Frosinone Calcio","","",""
"cmuihw2pv0ar1sexpbx47yn93","Luis Hasa","","724178","2004-01-05","Albania","Midfield","Central Midfield",172,2000000,"first_team","cmuihqgcj00d1h29e5nz2aiov","Frosinone Calcio","","",""
"cmuo54psd003xbpsm9fo4bxd3","Matteo Cichella","","927905","2005-10-04","Italy","Defensive Midfield","Defensive Midfield",,5000000,"first_team","cmuihqgcj00d1h29e5nz2aiov","Frosinone Calcio","","",""
"cmuo54pfr003pbpsmvlq24r78","Matteo Pisseri","","168444","1991-11-21","Italy","Goalkeeper","Goalkeeper",,150000,"first_team","cmuihqgcj00d1h29e5nz2aiov","Frosinone Calcio","","",""
"cmuihw43v0cc6sexpqyba2e9g","Omar Fayed","","1036405","2003-07-03","Egypt","Defender","Centre-Back",192,600000,"first_team","cmuihqgcj00d1h29e5nz2aiov","Frosinone Calcio","","",""
"cmuihw0jg08dmsexp4lk3fep3","Patrizio Masini","","459665","2001-01-26","Italy","Midfield","Central Midfield",182,4200000,"first_team","cmuihqgcj00d1h29e5nz2aiov","Frosinone Calcio","","",""
"cmuihvzb9071wsexp5h6gkkfp","Romano Schmid","","346853","2000-01-26","Austria","Midfield","Attacking Midfield",168,15000000,"first_team","cmuihqgcj00d1h29e5nz2aiov","Frosinone Calcio","","",""
"cmuihw1df09e4sexp3d3qso24","Sebastiano Desplanches","","567465","2003-03-10","Italy","Goalkeeper","Goalkeeper",188,1300000,"first_team","cmuihqgcj00d1h29e5nz2aiov","Frosinone Calcio","","",""
"cmuihw3eq0bf9sexpy1bfcpgm","Seydou Fini","","866250","2006-06-01","Italy","Attack","Right Winger",178,1000000,"first_team","cmuihqgcj00d1h29e5nz2aiov","Frosinone Calcio","","",""
"cmuo54pvg003zbpsmqf47w7vi","Tomas Bobcek","","510103","2001-09-08","Slovakia","Centre-Forward","Centre-Forward",,0,"first_team","cmuihqgcj00d1h29e5nz2aiov","Frosinone Calcio","","",""
"cmuihw3ef0b7bsexp2uy3jvfx","Wisdom Amey","","818878","2005-08-10","Togo","Defender","Centre-Back",187,700000,"first_team","cmuihqgcj00d1h29e5nz2aiov","Frosinone Calcio","","",""
"cmuo4ninw001jy9hol8y10uqf","Alex Borto","","817613","2003-11-06","United States; Poland","Goalkeeper","Goalkeeper",,0,"first_team","cmuihqg9600cxh29echnkyx9e","Fulham FC","","",""
"cmuihvy6f05i0sexp7yg7nakz","Alex Iwobi","","242631","1996-05-02","Nigeria","Attack","Left Winger",183,20000000,"first_team","cmuihqg9600cxh29echnkyx9e","Fulham FC","","",""
"cmuihvzba0738sexp65hb0j4a","Antonee Robinson","","349701","1997-08-07","United States","Defender","Left-Back",183,22000000,"first_team","cmuihqg9600cxh29echnkyx9e","Fulham FC","","",""
"cmuihvwri03mqsexpwvgrr1wx","Benjamin Lecomte","","127181","1991-04-25","France","Goalkeeper","Goalkeeper",186,800000,"first_team","cmuihqg9600cxh29echnkyx9e","Fulham FC","","",""
"cmuihvuys02nbsexpsvv1exyx","Bernd Leno","","72476","1992-03-03","Germany","Goalkeeper","Goalkeeper",190,6000000,"first_team","cmuihqg9600cxh29echnkyx9e","Fulham FC","","",""
"cmuihw0jl08f5sexpw622lx55","Calvin Bassey","","461883","1999-12-30","Nigeria","Defender","Centre-Back",185,28000000,"first_team","cmuihqg9600cxh29echnkyx9e","Fulham FC","","",""
"cmuihw3fe0bxnsexpy31sv3ml","César Palacios","","948272","2004-11-10","Spain","Midfield","Attacking Midfield",182,7500000,"first_team","cmuihqg9600cxh29echnkyx9e","Fulham FC","","",""
"cmuihw0ja08apsexp8b1mkcuj","David Affengruber","","452483","2001-03-18","Austria","Defender","Centre-Back",185,20000000,"first_team","cmuihqg9600cxh29echnkyx9e","Fulham FC","","",""
"cmuihvzw407nmsexps464vprl","Emile Smith Rowe","","392765","2000-07-27","England","Midfield","Attacking Midfield",182,20000000,"first_team","cmuihqg9600cxh29echnkyx9e","Fulham FC","","",""
"cmuihw3f90bt8sexpok5ys900","Gonzalo García","","935230","2004-03-23","Spain","Attack","Centre-Forward",182,30000000,"first_team","cmuihqg9600cxh29echnkyx9e","Fulham FC","","",""
"cmuihvy610576sexpwihjg0ij","Harrison Reed","","226973","1995-01-26","England","Midfield","Central Midfield",181,2000000,"first_team","cmuihqg9600cxh29echnkyx9e","Fulham FC","","",""
"cmuihw3f70bs2sexpla9v2tqi","Hugo Larsson","","931838","2004-06-26","Sweden","Midfield","Central Midfield",187,28000000,"first_team","cmuihqg9600cxh29echnkyx9e","Fulham FC","","",""
"cmuihvyqe05s2sexp3i47cpsb","Joachim Andersen","","260827","1996-05-30","Denmark","Defender","Centre-Back",192,20000000,"first_team","cmuihqg9600cxh29echnkyx9e","Fulham FC","","",""
"cmuihw4460cjgsexp7noviiar","Jonah Kusi-Asare","","1069512","2007-07-03","Sweden","Attack","Centre-Forward",196,3000000,"first_team","cmuihqg9600cxh29echnkyx9e","Fulham FC","","",""
"cmuihw0k608q2sexphg2u4lfr","Jorge Cuenca","","494880","1999-11-16","Spain","Defender","Centre-Back",190,8000000,"first_team","cmuihqg9600cxh29echnkyx9e","Fulham FC","","",""
"cmuihw43s0c9csexp7zgy16mn","Josh King","","1011131","2007-01-02","England","Midfield","Attacking Midfield",173,25000000,"first_team","cmuihqg9600cxh29echnkyx9e","Fulham FC","","",""
"cmuihvxgh04y3sexpp1gbdvt3","Kenny Tete","","206746","1995-10-08","Netherlands","Defender","Right-Back",180,8000000,"first_team","cmuihqg9600cxh29echnkyx9e","Fulham FC","","",""
"cmuo4nisr001ly9hojf642uug","Kevin","","900195","2003-01-04","Brazil","Left Winger","Left Winger",,25000000,"first_team","cmuihqg9600cxh29echnkyx9e","Fulham FC","","",""
"cmuihw24h0a45sexph08poude","Manuel Ángel","","646824","2004-03-14","Spain","Midfield","Central Midfield",170,5000000,"first_team","cmuihqg9600cxh29echnkyx9e","Fulham FC","","",""
"cmuihw24m0a8psexpgsjk6eob","Oscar Bobb","","661207","2003-07-11","Norway","Attack","Right Winger",177,28000000,"first_team","cmuihqg9600cxh29echnkyx9e","Fulham FC","","",""
"cmuihw2py0atesexp4y3mmd87","Rodrigo Muniz","","735571","2001-05-03","Brazil","Attack","Centre-Forward",186,20000000,"first_team","cmuihqg9600cxh29echnkyx9e","Fulham FC","","",""
"cmuihvzw407nusexpo64tkpea","Ryan Sessegnon","","392775","2000-05-17","England","Defender","Left-Back",178,22000000,"first_team","cmuihqg9600cxh29echnkyx9e","Fulham FC","","",""
"cmuihvzar06q8sexpwg8l4v1f","Sander Berge","","333014","1998-02-13","Norway","Midfield","Defensive Midfield",195,25000000,"first_team","cmuihqg9600cxh29echnkyx9e","Fulham FC","","",""
"cmuihw2q30axnsexp6tpk69de","Shea Charles","","747951","2003-11-04","Northern Ireland","Midfield","Defensive Midfield",189,15000000,"first_team","cmuihqg9600cxh29echnkyx9e","Fulham FC","","",""
"cmuihvyqe05spsexpadavq357","Timothy Castagne","","262226","1995-12-04","Belgium","Defender","Right-Back",185,8000000,"first_team","cmuihqg9600cxh29echnkyx9e","Fulham FC","","",""
"cmuihvwrd03idsexp61xrxtij","Tom Cairney","","123275","1991-01-19","Scotland","Midfield","Central Midfield",185,500000,"first_team","cmuihqg9600cxh29echnkyx9e","Fulham FC","","",""
"cmuihvy6f05hlsexpwnetfaur","Vozinha","","242277","1986-06-02","Cape Verde","Goalkeeper","Goalkeeper",189,0,"first_team","cmuihq61y007bh29e4xu4r2bi","GD Chaves","","",""
"cmuihw2q60ay7sexpjz5i8w84","André Lacximicant","","752442","2001-05-18","Portugal","Attack","Left Winger",188,800000,"first_team","cmuihpzrk003th29ed2012pii","GD Estoril Praia","","",""
"cmuihw0k908sssexp5f6th7hu","Antef Tsoungui","","503858","2002-12-29","Belgium","Defender","Centre-Back",185,1000000,"first_team","cmuihpzrk003th29ed2012pii","GD Estoril Praia","","",""
"cmuihw3f30bpfsexpg0rt7sp5","Axel Camblan","","924800","2003-08-29","France","Attack","Right Winger",174,500000,"first_team","cmuihpzrk003th29ed2012pii","GD Estoril Praia","","",""
"cmuihw3ey0blqsexp1zmarzrh","Diogo Dias","","906307","2003-06-16","Portugal","Goalkeeper","Goalkeeper",188,200000,"first_team","cmuihpzrk003th29ed2012pii","GD Estoril Praia","","",""
"cmuihw4460cjnsexp09f07zpo","Fabrício Garcia","","1070645","2001-05-03","Cape Verde","Attack","Right Winger",172,400000,"first_team","cmuihpzrk003th29ed2012pii","GD Estoril Praia","","",""
"cmuihw0jk08eusexpyu82knl0","Fernando Medrano","","461619","2000-03-25","Spain","Defender","Left-Back",172,500000,"first_team","cmuihpzrk003th29ed2012pii","GD Estoril Praia","","",""
"cmuihvyr306bdsexpejspyaza","Ferro","","294321","1997-03-25","Portugal","Defender","Centre-Back",191,1000000,"first_team","cmuihpzrk003th29ed2012pii","GD Estoril Praia","","",""
"cmuihw2pt0aphsexp7eon139b","Ismael Sierra","","718195","2003-03-16","Spain","Defender","Centre-Back",192,200000,"first_team","cmuihpzrk003th29ed2012pii","GD Estoril Praia","","",""
"cmuihw24d0a0usexpdaed3uwr","Israel Salazar","","634430","2003-05-09","Spain","Attack","Centre-Forward",178,150000,"first_team","cmuihpzrk003th29ed2012pii","GD Estoril Praia","","",""
"cmuihvy6q05qhsexphnbm8iyj","João Carvalho","","258005","1997-03-08","Portugal","Midfield","Attacking Midfield",172,5000000,"first_team","cmuihpzrk003th29ed2012pii","GD Estoril Praia","","",""
"cmuihvvwa037rsexpbtmsccms","Joel Robles","","101118","1990-06-16","Spain","Goalkeeper","Goalkeeper",194,350000,"first_team","cmuihpzrk003th29ed2012pii","GD Estoril Praia","","",""
"cmuo5g3o8002q13o5ul38e7yg","Jordan Arnolin","","1384113","2008-04-29","Portugal; France","Centre-Back","Centre-Back",,0,"first_team","cmuihpzrk003th29ed2012pii","GD Estoril Praia","","",""
"cmuihw0ip0848sexp8r0wrunh","Jordan Holsgrove","","429309","1999-09-09","Scotland","Midfield","Defensive Midfield",180,5000000,"first_team","cmuihpzrk003th29ed2012pii","GD Estoril Praia","","",""
"cmuihw3eh0b8xsexprku8q1jh","Luís Gomes","","826490","2004-04-23","Portugal","Midfield","Attacking Midfield",172,0,"first_team","cmuihpzrk003th29ed2012pii","GD Estoril Praia","","",""
"cmuihw2pj0aiysexp322x67p7","Martin Turk","","700643","2003-08-20","Slovenia","Goalkeeper","Goalkeeper",190,300000,"first_team","cmuihpzrk003th29ed2012pii","GD Estoril Praia","","",""
"cmuo5g42o002u13o5azvxfrkr","Milan Robin","","371143","1999-11-24","France","Central Midfield","Central Midfield",,1000000,"first_team","cmuihpzrk003th29ed2012pii","GD Estoril Praia","","",""
"cmuo5g48u002w13o5zlsoiiby","Nail Omerovic","","797824","2002-10-20","Bosnia-Herzegovina","Left Winger","Left Winger",,2000000,"first_team","cmuihpzrk003th29ed2012pii","GD Estoril Praia","","",""
"cmuihw4470cjxsexpnam5eftw","Pedro Carvalho","","1072238","2003-02-13","Portugal","Defender","Right-Back",169,800000,"first_team","cmuihpzrk003th29ed2012pii","GD Estoril Praia","","",""
"cmuihw4ra0cuisexp0864le56","Peixinho","","1159044","2004-05-22","Portugal","Attack","Right Winger",185,200000,"first_team","cmuihpzrk003th29ed2012pii","GD Estoril Praia","","",""
"cmuihvzw507p1sexpwm4qw2w2","Rafik Guitane","","394328","1999-05-25","Algeria","Attack","Right Winger",170,5000000,"first_team","cmuihpzrk003th29ed2012pii","GD Estoril Praia","","",""
"cmuihvzw107kzsexpbffksu5g","Ricard Sánchez","","388545","2000-02-21","Spain","Defender","Right-Back",175,3000000,"first_team","cmuihpzrk003th29ed2012pii","GD Estoril Praia","","",""
"cmuo5g3xd002s13o543g9v4gf","Roko Jurisic","","570721","2001-09-28","Croatia","Left-Back","Left-Back",,650000,"first_team","cmuihpzrk003th29ed2012pii","GD Estoril Praia","","",""
"cmuihw43u0cb7sexpwssahyht","Sam Amissah","","1026524","2007-03-06","England","Defender","Centre-Back",184,0,"first_team","cmuihpzrk003th29ed2012pii","GD Estoril Praia","","",""
"cmuo5g3br002o13o5ithu5vxq","Stelios Andreou","","613964","2002-07-24","Cyprus; Belgium","Centre-Back","Centre-Back",,2000000,"first_team","cmuihpzrk003th29ed2012pii","GD Estoril Praia","","",""
"cmuihw43u0carsexpsrbohi48","Tiago Brito","","1020686","2004-04-15","Portugal","Midfield","Defensive Midfield",190,200000,"first_team","cmuihpzrk003th29ed2012pii","GD Estoril Praia","","",""
"cmuihw3f40bpnsexp9ujnbzua","Tiago Parente","","925417","2004-01-13","Portugal","Defender","Left-Back",178,500000,"first_team","cmuihpzrk003th29ed2012pii","GD Estoril Praia","","",""
"cmuihw1dl09fqsexpois0icke","Xavi Sintes","","569876","2001-08-04","Spain","Midfield","Central Midfield",190,200000,"first_team","cmuihpzrk003th29ed2012pii","GD Estoril Praia","","",""
"cmuihvyqx067wsexpr2i99xze","Xeka","","290256","1994-11-09","Portugal","Midfield","Central Midfield",185,800000,"first_team","cmuihpzrk003th29ed2012pii","GD Estoril Praia","","",""
"cmuihw1dh09fdsexp3uxtmh3r","Yanis Begraoui","","569376","2001-07-03","Morocco","Attack","Centre-Forward",179,12000000,"first_team","cmuihpzrk003th29ed2012pii","GD Estoril Praia","","",""
"cmuihw3ef0b77sexpx9gwdbpj","Alessandro Marcandalli","","818448","2002-10-24","Italy","Defender","Centre-Back",190,14000000,"first_team","cmuihq3ak005th29eolz9qqct","Genoa CFC","","",""
"cmuihw4490cm4sexpg78sz5hy","Amorim","","1082774","2005-05-17","Brazil","Midfield","Central Midfield",177,8000000,"first_team","cmuihq3ak005th29eolz9qqct","Genoa CFC","","",""
"cmuihw1bv0916sexpqb1fjkf8","Cody Drameh","","531957","2001-12-07","England","Defender","Right-Back",175,3500000,"first_team","cmuihq3ak005th29eolz9qqct","Genoa CFC","","",""
"cmuihvyra06h8sexpcc4cbkaq","Daniele Sommariva","","312773","1997-07-17","Italy","Goalkeeper","Goalkeeper",185,100000,"first_team","cmuihq3ak005th29eolz9qqct","Genoa CFC","","",""
"cmuo54gzq001ubpsm67y4kcmz","David Puczka","","715894","2005-01-26","Austria; Poland","Left-Back","Left-Back",,0,"first_team","cmuihq3ak005th29eolz9qqct","Genoa CFC","","",""
"cmuihvy5u050csexpfkzkjhf5","Djibril Sow","","212723","1997-02-05","Switzerland","Midfield","Central Midfield",183,7500000,"first_team","cmuihq3ak005th29eolz9qqct","Genoa CFC","","",""
"cmuo54hjp0026bpsm2gedjc0a","Elias Havel","","566626","2003-04-16","Austria","Centre-Forward","Centre-Forward",,2200000,"first_team","cmuihq3ak005th29eolz9qqct","Genoa CFC","","",""
"cmuo54gti001qbpsmic1011x2","Franz Stolz","","462699","2001-02-14","Austria","Goalkeeper","Goalkeeper",,600000,"first_team","cmuihq3ak005th29eolz9qqct","Genoa CFC","","",""
"cmuo54h5z001ybpsmwlatr4u5","Franz-Ethan Meichtry","","1172166","2005-07-08","Switzerland; Cameroon","Central Midfield","Central Midfield",,5000000,"first_team","cmuihq3ak005th29eolz9qqct","Genoa CFC","","",""
"cmuihvzw207m1sexpsm5z4i54","Hamed Traoré","","391065","2000-02-15","Cote d'Ivoire","Attack","Left Winger",177,15000000,"first_team","cmuihq3ak005th29eolz9qqct","Genoa CFC","","",""
"cmuihw1bv091jsexpdm794yvk","Johan Vásquez","","532937","1998-10-21","Mexico","Defender","Centre-Back",182,12000000,"first_team","cmuihq3ak005th29eolz9qqct","Genoa CFC","","",""
"cmuihw44b0cngsexpo18i4z5i","Joi Nuredini","","1089770","2007-08-04","Albania","Attack","Centre-Forward",191,1000000,"first_team","cmuihq3ak005th29eolz9qqct","Genoa CFC","","",""
"cmuihw0j7089psexp9bqan4s7","Junior Messias","","449151","1991-05-12","Brazil","Attack","Right Winger",174,1100000,"first_team","cmuihq3ak005th29eolz9qqct","Genoa CFC","","",""
"cmuihvyrb06ijsexpl7df228o","Justin Bijlow","","315121","1998-01-21","Netherlands","Goalkeeper","Goalkeeper",188,4000000,"first_team","cmuihq3ak005th29eolz9qqct","Genoa CFC","","",""
"cmuihvyqm05xgsexpx77u9hsy","Kingsley Ehizibue","","272812","1995-05-24","Netherlands","Defender","Right-Back",189,2000000,"first_team","cmuihq3ak005th29eolz9qqct","Genoa CFC","","",""
"cmuihvzvo07c7sexpkylndxnx","Leo Østigård","","367284","1999-11-27","Norway","Defender","Centre-Back",183,13000000,"first_team","cmuihq3ak005th29eolz9qqct","Genoa CFC","","",""
"cmuihw0k508oksexpp2fdq7jc","Lorenzo Colombo","","487843","2002-03-07","Italy","Attack","Centre-Forward",183,10000000,"first_team","cmuihq3ak005th29eolz9qqct","Genoa CFC","","",""
"cmuihw4420chjsexpynp79112","Lorenzo Venturino","","1061820","2006-06-21","Italy","Attack","Right Winger",178,5000000,"first_team","cmuihq3ak005th29eolz9qqct","Genoa CFC","","",""
"cmuihw3es0bgcsexpw255bwe0","Lukas Klišys","","874974","2007-01-03","Lithuania","Defender","Centre-Back",,100000,"first_team","cmuihq3ak005th29eolz9qqct","Genoa CFC","","",""
"cmuihw44d0cp3sexpz3fpq3eg","Mamedi Doucouré","","1105948","2007-01-18","France","Defender","Centre-Back",,400000,"first_team","cmuihq3ak005th29eolz9qqct","Genoa CFC","","",""
"cmuo54h2w001wbpsmemvaao78","Marcelo Vaz","","1438038","2007-07-31","Guinea-Bissau; Senegal","Left-Back","Left-Back",,400000,"first_team","cmuihq3ak005th29eolz9qqct","Genoa CFC","","",""
"cmuo54gwm001sbpsmpymu391y","Mario Mitaj","","726114","2003-08-06","Albania; Greece","Left-Back","Left-Back",,6000000,"first_team","cmuihq3ak005th29eolz9qqct","Genoa CFC","","",""
"cmuihw1de09dmsexpgkso6rhm","Mikael Egill Ellertsson","","566615","2002-03-10","Iceland","Midfield","Central Midfield",182,6000000,"first_team","cmuihq3ak005th29eolz9qqct","Genoa CFC","","",""
"cmuo54hgk0024bpsmnkbnqv5z","Milutin Osmajic","","542819","1999-07-25","Montenegro","Centre-Forward","Centre-Forward",,3000000,"first_team","cmuihq3ak005th29eolz9qqct","Genoa CFC","","",""
"cmuihw0k908susexpbqqpapvc","Morten Frendrup","","503871","2001-04-06","Denmark","Midfield","Defensive Midfield",178,15000000,"first_team","cmuihq3ak005th29eolz9qqct","Genoa CFC","","",""
"cmuihw4rt0d3bsexpekzig3a5","Rendijs Mihelsons","","1289670","2008-04-22","Latvia","Goalkeeper","Goalkeeper",195,0,"first_team","cmuihq3ak005th29eolz9qqct","Genoa CFC","","",""
"cmuo54hd20022bpsmaqjw86i6","Robinho Junior","","1355385","2007-12-17","Brazil; Italy","Right Winger","Right Winger",,5000000,"first_team","cmuihq3ak005th29eolz9qqct","Genoa CFC","","",""
"cmuo54h9z0020bpsmanb83kmq","Samuel Wiafe","","1295778","2008-06-22","Italy; Ghana","Central Midfield","Central Midfield",,2500000,"first_team","cmuihq3ak005th29eolz9qqct","Genoa CFC","","",""
"cmuihw3eu0biisexpp9q0nwng","Sebastian Otoa","","890385","2004-05-12","Denmark","Defender","Centre-Back",198,2500000,"first_team","cmuihq3ak005th29eolz9qqct","Genoa CFC","","",""
"cmuihvxfi048psexpw7lf8k5l","Stefano Sabelli","","167491","1993-01-12","Italy","Defender","Right-Back",176,1300000,"first_team","cmuihq3ak005th29eolz9qqct","Genoa CFC","","",""
"cmuihvvw3034wsexplca7evqt","Stephan El Shaarawy","","94529","1992-10-26","Italy","Attack","Left Winger",178,2400000,"first_team","cmuihq3ak005th29eolz9qqct","Genoa CFC","","",""
"cmuihw24g0a2tsexpbrpbdeh2","Tommaso Baldanzi","","641537","2003-03-22","Italy","Midfield","Attacking Midfield",170,8500000,"first_team","cmuihq3ak005th29eolz9qqct","Genoa CFC","","",""
"cmuihw1en09knsexpmv5wn7nj","Vitinha","","586853","2000-03-14","Portugal","Attack","Centre-Forward",178,8000000,"first_team","cmuihq3ak005th29eolz9qqct","Genoa CFC","","",""
"cmuihw1da09bmsexpa9hlk1qf","Abdel Abqar","","559979","1999-03-09","Morocco","Defender","Centre-Back",188,3500000,"first_team","cmuihq7jc0087h29e9nzoxp6q","Getafe CF","","",""
"cmuihw4430chusexphsnro9ac","Andrés García","","1063329","2003-02-06","Spain","Defender","Right-Back",185,6000000,"first_team","cmuihq7jc0087h29e9nzoxp6q","Getafe CF","","",""
"cmuihvyr606dmsexpowqbjbju","Borja Mayoral","","298976","1997-04-04","Spain","Attack","Centre-Forward",182,6000000,"first_team","cmuihq7jc0087h29e9nzoxp6q","Getafe CF","","",""
"cmuihw4qz0cr5sexp8ehzh7j3","Christantus Uche","","1124005","2003-05-18","Nigeria","Attack","Centre-Forward",190,12000000,"first_team","cmuihq7jc0087h29e9nzoxp6q","Getafe CF","","",""
"cmuihvy5y0543sexpcea5fc5n","Dakonam Djené","","221150","1991-12-30","Togo","Defender","Centre-Back",178,1400000,"first_team","cmuihq7jc0087h29e9nzoxp6q","Getafe CF","","",""
"cmuihvy60056jsexp52d17wpy","David Soria","","226012","1993-04-03","Spain","Goalkeeper","Goalkeeper",192,2800000,"first_team","cmuihq7jc0087h29e9nzoxp6q","Getafe CF","","",""
"cmuihw4rs0d2ssexp6a5246n2","Davinchi","","1268764","2007-10-15","Spain","Defender","Left-Back",182,1000000,"first_team","cmuihq7jc0087h29e9nzoxp6q","Getafe CF","","",""
"cmuihvy6k05mesexpkxjae5ka","Enes Ünal","","251106","1997-05-09","Türkiye","Attack","Centre-Forward",187,7000000,"first_team","cmuihq7jc0087h29e9nzoxp6q","Getafe CF","","",""
"cmuo519490027gffhho20j9qu","Francho Serrano","","632930","2001-10-17","Spain","Central Midfield","Central Midfield",,3000000,"first_team","cmuihq7jc0087h29e9nzoxp6q","Getafe CF","","",""
"cmuihw24c0a0dsexpwid59h1x","Iván Azón","","633306","2002-12-23","Spain","Attack","Centre-Forward",182,3000000,"first_team","cmuihq7jc0087h29e9nzoxp6q","Getafe CF","","",""
"cmuihw4rv0d46sexp8ywy240j","Jean Ives Valou","","1305564","2005-12-21","Cote d'Ivoire","Defender","Centre-Back",188,300000,"first_team","cmuihq7jc0087h29e9nzoxp6q","Getafe CF","","",""
"cmuihvzb006uvsexpntn4nhk2","Jiri Letacek","","339079","1999-01-08","Czech Republic","Goalkeeper","Goalkeeper",196,2000000,"first_team","cmuihq7jc0087h29e9nzoxp6q","Getafe CF","","",""
"cmuihvyqf05t2sexpqlevgfkg","Johan Mojica","","262939","1992-08-20","Colombia","Defender","Left-Back",184,1500000,"first_team","cmuihq7jc0087h29e9nzoxp6q","Getafe CF","","",""
"cmuihvwrh03lxsexpc0rx94ct","Juanmi","","126737","1993-05-19","Spain","Attack","Left Winger",172,1000000,"first_team","cmuihq7jc0087h29e9nzoxp6q","Getafe CF","","",""
"cmuihvvsw02rnsexpjmsibpnu","Kiko Femenía","","76467","1991-02-01","Spain","Defender","Right-Back",174,700000,"first_team","cmuihq7jc0087h29e9nzoxp6q","Getafe CF","","",""
"cmuihw3fe0bxosexpdxwnq149","Mario Martín","","948273","2004-03-04","Spain","Midfield","Defensive Midfield",177,10000000,"first_team","cmuihq7jc0087h29e9nzoxp6q","Getafe CF","","",""
"cmuihw24f0a2gsexpj7j6w3n1","Martín Satriano","","640109","2001-02-19","Uruguay","Attack","Centre-Forward",187,10000000,"first_team","cmuihq7jc0087h29e9nzoxp6q","Getafe CF","","",""
"cmuihvvsb02pjsexplbczs9cx","Nemanja Gudelj","","74294","1991-11-15","Serbia","Midfield","Defensive Midfield",187,2000000,"first_team","cmuihq7jc0087h29e9nzoxp6q","Getafe CF","","",""
"cmuihvyqx067lsexpphkvd8ei","Orel Mangala","","289592","1998-03-17","Belgium","Midfield","Defensive Midfield",178,9000000,"first_team","cmuihq7jc0087h29e9nzoxp6q","Getafe CF","","",""
"cmuihw2q80azysexpvr3hndsf","Ramón Terrats","","783396","2000-10-17","Spain","Midfield","Central Midfield",181,3000000,"first_team","cmuihq7jc0087h29e9nzoxp6q","Getafe CF","","",""
"cmuihw24k0a6psexpg5lez19e","Saba Sazonov","","655456","2002-01-31","Georgia","Defender","Centre-Back",194,800000,"first_team","cmuihq7jc0087h29e9nzoxp6q","Getafe CF","","",""
"cmuihw3ew0bkesexp4u31q1fe","Sebastián Boselli","","898352","2003-12-03","Uruguay","Defender","Centre-Back",183,1500000,"first_team","cmuihq7jc0087h29e9nzoxp6q","Getafe CF","","",""
"cmuo518ok0025gffh57rhbme5","Zaid Romero","","741142","1999-12-15","Argentina; Syria","Centre-Back","Centre-Back",,2500000,"first_team","cmuihq7jc0087h29e9nzoxp6q","Getafe CF","","",""
"cmuihw43p0c71sexpz3hv67m1","Agustín Moreira","","999072","2001-05-27","Uruguay","Attack","Right Winger",174,1000000,"first_team","cmuihq2ed005dh29erzb2qsjl","Gil Vicente FC","","",""
"cmuihw2q70ayhsexp2eu1posn","André Picornell","","764861","2004-04-02","Sweden","Goalkeeper","Goalkeeper",190,0,"first_team","cmuihq2ed005dh29erzb2qsjl","Gil Vicente FC","","",""
"cmuo5gv7l004t13o5ql6y93if","Andreas Lausen","","515025","2002-10-15","Denmark","Central Midfield","Central Midfield",,700000,"first_team","cmuihq2ed005dh29erzb2qsjl","Gil Vicente FC","","",""
"cmuihw3et0bhvsexph70trcwc","Antonio Espigares","","886047","2004-09-04","Spain","Defender","Centre-Back",187,500000,"first_team","cmuihq2ed005dh29erzb2qsjl","Gil Vicente FC","","",""
"cmuihw43d0bz2sexp2ygyngqb","Arthur Tchaptchet","","955355","2006-05-09","France","Defender","Centre-Back",190,100000,"first_team","cmuihq2ed005dh29erzb2qsjl","Gil Vicente FC","","",""
"cmuihvwro03snsexp114k4k3k","Buatu","","137313","1993-09-26","Angola","Defender","Centre-Back",187,600000,"first_team","cmuihq2ed005dh29erzb2qsjl","Gil Vicente FC","","",""
"cmuihw43w0cd4sexp3wr32a7i","David Moreira","","1044831","2004-04-17","Cape Verde","Defender","Centre-Back",171,800000,"first_team","cmuihq2ed005dh29erzb2qsjl","Gil Vicente FC","","",""
"cmuihw24q0abssexp3912d555","Diogo Prioste","","670718","2004-03-25","Portugal","Midfield","Central Midfield",179,2000000,"first_team","cmuihq2ed005dh29erzb2qsjl","Gil Vicente FC","","",""
"cmuihw3fa0bulsexpirnh7yfe","Gil Martins","","937727","2006-05-11","Portugal","Midfield","Attacking Midfield",180,200000,"first_team","cmuihq2ed005dh29erzb2qsjl","Gil Vicente FC","","",""
"cmuihw44b0cnisexp6pindk95","Gonçalo Maia","","1089809","2005-11-29","Portugal","Midfield","Central Midfield",173,100000,"first_team","cmuihq2ed005dh29erzb2qsjl","Gil Vicente FC","","",""
"cmuo5gvcm004v13o50fzb46yu","Guilherme Gomes","","1226703","2006-02-02","Brazil","Attacking Midfield","Attacking Midfield",,0,"first_team","cmuihq2ed005dh29erzb2qsjl","Gil Vicente FC","","",""
"cmuihvyqn05y7sexpa1pok7np","Héctor Hernández","","273738","1995-09-13","Spain","Attack","Centre-Forward",180,800000,"first_team","cmuihq2ed005dh29erzb2qsjl","Gil Vicente FC","","",""
"cmuihw1dq09irsexpylundio9","Joelson Fernandes","","581140","2003-02-27","Portugal","Attack","Left Winger",172,1000000,"first_team","cmuihq2ed005dh29erzb2qsjl","Gil Vicente FC","","",""
"cmuihw44c0coksexpmeg8t7cp","José Silva","","1102159","2005-08-19","Portugal","Defender","Right-Back",180,500000,"first_team","cmuihq2ed005dh29erzb2qsjl","Gil Vicente FC","","",""
"cmuihvzwl07xssexpempqq7n3","Lucão","","412372","2001-02-25","Brazil","Goalkeeper","Goalkeeper",190,1200000,"first_team","cmuihq2ed005dh29erzb2qsjl","Gil Vicente FC","","",""
"cmuihw3eg0b8asexpr83to4a2","Martín Fernández","","822141","2003-06-22","Uruguay","Midfield","Attacking Midfield",171,450000,"first_team","cmuihq2ed005dh29erzb2qsjl","Gil Vicente FC","","",""
"cmuihw3eq0beosexps1efmttp","Marvin Elimbi","","862628","2003-02-19","France","Defender","Centre-Back",186,4000000,"first_team","cmuihq2ed005dh29erzb2qsjl","Gil Vicente FC","","",""
"cmuihw4re0cwvsexpn08nm25a","Mohamed Bamba","","1178475","2004-10-07","Cote d'Ivoire","Midfield","Defensive Midfield",188,1500000,"first_team","cmuihq2ed005dh29erzb2qsjl","Gil Vicente FC","","",""
"cmuo5gvma004z13o5b1szjicx","Mohamed Kaba","","906899","2002-09-07","Mali","Centre-Forward","Centre-Forward",,0,"first_team","cmuihq2ed005dh29erzb2qsjl","Gil Vicente FC","","",""
"cmuihvzb8070lsexpip1zzmci","Murilo","","345061","1994-10-30","Brazil","Attack","Right Winger",177,800000,"first_team","cmuihq2ed005dh29erzb2qsjl","Gil Vicente FC","","",""
"cmuihvwrr03u0sexpqgi4q223","Ricardo Esgaio","","139395","1993-05-15","Portugal","Defender","Right-Back",172,700000,"first_team","cmuihq2ed005dh29erzb2qsjl","Gil Vicente FC","","",""
"cmuo5guxv004p13o5bp76chyh","Samuel Portugal","","284701","1994-03-29","Brazil","Goalkeeper","Goalkeeper",,0,"first_team","cmuihq2ed005dh29erzb2qsjl","Gil Vicente FC","","",""
"cmuihw2px0astsexp9kmz4pe1","Santi García","","732096","2001-08-28","Spain","Midfield","Attacking Midfield",188,4000000,"first_team","cmuihq2ed005dh29erzb2qsjl","Gil Vicente FC","","",""
"cmuihvzvs07e7sexprordhtlh","Sergio Bermejo","","372051","1997-08-16","Spain","Attack","Right Winger",170,600000,"first_team","cmuihq2ed005dh29erzb2qsjl","Gil Vicente FC","","",""
"cmuo5gv2l004r13o5efbjvzea","Tiago Ferreira","","1268194","2009-01-12","Portugal","Goalkeeper","Goalkeeper",,0,"first_team","cmuihq2ed005dh29erzb2qsjl","Gil Vicente FC","","",""
"cmuihw24g0a2vsexp8nij7dvf","Tidjany Touré","","641576","2002-07-14","France","Attack","Left Winger",175,500000,"first_team","cmuihq2ed005dh29erzb2qsjl","Gil Vicente FC","","",""
"cmuo5gvhh004x13o5cu9gs7hs","Walace França","","1031292","2005-08-24","Brazil","Centre-Forward","Centre-Forward",,500000,"first_team","cmuihq2ed005dh29erzb2qsjl","Gil Vicente FC","","",""
"cmuihvzwl07xrsexpenowxurm","Weverson","","412367","2000-07-04","Brazil","Defender","Left-Back",185,800000,"first_team","cmuihq2ed005dh29erzb2qsjl","Gil Vicente FC","","",""
"cmuihw3ez0bm8sexp0x2fgbd0","Zé Carlos","","908936","2001-10-29","Portugal","Midfield","Central Midfield",172,800000,"first_team","cmuihq2ed005dh29erzb2qsjl","Gil Vicente FC","","",""
"cmuihvzb306wlsexpznpa2c30","Abel Ruiz","","340376","2000-01-27","Spain","Attack","Centre-Forward",182,2000000,"first_team","cmuiholli0029b23fvytgha8z","Girona FC","","",""
"cmuihw24c0a04sexpqhk1njc0","Alejandro Francés","","632896","2002-07-31","Spain","Defender","Centre-Back",182,3000000,"first_team","cmuiholli0029b23fvytgha8z","Girona FC","","",""
"cmuihvxg304o1sexpdnu8zrwh","Álex Moreno","","193098","1993-06-07","Spain","Defender","Left-Back",179,3000000,"first_team","cmuiholli0029b23fvytgha8z","Girona FC","","",""
"cmuihw4rg0cxmsexpx1f0kzji","Antonio Salguero","","1184096","2005-06-10","Spain","Defender","Centre-Back",,0,"first_team","cmuiholli0029b23fvytgha8z","Girona FC","","",""
"cmuihw1eu09mjsexpn8sern2e","Azzedine Ounahi","","593482","2000-04-18","Morocco","Midfield","Central Midfield",182,10000000,"first_team","cmuiholli0029b23fvytgha8z","Girona FC","","",""
"cmuihw1bz093esexp6gcgm2vm","Bryan Gil","","537382","2001-02-10","Spain","Attack","Left Winger",175,8000000,"first_team","cmuiholli0029b23fvytgha8z","Girona FC","","",""
"cmuihvuxx02cosexpyvgiwhk2","Cristhian Stuani","","59323","1986-10-11","Uruguay","Attack","Centre-Forward",184,700000,"first_team","cmuiholli0029b23fvytgha8z","Girona FC","","",""
"cmuihs81101b1h29eguj431ee","Daley Blind","","12282","1990-03-08","Netherlands","Defender","Centre-Back",180,1200000,"first_team","cmuiholli0029b23fvytgha8z","Girona FC","","",""
"cmuihvwrk03ofsexpahs8kado","David López","","129444","1989-10-08","Spain","Defender","Centre-Back",185,600000,"first_team","cmuiholli0029b23fvytgha8z","Girona FC","","",""
"cmuihvyqw066isexplh997oh2","Donny van de Beek","","288255","1997-04-17","Netherlands","Midfield","Central Midfield",184,1800000,"first_team","cmuiholli0029b23fvytgha8z","Girona FC","","",""
"cmuihvzwu082dsexp8iy8acqq","Fran Beltrán","","423444","1999-02-02","Spain","Midfield","Central Midfield",165,4000000,"first_team","cmuiholli0029b23fvytgha8z","Girona FC","","",""
"cmuihw4410cgxsexpf8q4031g","Javi Sarasa","","1060650","2005-07-21","Spain","Midfield","Attacking Midfield",,0,"first_team","cmuiholli0029b23fvytgha8z","Girona FC","","",""
"cmuihw2pz0av4sexpd677320a","Jhon Solís","","742521","2004-10-02","Colombia","Midfield","Central Midfield",186,2500000,"first_team","cmuiholli0029b23fvytgha8z","Girona FC","","",""
"cmuihw3ew0bjusexpsquhv6d5","Joel Roca","","895326","2005-06-06","Spain","Attack","Left Winger",176,6000000,"first_team","cmuiholli0029b23fvytgha8z","Girona FC","","",""
"cmuihvwrb03gtsexpzldt1mpl","Juan Carlos","","120705","1988-01-19","Spain","Goalkeeper","Goalkeeper",187,100000,"first_team","cmuiholli0029b23fvytgha8z","Girona FC","","",""
"cmuihw43h0c1ysexp0xmbd3nj","Lass Kourouma","","974251","2004-03-29","Guinea","Midfield","Central Midfield",180,500000,"first_team","cmuiholli0029b23fvytgha8z","Girona FC","","",""
"cmuihw4rw0d5jsexp3hojprxz","Papa Ba","","1337084","2004-04-18","Senegal","Attack","Right Winger",180,50000,"first_team","cmuiholli0029b23fvytgha8z","Girona FC","","",""
"cmuihvxg504pbsexpp2dulchy","Paulo Gazzaniga","","195488","1992-01-01","Argentina","Goalkeeper","Goalkeeper",195,1800000,"first_team","cmuiholli0029b23fvytgha8z","Girona FC","","",""
"cmuihw4410cgwsexpnczdroex","Pol Arnau","","1060647","2004-12-22","Spain","Defender","Right-Back",187,0,"first_team","cmuiholli0029b23fvytgha8z","Girona FC","","",""
"cmuihvvw8036xsexp2ak7584f","Portu","","99353","1992-05-20","Spain","Attack","Right Winger",167,1200000,"first_team","cmuiholli0029b23fvytgha8z","Girona FC","","",""
"cmuihw3ey0blmsexpssw8ghos","Ricard Artero","","906025","2003-02-04","Spain","Midfield","Attacking Midfield",181,200000,"first_team","cmuiholli0029b23fvytgha8z","Girona FC","","",""
"cmuihvyqg05tusexpwqpiqxyw","Viktor Tsygankov","","264372","1997-11-14","Ukraine","Attack","Right Winger",178,15000000,"first_team","cmuiholli0029b23fvytgha8z","Girona FC","","",""
"cmuihw4rc0cvlsexps9zdshw2","Vladyslav Krapyvtsov","","1169436","2005-06-24","Ukraine","Goalkeeper","Goalkeeper",188,300000,"first_team","cmuiholli0029b23fvytgha8z","Girona FC","","",""
"cmuihw24b09zosexps63knf3a","Vladyslav Vanat","","631821","2002-01-03","Ukraine","Attack","Centre-Forward",182,15000000,"first_team","cmuiholli0029b23fvytgha8z","Girona FC","","",""
"cmuihw3ep0bdtsexp4qwddy96","Yáser Asprilla","","857818","2003-11-18","Colombia","Attack","Right Winger",176,14000000,"first_team","cmuiholli0029b23fvytgha8z","Girona FC","","",""
"cmuihvzar06q0sexp4ochvexx","Alfons Sampsted","","332530","1998-04-05","Iceland","Defender","Right-Back",180,1500000,"first_team","cmuihpzcq003nh29eowpx0ee9","Go Ahead Eagles","","",""
"cmuihw24k0a6ysexpqgh8m9ir","Aske Adelgaard","","656132","2003-11-09","Denmark","Defender","Left-Back",175,1000000,"first_team","cmuihpzcq003nh29eowpx0ee9","Go Ahead Eagles","","",""
"cmuihw24309sysexpv4x5sr81","Calvin Twigt","","612758","2003-01-29","Netherlands","Midfield","Defensive Midfield",183,750000,"first_team","cmuihpzcq003nh29eowpx0ee9","Go Ahead Eagles","","",""
"cmuihw1bt0906sexp99ib6fsm","Dean James","","529223","2000-04-29","Indonesia","Defender","Left-Back",177,1700000,"first_team","cmuihpzcq003nh29eowpx0ee9","Go Ahead Eagles","","",""
"cmuihw3f20bohsexpec7eciqy","Eus Waayers","","921306","2006-04-07","Netherlands","Defender","Right-Back",181,350000,"first_team","cmuihpzcq003nh29eowpx0ee9","Go Ahead Eagles","","",""
"cmuihvzbl07a5sexpmja2xnyi","Evert Linthorst","","361112","2000-03-02","Netherlands","Midfield","Central Midfield",187,1200000,"first_team","cmuihpzcq003nh29eowpx0ee9","Go Ahead Eagles","","",""
"cmuihvvvm02z4sexp267pdw59","Gerrit Nauber","","85904","1992-04-12","Germany","Defender","Centre-Back",186,300000,"first_team","cmuihpzcq003nh29eowpx0ee9","Go Ahead Eagles","","",""
"cmuihw2qc0b38sexp0jviykfv","Giovanni van Zwam","","805149","2004-01-01","Netherlands","Defender","Centre-Back",185,300000,"first_team","cmuihpzcq003nh29eowpx0ee9","Go Ahead Eagles","","",""
"cmuihw24l0a7isexpk7u6jvj2","Jakob Breum","","657957","2003-11-16","Denmark","Midfield","Attacking Midfield",178,5000000,"first_team","cmuihpzcq003nh29eowpx0ee9","Go Ahead Eagles","","",""
"cmuihw0io083msexpxivvu6bm","Jari De Busser","","426849","1999-10-20","Belgium","Goalkeeper","Goalkeeper",190,4000000,"first_team","cmuihpzcq003nh29eowpx0ee9","Go Ahead Eagles","","",""
"cmuihvzap06nzsexpnhdq8l9u","Joris Kramer","","326329","1996-08-01","Netherlands","Defender","Centre-Back",187,1800000,"first_team","cmuihpzcq003nh29eowpx0ee9","Go Ahead Eagles","","",""
"cmuihw1de09dwsexpottuhddn","Julius Dirksen","","566930","2003-02-01","Netherlands","Defender","Centre-Back",185,800000,"first_team","cmuihpzcq003nh29eowpx0ee9","Go Ahead Eagles","","",""
"cmuihvzap06oisexp889bsjf8","Kjetil Haug","","328770","1998-06-11","Norway","Goalkeeper","Goalkeeper",191,400000,"first_team","cmuihpzcq003nh29eowpx0ee9","Go Ahead Eagles","","",""
"cmuihvzwt0821sexpex6b8o4b","Mathis Suray","","422760","2001-07-25","Belgium","Attack","Left Winger",173,3500000,"first_team","cmuihpzcq003nh29eowpx0ee9","Go Ahead Eagles","","",""
"cmuihw0in083hsexprvnwr2hr","Melle Meulensteen","","426280","1999-07-03","Netherlands","Midfield","Defensive Midfield",188,2500000,"first_team","cmuihpzcq003nh29eowpx0ee9","Go Ahead Eagles","","",""
"cmuihw2q80azxsexph1w11e94","Nando Verdoni","","783017","2003-07-08","Netherlands","Goalkeeper","Goalkeeper",189,25000,"first_team","cmuihpzcq003nh29eowpx0ee9","Go Ahead Eagles","","",""
"cmuihw4rg0cxosexpcgm897fl","Ofosu Boakye","","1184614","2007-07-09","Ghana","Attack","Centre-Forward",181,75000,"first_team","cmuihpzcq003nh29eowpx0ee9","Go Ahead Eagles","","",""
"cmuihw2ps0aoksexpcheyfkc4","Oskar Sivertsen","","715510","2004-02-14","Norway","Attack","Left Winger",177,450000,"first_team","cmuihpzcq003nh29eowpx0ee9","Go Ahead Eagles","","",""
"cmuihw24809x1sexpqrkceoc8","Pim Saathof","","624698","2003-12-27","Netherlands","Defender","Centre-Back",186,75000,"first_team","cmuihpzcq003nh29eowpx0ee9","Go Ahead Eagles","","",""
"cmuihw0jo08grsexpiqj2v419","Richonell Margaret","","465326","2000-09-06","Suriname","Attack","Centre-Forward",191,600000,"first_team","cmuihpzcq003nh29eowpx0ee9","Go Ahead Eagles","","",""
"cmuihw2pg0afssexpk6v4guey","Robbin Weijenberg","","690665","2004-11-07","Netherlands","Midfield","Central Midfield",180,200000,"first_team","cmuihpzcq003nh29eowpx0ee9","Go Ahead Eagles","","",""
"cmuihw1cv0960sexpwn9guvzp","Søren Tengstedt","","541601","2000-06-29","Denmark","Midfield","Attacking Midfield",187,700000,"first_team","cmuihpzcq003nh29eowpx0ee9","Go Ahead Eagles","","",""
"cmuihw0jo08gdsexpk01mkusr","Stefán Ingi Sigurdarson","","464454","2001-01-26","Iceland","Attack","Centre-Forward",194,2000000,"first_team","cmuihpzcq003nh29eowpx0ee9","Go Ahead Eagles","","",""
"cmuihw0k408ntsexpl8nil932","Thibo Baeten","","486043","2002-06-03","Belgium","Attack","Centre-Forward",185,500000,"first_team","cmuihpzcq003nh29eowpx0ee9","Go Ahead Eagles","","",""
"cmuihvyqg05unsexpz1elrp5i","Victor Edvardsen","","265324","1996-01-13","Sweden","Attack","Centre-Forward",185,800000,"first_team","cmuihpzcq003nh29eowpx0ee9","Go Ahead Eagles","","",""
"cmuihw0k708qrsexpz8qicwcj","Xander Blomme","","496873","2002-06-20","Belgium","Midfield","Defensive Midfield",173,300000,"first_team","cmuihpzcq003nh29eowpx0ee9","Go Ahead Eagles","","",""
"cmuihw44a0cn7sexpdwejcz7p","Yassir Salah Rahmouni","","1088311","2006-06-12","Netherlands","Midfield","Central Midfield",,450000,"first_team","cmuihpzcq003nh29eowpx0ee9","Go Ahead Eagles","","",""
"cmuihw0iv086hsexpt09h3z4q","Álex Sola","","434990","1999-06-08","Spain","Attack","Right Winger",178,2000000,"first_team","cmuihq0qk004dh29en5f3p8uq","Granada CF","","",""
"cmuihvyqh05vhsexpzt64z4t1","Gerard Gumbau","","268670","1994-12-17","Spain","Midfield","Defensive Midfield",188,1200000,"first_team","cmuihq0qk004dh29en5f3p8uq","Granada CF","","",""
"cmuihvyqs0631sexpqcbrls5s","Luca Zidane","","283489","1998-05-12","Algeria","Goalkeeper","Goalkeeper",183,1000000,"first_team","cmuihq0qk004dh29en5f3p8uq","Granada CF","","",""
"cmuihw0k908stsexplkaykm69","Albert Grønbaek","","503866","2001-05-22","Denmark","Midfield","Attacking Midfield",181,5000000,"first_team","cmuihq9070091h29ex9cb7wyt","Hamburger SV","","",""
"cmuihvzvx07i6sexp14mj4u9l","Albert Sambi Lokonga","","381967","1999-10-21","Belgium","Midfield","Central Midfield",183,12000000,"first_team","cmuihq9070091h29ex9cb7wyt","Hamburger SV","","",""
"cmuihw4rl0d0fsexpkg1hg55s","Alexander Røssing-Lelesiit","","1213681","2007-01-19","Norway","Attack","Left Winger",184,5000000,"first_team","cmuihq9070091h29ex9cb7wyt","Hamburger SV","","",""
"cmuihvzwn07z4sexp1y89abcv","Bakery Jatta","","415194","1998-06-05","The Gambia","Attack","Right Winger",184,1000000,"first_team","cmuihq9070091h29ex9cb7wyt","Hamburger SV","","",""
"cmuihw24m0a86sexpeatli6q7","Bilal Nadir","","659520","2003-11-27","Morocco","Midfield","Central Midfield",179,8000000,"first_team","cmuihq9070091h29ex9cb7wyt","Hamburger SV","","",""
"cmuihvvvi02xgsexp1meg9hng","Daniel Heuer Fernandes","","84993","1992-11-12","Portugal","Goalkeeper","Goalkeeper",188,1200000,"first_team","cmuihq9070091h29ex9cb7wyt","Hamburger SV","","",""
"cmuihw24n0a8usexpopnndrum","David Møller Wolfe","","661427","2002-04-22","Norway","Defender","Left-Back",185,8000000,"first_team","cmuihq9070091h29ex9cb7wyt","Hamburger SV","","",""
"cmuo5aluo002hitgyc82qresp","Elias Lahti","","1303450","2009-01-09","Finland","Goalkeeper","Goalkeeper",,0,"first_team","cmuihq9070091h29ex9cb7wyt","Hamburger SV","","",""
"cmuihw1bz093nsexp8y79ccti","Fábio Vieira","","537598","2000-05-29","Portugal","Midfield","Attacking Midfield",170,18000000,"first_team","cmuihq9070091h29ex9cb7wyt","Hamburger SV","","",""
"cmuihw43y0ce5sexp09dp9j50","Fernando Dickes","","1048715","2007-10-12","Germany","Goalkeeper","Goalkeeper",193,300000,"first_team","cmuihq9070091h29ex9cb7wyt","Hamburger SV","","",""
"cmuihvzwm07y5sexp4ydnpn6k","Immanuel Pherai","","412935","2001-04-24","Suriname","Midfield","Attacking Midfield",175,2500000,"first_team","cmuihq9070091h29ex9cb7wyt","Hamburger SV","","",""
"cmuihvy62057isexpy64c1zvq","Jordan Torunarigha","","227110","1997-08-06","Nigeria","Defender","Centre-Back",191,4000000,"first_team","cmuihq9070091h29ex9cb7wyt","Hamburger SV","","",""
"cmuihw2qg0b5usexprutvg3oa","Kofi Amoako","","814950","2005-05-05","Germany","Midfield","Defensive Midfield",186,400000,"first_team","cmuihq9070091h29ex9cb7wyt","Hamburger SV","","",""
"cmuihw4ru0d3qsexpd12h5nr2","Louis Lemke","","1294853","2009-10-07","Germany","Defender","Left-Back",,300000,"first_team","cmuihq9070091h29ex9cb7wyt","Hamburger SV","","",""
"cmuo5am3o002jitgyz885sm1c","Mario Vuskovic","","432757","2001-11-16","Croatia","Centre-Back","Centre-Back",,0,"first_team","cmuihq9070091h29ex9cb7wyt","Hamburger SV","","",""
"cmuihw2qg0b5vsexpyjhu67q1","Martin Adeline","","814976","2003-12-01","France","Midfield","Attacking Midfield",180,3000000,"first_team","cmuihq9070091h29ex9cb7wyt","Hamburger SV","","",""
"cmuihvyr606dhsexpqj3cvo1o","Miro Muheim","","298603","1998-03-23","Switzerland","Defender","Left-Back",182,5000000,"first_team","cmuihq9070091h29ex9cb7wyt","Hamburger SV","","",""
"cmuihw1et09m6sexp276pdndi","Nicolai Remberg","","592534","2000-06-18","Germany","Midfield","Defensive Midfield",188,9000000,"first_team","cmuihq9070091h29ex9cb7wyt","Hamburger SV","","",""
"cmuihw24i0a50sexpapqrc2mw","Nicolás Capaldo","","649672","1998-09-13","Argentina","Defender","Centre-Back",177,8000000,"first_team","cmuihq9070091h29ex9cb7wyt","Hamburger SV","","",""
"cmuihw4410cgqsexpof0hlbc1","Otto Stange","","1058520","2007-02-08","Germany","Attack","Centre-Forward",187,4000000,"first_team","cmuihq9070091h29ex9cb7wyt","Hamburger SV","","",""
"cmuihvzvo07bvsexphjzdbpde","Patson Daka","","365172","1998-10-08","Zambia","Attack","Centre-Forward",183,15000000,"first_team","cmuihq9070091h29ex9cb7wyt","Hamburger SV","","",""
"cmuihw1d4098osexpgtrs3mt8","Sander Tangvik","","549378","2002-11-28","Norway","Goalkeeper","Goalkeeper",193,3000000,"first_team","cmuihq9070091h29ex9cb7wyt","Hamburger SV","","",""
"cmuihvzb006uosexpsd3zs5lh","Sebastiaan Bornauw","","338629","1999-03-21","Belgium","Defender","Centre-Back",191,8000000,"first_team","cmuihq9070091h29ex9cb7wyt","Hamburger SV","","",""
"cmuihw4r00crbsexp6bvreup7","Shafiq Nandja","","1125079","2007-01-14","Germany","Defender","Centre-Back",195,500000,"first_team","cmuihq9070091h29ex9cb7wyt","Hamburger SV","","",""
"cmuihw1cs0945sexpb7nf33tb","Terem Moffi","","538874","1999-05-24","Nigeria","Attack","Centre-Forward",188,8000000,"first_team","cmuihq9070091h29ex9cb7wyt","Hamburger SV","","",""
"cmuihw2ps0ao8sexpw3dpsyzl","Warmed Omari","","711996","2000-04-22","Comoros","Defender","Centre-Back",188,4000000,"first_team","cmuihq9070091h29ex9cb7wyt","Hamburger SV","","",""
"cmuihvws2041lsexprizjy4r1","Yussuf Poulsen","","157635","1994-06-14","Denmark","Attack","Centre-Forward",192,1000000,"first_team","cmuihq9070091h29ex9cb7wyt","Hamburger SV","","",""
"cmuo5am8n002litgyd9frg0xa","Zakaria El Ouahdi","","820474","2001-12-31","Morocco; Belgium","Right-Back","Right-Back",,17000000,"first_team","cmuihq9070091h29ex9cb7wyt","Hamburger SV","","",""
"cmuihvzan06misexp9df47cij","Benjamin Källman","","322990","1998-06-16","Finland","Attack","Centre-Forward",182,900000,"first_team","cmuihqa2m009jh29ewdia28fx","Hannover 96","","",""
"cmuihw4r50ctlsexphgo8aimp","Husseyn Chakroun","","1145570","2004-11-09","Lebanon","Attack","Left Winger",174,0,"first_team","cmuihqa2m009jh29ewdia28fx","Hannover 96","","",""
"cmuihw44d0cp7sexpk6xkwhy3","Ime Okon","","1107265","2004-02-19","South Africa","Defender","Centre-Back",187,0,"first_team","cmuihqa2m009jh29ewdia28fx","Hannover 96","","",""
"cmuihvzwt0820sexptjtqsbmw","Stefán Teitur Thórdarson","","422721","1998-10-15","Iceland","Midfield","Central Midfield",189,1200000,"first_team","cmuihqa2m009jh29ewdia28fx","Hannover 96","","",""
"cmuihvzb406xjsexp6yy47q4b","Virgil Ghiță","","340977","1998-06-03","Romania","Defender","Centre-Back",186,2000000,"first_team","cmuihqa2m009jh29ewdia28fx","Hannover 96","","",""
"cmuihvzwo07zmsexptfoihmav","Abdou Harroui","","416386","1998-01-12","Morocco","Midfield","Central Midfield",182,1600000,"first_team","cmuihq3vs0067h29eym5on22u","Hellas Verona","","",""
"cmuihw2q50axusexpe3jgdrtc","Amin Sarr","","748382","2001-03-10","Sweden","Attack","Centre-Forward",188,2400000,"first_team","cmuihq3vs0067h29eym5on22u","Hellas Verona","","",""
"cmuihvzw607prsexp97zkddgd","Antoine Bernede","","395512","1999-05-25","France","Midfield","Central Midfield",178,3500000,"first_team","cmuihq3vs0067h29eym5on22u","Hellas Verona","","",""
"cmuihw4490cm0sexpf607l1c7","Charlys","","1082519","2004-02-18","Brazil","Midfield","Defensive Midfield",188,100000,"first_team","cmuihq3vs0067h29eym5on22u","Hellas Verona","","",""
"cmuihw24g0a32sexphlg0jg45","Cheikh Niasse","","644032","2000-01-18","Senegal","Midfield","Defensive Midfield",188,2000000,"first_team","cmuihq3vs0067h29eym5on22u","Hellas Verona","","",""
"cmuihw24t0adlsexpfgwottp1","Dailon Livramento","","676411","2001-05-03","Cape Verde","Attack","Centre-Forward",185,800000,"first_team","cmuihq3vs0067h29eym5on22u","Hellas Verona","","",""
"cmuihw24j0a5jsexp68s3vui6","Daniel Mosquera","","651569","1999-10-19","Colombia","Attack","Centre-Forward",180,1800000,"first_team","cmuihq3vs0067h29eym5on22u","Hellas Verona","","",""
"cmuihw1en09kqsexp3t6pp2ey","Daniel Oyegoke","","586984","2003-01-02","England","Defender","Right-Back",188,1000000,"first_team","cmuihq3vs0067h29eym5on22u","Hellas Verona","","",""
"cmuihvzbj078dsexp6qjd2iue","Domagoj Bradarić","","357796","1999-12-09","Croatia","Defender","Left-Back",178,1500000,"first_team","cmuihq3vs0067h29eym5on22u","Hellas Verona","","",""
"cmuihw4rv0d4tsexp28fk5ot0","Fallou Cham","","1315458","2006-02-13","The Gambia","Defender","Right-Back",185,1000000,"first_team","cmuihq3vs0067h29eym5on22u","Hellas Verona","","",""
"cmuihw3ef0b7gsexpow309qsv","Federico Magro","","818898","2005-01-09","Italy","Goalkeeper","Goalkeeper",190,300000,"first_team","cmuihq3vs0067h29eym5on22u","Hellas Verona","","",""
"cmuihw2pr0an6sexp916lou8k","Giacomo Toniolo","","709986","2004-03-31","Italy","Goalkeeper","Goalkeeper",192,75000,"first_team","cmuihq3vs0067h29eym5on22u","Hellas Verona","","",""
"cmuihvyr606dksexpqp4tytkq","Grigoris Kastanos","","298635","1998-01-29","Cyprus","Midfield","Central Midfield",179,1300000,"first_team","cmuihq3vs0067h29eym5on22u","Hellas Verona","","",""
"cmuihw4490cm9sexpc8q2wj1u","Isaac","","1083069","2004-03-25","Brazil","Attack","Centre-Forward",185,700000,"first_team","cmuihq3vs0067h29eym5on22u","Hellas Verona","","",""
"cmuihw44e0cpysexp6z69zdf7","Junior Ajayi","","1111820","2004-10-10","Cote d'Ivoire","Attack","Centre-Forward",185,300000,"first_team","cmuihq3vs0067h29eym5on22u","Hellas Verona","","",""
"cmuihw2q50axysexpmxw77pks","Luca Monticelli","","748803","2005-02-11","Belgium","Midfield","Central Midfield",,600000,"first_team","cmuihq3vs0067h29eym5on22u","Hellas Verona","","",""
"cmuihw0k508oxsexpiophkm79","Martin Frese","","488785","1998-01-03","Denmark","Defender","Left-Back",179,2500000,"first_team","cmuihq3vs0067h29eym5on22u","Hellas Verona","","",""
"cmuihw43i0c2vsexp2ilpw1qm","Mathis Lambourde","","979766","2006-01-08","France","Attack","Centre-Forward",179,800000,"first_team","cmuihq3vs0067h29eym5on22u","Hellas Verona","","",""
"cmuihvy6d05fvsexpc0uppuzw","Simone Perilli","","240675","1995-01-06","Italy","Goalkeeper","Goalkeeper",196,400000,"first_team","cmuihq3vs0067h29eym5on22u","Hellas Verona","","",""
"cmuihw2pw0arlsexp73nbixpk","Stefan Mitrović","","726526","2002-08-14","Serbia","Attack","Left Winger",182,800000,"first_team","cmuihq3vs0067h29eym5on22u","Hellas Verona","","",""
"cmuihvyqe05sksexp16e3bqd0","Suat Serdar","","261905","1997-04-10","Germany","Midfield","Central Midfield",184,2800000,"first_team","cmuihq3vs0067h29eym5on22u","Hellas Verona","","",""
"cmuihw3em0bcbsexpdzt85bk9","Tobias Slotsager","","851385","2005-12-31","Denmark","Defender","Centre-Back",190,3000000,"first_team","cmuihq3vs0067h29eym5on22u","Hellas Verona","","",""
"cmuihw1ct0954sexpydo3uj5f","Tomas Suslov","","540333","2002-06-06","Slovakia","Midfield","Attacking Midfield",174,4000000,"first_team","cmuihq3vs0067h29eym5on22u","Hellas Verona","","",""
"cmuihvy6q05qesexpnga0lt0w","Damon Mirani","","257986","1996-05-12","Netherlands","Defender","Centre-Back",183,450000,"first_team","cmuihowzw002tb23f16afl5ce","Heracles Almelo","","",""
"cmuihvzvv07gbsexpa9366xda","Daniël van Kaam","","377720","2000-06-22","Netherlands","Midfield","Defensive Midfield",175,450000,"first_team","cmuihowzw002tb23f16afl5ce","Heracles Almelo","","",""
"cmuihw43m0c5osexpegnpox8a","Diego van Oorschot","","989998","2005-10-01","Netherlands","Attack","Centre-Forward",173,125000,"first_team","cmuihowzw002tb23f16afl5ce","Heracles Almelo","","",""
"cmuihw23v09ngsexpyi5pru09","Djevencio van der Kust","","596148","2001-04-29","Suriname","Defender","Left-Back",178,350000,"first_team","cmuihowzw002tb23f16afl5ce","Heracles Almelo","","",""
"cmuihw0jm08fgsexpi3r1p2he","Fabian de Keijzer","","462285","2000-05-09","Netherlands","Goalkeeper","Goalkeeper",193,400000,"first_team","cmuihowzw002tb23f16afl5ce","Heracles Almelo","","",""
"cmuihw43u0cb2sexpurgz6tdd","Giandro Sambo","","1025411","2006-08-27","Curacao","Attack","Left Winger",181,50000,"first_team","cmuihowzw002tb23f16afl5ce","Heracles Almelo","","",""
"cmuihw0k208mosexp78ydekdx","Ivan Mesik","","482838","2001-05-31","Slovakia","Defender","Centre-Back",187,600000,"first_team","cmuihowzw002tb23f16afl5ce","Heracles Almelo","","",""
"cmuihw0k508onsexpvebvo84a","Jan Zamburek","","487924","2001-02-12","Czech Republic","Midfield","Central Midfield",182,400000,"first_team","cmuihowzw002tb23f16afl5ce","Heracles Almelo","","",""
"cmuihvzap06nysexpq8p35759","Jeff Reine-Adélaïde","","326300","1998-01-16","France","Midfield","Attacking Midfield",184,500000,"first_team","cmuihowzw002tb23f16afl5ce","Heracles Almelo","","",""
"cmuihw4rb0cuysexpw4bsq2fu","Leco Zeevalkink","","1161396","2005-09-13","Netherlands","Goalkeeper","Goalkeeper",192,0,"first_team","cmuihowzw002tb23f16afl5ce","Heracles Almelo","","",""
"cmuihw0k808rbsexpj89d9lgl","Lorenzo Milani","","500274","2001-05-21","Italy","Defender","Left-Back",178,175000,"first_team","cmuihowzw002tb23f16afl5ce","Heracles Almelo","","",""
"cmuihw1dk09fmsexp3ti9xkf0","Luka Kulenovic","","569470","1999-09-28","Bosnia-Herzegovina","Attack","Centre-Forward",190,650000,"first_team","cmuihowzw002tb23f16afl5ce","Heracles Almelo","","",""
"cmuihvvw0033jsexpi85qymks","Mario Engels","","93637","1993-10-21","Germany","Attack","Left Winger",184,300000,"first_team","cmuihowzw002tb23f16afl5ce","Heracles Almelo","","",""
"cmuihvws1040nsexplvsgf0uc","Mike te Wierik","","155806","1992-06-07","Netherlands","Defender","Centre-Back",191,200000,"first_team","cmuihowzw002tb23f16afl5ce","Heracles Almelo","","",""
"cmuihw1et09lxsexpg6vx7byi","Mimeirhel Benita","","591880","2003-11-16","Netherlands","Defender","Right-Back",180,500000,"first_team","cmuihowzw002tb23f16afl5ce","Heracles Almelo","","",""
"cmuihw24509ursexpcfesab8r","Sem Scheperman","","618083","2002-06-23","Netherlands","Midfield","Defensive Midfield",188,600000,"first_team","cmuihowzw002tb23f16afl5ce","Heracles Almelo","","",""
"cmuihw4st0d7psexpbsrefwnt","Sil Blokhuis","","1476385","2008-03-17","Netherlands","Attack","Right Winger",,50000,"first_team","cmuihowzw002tb23f16afl5ce","Heracles Almelo","","",""
"cmuihvxfn04c9sexpbo6jus24","Thomas Bruns","","172202","1992-01-06","Netherlands","Midfield","Attacking Midfield",177,175000,"first_team","cmuihowzw002tb23f16afl5ce","Heracles Almelo","","",""
"cmuihw2pl0ajysexpoue5yjm4","Timo Jansink","","703778","2003-06-15","Netherlands","Goalkeeper","Goalkeeper",203,150000,"first_team","cmuihowzw002tb23f16afl5ce","Heracles Almelo","","",""
"cmuihw2q90b10sexpnuujmk5p","Tristan van Gilst","","793702","2003-02-17","Netherlands","Attack","Left Winger",182,350000,"first_team","cmuihowzw002tb23f16afl5ce","Heracles Almelo","","",""
"cmuihw23w09o1sexpcuev4yfi","Walid Ould-Chikh","","597104","1999-11-05","Netherlands","Midfield","Attacking Midfield",186,550000,"first_team","cmuihowzw002tb23f16afl5ce","Heracles Almelo","","",""
"cmuihw1em09klsexpk5f1wgtq","Yvandro Borges Sanches","","586659","2004-05-23","Luxembourg","Attack","Left Winger",180,400000,"first_team","cmuihowzw002tb23f16afl5ce","Heracles Almelo","","",""
"cmuihvyr306awsexpma8smfzi","Josip Brekalo","","293169","1998-06-22","Croatia","Attack","Left Winger",175,2500000,"first_team","cmuihqa8s009ph29eflpipwlt","Hertha BSC","","",""
"cmuihw0is0855sexp5ehp4exq","Márton Dárdai","","432281","2002-02-11","Hungary","Defender","Centre-Back",188,2500000,"first_team","cmuihqa8s009ph29eflpipwlt","Hertha BSC","","",""
"cmuihw24c0a0gsexpuql6t5g7","Alexander Bernhardsson","","633454","1998-09-07","Sweden","Attack","Right Winger",184,3000000,"first_team","cmuihq3dw005zh29exe75pbai","Holstein Kiel","","",""
"cmuihw0jr08iasexpjekhekp3","David Zec","","469709","2000-01-04","Slovenia","Defender","Centre-Back",190,2500000,"first_team","cmuihq3dw005zh29exe75pbai","Holstein Kiel","","",""
"cmuihw24v0aemsexpn9lfife8","John Tolkin","","683812","2002-07-30","United States","Defender","Left-Back",170,2500000,"first_team","cmuihq3dw005zh29exe75pbai","Holstein Kiel","","",""
"cmuihvyqt063fsexpdbxuiw9f","Dion Charles","","284320","1995-10-06","Northern Ireland","Attack","Centre-Forward",178,500000,"first_team","cmuiho8i1001nb23femp89sf1","Huddersfield Town","","",""
"cmunpe6z0001dqkd3cggaca9v","Abdülkadir Ömür","Abdülkadir Ömür","271495","1999-06-25","Türkiye","Right Winger","Right Winger",,1500000,"first_team","cmuihq56p006vh29efww9bqgh","Hull City","","",""
"cmuihw2pw0as4sexpdqb5vmey","Brooke Norton-Cuffy","","728733","2004-01-11","England; Dominica","Right-Back","Right-Back",181,15000000,"first_team","cmuihq56p006vh29efww9bqgh","Hull City","","",""
"cmunpe3mk0011qkd3s6edkcs2","Charlie Hughes","Charlie Hughes","746357","2003-10-16","England","Centre-Back","Centre-Back",,10000000,"first_team","cmuihq56p006vh29efww9bqgh","Hull City","","",""
"cmunpe1oh000xqkd34hh1964e","Christos Mouzakitis","Christos Mouzakitis","964426","2006-12-25","Greece","Central Midfield","Central Midfield",,25000000,"first_team","cmuihq56p006vh29efww9bqgh","Hull City","","",""
"cmuihw24n0a9esexpcoq8ycgx","Darko Gyabi","","663264","2004-02-17","England; Ghana","Central Midfield","Central Midfield",196,2000000,"first_team","cmuihq56p006vh29efww9bqgh","Hull City","","",""
"cmunpe882001lqkd3c98fqwg5","Dillon Phillips","Dillon Phillips","308431","1995-06-11","England","Goalkeeper","Goalkeeper",,200000,"first_team","cmuihq56p006vh29efww9bqgh","Hull City","","",""
"cmuihw1bx092hsexpb1c6qwib","Eliot Matazo","","535834","2002-02-14","Belgium; DR Congo","Central Midfield","Central Midfield",170,1500000,"first_team","cmuihq56p006vh29efww9bqgh","Hull City","","",""
"cmunpe4ev0017qkd3jt15n0wr","Elliot Stroud","Elliot Stroud","687622","2002-06-22","Sweden; England","Left Winger","Left Winger",,8000000,"first_team","cmuihq56p006vh29efww9bqgh","Hull City","","",""
"cmuihw1bn08yksexp3tqsz6nd","Hidemasa Morita","","524315","1995-05-09","Japan","Central Midfield","Central Midfield",177,8000000,"first_team","cmuihq56p006vh29efww9bqgh","Hull City","","",""
"cmuihw43v0cc3sexpri0j5icd","Ilyas Ansah","","1035765","2004-11-07","Germany; Ghana","Centre-Forward","Centre-Forward",197,12000000,"first_team","cmuihq56p006vh29efww9bqgh","Hull City","","",""
"cmunpe67b0019qkd3nz19a4e8","Jack Butland","Jack Butland","128899","1993-03-10","England","Goalkeeper","Goalkeeper",,1500000,"first_team","cmuihq56p006vh29efww9bqgh","Hull City","","",""
"cmunpe3u30013qkd34fz1oat3","Jens Hjertø-Dahl","Jens Hjertø-Dahl","923535","2005-10-31","Norway","Central Midfield","Central Midfield",,10000000,"first_team","cmuihq56p006vh29efww9bqgh","Hull City","","",""
"cmuihw0k908szsexphrspk0zw","Joe Gelhardt","","503980","2002-05-03","England","Centre-Forward","Centre-Forward",179,14000000,"first_team","cmuihq56p006vh29efww9bqgh","Hull City","","",""
"cmuihvwrc03h6sexp2ji5gu4b","John Egan","","121324","1992-10-19","Ireland","Centre-Back","Centre-Back",185,1000000,"first_team","cmuihq56p006vh29efww9bqgh","Hull City","","",""
"cmunpe7x1001jqkd36d2wnike","Kieran Dowell","Kieran Dowell","258916","1997-10-10","England","Attacking Midfield","Attacking Midfield",,600000,"first_team","cmuihq56p006vh29efww9bqgh","Hull City","","",""
"cmunpe1v6000zqkd3jwne2iw3","Konstantinos Tzolakis","Konstantinos Tzolakis","554389","2002-11-08","Greece","Goalkeeper","Goalkeeper",,18000000,"first_team","cmuihq56p006vh29efww9bqgh","Hull City","","",""
"cmunpe75q001fqkd34pouifb1","Lewie Coyle","Lewie Coyle","413402","1995-10-15","England","Right-Back","Right-Back",,1200000,"first_team","cmuihq56p006vh29efww9bqgh","Hull City","","",""
"cmuihw24609vlsexpnlx42mab","Lucas Gourna-Douath","","620313","2003-08-04","France; Central African Republic","Defensive Midfield","Defensive Midfield",185,6000000,"first_team","cmuihq56p006vh29efww9bqgh","Hull City","","",""
"cmunpe40y0015qkd35ugwfzbx","Lucas Herrington","Lucas Herrington","1279984","2007-09-05","Australia; Germany","Centre-Back","Centre-Back",,8000000,"first_team","cmuihq56p006vh29efww9bqgh","Hull City","","",""
"cmunpe7q3001hqkd3chm08a7x","Matt Crooks","Matt Crooks","169416","1994-01-20","England","Central Midfield","Central Midfield",,700000,"first_team","cmuihq56p006vh29efww9bqgh","Hull City","","",""
"cmuihvy6j05m0sexpkrix7n7q","Matt Targett","","250478","1995-09-17","England; Scotland","Left-Back","Left-Back",183,3000000,"first_team","cmuihq56p006vh29efww9bqgh","Hull City","","",""
"cmuihw3ep0bdmsexp4xlkkn0i","Mohamed Belloumi","","857079","2002-05-31","Algeria","Right Winger","Right Winger",177,6000000,"first_team","cmuihq56p006vh29efww9bqgh","Hull City","","",""
"cmuihw24q0abxsexponkjc7o8","Mohamed-Ali Cho","","670847","2004-01-18","France; England","Right Winger","Right Winger",182,15000000,"first_team","cmuihq56p006vh29efww9bqgh","Hull City","","",""
"cmuihw43v0cbzsexpdcgjpip7","Nobel Mendy","","1034853","2004-09-02","Senegal; Guinea-Bissau","Centre-Back","Centre-Back",187,7500000,"first_team","cmuihq56p006vh29efww9bqgh","Hull City","","",""
"cmuihvyr606dcsexpc3kp14o2","Oli McBurnie","","298477","1996-06-03","Scotland; England","Centre-Forward","Centre-Forward",188,5000000,"first_team","cmuihq56p006vh29efww9bqgh","Hull City","","",""
"cmunpe6lo001bqkd3szk5ge67","Óscar Zambrano","Óscar Zambrano","893658","2004-04-20","Ecuador","Defensive Midfield","Defensive Midfield",,1500000,"first_team","cmuihq56p006vh29efww9bqgh","Hull City","","",""
"cmuihvxfi048hsexpq4opg0js","Paddy McNair","","167268","1995-04-26","Northern Ireland","Centre-Back","Centre-Back",189,1500000,"first_team","cmuihq56p006vh29efww9bqgh","Hull City","","",""
"cmuihw0ju08jjsexpjag7zfw4","Regan Slater","","473080","1999-09-10","England","Defensive Midfield","Defensive Midfield",171,5500000,"first_team","cmuihq56p006vh29efww9bqgh","Hull City","","",""
"cmuihw4r10crtsexpwnkizxs4","Robinio Vaz","","1131161","2007-02-16","France; Guinea-Bissau","Centre-Forward","Centre-Forward",185,18000000,"first_team","cmuihq56p006vh29efww9bqgh","Hull City","","",""
"cmuihw0kb08tmsexpa3jugigg","Ryan Giles","","504581","2000-01-25","England","Left-Back","Left-Back",183,12000000,"first_team","cmuihq56p006vh29efww9bqgh","Hull City","","",""
"cmuihvy6l05n1sexpnf9yo02d","Semi Ajayi","","251912","1993-11-08","Nigeria; England","Centre-Back","Centre-Back",193,700000,"first_team","cmuihq56p006vh29efww9bqgh","Hull City","","",""
"cmuihw0jv08k2sexp53djm7jq","Sorba Thomas","","475416","1999-01-24","Wales; Sierra Leone","Left Winger","Left Winger",185,14000000,"first_team","cmuihq56p006vh29efww9bqgh","Hull City","","",""
"cmuihw2pi0ahgsexp02v2ziqu","Tim Iroegbunam","","696589","2003-06-29","England; Nigeria","Central Midfield","Central Midfield",183,18000000,"first_team","cmuihq56p006vh29efww9bqgh","Hull City","","",""
"cmuo540sb0002bpsm3ve8dlsk","Aleksandar Stanković","","780136","2005-08-03","Serbia; Italy","Defensive Midfield","Defensive Midfield",,32000000,"first_team","cmuihqald009th29eqj2x21un","Inter Milan","","",""
"cmuihvyrc06jesexps9ol4mzv","Alessandro Bastoni","","315853","1999-04-12","Italy","Defender","Centre-Back",190,65000000,"first_team","cmuihqald009th29eqj2x21un","Inter Milan","","",""
"cmuihw2ps0ao5sexphtgnuzkx","Andy Diouf","","711976","2003-05-16","France","Midfield","Central Midfield",187,20000000,"first_team","cmuihqald009th29eqj2x21un","Inter Milan","","",""
"cmuihw3eh0b93sexp7rfzm68z","Ange-Yoan Bonny","","827734","2003-10-24","Cote d'Ivoire","Attack","Centre-Forward",189,35000000,"first_team","cmuihqald009th29eqj2x21un","Inter Milan","","",""
"cmuihvzbd075csexp3r5rntia","Benjamin Pavard","","353366","1996-03-27","France","Defender","Centre-Back",186,12000000,"first_team","cmuihqald009th29eqj2x21un","Inter Milan","","",""
"cmuihw1em09kisexpbzjdrr5q","Carlos Augusto","","585982","1999-01-06","Brazil","Defender","Left-Back",184,23000000,"first_team","cmuihqald009th29eqj2x21un","Inter Milan","","",""
"cmuihw0it085osexput721p1b","Curtis Jones","","433188","2001-01-29","England","Midfield","Central Midfield",185,35000000,"first_team","cmuihqald009th29eqj2x21un","Inter Milan","","",""
"cmuihw0k208mqsexpa280gxoz","Djed Spence","","483348","2000-08-08","England","Defender","Left-Back",184,30000000,"first_team","cmuihqald009th29eqj2x21un","Inter Milan","","",""
"cmuihvxg804s5sexpqqo28nqy","Federico Dimarco","","198116","1997-11-09","Italy","Defender","Left-Back",175,50000000,"first_team","cmuihqald009th29eqj2x21un","Inter Milan","","",""
"cmuihvwrg03kysexp56e8zbsf","Hakan Çalhanoğlu","","126414","1994-02-07","Türkiye","Midfield","Defensive Midfield",178,16000000,"first_team","cmuihqald009th29eqj2x21un","Inter Milan","","",""
"cmuihvuxo026bsexpafex6uhg","Henrikh Mkhitaryan","","55735","1989-01-20","Armenia","Midfield","Central Midfield",177,3000000,"first_team","cmuihqald009th29eqj2x21un","Inter Milan","","",""
"cmuihvxg804rusexp0ndeh0sa","Ivan Provedel","","197929","1994-03-16","Italy","Goalkeeper","Goalkeeper",194,3000000,"first_team","cmuihqald009th29eqj2x21un","Inter Milan","","",""
"cmuihvxfy04jesexp4f90jxrz","John Stones","","186590","1994-05-27","England","Defender","Centre-Back",188,12000000,"first_team","cmuihqald009th29eqj2x21un","Inter Milan","","",""
"cmuihvzw107kysexpdexhip7e","Josep Martínez","","388516","1998-05-26","Spain","Goalkeeper","Goalkeeper",191,10000000,"first_team","cmuihqald009th29eqj2x21un","Inter Milan","","",""
"cmuihvzwi07vgsexptep8i07f","Lautaro Martínez","","406625","1997-08-21","Argentina","Attack","Centre-Forward",174,85000000,"first_team","cmuihqald009th29eqj2x21un","Inter Milan","","",""
"cmuihw2pg0afxsexprrge1umk","Luis Henrique","","691316","2001-12-13","Brazil","Midfield","Right Midfield",181,22000000,"first_team","cmuihqald009th29eqj2x21un","Inter Milan","","",""
"cmuihvyqt063osexpxnjl0axh","Manuel Akanji","","284730","1995-07-18","Switzerland","Defender","Centre-Back",188,17000000,"first_team","cmuihqald009th29eqj2x21un","Inter Milan","","",""
"cmuihvzal06kosexpt14sbhvc","Marcus Thuram","","318528","1997-08-05","France","Attack","Centre-Forward",192,50000000,"first_team","cmuihqald009th29eqj2x21un","Inter Milan","","",""
"cmuihvy6n05orsexp1csjvaz0","Nicolò Barella","","255942","1997-02-06","Italy","Midfield","Central Midfield",175,50000000,"first_team","cmuihqald009th29eqj2x21un","Inter Milan","","",""
"cmuihw24p0aassexpzxnlm7iu","Petar Sučić","","668207","2003-10-24","Croatia","Midfield","Central Midfield",183,40000000,"first_team","cmuihqald009th29eqj2x21un","Inter Milan","","",""
"cmuihw3f70brqsexpd0r76ul7","Pio Esposito","","930781","2005-06-27","Italy","Attack","Centre-Forward",191,45000000,"first_team","cmuihqald009th29eqj2x21un","Inter Milan","","",""
"cmuihvxfq04fhsexp9a7lxfj5","Piotr Zielinski","","181136","1994-05-19","Poland","Midfield","Central Midfield",180,10000000,"first_team","cmuihqald009th29eqj2x21un","Inter Milan","","",""
"cmuihvuyo02ltsexpmzucgdkl","Raffaele Di Gennaro","","70580","1993-10-02","Italy","Goalkeeper","Goalkeeper",188,300000,"first_team","cmuihqald009th29eqj2x21un","Inter Milan","","",""
"cmuihw0j3087ssexpvweizgs8","Yann Bisseck","","441986","2000-11-28","Germany","Defender","Centre-Back",196,50000000,"first_team","cmuihqald009th29eqj2x21un","Inter Milan","","",""
"cmuihw43n0c62sexpapr76aup","Abdoul Ouattara","","991487","2005-10-21","Cote d'Ivoire; France","Right-Back","Right-Back",180,15000000,"first_team","cmuihqdak00bdh29e51a0c9yd","Ipswich Town","","",""
"cmuihw3eq0bevsexpdpccyjfg","Abdul Fatawu","","864121","2004-03-07","Ghana","Right Winger","Right Winger",177,20000000,"first_team","cmuihqdak00bdh29e51a0c9yd","Ipswich Town","","",""
"cmuihvy6h05jvsexp6nrfs6qj","Alex Palmer","","245625","1996-08-09","England","Goalkeeper","Goalkeeper",191,1000000,"first_team","cmuihqdak00bdh29e51a0c9yd","Ipswich Town","","",""
"cmuihw1bu090osexpebdwh8xp","Anis Mehmeti","","530813","2001-01-08","Albania; England","Attacking Midfield","Attacking Midfield",180,15000000,"first_team","cmuihqdak00bdh29e51a0c9yd","Ipswich Town","","",""
"cmuihvyrb06irsexplk9z8s74","Azor Matusiwa","","315145","1998-04-27","Netherlands; Angola","Defensive Midfield","Defensive Midfield",173,12000000,"first_team","cmuihqdak00bdh29e51a0c9yd","Ipswich Town","","",""
"cmuihvzvo07brsexpnz1cqr2c","Cédric Kipré","","364827","1996-12-08","Cote d'Ivoire; France","Centre-Back","Centre-Back",193,2000000,"first_team","cmuihqdak00bdh29e51a0c9yd","Ipswich Town","","",""
"cmuihvxgi04yvsexprvv4gwx9","Christian Walton","","208379","1995-11-08","England","Goalkeeper","Goalkeeper",195,2500000,"first_team","cmuihqdak00bdh29e51a0c9yd","Ipswich Town","","",""
"cmuihvxg704rcsexpe4mnrja6","Chuba Akpom","","197642","1995-10-08","England; Nigeria","Centre-Forward","Centre-Forward",183,3500000,"first_team","cmuihqdak00bdh29e51a0c9yd","Ipswich Town","","",""
"cmunpdxp9000rqkd3ydjarjpv","Daizen Maeda","Daizen Maeda","420931","1997-10-20","Japan","Left Winger","Left Winger",,13000000,"first_team","cmuihqdak00bdh29e51a0c9yd","Ipswich Town","","",""
"cmuihvzwf07tbsexpoqxtb9ez","Dara O'Shea","","401320","1999-03-03","Ireland","Centre-Back","Centre-Back",189,16000000,"first_team","cmuihqdak00bdh29e51a0c9yd","Ipswich Town","","",""
"cmuihvzbb0749sexp8gcddi3p","Darnell Furlong","","351755","1995-10-30","England; Montserrat","Right-Back","Right-Back",183,2500000,"first_team","cmuihqdak00bdh29e51a0c9yd","Ipswich Town","","",""
"cmuihvuy402fmsexpz9wsz84d","David Button","","61814","1989-02-26","England","Goalkeeper","Goalkeeper",191,50000,"first_team","cmuihqdak00bdh29e51a0c9yd","Ipswich Town","","",""
"cmunpdz7i000vqkd391kllyuv","Emersonn","Emersonn","743599","2004-07-16","Brazil","Centre-Forward","Centre-Forward",,8000000,"first_team","cmuihqdak00bdh29e51a0c9yd","Ipswich Town","","",""
"cmuihvzwf07tjsexpnyzxfg25","Exequiel Palacios","","401578","1998-10-04","Argentina","Central Midfield","Central Midfield",177,25000000,"first_team","cmuihqdak00bdh29e51a0c9yd","Ipswich Town","","",""
"cmuihvzbi077tsexp36r49mwy","Florentino","","357162","1999-08-18","Portugal; Angola","Defensive Midfield","Defensive Midfield",184,16000000,"first_team","cmuihqdak00bdh29e51a0c9yd","Ipswich Town","","",""
"cmuihvyql05x2sexp78pyprr0","Issa Diop","","272622","1997-01-08","Morocco; France","Centre-Back","Centre-Back",194,8000000,"first_team","cmuihqdak00bdh29e51a0c9yd","Ipswich Town","","",""
"cmuihw1d909bjsexp8zvr5waj","Jack Clarke","","559794","2000-11-22","England","Left Winger","Left Winger",181,20000000,"first_team","cmuihqdak00bdh29e51a0c9yd","Ipswich Town","","",""
"cmuihw0jf08d0sexp442s54fx","Jack Taylor","","458178","1998-06-22","Ireland; England","Central Midfield","Central Midfield",185,3000000,"first_team","cmuihqdak00bdh29e51a0c9yd","Ipswich Town","","",""
"cmuihw2ph0agmsexppwxrhnsc","Jacob Greaves","","693095","2000-09-11","England","Centre-Back","Centre-Back",193,14000000,"first_team","cmuihqdak00bdh29e51a0c9yd","Ipswich Town","","",""
"cmuihw24o0a9osexp0sfzys17","Jaden Philogene","","665390","2002-02-07","England; Dominica","Left Winger","Left Winger",181,20000000,"first_team","cmuihqdak00bdh29e51a0c9yd","Ipswich Town","","",""
"cmuihw24m0a8lsexppwooop7w","Julio Enciso","","660867","2004-01-22","Paraguay","Attacking Midfield","Attacking Midfield",173,25000000,"first_team","cmuihqdak00bdh29e51a0c9yd","Ipswich Town","","",""
"cmuihw24709vzsexpoyk7vt21","Kasey McAteer","","621193","2001-11-21","Ireland; England","Right Winger","Right Midfield",177,10000000,"first_team","cmuihqdak00bdh29e51a0c9yd","Ipswich Town","","",""
"cmunpdyts000tqkd3yxz0iqa3","Kjell Scherpen","Kjell Scherpen","463527","2000-01-23","Netherlands","Goalkeeper","Goalkeeper",,8000000,"first_team","cmuihqdak00bdh29e51a0c9yd","Ipswich Town","","",""
"cmuihw23v09nrsexp8zy49hav","Leif Davis","","596446","1999-12-30","England","Left-Back","Left-Back",182,20000000,"first_team","cmuihqdak00bdh29e51a0c9yd","Ipswich Town","","",""
"cmuihw2ps0aolsexpqbaq6wg7","Marcelino Núñez","","715558","2000-02-29","Chile","Central Midfield","Central Midfield",173,14000000,"first_team","cmuihqdak00bdh29e51a0c9yd","Ipswich Town","","",""
"cmuihvy6h05jnsexpdaatuxke","Saša Lukić","","245056","1996-08-12","Serbia","Central Midfield","Central Midfield",182,10000000,"first_team","cmuihqdak00bdh29e51a0c9yd","Ipswich Town","","",""
"cmunpdwuu000pqkd3bsd83kya","Sindre Walle Egeli","Sindre Walle Egeli","923504","2006-06-21","Norway","Right Winger","Right Winger",,15000000,"first_team","cmuihqdak00bdh29e51a0c9yd","Ipswich Town","","",""
"cmuihvzwl07xesexp1pi8iwpc","Zian Flemming","","411537","1998-07-31","Netherlands","Centre-Forward","Centre-Forward",185,12000000,"first_team","cmuihqdak00bdh29e51a0c9yd","Ipswich Town","","",""
"cmuihw0jg08dlsexpwbqvwya4","Andrea Cambiaso","","459658","2000-02-19","Italy","Defender","Left-Back",182,20000000,"first_team","cmuihqb7i00a9h29e7t17vakf","Juventus FC","","",""
"cmuihvxg204n4sexprdvh4rdp","Arkadiusz Milik","","191891","1994-02-27","Poland","Attack","Centre-Forward",186,1500000,"first_team","cmuihqb7i00a9h29e7t17vakf","Juventus FC","","",""
"cmuihw1bg08wfsexpv1jx9yz5","Bremer","","516716","1997-03-17","Brazil","Defender","Centre-Back",188,35000000,"first_team","cmuihqb7i00a9h29e7t17vakf","Juventus FC","","",""
"cmuihvvsu02qwsexp13g94h4r","Carlo Pinsoglio","","75411","1990-03-15","Italy","Goalkeeper","Goalkeeper",194,200000,"first_team","cmuihqb7i00a9h29e7t17vakf","Juventus FC","","",""
"cmuihvws70459sexpu0nrdebz","Daniele Rugani","","162959","1994-07-28","Italy","Defender","Centre-Back",190,2000000,"first_team","cmuihqb7i00a9h29e7t17vakf","Juventus FC","","",""
"cmuihw0j60891sexponpp31e3","Douglas Luiz","","447661","1998-05-08","Brazil","Midfield","Central Midfield",177,18000000,"first_team","cmuihqb7i00a9h29e7t17vakf","Juventus FC","","",""
"cmuihw0k708qqsexpxxxfprnn","Edon Zhegrova","","496857","1999-03-30","Kosovo","Attack","Right Winger",180,10000000,"first_team","cmuihqb7i00a9h29e7t17vakf","Juventus FC","","",""
"cmuihw0ke08uqsexpgv9x9hys","Federico Gatti","","509022","1998-06-23","Italy","Defender","Centre-Back",190,14000000,"first_team","cmuihqb7i00a9h29e7t17vakf","Juventus FC","","",""
"cmuihw0k508ocsexpfvrsp43o","Francisco Conceição","","487474","2002-12-13","Portugal","Attack","Right Winger",166,30000000,"first_team","cmuihqb7i00a9h29e7t17vakf","Juventus FC","","",""
"cmuihvyqu064ksexp6ttb66ol","Guglielmo Vicario","","286047","1996-10-06","Italy","Goalkeeper","Goalkeeper",194,18000000,"on_loan","cmuihqb7i00a9h29e7t17vakf","Juventus FC","cmuihpzs8003vh29eyrxt8nk5","Tottenham Hotspur","2027-06-30"
"cmuihw3f90bt2sexpxwkdu85l","Jeff Ekhator","","934878","2006-11-10","Italy","Attack","Centre-Forward",188,18000000,"first_team","cmuihqb7i00a9h29e7t17vakf","Juventus FC","","",""
"cmuihvy5w052ssexpvfcdryyt","Jérémie Boga","","216569","1997-01-02","Cote d'Ivoire","Attack","Left Winger",172,8000000,"first_team","cmuihqb7i00a9h29e7t17vakf","Juventus FC","","",""
"cmuihvzwn07yvsexpu0yz6zl6","Jhon Lucumí","","413565","1998-06-25","Colombia","Defender","Centre-Back",187,22000000,"first_team","cmuihqb7i00a9h29e7t17vakf","Juventus FC","","",""
"cmuihw2pf0af8sexp5mh563zl","Juan Cabal","","686965","2001-01-07","Colombia","Defender","Left-Back",186,7000000,"first_team","cmuihqb7i00a9h29e7t17vakf","Juventus FC","","",""
"cmuihvzb9071jsexpi984dqda","Kamil Grabara","","346551","1999-01-07","Poland","Goalkeeper","Goalkeeper",195,12000000,"first_team","cmuihqb7i00a9h29e7t17vakf","Juventus FC","","",""
"cmuihw3ek0bbisexpchrvzsmb","Kenan Yıldız","","845654","2005-05-03","Türkiye","Attack","Left Winger",187,75000000,"first_team","cmuihqb7i00a9h29e7t17vakf","Juventus FC","","",""
"cmuo542fy0007bpsmf6zb18vt","Kerim Alajbegovic","","929994","2007-09-21","Bosnia-Herzegovina; Germany","Left Winger","Left Winger",,0,"first_team","cmuihqb7i00a9h29e7t17vakf","Juventus FC","","",""
"cmuihw0jn08fzsexpesm33a1e","Khéphren Thuram","","463618","2001-03-25","France","Midfield","Central Midfield",192,38000000,"first_team","cmuihqb7i00a9h29e7t17vakf","Juventus FC","","",""
"cmuihw0k008lnsexpij3ln0ui","Lloyd Kelly","","480116","1998-10-05","England","Defender","Centre-Back",189,23000000,"first_team","cmuihqb7i00a9h29e7t17vakf","Juventus FC","","",""
"cmuihvyqg05udsexpiguvv13g","Manuel Locatelli","","265088","1998-01-07","Italy","Midfield","Defensive Midfield",185,25000000,"first_team","cmuihqb7i00a9h29e7t17vakf","Juventus FC","","",""
"cmuo5426a0005bpsmq2ku42l2","Neto","","111819","1989-07-19","Brazil; Italy","Goalkeeper","Goalkeeper",,900000,"first_team","cmuihqb7i00a9h29e7t17vakf","Juventus FC","","",""
"cmuihw0jb08btsexpbui71i83","Nick Woltemade","","455661","2002-02-13","Germany","Attack","Centre-Forward",198,55000000,"first_team","cmuihqb7i00a9h29e7t17vakf","Juventus FC","","",""
"cmuihw0k408nssexp1xm4dlzv","Nico González","","486031","1998-04-05","Argentina","Attack","Left Winger",180,22000000,"first_team","cmuihqb7i00a9h29e7t17vakf","Juventus FC","","",""
"cmuihw1dg09eysexpet5m9lol","Pape Matar Sarr","","568693","2002-09-13","Senegal","Midfield","Central Midfield",185,30000000,"on_loan","cmuihqb7i00a9h29e7t17vakf","Juventus FC","cmuihpzs8003vh29eyrxt8nk5","Tottenham Hotspur","2027-06-30"
"cmuihw1em09kesexpplw6s637","Pierre Kalulu","","585949","2000-06-04","France","Defender","Centre-Back",182,32000000,"first_team","cmuihqb7i00a9h29e7t17vakf","Juventus FC","","",""
"cmuihw0k508oosexppdzg9fdq","Randal Kolo Muani","","487969","1998-12-04","France","Attack","Centre-Forward",187,20000000,"first_team","cmuihqb7i00a9h29e7t17vakf","Juventus FC","","",""
"cmuihvzbk079nsexppd0mzly3","Teun Koopmeiners","","360518","1998-02-27","Netherlands","Midfield","Defensive Midfield",185,14000000,"first_team","cmuihqb7i00a9h29e7t17vakf","Juventus FC","","",""
"cmuihvzar06q4sexpbg9ouv0u","Weston McKennie","","332697","1998-08-27","United States","Midfield","Central Midfield",180,30000000,"first_team","cmuihqb7i00a9h29e7t17vakf","Juventus FC","","",""
"cmuihvy6k05mdsexp1not9wrd","Zeki Çelik","","251075","1997-02-16","Türkiye","Defender","Right-Back",180,14000000,"first_team","cmuihqb7i00a9h29e7t17vakf","Juventus FC","","",""
"cmuo57uqm003rti9ko9t9adxy","Ahmed Touba","","325924","1998-03-13","Algeria; Belgium","Centre-Back","Centre-Back",,2500000,"first_team","cmuihqelr00bzh29ek4d30ziu","Le Havre AC","","",""
"cmuihvxfr04g5sexpgn35cvcq","Ally Samatta","","182201","1992-12-22","Tanzania","Attack","Centre-Forward",183,700000,"first_team","cmuihqelr00bzh29ek4d30ziu","Le Havre AC","","",""
"cmuihw3ev0bjhsexppo3ks26y","Amir Richardson","","893675","2002-01-23","Morocco","Midfield","Central Midfield",197,4000000,"first_team","cmuihqelr00bzh29ek4d30ziu","Le Havre AC","","",""
"cmuihvzwo07zusexp5rwbncc6","Arnaud Bodart","","417278","1998-03-10","Belgium","Goalkeeper","Goalkeeper",186,1500000,"first_team","cmuihqelr00bzh29ek4d30ziu","Le Havre AC","","",""
"cmuihvzwh07unsexpkvsmr8r7","Ayumu Seko","","405389","2000-06-06","Japan","Defender","Centre-Back",186,5000000,"first_team","cmuihqelr00bzh29ek4d30ziu","Le Havre AC","","",""
"cmuihw4qz0cqqsexpd3hqhf4r","Daren Mosengo","","1119880","2006-08-10","France","Midfield","Defensive Midfield",188,300000,"first_team","cmuihqelr00bzh29ek4d30ziu","Le Havre AC","","",""
"cmuo57v15003vti9ku75nj8ul","Djibril Ouziad","","1524445","2009-04-27","France; Algeria","Right-Back","Right-Back",,0,"first_team","cmuihqelr00bzh29ek4d30ziu","Le Havre AC","","",""
"cmuo57uwk003tti9kn65d1ji7","Elias Jelert","","646478","2003-06-12","Denmark","Right-Back","Right-Back",,5000000,"first_team","cmuihqelr00bzh29ek4d30ziu","Le Havre AC","","",""
"cmuihw2q70ayzsexpcup9fz92","Elysée Logbo","","770407","2004-05-05","France","Attack","Centre-Forward",188,300000,"first_team","cmuihqelr00bzh29ek4d30ziu","Le Havre AC","","",""
"cmuihw4qz0cqrsexpraypyxay","Enzo Koffi","","1119881","2006-03-03","France","Defender","Left-Back",183,1800000,"first_team","cmuihqelr00bzh29ek4d30ziu","Le Havre AC","","",""
"cmuihw0kd08uksexpd30mms8g","Felix Mambimbi","","507496","2001-01-17","Switzerland","Attack","Left Winger",171,500000,"first_team","cmuihqelr00bzh29ek4d30ziu","Le Havre AC","","",""
"cmuo57uli003pti9khaswbo8y","Gauthier Gallon","","193256","1993-04-23","France","Goalkeeper","Goalkeeper",,600000,"first_team","cmuihqelr00bzh29ek4d30ziu","Le Havre AC","","",""
"cmuihw4qz0cqpsexp8vaewyov","Guy-Noël Zohouri","","1119877","2007-01-31","Cote d'Ivoire","Midfield","Central Midfield",188,0,"first_team","cmuihqelr00bzh29ek4d30ziu","Le Havre AC","","",""
"cmuihw43j0c4ksexp4v6kdvu6","Ismaïl Bouneb","","986286","2006-06-06","France","Midfield","Attacking Midfield",182,100000,"first_team","cmuihqelr00bzh29ek4d30ziu","Le Havre AC","","",""
"cmuihw43h0c29sexp7eg55mpe","Joan Tincres","","975348","2006-06-16","France","Attack","Centre-Forward",182,100000,"first_team","cmuihqelr00bzh29ek4d30ziu","Le Havre AC","","",""
"cmuihw0ja08b9sexpat717gki","Josh Maja","","453824","1998-12-26","Nigeria","Attack","Centre-Forward",181,5000000,"first_team","cmuihqelr00bzh29ek4d30ziu","Le Havre AC","","",""
"cmuihw43s0c9hsexpfu8polvj","Junior Mwanga","","1011200","2003-05-10","France","Midfield","Defensive Midfield",184,6000000,"first_team","cmuihqelr00bzh29ek4d30ziu","Le Havre AC","","",""
"cmuihw24u0adpsexpc45gwd5z","Kaito Mizuta","","677794","2000-04-07","Japan","Midfield","Attacking Midfield",182,225000,"first_team","cmuihqelr00bzh29ek4d30ziu","Le Havre AC","","",""
"cmuihvwsb047dsexpx252m8r9","Lionel Mpasi-Nzau","","164915","1994-07-31","DR Congo","Goalkeeper","Goalkeeper",182,400000,"first_team","cmuihqelr00bzh29ek4d30ziu","Le Havre AC","","",""
"cmuihw24n0a8ysexpm0rgkgmf","Rassoul Ndiaye","","662242","2001-12-10","Senegal","Midfield","Central Midfield",179,8000000,"first_team","cmuihqelr00bzh29ek4d30ziu","Le Havre AC","","",""
"cmuihw4rb0cuxsexpis4sq5ny","Rayan Fofana","","1160814","2006-02-11","France","Attack","Centre-Forward",187,8000000,"first_team","cmuihqelr00bzh29ek4d30ziu","Le Havre AC","","",""
"cmuihw2q70az0sexpbypjhdxp","Simon Ebonog","","770436","2004-08-15","France","Midfield","Central Midfield",186,4500000,"first_team","cmuihqelr00bzh29ek4d30ziu","Le Havre AC","","",""
"cmuo57v5l003xti9k4gl0h19p","Sota Nakamura","","1268075","2002-10-15","Japan","Centre-Forward","Centre-Forward",,900000,"first_team","cmuihqelr00bzh29ek4d30ziu","Le Havre AC","","",""
"cmuihw4rm0d10sexpq6gjmh0u","Stephan Zagadou","","1228317","2008-10-23","France","Defender","Centre-Back",186,4000000,"first_team","cmuihqelr00bzh29ek4d30ziu","Le Havre AC","","",""
"cmuihw1ct094nsexpn292sopa","Timothée Pembélé","","538998","2002-09-08","France","Defender","Right-Back",183,1800000,"first_team","cmuihqelr00bzh29ek4d30ziu","Le Havre AC","","",""
"cmuihvwrc03hnsexprtxkohhn","Vincent Sasso","","122115","1991-02-15","France","Defender","Centre-Back",190,200000,"first_team","cmuihqelr00bzh29ek4d30ziu","Le Havre AC","","",""
"cmuo58390005pti9kydc99db9","Adil Bourabaa","","1166137","2005-03-09","Algeria; France","Central Midfield","Central Midfield",,0,"first_team","cmundu8pm0007zjoeofq74h3t","Le Mans FC","","",""
"cmuihw24o0a9zsexpsj4mjot0","Alexandre Lauray","","666744","1997-03-17","France","Defender","Right-Back",178,250000,"first_team","cmundu8pm0007zjoeofq74h3t","Le Mans FC","","",""
"cmuihvwru03wosexpf17t65gj","Antoine Rabillard","","146373","1995-09-21","France","Attack","Centre-Forward",180,500000,"first_team","cmundu8pm0007zjoeofq74h3t","Le Mans FC","","",""
"cmuo580zg0057ti9kqpy5dl0f","Augustin Delbecque","","569359","2002-02-03","France","Goalkeeper","Goalkeeper",,0,"first_team","cmundu8pm0007zjoeofq74h3t","Le Mans FC","","",""
"cmuihw1cw096fsexpz186ybwv","Billal Brahimi","","543051","2000-03-13","Algeria","Attack","Right Winger",183,1000000,"first_team","cmundu8pm0007zjoeofq74h3t","Le Mans FC","","",""
"cmuo5848k005xti9krel48vou","Dame Gueye","","422711","1995-08-12","Senegal","Centre-Forward","Centre-Forward",,0,"first_team","cmundu8pm0007zjoeofq74h3t","Le Mans FC","","",""
"cmuihw43k0c4osexprv4hoqry","Daouda Traoré","","986300","2006-07-21","France","Midfield","Central Midfield",188,200000,"first_team","cmundu8pm0007zjoeofq74h3t","Le Mans FC","","",""
"cmuihvws5044ksexp8kq39jgw","Djibril Sidibé","","161869","1992-07-28","France","Defender","Right-Back",183,1000000,"first_team","cmundu8pm0007zjoeofq74h3t","Le Mans FC","","",""
"cmuo583lm005tti9k33uzmwlw","Edwin Quarshie","","590048","1995-10-25","Central African Republic; France","Central Midfield","Central Midfield",,500000,"first_team","cmundu8pm0007zjoeofq74h3t","Le Mans FC","","",""
"cmuo584ib0061ti9kn5dldqoh","Enzo Vagner","","1027788","2006-07-28","Brazil","Centre-Forward","Centre-Forward",,0,"first_team","cmundu8pm0007zjoeofq74h3t","Le Mans FC","","",""
"cmuihw2qc0b2ssexpqc9keayq","Erwan Colas","","804386","1997-04-21","France","Midfield","Left Midfield",179,600000,"first_team","cmundu8pm0007zjoeofq74h3t","Le Mans FC","","",""
"cmuihw2pw0arksexpexd5yicc","Ewan Hatfout","","725963","2000-03-31","France","Goalkeeper","Goalkeeper",194,100000,"first_team","cmundu8pm0007zjoeofq74h3t","Le Mans FC","","",""
"cmuihvzb8070gsexp80noa3d0","Habib Diallo","","344888","1995-06-17","Senegal","Attack","Centre-Forward",186,4000000,"first_team","cmundu8pm0007zjoeofq74h3t","Le Mans FC","","",""
"cmuo58294005fti9klq1l3cx9","Harold Voyer","","344382","1997-03-26","Martinique; France","Centre-Back","Centre-Back",,0,"first_team","cmundu8pm0007zjoeofq74h3t","Le Mans FC","","",""
"cmuo583fx005rti9kiulhxlmk","Jean Vercruysse","","626592","2000-07-03","France","Central Midfield","Central Midfield",,0,"first_team","cmundu8pm0007zjoeofq74h3t","Le Mans FC","","",""
"cmuo582zr005lti9k6nqp6otj","João Almeida","","1092429","2006-01-16","Brazil","Left-Back","Left-Back",,400000,"first_team","cmundu8pm0007zjoeofq74h3t","Le Mans FC","","",""
"cmuihw0jk08ezsexpfdoucdvr","Louis Mafouta","","461790","1994-07-01","Central African Republic","Attack","Centre-Forward",181,1000000,"first_team","cmundu8pm0007zjoeofq74h3t","Le Mans FC","","",""
"cmuo5834b005nti9kemha6ggc","Lucas Bretelle","","941561","2002-04-17","France","Defensive Midfield","Defensive Midfield",,1200000,"first_team","cmundu8pm0007zjoeofq74h3t","Le Mans FC","","",""
"cmuihw1bv0917sexpfoi594er","Lucas Buades","","531960","1997-12-27","France","Midfield","Right Midfield",181,500000,"first_team","cmundu8pm0007zjoeofq74h3t","Le Mans FC","","",""
"cmuihw3ep0bdrsexpjdkv9bfo","Lucas Calodat","","857653","2002-02-05","France","Defender","Left-Back",,100000,"first_team","cmundu8pm0007zjoeofq74h3t","Le Mans FC","","",""
"cmuo5843r005vti9kv0pcrqjt","Martin Rossignol","","1010671","2003-11-03","France","Central Midfield","Central Midfield",,400000,"first_team","cmundu8pm0007zjoeofq74h3t","Le Mans FC","","",""
"cmuo580rq0055ti9kx6fnuj40","Nicolas Kocik","","357069","1998-08-04","France; Poland","Goalkeeper","Goalkeeper",,1500000,"first_team","cmundu8pm0007zjoeofq74h3t","Le Mans FC","","",""
"cmuo581if0059ti9kd3tvotgw","Noa Boissé","","1169041","2006-01-20","France","Centre-Back","Centre-Back",,0,"first_team","cmundu8pm0007zjoeofq74h3t","Le Mans FC","","",""
"cmuo581re005bti9ki9n1433w","Raúl Torrente","","631222","2001-09-11","Spain","Centre-Back","Centre-Back",,2500000,"first_team","cmundu8pm0007zjoeofq74h3t","Le Mans FC","","",""
"cmuihw43i0c2tsexp31iol4ol","Rayan Bamba","","979760","2004-05-13","France","Defender","Right-Back",185,0,"first_team","cmundu8pm0007zjoeofq74h3t","Le Mans FC","","",""
"cmuo582hz005hti9ksyunfd7c","Samuel Yohou","","386048","1991-08-06","France; Cote d'Ivoire","Centre-Back","Centre-Back",,200000,"first_team","cmundu8pm0007zjoeofq74h3t","Le Mans FC","","",""
"cmuo58208005dti9ku7utd9ef","Théo Eyoum","","801762","2002-01-07","France","Centre-Back","Centre-Back",,0,"first_team","cmundu8pm0007zjoeofq74h3t","Le Mans FC","","",""
"cmuo584d1005zti9kvg060y58","William Harhouz","","1029482","1999-12-30","France; Algeria","Centre-Forward","Centre-Forward",,400000,"first_team","cmundu8pm0007zjoeofq74h3t","Le Mans FC","","",""
"cmuo582qv005jti9k0uanav29","Yasser Larouci","","554251","2001-01-01","Algeria; France","Left-Back","Left-Back",,1500000,"first_team","cmundu8pm0007zjoeofq74h3t","Le Mans FC","","",""
"cmuihvxg404orsexp1ejw8jvh","Alex Cairns","","194386","1993-01-03","England","Goalkeeper","Goalkeeper",183,50000,"first_team","cmuihq8hv008ph29ejwdrv7xd","Leeds United","","",""
"cmuihvzb706zrsexp8kly9192","Anton Stach","","344069","1998-11-14","Germany","Midfield","Defensive Midfield",194,28000000,"first_team","cmuihq8hv008ph29ejwdrv7xd","Leeds United","","",""
"cmuihw0k508p3sexpaxr3ubkl","Ao Tanaka","","489359","1998-09-09","Japan","Midfield","Central Midfield",180,13000000,"first_team","cmuihq8hv008ph29ejwdrv7xd","Leeds United","","",""
"cmuihvzw407odsexp3vsk3p0w","Brenden Aaronson","","393323","2000-10-21","United States","Midfield","Attacking Midfield",177,22000000,"first_team","cmuihq8hv008ph29ejwdrv7xd","Leeds United","","",""
"cmuihvzam06kysexp7q3pat6y","Daniel James","","319301","1997-11-09","Wales","Attack","Right Winger",171,10000000,"first_team","cmuihq8hv008ph29ejwdrv7xd","Leeds United","","",""
"cmuihvyr806fasexpyz5d3lhb","Dominic Calvert-Lewin","","306024","1997-03-15","England","Attack","Centre-Forward",189,22000000,"first_team","cmuihq8hv008ph29ejwdrv7xd","Leeds United","","",""
"cmuihvzw407nrsexp46o0vpdk","Ethan Ampadu","","392771","2000-09-13","Wales","Midfield","Defensive Midfield",182,30000000,"first_team","cmuihq8hv008ph29ejwdrv7xd","Leeds United","","",""
"cmuihvzbl07aksexpn86qa6nt","Gabriel Gudmundsson","","362108","1999-04-28","Sweden","Defender","Left-Back",181,20000000,"first_team","cmuihq8hv008ph29ejwdrv7xd","Leeds United","","",""
"cmuihvyqq060jsexp26ft7zga","Harry Wilson","","279455","1997-03-21","Wales","Attack","Right Winger",173,25000000,"first_team","cmuihq8hv008ph29ejwdrv7xd","Leeds United","","",""
"cmuihvzvx07i2sexp1x6edb78","Ilia Gruev","","381753","2000-05-05","Bulgaria","Midfield","Defensive Midfield",185,12000000,"first_team","cmuihq8hv008ph29ejwdrv7xd","Leeds United","","",""
"cmuihvzvr07dzsexperdps3g2","Jaka Bijol","","371851","1999-02-04","Slovenia","Defender","Centre-Back",190,20000000,"first_team","cmuihq8hv008ph29ejwdrv7xd","Leeds United","","",""
"cmuihvzwm07ypsexpm9yaiwcr","James Justin","","413220","1998-02-22","England","Defender","Right-Back",183,12000000,"first_team","cmuihq8hv008ph29ejwdrv7xd","Leeds United","","",""
"cmuihw1de09drsexp8ars2p0y","James Trafford","","566799","2002-10-09","England","Goalkeeper","Goalkeeper",192,25000000,"first_team","cmuihq8hv008ph29ejwdrv7xd","Leeds United","","",""
"cmuihw0jo08gtsexpzj4w5h51","Jayden Bogle","","465717","2000-07-26","England","Defender","Right-Back",178,15000000,"first_team","cmuihq8hv008ph29ejwdrv7xd","Leeds United","","",""
"cmuihw3fb0bvmsexp375mkdmo","Jean-Mattéo Bahoya","","939964","2005-05-06","France","Attack","Left Winger",180,25000000,"first_team","cmuihq8hv008ph29ejwdrv7xd","Leeds United","","",""
"cmuihvyr506cmsexp4lwlp0t9","Joe Rodon","","297212","1997-10-21","Wales","Defender","Centre-Back",193,18000000,"first_team","cmuihq8hv008ph29ejwdrv7xd","Leeds United","","",""
"cmuihvyra06htsexpi51v0uxk","Lukas Nmecha","","314288","1998-12-13","Germany","Attack","Centre-Forward",185,10000000,"first_team","cmuihq8hv008ph29ejwdrv7xd","Leeds United","","",""
"cmuihw3ei0ba6sexpihfi9nwn","Mateo Joseph","","834742","2003-10-18","Spain","Attack","Centre-Forward",185,3500000,"first_team","cmuihq8hv008ph29ejwdrv7xd","Leeds United","","",""
"cmuihw1bv091esexpig2cqnz6","Melvin Bard","","532775","2000-11-05","France","Defender","Left-Back",173,10000000,"first_team","cmuihq8hv008ph29ejwdrv7xd","Leeds United","","",""
"cmuihvxg604q7sexpwidro8nd","Michael Zetterer","","196813","1995-07-11","Germany","Goalkeeper","Goalkeeper",187,4000000,"first_team","cmuihq8hv008ph29ejwdrv7xd","Leeds United","","",""
"cmuihvxg304npsexp7hkzqcv5","Nico Elvedi","","192635","1996-09-29","Switzerland","Defender","Centre-Back",189,8000000,"first_team","cmuihq8hv008ph29ejwdrv7xd","Leeds United","","",""
"cmuihvzb9071ysexpumpma9he","Noah Okafor","","346890","2000-05-23","Switzerland","Attack","Left Winger",185,25000000,"first_team","cmuihq8hv008ph29ejwdrv7xd","Leeds United","","",""
"cmuihvzb9071ssexpuohcwyal","Sean Longstaff","","346707","1997-10-29","England","Midfield","Central Midfield",187,15000000,"first_team","cmuihq8hv008ph29ejwdrv7xd","Leeds United","","",""
"cmuihw24u0ae3sexpcsi96yqi","Tarik Muharemović","","679423","2003-02-27","Bosnia-Herzegovina","Defender","Centre-Back",192,25000000,"first_team","cmuihq8hv008ph29ejwdrv7xd","Leeds United","","",""
"cmuihvxfy04j6sexpworuwpnt","Bobby De Cordova-Reid","","186186","1993-02-01","Jamaica","Midfield","Attacking Midfield",170,700000,"first_team","cmuihnjhl000db23fh1satlpq","Leicester City","","",""
"cmuihw4460cj7sexpj9chah07","Harry Howell","","1067168","2008-04-19","England","Midfield","Attacking Midfield",,300000,"on_loan","cmuihnjhl000db23fh1satlpq","Leicester City","cmuihomne002bb23fq0sdhdrm","Brighton & Hove Albion","2027-06-30"
"cmuihvvw7036usexphbxaobwn","Jannik Vestergaard","","99331","1992-08-02","Denmark","Defender","Centre-Back",199,1000000,"first_team","cmuihnjhl000db23fh1satlpq","Leicester City","","",""
"cmuihvvwg03aasexp4imv6pkm","Jordan Ayew","","108354","1991-09-10","Ghana","Attack","Centre-Forward",182,1800000,"first_team","cmuihnjhl000db23fh1satlpq","Leicester City","","",""
"cmuihw1dc09ctsexp0w0bqk4h","Victor Kristiansen","","564529","2002-12-15","Denmark","Defender","Left-Back",181,9000000,"first_team","cmuihnjhl000db23fh1satlpq","Leicester City","","",""
"cmuihvzb506xxsexpndhaql6x","Adrián Dela","","341263","1999-02-25","Spain","Defender","Centre-Back",179,4000000,"first_team","cmuihq6me007nh29ezmai1c1u","Levante UD","","",""
"cmuihvvv602u5sexpzz9vi8ux","Aïssa Mandi","","80293","1991-10-21","Algeria","Defender","Centre-Back",184,1000000,"first_team","cmuihq6me007nh29ezmai1c1u","Levante UD","","",""
"cmuihw4480cl2sexpdx0brrr8","Axel Tape","","1077670","2007-08-09","France","Defender","Centre-Back",180,8000000,"first_team","cmuihq6me007nh29ezmai1c1u","Levante UD","","",""
"cmuihw3fd0bwxsexppcjito04","Dani Requena","","945709","2004-02-11","Spain","Midfield","Central Midfield",186,400000,"first_team","cmuihq6me007nh29ezmai1c1u","Levante UD","","",""
"cmuo51coh002egffhuxvm8x6s","Enzo Bardeli","","707222","2001-04-11","France","Central Midfield","Central Midfield",,6000000,"first_team","cmuihq6me007nh29ezmai1c1u","Levante UD","","",""
"cmuihw3ev0bj9sexp3o19m47p","Hugo Sotelo","","892221","2003-12-18","Spain","Midfield","Central Midfield",180,5000000,"first_team","cmuihq6me007nh29ezmai1c1u","Levante UD","","",""
"cmuo51cfe002agffh4rfwcof3","Ifeanyi Ndukwe","","1167696","2008-03-03","Austria","Centre-Back","Centre-Back",,3000000,"first_team","cmuihq6me007nh29ezmai1c1u","Levante UD","","",""
"cmuihw24a09ytsexp64eepgzw","Iván Romero","","628886","2001-04-09","Spain","Attack","Centre-Forward",173,8000000,"first_team","cmuihq6me007nh29ezmai1c1u","Levante UD","","",""
"cmuihvwrk03oysexplheuzd6p","Jeremy Toljan","","129674","1994-08-07","Germany","Defender","Right-Back",182,2000000,"first_team","cmuihq6me007nh29ezmai1c1u","Levante UD","","",""
"cmuihw24809xfsexp9osqlwuo","Jon Ander Olasagasti","","625660","2000-08-15","Spain","Midfield","Central Midfield",176,2500000,"first_team","cmuihq6me007nh29ezmai1c1u","Levante UD","","",""
"cmuihw4430chxsexp5dle83ou","Jorge Cabello","","1063333","2004-04-24","Spain","Defender","Centre-Back",183,900000,"first_team","cmuihq6me007nh29ezmai1c1u","Levante UD","","",""
"cmuihw43v0ccesexpclhocfjt","Karl Etta Eyong","","1038950","2003-10-13","Cameroon","Attack","Centre-Forward",181,15000000,"first_team","cmuihq6me007nh29ezmai1c1u","Levante UD","","",""
"cmuihw24609v9sexpdrx4yn82","Manu Sánchez","","618809","2000-08-23","Spain","Defender","Left-Back",171,6000000,"first_team","cmuihq6me007nh29ezmai1c1u","Levante UD","","",""
"cmuo51ckb002cgffhww5smju8","Marc Santos","","1476132","2010-11-09","Spain","Left-Back","Left-Back",,0,"first_team","cmuihq6me007nh29ezmai1c1u","Levante UD","","",""
"cmuihvwrk03o6sexpmzsneno4","Mathew Ryan","","128969","1992-04-07","Australia","Goalkeeper","Goalkeeper",184,1800000,"first_team","cmuihq6me007nh29ezmai1c1u","Levante UD","","",""
"cmuihw4sf0d6ksexpyg5e6omb","Nacho Pérez","","1371830","2008-08-28","Spain","Defender","Right-Back",176,300000,"first_team","cmuihq6me007nh29ezmai1c1u","Levante UD","","",""
"cmuihvyr306b5sexpnulkkvhj","Oriol Rey","","293388","1998-02-24","Spain","Midfield","Defensive Midfield",177,1800000,"first_team","cmuihq6me007nh29ezmai1c1u","Levante UD","","",""
"cmuihw24509uasexppxhjngg6","Pablo Campos","","617059","2002-04-27","Spain","Goalkeeper","Goalkeeper",188,1500000,"first_team","cmuihq6me007nh29ezmai1c1u","Levante UD","","",""
"cmuihw4rn0d1asexpu73xp9lb","Paco Cortés","","1232057","2007-08-10","Spain","Attack","Left Winger",178,1500000,"first_team","cmuihq6me007nh29ezmai1c1u","Levante UD","","",""
"cmuihw3ek0bbnsexp0nqehfwc","Petar Ratkov","","846254","2003-08-17","Serbia","Attack","Centre-Forward",193,9000000,"first_team","cmuihq6me007nh29ezmai1c1u","Levante UD","","",""
"cmuihw1d809aqsexp6k60irrp","Roger Brugué","","557057","1996-11-03","Spain","Attack","Left Winger",174,2000000,"first_team","cmuihq6me007nh29ezmai1c1u","Levante UD","","",""
"cmuihw4r00cresexpk3qvw00h","Thiago Fernández","","1127730","2004-04-02","Argentina","Attack","Left Winger",175,4500000,"first_team","cmuihq6me007nh29ezmai1c1u","Levante UD","","",""
"cmuihw1es09lesexps9bzbh77","Víctor García","","590690","1997-09-15","Spain","Attack","Right Winger",180,1500000,"first_team","cmuihq6me007nh29ezmai1c1u","Levante UD","","",""
"cmuo51ct1002ggffhrs904ocz","Yanis Musuayi","","1299566","2007-06-26","Belgium","Centre-Forward","Centre-Forward",,600000,"first_team","cmuihq6me007nh29ezmai1c1u","Levante UD","","",""
"cmuihvzba072ysexp19l0xda9","Alexander Isak","","349066","1999-09-20","Sweden","Attack","Centre-Forward",190,85000000,"first_team","cmuihq5k0006zh29erp4cykkk","Liverpool FC","","",""
"cmuihw1bw0921sexpcapsosds","Alexis Mac Allister","","534033","1998-12-23","Argentina","Midfield","Central Midfield",176,70000000,"first_team","cmuihq5k0006zh29erp4cykkk","Liverpool FC","","",""
"cmuihvvwe039gsexp6w3p9kg0","Alisson","","105470","1992-10-01","Brazil","Goalkeeper","Goalkeeper",193,15000000,"first_team","cmuihq5k0006zh29erp4cykkk","Liverpool FC","","",""
"cmuihw2pq0am9sexpi3o8vxvy","Bradley Barcola","","708265","2002-09-01","France","Attack","Left Winger",187,70000000,"first_team","cmuihq5k0006zh29erp4cykkk","Liverpool FC","","",""
"cmuihw0iv086dsexpf5bsr8sg","Cody Gakpo","","434675","1999-05-06","Netherlands","Attack","Left Winger",193,60000000,"first_team","cmuihq5k0006zh29erp4cykkk","Liverpool FC","","",""
"cmuihw24809wwsexpcyxzqopg","Conor Bradley","","624258","2003-07-08","Northern Ireland","Defender","Right-Back",181,25000000,"first_team","cmuihq5k0006zh29erp4cykkk","Liverpool FC","","",""
"cmuihw0j808a5sexp567d9rpr","Dominik Szoboszlai","","451276","2000-10-24","Hungary","Midfield","Attacking Midfield",187,100000000,"first_team","cmuihq5k0006zh29erp4cykkk","Liverpool FC","","",""
"cmuihvzb506xqsexpvyr8v7ua","Federico Chiesa","","341092","1997-10-24","Italy","Attack","Right Winger",175,13000000,"first_team","cmuihq5k0006zh29erp4cykkk","Liverpool FC","","",""
"cmuihw23x09odsexp4l5sqs2x","Florian Wirtz","","598577","2003-05-02","Germany","Midfield","Attacking Midfield",177,100000000,"first_team","cmuihq5k0006zh29erp4cykkk","Liverpool FC","","",""
"cmuihvy61056nsexpsgzru386","Freddie Woodman","","226049","1997-03-03","England","Goalkeeper","Goalkeeper",188,3000000,"first_team","cmuihq5k0006zh29erp4cykkk","Liverpool FC","","",""
"cmuihw0k808rwsexp3ucyck9x","Giorgi Mamardashvili","","502676","2000-09-28","Georgia","Goalkeeper","Goalkeeper",197,28000000,"first_team","cmuihq5k0006zh29erp4cykkk","Liverpool FC","","",""
"cmuihw44a0cmssexpp9ufxaz2","Giovanni Leoni","","1086619","2006-12-20","Italy","Defender","Centre-Back",196,25000000,"first_team","cmuihq5k0006zh29erp4cykkk","Liverpool FC","","",""
"cmuihw2pp0al8sexpqfbpn8mi","Harvey Davies","","706815","2003-09-02","England","Goalkeeper","Goalkeeper",190,500000,"first_team","cmuihq5k0006zh29erp4cykkk","Liverpool FC","","",""
"cmuihw2pr0amwsexpdnpj4m6f","Hugo Ekitiké","","709726","2002-06-19","France","Attack","Centre-Forward",190,80000000,"first_team","cmuihq5k0006zh29erp4cykkk","Liverpool FC","","",""
"cmuihw3ek0bbesexpcvzn5nsf","James McConnell","","845289","2004-09-12","England","Midfield","Defensive Midfield",180,2000000,"first_team","cmuihq5k0006zh29erp4cykkk","Liverpool FC","","",""
"cmuihw0k308n0sexpptfjboga","Jeremie Frimpong","","484547","2000-12-09","Netherlands","Defender","Right-Back",172,35000000,"first_team","cmuihq5k0006zh29erp4cykkk","Liverpool FC","","",""
"cmuihw43q0c7psexpqaax7f0c","Jérémy Jacquet","","1004301","2005-07-12","France","Defender","Centre-Back",190,55000000,"first_team","cmuihq5k0006zh29erp4cykkk","Liverpool FC","","",""
"cmuihvy6o05oysexp5twtnvql","Joe Gomez","","256178","1997-05-22","England","Defender","Centre-Back",188,13000000,"first_team","cmuihq5k0006zh29erp4cykkk","Liverpool FC","","",""
"cmuihvzb006uesexp30kev9vn","Konstantinos Tsimikas","","338070","1996-05-11","Greece","Defender","Left-Back",179,4500000,"first_team","cmuihq5k0006zh29erp4cykkk","Liverpool FC","","",""
"cmuihw3f20borsexpl2oubz28","Lewis Koumas","","922462","2005-09-18","Wales","Attack","Left Winger",182,4000000,"first_team","cmuihq5k0006zh29erp4cykkk","Liverpool FC","","",""
"cmuihw2px0asksexpy4zqe21j","Milos Kerkez","","730861","2003-11-06","Hungary","Defender","Left-Back",180,35000000,"first_team","cmuihq5k0006zh29erp4cykkk","Liverpool FC","","",""
"cmuihw44d0cpgsexph6hcif9o","Rio Ngumoha","","1108466","2008-08-28","England","Attack","Left Winger",170,30000000,"first_team","cmuihq5k0006zh29erp4cykkk","Liverpool FC","","",""
"cmuihw0k008lqsexpq4opbdwx","Ronald Araujo","","480267","1999-03-06","Uruguay","Defender","Centre-Back",192,20000000,"first_team","cmuihq5k0006zh29erp4cykkk","Liverpool FC","","",""
"cmuihw0jz08l2sexphxjfoggc","Ryan Gravenberch","","478573","2002-05-15","Netherlands","Midfield","Defensive Midfield",190,80000000,"first_team","cmuihq5k0006zh29erp4cykkk","Liverpool FC","","",""
"cmuihw43x0cd9sexpgpov6p37","Trey Nyoni","","1045123","2007-06-29","England","Midfield","Central Midfield",180,8000000,"first_team","cmuihq5k0006zh29erp4cykkk","Liverpool FC","","",""
"cmuihw3f90bt9sexpzyhu00fv","Víctor Muñoz","","935231","2003-07-12","Spain","Attack","Left Winger",173,30000000,"first_team","cmuihq5k0006zh29erp4cykkk","Liverpool FC","","",""
"cmuihvwrq03tosexperuq9h70","Virgil van Dijk","","139208","1991-07-07","Netherlands","Defender","Centre-Back",195,15000000,"first_team","cmuihq5k0006zh29erp4cykkk","Liverpool FC","","",""
"cmuihw0k408o2sexpgcslhtco","Vitezslav Jaros","","486604","2001-07-22","Czech Republic","Goalkeeper","Goalkeeper",190,5000000,"first_team","cmuihq5k0006zh29erp4cykkk","Liverpool FC","","",""
"cmuihvwru03wnsexp9wbeq1bm","Wataru Endo","","146310","1993-02-08","Japan","Midfield","Defensive Midfield",178,4000000,"first_team","cmuihq5k0006zh29erp4cykkk","Liverpool FC","","",""
"cmuihw24i0a4dsexp8ydh9eku","Alexsandro","","648020","1999-08-08","Brazil","Defender","Centre-Back",191,15000000,"first_team","cmuihnzfj0017b23f7qeka8w7","LOSC Lille","","",""
"cmuihw1er09lasexpx1dw7gbm","Ayase Ueda","","589128","1998-08-27","Japan","Attack","Centre-Forward",182,17000000,"first_team","cmuihnzfj0017b23f7qeka8w7","LOSC Lille","","",""
"cmuihw3eq0beusexpdvr79tc9","Başar Önal","","864112","2004-07-05","Türkiye","Attack","Left Winger",179,7000000,"first_team","cmuihnzfj0017b23f7qeka8w7","LOSC Lille","","",""
"cmuihvvve02wmsexpawj6ernk","Benjamin André","","84301","1990-08-02","France","Midfield","Defensive Midfield",180,3000000,"first_team","cmuihnzfj0017b23f7qeka8w7","LOSC Lille","","",""
"cmuihvzbl07acsexprnifd69s","Berke Özer","","361256","2000-05-24","Türkiye","Goalkeeper","Goalkeeper",191,10000000,"first_team","cmuihnzfj0017b23f7qeka8w7","LOSC Lille","","",""
"cmuihvy6r05qysexp54y9fjzw","Calvin Verdonk","","258364","1997-04-25","Indonesia","Defender","Left-Back",174,2500000,"first_team","cmuihnzfj0017b23f7qeka8w7","LOSC Lille","","",""
"cmuihw1cu095dsexpeefo1ewh","Dilane Bakwa","","540664","2002-08-25","France","Attack","Right Winger",180,28000000,"first_team","cmuihnzfj0017b23f7qeka8w7","LOSC Lille","","",""
"cmuihw3ey0bl4sexpq6o0xkmp","Ethan Mbappé","","903666","2006-12-28","France","Attack","Right Winger",180,12000000,"first_team","cmuihnzfj0017b23f7qeka8w7","LOSC Lille","","",""
"cmuihvzbf075jsexpqabxgp87","Gaëtan Perrin","","353404","1996-06-06","France","Attack","Right Winger",169,5000000,"first_team","cmuihnzfj0017b23f7qeka8w7","LOSC Lille","","",""
"cmuihw24j0a5osexpdomxu4l4","Hákon Arnar Haraldsson","","652275","2003-04-09","Iceland","Midfield","Attacking Midfield",178,25000000,"first_team","cmuihnzfj0017b23f7qeka8w7","LOSC Lille","","",""
"cmuihw3et0bhtsexp8l2iar97","Hamza Igamane","","885445","2002-11-01","Morocco","Attack","Centre-Forward",181,18000000,"first_team","cmuihnzfj0017b23f7qeka8w7","LOSC Lille","","",""
"cmuihw4rb0cuvsexpk1owu0pb","Isaac Cossier","","1160753","2006-11-29","France","Defender","Centre-Back",193,200000,"first_team","cmuihnzfj0017b23f7qeka8w7","LOSC Lille","","",""
"cmuo576if0019ti9kmbbj1aqn","Loun Srdanovic","","999886","2006-08-04","Switzerland","Right-Back","Right-Back",,0,"first_team","cmuihnzfj0017b23f7qeka8w7","LOSC Lille","","",""
"cmuo576n8001bti9k6l0t3f1s","Maurits Kjærgaard","","610405","2003-06-26","Denmark","Central Midfield","Central Midfield",,8000000,"first_team","cmuihnzfj0017b23f7qeka8w7","LOSC Lille","","",""
"cmuihw4rv0d49sexpzs6cbpk0","Maxima Goffi","","1306455","2008-01-22","France","Defender","Centre-Back",,1000000,"first_team","cmuihnzfj0017b23f7qeka8w7","LOSC Lille","","",""
"cmuihvy6h05jtsexp8bq1km6q","Nabil Bentaleb","","245537","1994-11-23","Algeria","Midfield","Defensive Midfield",189,4500000,"first_team","cmuihnzfj0017b23f7qeka8w7","LOSC Lille","","",""
"cmuihw1d10980sexp0iif3yna","Nathan Ngoy","","548254","2003-06-09","Belgium","Defender","Centre-Back",183,25000000,"first_team","cmuihnzfj0017b23f7qeka8w7","LOSC Lille","","",""
"cmuihw43t0ca1sexpze8erog8","Ngal'ayel Mukau","","1016015","2004-11-02","DR Congo","Midfield","Defensive Midfield",186,15000000,"first_team","cmuihnzfj0017b23f7qeka8w7","LOSC Lille","","",""
"cmuihvvva02vlsexpicfypwhc","Olivier Giroud","","82442","1986-09-29","France","Attack","Centre-Forward",192,900000,"first_team","cmuihnzfj0017b23f7qeka8w7","LOSC Lille","","",""
"cmuo576dz0017ti9knf335zyg","Orlando Gill","","643259","2000-06-11","Paraguay","Goalkeeper","Goalkeeper",,7500000,"first_team","cmuihnzfj0017b23f7qeka8w7","LOSC Lille","","",""
"cmuihw1dq09iosexp86coeysf","Osame Sahraoui","","580657","2001-06-10","Morocco","Attack","Left Winger",170,9000000,"first_team","cmuihnzfj0017b23f7qeka8w7","LOSC Lille","","",""
"cmuihvzal06knsexp44w39lla","Romain Perraud","","318523","1997-09-21","France","Defender","Left-Back",173,7000000,"first_team","cmuihnzfj0017b23f7qeka8w7","LOSC Lille","","",""
"cmuihw4rf0cxlsexpr93zd63t","Soriba Diaoune","","1184007","2007-08-13","France","Attack","Left Winger",174,4000000,"first_team","cmuihnzfj0017b23f7qeka8w7","LOSC Lille","","",""
"cmuihw1ct094msexppy24dn6z","Tanguy Nianzou","","538996","2002-06-06","France","Defender","Centre-Back",191,1200000,"first_team","cmuihnzfj0017b23f7qeka8w7","LOSC Lille","","",""
"cmuihw2qg0b6csexpm7bxhitd","Tiago Morais","","815652","2003-09-02","Portugal","Attack","Left Winger",168,1800000,"first_team","cmuihnzfj0017b23f7qeka8w7","LOSC Lille","","",""
"cmuihw3ee0b6nsexprp1ctbga","Tiago Santos","","816580","2002-07-22","Portugal","Defender","Right-Back",175,10000000,"first_team","cmuihnzfj0017b23f7qeka8w7","LOSC Lille","","",""
"cmuo51so9003xgffhugdwkg9u","Aarón Ochoa","","1109577","2007-04-18","Ireland; Spain","Attacking Midfield","Attacking Midfield",,800000,"first_team","cmuiho0ii0019b23fvb7o5lmu","Málaga CF","","",""
"cmuihw3fb0bv1sexpfya6b2ts","Adam Aznou","","938146","2006-06-01","Morocco","Defender","Left-Back",178,6000000,"on_loan","cmuiho0ii0019b23fvb7o5lmu","Málaga CF","cmuihq4bo006fh29ef9sfod5p","Everton FC","2027-06-30"
"cmuihw3f50bq4sexputxom97u","Adrián Niño","","926849","2004-06-18","Spain","Attack","Centre-Forward",184,500000,"first_team","cmuiho0ii0019b23fvb7o5lmu","Málaga CF","","",""
"cmuihvzwc07rysexp9xlpl4g4","Álex Pastor","","398056","1999-09-30","Spain","Defender","Centre-Back",185,300000,"first_team","cmuiho0ii0019b23fvb7o5lmu","Málaga CF","","",""
"cmuo51r8o003bgffhp2z9biyp","Alfonso Herrero","","129478","1994-04-21","Spain","Goalkeeper","Goalkeeper",,400000,"first_team","cmuiho0ii0019b23fvb7o5lmu","Málaga CF","","",""
"cmuo51rue003jgffheilr3hs0","Ángel Recio","","897521","2003-01-05","Spain","Centre-Back","Centre-Back",,300000,"first_team","cmuiho0ii0019b23fvb7o5lmu","Málaga CF","","",""
"cmuihw24709wosexpyajfyoyj","Carlos Dotor","","623524","2001-03-14","Spain","Midfield","Central Midfield",180,2000000,"first_team","cmuiho0ii0019b23fvb7o5lmu","Málaga CF","","",""
"cmuo51rh2003dgffhrmq04fxe","Carlos López","","1004298","2004-11-13","Spain","Goalkeeper","Goalkeeper",,100000,"first_team","cmuiho0ii0019b23fvb7o5lmu","Málaga CF","","",""
"cmuo51s2m003ngffhrx59onzg","Carlos Puga","","776703","2000-11-26","Spain","Right-Back","Right-Back",,800000,"first_team","cmuiho0ii0019b23fvb7o5lmu","Málaga CF","","",""
"cmuo51t000043gffh9ezf3tj5","Chupe","","780817","2004-08-24","Spain","Centre-Forward","Centre-Forward",,10000000,"first_team","cmuiho0ii0019b23fvb7o5lmu","Málaga CF","","",""
"cmuo51sg4003tgffh1nchz8v9","Dani Lorenzo","","960562","2003-04-05","Spain","Attacking Midfield","Attacking Midfield",,1500000,"first_team","cmuiho0ii0019b23fvb7o5lmu","Málaga CF","","",""
"cmuo51ssg003zgffhre2hkmuc","David Larrubia","","635939","2002-04-20","Spain","Right Winger","Right Winger",,5000000,"first_team","cmuiho0ii0019b23fvb7o5lmu","Málaga CF","","",""
"cmuo51rll003fgffhgxaqrawc","Diego Murillo","","635930","2001-03-14","Spain","Centre-Back","Centre-Back",,1500000,"first_team","cmuiho0ii0019b23fvb7o5lmu","Málaga CF","","",""
"cmuihvy6k05masexpy35ejj6s","Einar Galilea","","251046","1994-05-21","Spain","Defender","Centre-Back",185,400000,"first_team","cmuiho0ii0019b23fvb7o5lmu","Málaga CF","","",""
"cmuo51t9j0045gffhdwfyopgi","Eneko Jauregi","","376589","1996-07-13","Spain","Centre-Forward","Centre-Forward",,700000,"first_team","cmuiho0ii0019b23fvb7o5lmu","Málaga CF","","",""
"cmuihvzbj078gsexpz8a5omhp","Fernando Calero","","357884","1995-09-13","Spain","Defender","Centre-Back",184,2000000,"first_team","cmuiho0ii0019b23fvb7o5lmu","Málaga CF","","",""
"cmuo51sw60041gffht07ge9fu","Haitam Abaida","","667996","2002-06-01","Morocco; Spain","Right Winger","Right Winger",,200000,"first_team","cmuiho0ii0019b23fvb7o5lmu","Málaga CF","","",""
"cmuo51s7c003pgffhoh7x27k4","Izan Merino","","1078436","2006-04-15","Spain","Central Midfield","Central Midfield",,2000000,"first_team","cmuiho0ii0019b23fvb7o5lmu","Málaga CF","","",""
"cmuihw0jr08hvsexpn14imq1h","Jens Cajuste","","468066","1999-08-09","Sweden","Midfield","Defensive Midfield",188,8000000,"first_team","cmuiho0ii0019b23fvb7o5lmu","Málaga CF","","",""
"cmuihvzwa07qtsexpfgjma0z3","Joaquín Muñoz","","396334","1999-03-09","Spain","Attack","Right Winger",172,1000000,"first_team","cmuiho0ii0019b23fvb7o5lmu","Málaga CF","","",""
"cmuihw3ef0b7qsexpivxlncoa","José Salinas","","819590","2000-09-29","Spain","Defender","Left-Back",178,2000000,"first_team","cmuiho0ii0019b23fvb7o5lmu","Málaga CF","","",""
"cmuo51rq7003hgffhb7ci2aj7","Juan Berrocal","","461843","1999-02-05","Spain","Centre-Back","Centre-Back",,1500000,"first_team","cmuiho0ii0019b23fvb7o5lmu","Málaga CF","","",""
"cmuihw1em09kbsexpdf78rcgr","Juan Cruz","","585700","2000-04-24","Spain","Attack","Left Winger",180,3000000,"first_team","cmuiho0ii0019b23fvb7o5lmu","Málaga CF","","",""
"cmuihw24809xbsexp6sm39ate","Julen Lobete","","625654","2000-09-17","Spain","Attack","Centre-Forward",177,1500000,"first_team","cmuiho0ii0019b23fvb7o5lmu","Málaga CF","","",""
"cmuihw1dh09f5sexppf3z2xj9","Pablo Martínez","","568835","1998-02-21","Spain","Midfield","Central Midfield",182,3000000,"first_team","cmuiho0ii0019b23fvb7o5lmu","Málaga CF","","",""
"cmuo51skn003vgffheywjsfqc","Rafa Rodríguez","","1057394","2003-07-10","Spain","Attacking Midfield","Attacking Midfield",,1000000,"first_team","cmuiho0ii0019b23fvb7o5lmu","Málaga CF","","",""
"cmuo51ry5003lgffh1lrkwgc1","Rafita Garrido","","1064717","2004-11-09","Spain","Right-Back","Right-Back",,1000000,"first_team","cmuiho0ii0019b23fvb7o5lmu","Málaga CF","","",""
"cmuo51sbt003rgffhqqticvrf","Ramón Enríquez","","567222","2001-04-19","Spain","Central Midfield","Central Midfield",,200000,"first_team","cmuiho0ii0019b23fvb7o5lmu","Málaga CF","","",""
"cmuihw2q60aycsexpnnu61y3d","Abdukodir Khusanov","","763079","2004-02-28","Uzbekistan","Defender","Centre-Back",186,50000000,"first_team","cmuihq3vs0069h29ebm5xqhye","Manchester City","","",""
"cmuo7ahh2000297yiui3dd4ey","Allan","","1082631","2004-04-19","Brazil","Right Winger","Right Winger",,20000000,"first_team","cmuihq3vs0069h29ebm5xqhye","Manchester City","","",""
"cmuihw1ej09jpsexpxhomtx4s","Antoine Semenyo","","583255","2000-01-06","Ghana","Attack","Right Winger",185,80000000,"first_team","cmuihq3vs0069h29ebm5xqhye","Manchester City","","",""
"cmuihw44c0co7sexp82u7eq1j","Ayyoub Bouaddi","","1097139","2007-10-01","Morocco","Midfield","Central Midfield",185,50000000,"first_team","cmuihq3vs0069h29ebm5xqhye","Manchester City","","",""
"cmuihw1df09ebsexpenb5ofkr","Elliot Anderson","","567576","2002-11-05","England","Midfield","Central Midfield",179,110000000,"first_team","cmuihq3vs0069h29ebm5xqhye","Manchester City","","",""
"cmuihw24i0a4jsexpp3i9tqv4","Enzo Fernández","","648195","2001-01-16","Argentina","Midfield","Central Midfield",178,100000000,"first_team","cmuihq3vs0069h29ebm5xqhye","Manchester City","","",""
"cmuihvzwq080asexpt1mi0uio","Erling Haaland","","418560","2000-07-20","Norway","Attack","Centre-Forward",195,220000000,"first_team","cmuihq3vs0069h29ebm5xqhye","Manchester City","","",""
"cmuihvy63058psexp5iw8bj2r","Gerónimo Rulli","","229604","1992-05-19","Argentina","Goalkeeper","Goalkeeper",189,6000000,"first_team","cmuihq3vs0069h29ebm5xqhye","Manchester City","","",""
"cmuihvyrc06jhsexpth4b1qdo","Gianluigi Donnarumma","","315858","1999-02-24","Italy","Goalkeeper","Goalkeeper",196,45000000,"first_team","cmuihq3vs0069h29ebm5xqhye","Manchester City","","",""
"cmuihw24809wrsexpkfdthel9","Iliman Ndiaye","","623570","2000-03-05","Senegal","Attack","Right Winger",180,55000000,"first_team","cmuihq3vs0069h29ebm5xqhye","Manchester City","","",""
"cmuihw0k408nvsexpwetcsskm","Jérémy Doku","","486049","2002-05-26","Belgium","Attack","Left Winger",173,75000000,"first_team","cmuihq3vs0069h29ebm5xqhye","Manchester City","","",""
"cmuihw0jw08k5sexpdeq9456v","Josko Gvardiol","","475959","2002-01-22","Croatia","Defender","Centre-Back",185,70000000,"first_team","cmuihq3vs0069h29ebm5xqhye","Manchester City","","",""
"cmuihvzw407nlsexptztq8avw","Marc Guéhi","","392757","2000-07-12","England","Defender","Centre-Back",182,70000000,"first_team","cmuihq3vs0069h29ebm5xqhye","Manchester City","","",""
"cmuihvvyg03e7sexpz0mh1ojf","Marcus Bettinelli","","116648","1992-05-23","England","Goalkeeper","Goalkeeper",193,300000,"first_team","cmuihq3vs0069h29ebm5xqhye","Manchester City","","",""
"cmuihvuxd021ysexpyi1g8wqt","Mateo Kovacic","","51471","1994-05-05","Croatia","Midfield","Central Midfield",178,10000000,"first_team","cmuihq3vs0069h29ebm5xqhye","Manchester City","","",""
"cmuihw23y09p4sexp3knh79vt","Matheus Nunes","","601883","1998-08-26","Portugal","Defender","Right-Back",183,50000000,"first_team","cmuihq3vs0069h29ebm5xqhye","Manchester City","","",""
"cmuihw2q00avdsexp4el30e4a","Nico O'Reilly","","743413","2005-03-20","England","Defender","Left-Back",193,70000000,"first_team","cmuihq3vs0069h29ebm5xqhye","Manchester City","","",""
"cmuihvzwj07vksexpot90yeph","Phil Foden","","406635","2000-05-27","England","Midfield","Attacking Midfield",171,70000000,"first_team","cmuihq3vs0069h29ebm5xqhye","Manchester City","","",""
"cmuihw1do09htsexpz5r665kz","Rayan Aït-Nouri","","578391","2001-06-05","Algeria","Defender","Left-Back",180,40000000,"first_team","cmuihq3vs0069h29ebm5xqhye","Manchester City","","",""
"cmuihw24109r3sexp0v1db87r","Rayan Cherki","","607223","2003-08-16","France","Midfield","Attacking Midfield",177,90000000,"first_team","cmuihq3vs0069h29ebm5xqhye","Manchester City","","",""
"cmuihw2pk0aj6sexp1o77glv5","Rico Lewis","","701057","2004-11-20","England","Defender","Right-Back",170,28000000,"first_team","cmuihq3vs0069h29ebm5xqhye","Manchester City","","",""
"cmuihvy6q05qgsexpvjvra5xq","Rúben Dias","","258004","1997-05-13","Portugal","Defender","Centre-Back",187,55000000,"first_team","cmuihq3vs0069h29ebm5xqhye","Manchester City","","",""
"cmuihw4rh0cyasexpqeyidjcy","Ryan McAidoo","","1187640","2008-06-23","England","Attack","Right Winger",174,8000000,"first_team","cmuihq3vs0069h29ebm5xqhye","Manchester City","","",""
"cmuihw43r0c8asexpdnd8thz1","Vitor Reis","","1005575","2006-01-11","Brazil","Defender","Centre-Back",186,30000000,"first_team","cmuihq3vs0069h29ebm5xqhye","Manchester City","","",""
"cmuihw1bz0937sexpitaxed1l","Amad Diallo","","536835","2002-07-10","Cote d'Ivoire","Attack","Right Winger",173,45000000,"first_team","cmuihqgxr00ddh29e8cr2u808","Manchester United","","",""
"cmuihw2q00avusexpi5wxxlyb","Andrey Santos","","743600","2004-05-02","Brazil","Midfield","Central Midfield",180,40000000,"first_team","cmuihqgxr00ddh29e8cr2u808","Manchester United","","",""
"cmuihw4480cl8sexpwfwj8v02","Ayden Heaven","","1078163","2006-09-21","England","Defender","Centre-Back",189,30000000,"first_team","cmuihqgxr00ddh29e8cr2u808","Manchester United","","",""
"cmuihw24909y5sexp76q7mleu","Benjamin Sesko","","627442","2003-05-30","Slovenia","Attack","Centre-Forward",195,75000000,"first_team","cmuihqgxr00ddh29e8cr2u808","Manchester United","","",""
"cmuihvy6c05fesexpumeh3b08","Bruno Fernandes","","240306","1994-09-07","Portugal","Midfield","Attacking Midfield",183,35000000,"first_team","cmuihqgxr00ddh29e8cr2u808","Manchester United","","",""
"cmuihvzwm07ymsexpbvfa8e1q","Bryan Mbeumo","","413039","1999-08-06","Cameroon","Attack","Right Winger",171,75000000,"first_team","cmuihqgxr00ddh29e8cr2u808","Manchester United","","",""
"cmuihw43g0c1ssexp5lpf6ebj","Carlos Baleba","","973085","2004-01-02","Cameroon","Midfield","Defensive Midfield",179,55000000,"first_team","cmuihqgxr00ddh29e8cr2u808","Manchester United","","",""
"cmuihw24609vssexp3n65h4ai","Dermot Mee","","620362","2002-11-19","Northern Ireland","Goalkeeper","Goalkeeper",183,200000,"first_team","cmuihqgxr00ddh29e8cr2u808","Manchester United","","",""
"cmuihvzbi077osexpmv2t6lb6","Diogo Dalot","","357147","1999-03-17","Portugal","Defender","Right-Back",184,30000000,"first_team","cmuihqgxr00ddh29e8cr2u808","Manchester United","","",""
"cmuihw43s0c9ksexpk7m36h4p","Harry Amass","","1011738","2007-03-15","England","Defender","Left-Back",181,5000000,"first_team","cmuihqgxr00ddh29e8cr2u808","Manchester United","","",""
"cmuihvxfp04elsexp03l7ndbb","Harry Maguire","","177907","1993-03-04","England","Defender","Centre-Back",194,8000000,"first_team","cmuihqgxr00ddh29e8cr2u808","Manchester United","","",""
"cmuihw0j1086ssexpl4exegvx","Joshua Zirkzee","","435648","2001-05-21","Netherlands","Attack","Centre-Forward",193,20000000,"first_team","cmuihqgxr00ddh29e8cr2u808","Manchester United","","",""
"cmuihvvw8036ysexpibga9uvv","Karl Darlow","","99397","1990-10-07","Wales","Goalkeeper","Goalkeeper",190,200000,"first_team","cmuihqgxr00ddh29e8cr2u808","Manchester United","","",""
"cmuihw3eg0b7wsexpa297otdm","Kobbie Mainoo","","820374","2005-04-18","England","Midfield","Central Midfield",184,70000000,"first_team","cmuihqgxr00ddh29e8cr2u808","Manchester United","","",""
"cmuihw3f30bp6sexp2v1kvzfl","Leny Yoro","","923831","2005-11-12","France","Defender","Centre-Back",190,50000000,"first_team","cmuihqgxr00ddh29e8cr2u808","Manchester United","","",""
"cmuihw0k108lxsexpyfj22cd1","Lisandro Martínez","","480762","1998-01-17","Argentina","Defender","Centre-Back",175,40000000,"first_team","cmuihqgxr00ddh29e8cr2u808","Manchester United","","",""
"cmuihvxfu04hksexpcp3h2mg0","Luke Shaw","","183288","1995-07-11","England","Defender","Left-Back",178,8000000,"first_team","cmuihqgxr00ddh29e8cr2u808","Manchester United","","",""
"cmuihw0jx08kgsexpibtnkufp","Manuel Ugarte","","476701","2001-04-10","Uruguay","Midfield","Defensive Midfield",182,25000000,"first_team","cmuihqgxr00ddh29e8cr2u808","Manchester United","","",""
"cmuihvy6r05rksexpshemljpd","Marcus Rashford","","258923","1997-10-30","England","Attack","Left Winger",185,40000000,"first_team","cmuihqgxr00ddh29e8cr2u808","Manchester United","","",""
"cmuihvzb9071fsexp8ehdwgpd","Mason Mount","","346483","1999-01-09","England","Midfield","Attacking Midfield",181,25000000,"first_team","cmuihqgxr00ddh29e8cr2u808","Manchester United","","",""
"cmuihw1bh08wrsexpjobjud9t","Matheus Cunha","","517894","1999-05-26","Brazil","Attack","Centre-Forward",183,75000000,"first_team","cmuihqgxr00ddh29e8cr2u808","Manchester United","","",""
"cmuihvzap06nusexpusx6yv68","Matthijs de Ligt","","326031","1999-08-11","Netherlands","Defender","Centre-Back",189,30000000,"first_team","cmuihqgxr00ddh29e8cr2u808","Manchester United","","",""
"cmuihvzb406wxsexpp6oeahxw","Noussair Mazraoui","","340456","1997-11-13","Morocco","Defender","Right-Back",183,18000000,"first_team","cmuihqgxr00ddh29e8cr2u808","Manchester United","","",""
"cmuihw3f50bq6sexp03520a6r","Patrick Dorgu","","926952","2004-10-25","Denmark","Attack","Left Winger",185,35000000,"first_team","cmuihqgxr00ddh29e8cr2u808","Manchester United","","",""
"cmuo4muhj0004y9hou5x9u675","Senne Lammens","","503883","2002-07-07","Belgium","Goalkeeper","Goalkeeper",,35000000,"first_team","cmuihqgxr00ddh29e8cr2u808","Manchester United","","",""
"cmuihw3f40bpxsexpxr16y1qp","Shea Lacey","","926309","2007-04-13","England","Attack","Right Winger",167,5000000,"first_team","cmuihqgxr00ddh29e8cr2u808","Manchester United","","",""
"cmuihvu4n01j9sexplqk3goti","Tom Heaton","","34130","1986-04-14","England","Goalkeeper","Goalkeeper",188,100000,"first_team","cmuihqgxr00ddh29e8cr2u808","Manchester United","","",""
"cmuihw43y0cebsexpirsjfnb9","Tyler Fletcher","","1049911","2007-03-18","Scotland","Midfield","Central Midfield",183,1500000,"first_team","cmuihqgxr00ddh29e8cr2u808","Manchester United","","",""
"cmuihvy6j05ljsexpm3b43eo2","Youri Tielemans","","249565","1997-05-06","Belgium","Midfield","Central Midfield",176,30000000,"first_team","cmuihqgxr00ddh29e8cr2u808","Manchester United","","",""
"cmuihw1at08vssexpzl3gvdf0","Aidan Morris","","513968","2001-11-15","United States","Midfield","Central Midfield",175,10000000,"first_team","cmuihqcv300b3h29e7t29sr0a","Middlesbrough FC","","",""
"cmuihvzb506xlsexpcsbmkjlf","Alfie Jones","","340990","1997-10-06","Canada","Defender","Centre-Back",191,6000000,"first_team","cmuihqcv300b3h29e7t29sr0a","Middlesbrough FC","","",""
"cmuihw0k208mnsexpr9lk2n3a","David Strelec","","482836","2001-04-03","Slovakia","Attack","Centre-Forward",185,8000000,"first_team","cmuihqcv300b3h29e7t29sr0a","Middlesbrough FC","","",""
"cmuihw0ip083ysexpy79i1f59","Riley McGree","","428061","1998-11-01","Australia","Midfield","Central Midfield",178,3500000,"first_team","cmuihqcv300b3h29e7t29sr0a","Middlesbrough FC","","",""
"cmuihw2qb0b2asexpyszunah3","Tommy Conway","","801426","2002-08-05","Scotland","Attack","Centre-Forward",185,14000000,"first_team","cmuihqcv300b3h29e7t29sr0a","Middlesbrough FC","","",""
"cmuihw1d909b5sexpx5weegqp","Nathanaël Mbuku","","557614","2002-03-15","DR Congo","Attack","Left Winger",170,2000000,"first_team","cmuihqghq00d3h29ebzbu18q6","Montpellier HSC","","",""
"cmuihw4rx0d6asexpzkm7i4gn","Afonso Assis","","1365020","2006-07-14","Portugal","Midfield","Defensive Midfield",183,500000,"first_team","cmuihqgut00dbh29eg5w6uzl6","Moreirense FC","","",""
"cmuo5gryp004i13o5yd0goxi3","Afonso Vieira","","958931","2007-01-12","Portugal","Left Winger","Left Winger",,0,"first_team","cmuihqgut00dbh29eg5w6uzl6","Moreirense FC","","",""
"cmuo5gscz004m13o569b9h4k7","Alexandre Parsemain","","811432","2003-05-27","Martinique; France","Centre-Forward","Centre-Forward",,0,"first_team","cmuihqgut00dbh29eg5w6uzl6","Moreirense FC","","",""
"cmuihw2pu0apnsexpryurtpjb","Álvaro Martínez","","718577","2002-05-03","Spain","Defender","Left-Back",181,400000,"first_team","cmuihqgut00dbh29eg5w6uzl6","Moreirense FC","","",""
"cmuihvyqy0682sexp15nva2zj","André Ferreira","","290346","1996-05-28","Portugal","Goalkeeper","Goalkeeper",193,600000,"first_team","cmuihqgut00dbh29eg5w6uzl6","Moreirense FC","","",""
"cmuo5gr2m004c13o5cf2mo4en","Aranha","","1093863","2005-02-07","Brazil","Goalkeeper","Goalkeeper",,0,"first_team","cmuihqgut00dbh29eg5w6uzl6","Moreirense FC","","",""
"cmuo5grcg004g13o59sh37s6n","Chipyoka Songa","","1072324","2004-09-24","Zambia","Attacking Midfield","Attacking Midfield",,0,"first_team","cmuihqgut00dbh29eg5w6uzl6","Moreirense FC","","",""
"cmuihw24n0a9dsexp8tay61kb","Dinis Pinto","","663254","2000-08-23","Portugal","Defender","Right-Back",178,3000000,"first_team","cmuihqgut00dbh29eg5w6uzl6","Moreirense FC","","",""
"cmuihw3ee0b6msexp47csawex","Gilberto Batista","","816572","2003-12-28","Guinea-Bissau","Defender","Centre-Back",187,1500000,"first_team","cmuihqgut00dbh29eg5w6uzl6","Moreirense FC","","",""
"cmuihw2py0au3sexpw36v37ds","Guilherme Liberato","","739442","2001-06-15","Brazil","Midfield","Defensive Midfield",184,300000,"first_team","cmuihqgut00dbh29eg5w6uzl6","Moreirense FC","","",""
"cmuo5gr7j004e13o5tj6liuth","Janderson","","1097224","2005-08-31","Brazil","Centre-Back","Centre-Back",,0,"first_team","cmuihqgut00dbh29eg5w6uzl6","Moreirense FC","","",""
"cmuihw24f0a1usexpem4bii2r","João Veloso","","637792","2005-06-25","Portugal","Midfield","Central Midfield",185,1500000,"first_team","cmuihqgut00dbh29eg5w6uzl6","Moreirense FC","","",""
"cmuihw4qy0cqasexp5fr3nzb1","Kevyn Monteiro","","1116537","2005-09-12","Brazil","Defender","Centre-Back",,500000,"first_team","cmuihqgut00dbh29eg5w6uzl6","Moreirense FC","","",""
"cmuihw3f80bsjsexp4kirrtqu","Kiko","","934031","2002-04-15","Portugal","Defender","Left-Back",180,1500000,"first_team","cmuihqgut00dbh29eg5w6uzl6","Moreirense FC","","",""
"cmuihw1es09lcsexpeoxk0tb3","Kiko Bondoso","","590302","1995-11-16","Portugal","Attack","Left Winger",169,800000,"first_team","cmuihqgut00dbh29eg5w6uzl6","Moreirense FC","","",""
"cmuihw4rm0d0nsexpvz26r6iu","Landerson","","1219689","2006-12-11","Brazil","Attack","Left Winger",168,1000000,"first_team","cmuihqgut00dbh29eg5w6uzl6","Moreirense FC","","",""
"cmuihw4rd0cw5sexpp9a9nzfn","Leandro Santos","","1173926","2005-09-27","Portugal","Defender","Right-Back",181,1000000,"first_team","cmuihqgut00dbh29eg5w6uzl6","Moreirense FC","","",""
"cmuo5gs7y004k13o5pma8o06x","Leonardo Vonić","","744599","2003-07-10","Croatia; Germany","Centre-Forward","Centre-Forward",,900000,"first_team","cmuihqgut00dbh29eg5w6uzl6","Moreirense FC","","",""
"cmuihw43s0c99sexpi1pgdn8u","Manuel Mendonça","","1010120","2005-03-23","Portugal","Midfield","Attacking Midfield",170,0,"first_team","cmuihqgut00dbh29eg5w6uzl6","Moreirense FC","","",""
"cmuihvzvt07emsexp57b02hpt","Maracás","","373187","1994-04-26","Brazil","Defender","Centre-Back",184,700000,"first_team","cmuihqgut00dbh29eg5w6uzl6","Moreirense FC","","",""
"cmuihw2pj0ai9sexpxligeguk","Mateja Stjepanović","","698539","2004-02-19","Serbia","Midfield","Defensive Midfield",185,3000000,"first_team","cmuihqgut00dbh29eg5w6uzl6","Moreirense FC","","",""
"cmuihw3en0bcpsexp7q3eojxk","Michael Dacosta González","","854722","2005-03-04","Spain","Attack","Right Winger",186,0,"first_team","cmuihqgut00dbh29eg5w6uzl6","Moreirense FC","","",""
"cmuihw4st0d7xsexp459sbl4l","Miguel Silva","","1510255","2007-12-16","Portugal","Midfield","Defensive Midfield",186,100000,"first_team","cmuihqgut00dbh29eg5w6uzl6","Moreirense FC","","",""
"cmuihw1dr09j6sexpleo72b14","Nile John","","581683","2003-03-05","England","Midfield","Central Midfield",176,500000,"first_team","cmuihqgut00dbh29eg5w6uzl6","Moreirense FC","","",""
"cmuihw24p0aaosexp4atrlafb","Rodri Alonso","","668178","2003-01-03","Spain","Midfield","Central Midfield",172,2000000,"first_team","cmuihqgut00dbh29eg5w6uzl6","Moreirense FC","","",""
"cmuihw43e0bzjsexpz92njn4j","Tiago Andrade","","957740","2005-10-20","Portugal","Attack","Left Winger",170,0,"first_team","cmuihqgut00dbh29eg5w6uzl6","Moreirense FC","","",""
"cmuihw3eq0bemsexpnpxf8px3","Yan Maranhão","","862568","2002-09-12","Brazil","Attack","Centre-Forward",184,600000,"first_team","cmuihqgut00dbh29eg5w6uzl6","Moreirense FC","","",""
"cmuihvzwi07v6sexpz3ajd6sd","Boyd Lucassen","","406091","1998-06-30","Netherlands","Defender","Right-Back",173,350000,"first_team","cmuihoz43002xb23fc6h6d1f2","NAC Breda","","",""
"cmuihw2q00avcsexpw5yyffw3","Brahim Ghalidi","","743390","2005-01-30","Morocco","Attack","Left Winger",178,175000,"first_team","cmuihoz43002xb23fc6h6d1f2","NAC Breda","","",""
"cmuihw23v09nisexpcxnex0ik","Casper Staring","","596158","2001-01-31","Netherlands","Midfield","Defensive Midfield",186,275000,"first_team","cmuihoz43002xb23fc6h6d1f2","NAC Breda","","",""
"cmuihw23u09n3sexpx1bjnd9w","Charles-Andreas Brym","","595028","1998-08-07","Canada","Attack","Centre-Forward",185,350000,"first_team","cmuihoz43002xb23fc6h6d1f2","NAC Breda","","",""
"cmuihw3fa0btvsexpmtzfg0ny","Cherrion Valerius","","936581","2005-09-21","Curacao","Defender","Right-Back",192,650000,"first_team","cmuihoz43002xb23fc6h6d1f2","NAC Breda","","",""
"cmuihw0jm08fosexp04co1jvj","Daniel Bielica","","463233","1999-04-29","Poland","Goalkeeper","Goalkeeper",191,800000,"first_team","cmuihoz43002xb23fc6h6d1f2","NAC Breda","","",""
"cmuihw24u0ae0sexpefwqhck1","Dion Versluis","","678666","2003-02-16","Netherlands","Attack","Centre-Forward",192,0,"first_team","cmuihoz43002xb23fc6h6d1f2","NAC Breda","","",""
"cmuihvy5x053msexpunj7wyxb","Fredrik Oldrup Jensen","","218233","1993-05-17","Norway","Midfield","Defensive Midfield",186,250000,"first_team","cmuihoz43002xb23fc6h6d1f2","NAC Breda","","",""
"cmuihw1dl09g7sexpyaq9fs7e","Jayden Candelaria","","571150","2004-03-01","Curacao","Defender","Left-Back",184,150000,"first_team","cmuihoz43002xb23fc6h6d1f2","NAC Breda","","",""
"cmuihw1dc09cssexpovd37wbg","Kamal Sowah","","564489","2000-01-08","Ghana","Midfield","Central Midfield",179,750000,"first_team","cmuihoz43002xb23fc6h6d1f2","NAC Breda","","",""
"cmuihvuyb02hqsexpdtx9yyyl","Kostas Lamprou","","64352","1991-09-17","Greece","Goalkeeper","Goalkeeper",180,150000,"first_team","cmuihoz43002xb23fc6h6d1f2","NAC Breda","","",""
"cmuihw3eg0b8hsexp6yxr8k7x","Lars Mol","","824000","2004-09-14","Netherlands","Midfield","Central Midfield",185,0,"first_team","cmuihoz43002xb23fc6h6d1f2","NAC Breda","","",""
"cmuihw0iu0865sexpt1glbhp7","Leo Greiml","","434110","2001-07-02","Austria","Defender","Centre-Back",187,900000,"first_team","cmuihoz43002xb23fc6h6d1f2","NAC Breda","","",""
"cmuihvuxo0263sexpyvu1sd1i","Lewis Holtby","","55508","1990-09-17","Germany","Midfield","Central Midfield",176,300000,"first_team","cmuihoz43002xb23fc6h6d1f2","NAC Breda","","",""
"cmuihw3el0bc8sexpcckiiaxs","Max Balard","","849428","2000-11-19","Australia","Midfield","Defensive Midfield",178,900000,"first_team","cmuihoz43002xb23fc6h6d1f2","NAC Breda","","",""
"cmuihw24f0a2msexpkaysyz6b","Mohamed Nassoh","","640565","2003-01-25","Morocco","Midfield","Attacking Midfield",188,700000,"first_team","cmuihoz43002xb23fc6h6d1f2","NAC Breda","","",""
"cmuihw43z0cf1sexp1gf05pv7","Moussa Soumano","","1053240","2005-07-08","France","Attack","Centre-Forward",185,750000,"first_team","cmuihoz43002xb23fc6h6d1f2","NAC Breda","","",""
"cmuihvxfq04fesexpsfjfztg7","Paul Gladon","","180843","1992-03-17","Netherlands","Attack","Centre-Forward",188,150000,"first_team","cmuihoz43002xb23fc6h6d1f2","NAC Breda","","",""
"cmuihw2pt0aoysexphp9u12vq","Raul Paula","","716756","2004-01-24","Germany","Midfield","Attacking Midfield",177,350000,"first_team","cmuihoz43002xb23fc6h6d1f2","NAC Breda","","",""
"cmuihw1d909bhsexpvv5j0q3o","Rio Hillen","","559334","2003-03-04","Netherlands","Defender","Centre-Back",187,600000,"first_team","cmuihoz43002xb23fc6h6d1f2","NAC Breda","","",""
"cmuihvxg504pesexpzp6dd8f7","Roy Kortsmit","","195546","1992-08-25","Netherlands","Goalkeeper","Goalkeeper",190,125000,"first_team","cmuihoz43002xb23fc6h6d1f2","NAC Breda","","",""
"cmuihvwry03zasexpw7iujjfx","Terence Kongolo","","152651","1994-02-13","Netherlands","Defender","Centre-Back",188,900000,"first_team","cmuihoz43002xb23fc6h6d1f2","NAC Breda","","",""
"cmuihw4rw0d5qsexpi9xfs4rb","Thomas Goos","","1346738","2008-05-20","Netherlands","Goalkeeper","Goalkeeper",,50000,"first_team","cmuihoz43002xb23fc6h6d1f2","NAC Breda","","",""
"cmuihw2qg0b5qsexp4582x083","Argyris Darelas","","814533","2003-10-15","Greece","Midfield","Attacking Midfield",188,0,"first_team","cmuihqali009vh29e33t7l1kw","NEC Nijmegen","","",""
"cmuihvvwd0397sexp15tsl6om","Bram Nuytinck","","104597","1990-05-03","Netherlands","Defender","Centre-Back",191,200000,"first_team","cmuihqali009vh29e33t7l1kw","NEC Nijmegen","","",""
"cmuihw24609vosexpn2hmc4al","Brayann Pereira","","620317","2003-05-20","France","Defender","Centre-Back",176,1000000,"first_team","cmuihqali009vh29e33t7l1kw","NEC Nijmegen","","",""
"cmuihvvva02vksexpb4itwf5a","Bryan Linssen","","82410","1990-10-07","Netherlands","Attack","Centre-Forward",170,300000,"first_team","cmuihqali009vh29e33t7l1kw","NEC Nijmegen","","",""
"cmuihw1br08zesexpfi5men6t","Darko Nejasmic","","526566","1999-01-24","Croatia","Midfield","Defensive Midfield",185,4000000,"first_team","cmuihqali009vh29e33t7l1kw","NEC Nijmegen","","",""
"cmuihw2pq0amjsexpcs84znwv","Deveron Fonville","","708989","2003-05-15","Curacao","Defender","Centre-Back",188,1500000,"first_team","cmuihqali009vh29e33t7l1kw","NEC Nijmegen","","",""
"cmuihw0k308ngsexpa1vhx1a5","Dirk Proper","","485587","2002-02-23","Netherlands","Midfield","Defensive Midfield",167,1500000,"first_team","cmuihqali009vh29e33t7l1kw","NEC Nijmegen","","",""
"cmuihw24b09zasexp9eiukw34","Gonzalo Crettaz","","631049","2000-02-27","Spain","Goalkeeper","Goalkeeper",184,4000000,"first_team","cmuihqali009vh29e33t7l1kw","NEC Nijmegen","","",""
"cmuihw24p0abgsexp0s7yyzik","Isak Hansen-Aarøen","","670116","2004-08-21","Norway","Midfield","Attacking Midfield",173,600000,"first_team","cmuihqali009vh29e33t7l1kw","NEC Nijmegen","","",""
"cmuihvwru03wksexpeuvcfqfs","Jasper Cillessen","","146227","1989-04-21","Netherlands","Goalkeeper","Goalkeeper",187,300000,"first_team","cmuihqali009vh29e33t7l1kw","NEC Nijmegen","","",""
"cmuihw43d0bzgsexpzwsik4l3","Kodai Sano","","957544","2003-09-24","Japan","Midfield","Central Midfield",180,12000000,"first_team","cmuihqali009vh29e33t7l1kw","NEC Nijmegen","","",""
"cmuihvzbb0742sexp2e3zoio6","Koki Ogawa","","351567","1997-08-07","Japan","Attack","Centre-Forward",186,2000000,"first_team","cmuihqali009vh29e33t7l1kw","NEC Nijmegen","","",""
"cmuihw2q80azdsexpz3t8bzg4","Merijn van de Wiel","","775984","2005-12-22","Netherlands","Defender","Centre-Back",,0,"first_team","cmuihqali009vh29e33t7l1kw","NEC Nijmegen","","",""
"cmuihw3f40bpysexpki3wv5tt","Noé Lebreton","","926389","2004-04-21","France","Midfield","Attacking Midfield",178,4000000,"first_team","cmuihqali009vh29e33t7l1kw","NEC Nijmegen","","",""
"cmuihvzb406wzsexp8cyn4m1l","Philippe Sandler","","340460","1997-02-09","Netherlands","Defender","Centre-Back",190,2000000,"first_team","cmuihqali009vh29e33t7l1kw","NEC Nijmegen","","",""
"cmuihw0kc08u2sexpvncuskmb","Rober González","","505675","2001-01-07","Spain","Attack","Right Winger",169,2500000,"first_team","cmuihqali009vh29e33t7l1kw","NEC Nijmegen","","",""
"cmuihw43y0cessexpqd7ow0w7","Sam de Laat","","1052803","2006-06-11","Netherlands","Midfield","Central Midfield",,75000,"first_team","cmuihqali009vh29e33t7l1kw","NEC Nijmegen","","",""
"cmuihw2q20axcsexpsum25mf2","Sami Ouaissa","","747016","2004-10-01","Netherlands","Midfield","Right Midfield",186,8000000,"first_team","cmuihqali009vh29e33t7l1kw","NEC Nijmegen","","",""
"cmuihw0k308nbsexpm1qx4kzf","Sontje Hansen","","485582","2002-05-17","Curacao","Attack","Right Winger",176,3000000,"first_team","cmuihqali009vh29e33t7l1kw","NEC Nijmegen","","",""
"cmuihvy6e05gxsexphe6g29x9","Thomas Ouwejan","","241477","1996-09-29","Netherlands","Defender","Centre-Back",183,700000,"first_team","cmuihqali009vh29e33t7l1kw","NEC Nijmegen","","",""
"cmuihvvsv02rjsexpqz4m7cwt","Tjaronn Chery","","76326","1988-06-03","Suriname","Midfield","Attacking Midfield",171,400000,"first_team","cmuihqali009vh29e33t7l1kw","NEC Nijmegen","","",""
"cmuihvyr906gxsexpej6bvjsq","Vito van Crooij","","312493","1996-01-28","Netherlands","Midfield","Attacking Midfield",179,900000,"first_team","cmuihqali009vh29e33t7l1kw","NEC Nijmegen","","",""
"cmuihw0jb08bmsexpj5op1786","Willum Thór Willumsson","","455127","1998-10-22","Iceland","Midfield","Attacking Midfield",194,1500000,"first_team","cmuihqali009vh29e33t7l1kw","NEC Nijmegen","","",""
"cmuihw1do09hjsexpmbw2ftdo","Yousri Sbai","","576096","2004-08-07","Netherlands","Defender","Right-Back",,100000,"first_team","cmuihqali009vh29e33t7l1kw","NEC Nijmegen","","",""
"cmuihw0j5088jsexp8caj4rz0","Youssef El Kachati","","444380","1999-11-08","Morocco","Attack","Centre-Forward",185,650000,"first_team","cmuihqali009vh29e33t7l1kw","NEC Nijmegen","","",""
"cmuihw43h0c28sexp3wuhb53d","Aladji Bamba","","975347","2006-07-13","France","Midfield","Defensive Midfield",181,18000000,"first_team","cmuihqepp00c5h29e6dizfj3r","Newcastle United","","",""
"cmuihw1bh08wzsexpfeqg40xr","Amar Dedić","","519184","2002-08-17","Bosnia-Herzegovina","Defender","Right-Back",180,16000000,"first_team","cmuihqepp00c5h29e6dizfj3r","Newcastle United","","",""
"cmuihw1ej09jnsexpgz9u834f","Anthony Elanga","","583189","2002-04-26","Sweden","Attack","Right Winger",178,32000000,"first_team","cmuihqepp00c5h29e6dizfj3r","Newcastle United","","",""
"cmuihw4460cj9sexpco4wrgdz","Bazoumana Touré","","1067904","2006-03-01","Cote d'Ivoire","Attack","Left Winger",178,40000000,"first_team","cmuihqepp00c5h29e6dizfj3r","Newcastle United","","",""
"cmuihvwrn03r8sexp53tiwpbo","Dan Burn","","134270","1992-05-08","England","Defender","Centre-Back",201,4000000,"first_team","cmuihqepp00c5h29e6dizfj3r","Newcastle United","","",""
"cmuo4mz300008y9hotglx00j2","Ewen Jaouen","","923757","2005-12-29","France; Germany","Goalkeeper","Goalkeeper",,12000000,"first_team","cmuihqepp00c5h29e6dizfj3r","Newcastle United","","",""
"cmuihvwro03rwsexp17hb4o2i","Fabian Schär","","135343","1991-12-19","Switzerland","Defender","Centre-Back",186,4000000,"first_team","cmuihqepp00c5h29e6dizfj3r","Newcastle United","","",""
"cmuihvzwc07s2sexp5gi20jqh","Harvey Barnes","","398065","1997-12-08","England","Attack","Left Winger",182,32000000,"first_team","cmuihqepp00c5h29e6dizfj3r","Newcastle United","","",""
"cmuihvxgb04tcsexpuxcp8xws","Jacob Murphy","","199527","1995-02-23","England","Attack","Right Winger",179,12000000,"first_team","cmuihqepp00c5h29e6dizfj3r","Newcastle United","","",""
"cmuihw0k908sjsexplo0ric0q","Jacob Ramsey","","503749","2001-05-27","England","Midfield","Central Midfield",180,35000000,"first_team","cmuihqepp00c5h29e6dizfj3r","Newcastle United","","",""
"cmuihvzb306wisexpse9wl683","Joe Willock","","340329","1999-08-19","England","Midfield","Central Midfield",186,14000000,"first_team","cmuihqepp00c5h29e6dizfj3r","Newcastle United","","",""
"cmuihvzas06qfsexprtg1eawt","Joelinton","","333241","1996-08-13","Brazil","Midfield","Central Midfield",186,25000000,"first_team","cmuihqepp00c5h29e6dizfj3r","Newcastle United","","",""
"cmuihw24q0ac0sexpplac5p2w","Lewis Hall","","670858","2004-09-07","England","Defender","Left-Back",179,40000000,"first_team","cmuihqepp00c5h29e6dizfj3r","Newcastle United","","",""
"cmuihw3f20bozsexp5p8h1gyn","Lewis Miley","","922769","2006-04-30","England","Midfield","Central Midfield",189,25000000,"first_team","cmuihqepp00c5h29e6dizfj3r","Newcastle United","","",""
"cmuihw24a09z3sexph5e0wb6e","Lukas Hornicek","","629773","2002-07-12","Czech Republic","Goalkeeper","Goalkeeper",198,18000000,"first_team","cmuihqepp00c5h29e6dizfj3r","Newcastle United","","",""
"cmuihw1bj08xusexp07ekcady","Malick Thiaw","","521964","2001-08-07","Germany","Defender","Centre-Back",194,45000000,"first_team","cmuihqepp00c5h29e6dizfj3r","Newcastle United","","",""
"cmuihvwrt03vksexpbwl9qlg8","Mark Gillespie","","142389","1992-03-26","England","Goalkeeper","Goalkeeper",191,100000,"first_team","cmuihqepp00c5h29e6dizfj3r","Newcastle United","","",""
"cmuihw2pv0ar0sexpmnrbhk2n","Matias Fernandez-Pardo","","724129","2005-02-02","Belgium","Attack","Centre-Forward",188,35000000,"first_team","cmuihqepp00c5h29e6dizfj3r","Newcastle United","","",""
"cmuihvxg204n7sexphryw8rta","Nick Pope","","192080","1992-04-18","England","Goalkeeper","Goalkeeper",198,5000000,"first_team","cmuihqepp00c5h29e6dizfj3r","Newcastle United","","",""
"cmuihw0jp08h7sexpvpztw1o9","Nico González","","466805","2002-01-02","Spain","Midfield","Defensive Midfield",188,40000000,"first_team","cmuihqepp00c5h29e6dizfj3r","Newcastle United","","",""
"cmuihw44d0cpssexpcin0ouzz","Sean Steur","","1111063","2008-01-10","Netherlands","Midfield","Central Midfield",183,7000000,"first_team","cmuihqepp00c5h29e6dizfj3r","Newcastle United","","",""
"cmuihvzbl07a1sexp0oi66dnr","Sven Botman","","361093","2000-01-11","Netherlands","Defender","Centre-Back",193,35000000,"first_team","cmuihqepp00c5h29e6dizfj3r","Newcastle United","","",""
"cmuihw0ka08t0sexpue1ce09w","Tino Livramento","","503981","2002-11-11","England","Defender","Right-Back",182,45000000,"first_team","cmuihqepp00c5h29e6dizfj3r","Newcastle United","","",""
"cmuihw24109rmsexppms4hkt8","William Osula","","609556","2003-08-03","Denmark","Attack","Centre-Forward",191,28000000,"first_team","cmuihqepp00c5h29e6dizfj3r","Newcastle United","","",""
"cmuihvzw007kqsexpozqfxsf9","Yoane Wissa","","388165","1996-09-02","DR Congo","Attack","Centre-Forward",176,25000000,"first_team","cmuihqepp00c5h29e6dizfj3r","Newcastle United","","",""
"cmuihw43o0c6jsexp6en7f2z1","Ali Ahmed","","995642","2000-10-09","Canada","Midfield","Left Midfield",180,0,"first_team","cmuiho9h8001pb23f5u3y4b9r","Norwich City","","",""
"cmuihw1cy097fsexpye61i119","Anis Ben Slimane","","546712","2001-03-15","Tunisia","Midfield","Attacking Midfield",188,2500000,"first_team","cmuiho9h8001pb23f5u3y4b9r","Norwich City","","",""
"cmuihw2pi0ai6sexpkusqw71i","José Córdoba","","698415","2001-06-02","Panama","Defender","Centre-Back",189,5000000,"first_team","cmuiho9h8001pb23f5u3y4b9r","Norwich City","","",""
"cmuihvwrg03lbsexpmw2ifl0l","Kenny McLean","","126600","1992-01-07","Scotland","Midfield","Central Midfield",183,400000,"first_team","cmuiho9h8001pb23f5u3y4b9r","Norwich City","","",""
"cmuihw2pk0aj4sexp2brx8l0v","Ruairi McConville","","701021","2005-04-30","Northern Ireland","Defender","Centre-Back",193,3000000,"first_team","cmuiho9h8001pb23f5u3y4b9r","Norwich City","","",""
"cmuihw1em09kgsexp0yqj35u9","Arnaud Kalimuendo","","585959","2002-01-19","France","Attack","Centre-Forward",178,25000000,"first_team","cmuihqdq000bkh29et7iwzrfd","Nottingham Forest","","",""
"cmuihvzw407npsexpqiiwx6ks","Callum Hudson-Odoi","","392768","2000-11-06","England","Attack","Left Winger",178,30000000,"first_team","cmuihqdq000bkh29et7iwzrfd","Nottingham Forest","","",""
"cmuihvvwh03aksexpnh4x4k12","Chris Wood","","108725","1991-12-06","New Zealand","Attack","Centre-Forward",191,5000000,"first_team","cmuihqdq000bkh29et7iwzrfd","Nottingham Forest","","",""
"cmuihvzvo07busexpgqv4mlqy","Dan Ndoye","","365108","2000-10-24","Switzerland","Attack","Right Winger",184,32000000,"first_team","cmuihqdq000bkh29et7iwzrfd","Nottingham Forest","","",""
"cmuihw0k608pqsexp2odxz0qi","Daniel Muñoz","","493003","1996-05-25","Colombia","Defender","Right-Back",180,22000000,"first_team","cmuihqdq000bkh29et7iwzrfd","Nottingham Forest","","",""
"cmuihvzvu07frsexp47klu35a","Ibrahim Sangaré","","375885","1997-12-01","Cote d'Ivoire","Midfield","Defensive Midfield",191,20000000,"first_team","cmuihqdq000bkh29et7iwzrfd","Nottingham Forest","","",""
"cmuihw0is0853sexpboijliph","Igor Jesus","","432164","2001-02-24","Brazil","Attack","Centre-Forward",179,25000000,"first_team","cmuihqdq000bkh29et7iwzrfd","Nottingham Forest","","",""
"cmuihw43j0c3xsexpnfj3fg2i","Jair Cunha","","984096","2005-03-06","Brazil","Defender","Centre-Back",198,15000000,"first_team","cmuihqdq000bkh29et7iwzrfd","Nottingham Forest","","",""
"cmuihw1ej09josexpgfmmaeks","James McAtee","","583199","2002-10-17","England","Midfield","Attacking Midfield",180,18000000,"first_team","cmuihqdq000bkh29et7iwzrfd","Nottingham Forest","","",""
"cmuihw0it085fsexp8e6j824l","John Victor","","432914","1996-02-12","Brazil","Goalkeeper","Goalkeeper",197,5000000,"first_team","cmuihqdq000bkh29et7iwzrfd","Nottingham Forest","","",""
"cmuihw24209sasexpd4p7xivg","Liam Delap","","610849","2003-02-07","England","Attack","Centre-Forward",186,28000000,"first_team","cmuihqdq000bkh29et7iwzrfd","Nottingham Forest","","",""
"cmuihw1bk08yisexpjs3ukgkc","Luca Netz","","524285","2003-05-14","Germany","Defender","Left-Back",184,8000000,"first_team","cmuihqdq000bkh29et7iwzrfd","Nottingham Forest","","",""
"cmuihvwri03mzsexptl8z25tu","Matz Sels","","127202","1992-02-25","Belgium","Goalkeeper","Goalkeeper",188,3500000,"first_team","cmuihqdq000bkh29et7iwzrfd","Nottingham Forest","","",""
"cmuihw0ip0846sexplgx6zjo9","Morgan Gibbs-White","","429014","2000-01-26","England","Midfield","Attacking Midfield",171,70000000,"first_team","cmuihqdq000bkh29et7iwzrfd","Nottingham Forest","","",""
"cmuihw43r0c8csexpv8ohs05k","Murillo","","1005649","2002-07-03","Brazil","Defender","Centre-Back",180,50000000,"first_team","cmuihqdq000bkh29et7iwzrfd","Nottingham Forest","","",""
"cmuihw0k908sdsexpt9nwqbrh","Neco Williams","","503680","2001-04-12","Wales","Defender","Left-Back",183,28000000,"first_team","cmuihqdq000bkh29et7iwzrfd","Nottingham Forest","","",""
"cmuihw0k708qwsexpwjn2gmsr","Nicolás Domínguez","","497291","1998-06-27","Argentina","Midfield","Central Midfield",179,15000000,"first_team","cmuihqdq000bkh29et7iwzrfd","Nottingham Forest","","",""
"cmuihw2pq0am4sexpglukmi13","Nicolò Savona","","708072","2003-03-18","Italy","Defender","Right-Back",192,15000000,"first_team","cmuihqdq000bkh29et7iwzrfd","Nottingham Forest","","",""
"cmuihvzwn07yusexpa296lzd4","Nikola Milenković","","413507","1997-10-11","Serbia","Defender","Centre-Back",195,28000000,"first_team","cmuihqdq000bkh29et7iwzrfd","Nottingham Forest","","",""
"cmuihvy6705brsexp2nfwghsn","Ola Aina","","236490","1996-10-07","Nigeria","Defender","Right-Back",184,18000000,"first_team","cmuihqdq000bkh29et7iwzrfd","Nottingham Forest","","",""
"cmuihw43h0c24sexptukg691y","Ousmane Diomande","","974982","2003-12-03","Cote d'Ivoire","Defender","Centre-Back",190,42000000,"first_team","cmuihqdq000bkh29et7iwzrfd","Nottingham Forest","","",""
"cmuihvzwv083asexpo9tdy8dl","Ryan Yates","","425902","1997-11-20","England","Midfield","Central Midfield",190,7000000,"first_team","cmuihqdq000bkh29et7iwzrfd","Nottingham Forest","","",""
"cmuihvzvx07i1sexpxs2ko3xj","Steven Benda","","381469","1998-09-30","Germany","Goalkeeper","Goalkeeper",192,1000000,"first_team","cmuihqdq000bkh29et7iwzrfd","Nottingham Forest","","",""
"cmuihvy5z055fsexpv4ojj431","Xaver Schlager","","223979","1997-09-27","Austria","Midfield","Central Midfield",174,10000000,"first_team","cmuihqdq000bkh29et7iwzrfd","Nottingham Forest","","",""
"cmuihvxgk04zysexpp2ahuoem","Ali Abdi","","211474","1993-12-19","Tunisia","Defender","Left-Back",177,2000000,"first_team","cmuihq9ie009bh29e4ay5p2yp","OGC Nice","","",""
"cmuihw2qa0b1rsexp6tk95efq","Alidu Seidu","","798404","2000-06-03","Ghana","Defender","Centre-Back",173,6000000,"first_team","cmuihq9ie009bh29e4ay5p2yp","OGC Nice","","",""
"cmuihw3ev0bj2sexpiwlwnnk3","Antoine Mendy","","891998","2004-05-26","Senegal","Defender","Centre-Back",187,10000000,"first_team","cmuihq9ie009bh29e4ay5p2yp","OGC Nice","","",""
"cmuihvu4p01kisexpj3jtgg8w","Axel Witsel","","35047","1989-01-11","Belgium","Midfield","Defensive Midfield",186,1200000,"first_team","cmuihq9ie009bh29e4ay5p2yp","OGC Nice","","",""
"cmuihw4rl0d06sexpzuh2qbko","Djibril Coulibaly","","1208968","2008-11-17","France","Midfield","Central Midfield",178,1000000,"first_team","cmuihq9ie009bh29e4ay5p2yp","OGC Nice","","",""
"cmuihw24m0a88sexpno67j7hr","Elye Wahi","","659542","2003-01-01","Cote d'Ivoire","Attack","Centre-Forward",181,18000000,"first_team","cmuihq9ie009bh29e4ay5p2yp","OGC Nice","","",""
"cmuihw4ri0cyxsexpfld2vlgb","Everton","","1191473","2007-04-11","France","Midfield","Defensive Midfield",181,2000000,"first_team","cmuihq9ie009bh29e4ay5p2yp","OGC Nice","","",""
"cmuihvzb8070hsexpbzy3w7cx","Gauthier Hein","","344892","1996-08-06","France","Attack","Right Winger",170,5000000,"first_team","cmuihq9ie009bh29e4ay5p2yp","OGC Nice","","",""
"cmuihw4r20csesexppf7vxthr","Hamza Koutoune","","1134250","2006-09-16","Morocco","Defender","Right-Back",177,0,"first_team","cmuihq9ie009bh29e4ay5p2yp","OGC Nice","","",""
"cmuihw1da09bosexpnxda5cu5","Hicham Boudaoui","","560593","1999-09-22","Algeria","Midfield","Central Midfield",175,12000000,"first_team","cmuihq9ie009bh29e4ay5p2yp","OGC Nice","","",""
"cmuihw1bx092gsexph7zm03n8","Isak Jansson","","535820","2002-01-30","Sweden","Attack","Left Winger",175,4000000,"first_team","cmuihq9ie009bh29e4ay5p2yp","OGC Nice","","",""
"cmuo57gkn0025ti9kjxbjm52v","Issiaga Camara","","1180835","2005-02-02","Guinea","Central Midfield","Central Midfield",,250000,"first_team","cmuihq9ie009bh29e4ay5p2yp","OGC Nice","","",""
"cmuihvxfo04dbsexpa57h3rtm","Jonathan Clauss","","175639","1992-09-24","France","Defender","Right-Back",178,4000000,"first_team","cmuihq9ie009bh29e4ay5p2yp","OGC Nice","","",""
"cmuihvy6a05dfsexpmkhkau0l","Laurent Abergel","","238626","1993-01-31","France","Midfield","Defensive Midfield",170,1800000,"first_team","cmuihq9ie009bh29e4ay5p2yp","OGC Nice","","",""
"cmuo57g7v001zti9kyd19zmjk","Martin Ponsot","","1297633","2009-01-30","France","Goalkeeper","Goalkeeper",,0,"first_team","cmuihq9ie009bh29e4ay5p2yp","OGC Nice","","",""
"cmuihw1dd09dfsexpf55p9oos","Mohamed Abdelmonem","","566025","1999-01-31","Egypt","Defender","Centre-Back",184,2500000,"first_team","cmuihq9ie009bh29e4ay5p2yp","OGC Nice","","",""
"cmuihw2q20ax8sexpa32md8yy","Mohamed Amoura","","746910","2000-05-08","Algeria","Attack","Centre-Forward",170,20000000,"first_team","cmuihq9ie009bh29e4ay5p2yp","OGC Nice","","",""
"cmuihw44b0cnfsexphr4im0u7","Moïse Bombito","","1089202","2000-03-29","Canada","Defender","Centre-Back",190,7000000,"first_team","cmuihq9ie009bh29e4ay5p2yp","OGC Nice","","",""
"cmuihvxfn04cssexpo4jphvhf","Morgan Sanson","","174094","1994-08-17","France","Midfield","Central Midfield",180,3500000,"first_team","cmuihq9ie009bh29e4ay5p2yp","OGC Nice","","",""
"cmuo57ggq0023ti9k5lrtyt7o","Nassim Laarej","","1297635","2009-03-22","Morocco; France","Central Midfield","Central Midfield",,0,"first_team","cmuihq9ie009bh29e4ay5p2yp","OGC Nice","","",""
"cmuihw24a09z2sexp1td26114","Nathan Ngoumou","","629588","2000-03-13","Cameroon","Attack","Right Winger",185,3500000,"first_team","cmuihq9ie009bh29e4ay5p2yp","OGC Nice","","",""
"cmuihw1es09lmsexpoc43atdk","Niels Nkounkou","","591193","2000-10-31","France","Defender","Left-Back",180,2600000,"first_team","cmuihq9ie009bh29e4ay5p2yp","OGC Nice","","",""
"cmuihw2pg0afgsexprw3fcbel","Salis Abdul Samed","","688707","2000-03-25","Ghana","Midfield","Defensive Midfield",179,4000000,"first_team","cmuihq9ie009bh29e4ay5p2yp","OGC Nice","","",""
"cmuihw1dh09fjsexp68r7g4qk","Sofiane Diop","","569389","2000-06-08","Morocco","Attack","Left Winger",175,15000000,"first_team","cmuihq9ie009bh29e4ay5p2yp","OGC Nice","","",""
"cmuihw2q90b0msexp1gdusggv","Teddy Boulhendi","","789419","2001-04-08","Algeria","Goalkeeper","Goalkeeper",185,200000,"first_team","cmuihq9ie009bh29e4ay5p2yp","OGC Nice","","",""
"cmuo57gc30021ti9kfdcd4ngg","Xavier Mandza","","1297638","2009-04-06","France; Gabon","Centre-Back","Centre-Back",,5000000,"first_team","cmuihq9ie009bh29e4ay5p2yp","OGC Nice","","",""
"cmuihw0j7089lsexpzz91vvlt","Yehvann Diouf","","448632","1999-11-15","Senegal","Goalkeeper","Goalkeeper",188,7000000,"first_team","cmuihq9ie009bh29e4ay5p2yp","OGC Nice","","",""
"cmuihw24t0ad8sexp078hqgy5","Youssouf Ndayishimiye","","674612","1998-10-26","Burundi","Defender","Centre-Back",183,7000000,"first_team","cmuihq9ie009bh29e4ay5p2yp","OGC Nice","","",""
"cmuihw43q0c7tsexp0825npee","Zoumana Diallo","","1004479","2005-02-01","France","Attack","Centre-Forward",185,150000,"first_team","cmuihq9ie009bh29e4ay5p2yp","OGC Nice","","",""
"cmuihw24h0a3msexp0jbsd1gf","Abner","","646402","2000-05-26","Brazil","Defender","Left-Back",181,10000000,"first_team","cmuihnsd9000tb23f30w9l9tm","Olympique Lyon","","",""
"cmuihw44d0cpksexpjqr9vnj6","Alejandro Gomes Rodríguez","","1108478","2008-03-10","England","Attack","Centre-Forward",180,150000,"first_team","cmuihnsd9000tb23f30w9l9tm","Olympique Lyon","","",""
"cmuihvxg004kvsexpbp93vy0w","Clinton Mata","","187718","1992-11-06","Angola","Defender","Centre-Back",180,2500000,"first_team","cmuihnsd9000tb23f30w9l9tm","Olympique Lyon","","",""
"cmuihvxg104m8sexp157bsb62","Corentin Tolisso","","190393","1994-08-02","France","Midfield","Central Midfield",181,10000000,"first_team","cmuihnsd9000tb23f30w9l9tm","Olympique Lyon","","",""
"cmuihvzak06k2sexpbirgn899","Dominik Greif","","316884","1997-04-05","Slovakia","Goalkeeper","Goalkeeper",197,9000000,"first_team","cmuihnsd9000tb23f30w9l9tm","Olympique Lyon","","",""
"cmuihw43d0bywsexprr1egs19","Ernest Nuamah","","955070","2003-10-31","Ghana","Attack","Right Winger",178,10000000,"first_team","cmuihnsd9000tb23f30w9l9tm","Olympique Lyon","","",""
"cmuihvzw507otsexp4xt7uh8s","Felix Bacher","","394134","2000-10-24","Austria","Defender","Centre-Back",190,6000000,"first_team","cmuihnsd9000tb23f30w9l9tm","Olympique Lyon","","",""
"cmuihw3ef0b7msexped7m0rgh","Julien Duranville","","819215","2006-05-04","Belgium","Attack","Left Winger",173,6000000,"first_team","cmuihnsd9000tb23f30w9l9tm","Olympique Lyon","","",""
"cmuo572ne000vti9kbf2w3rk0","Justin Bengui","","802986","2005-07-09","France; Angola","Goalkeeper","Goalkeeper",,250000,"first_team","cmuihnsd9000tb23f30w9l9tm","Olympique Lyon","","",""
"cmuihw44c0co6sexpdujwducf","Kaïl Boudache","","1097113","2006-06-14","Algeria","Attack","Right Winger",,5000000,"first_team","cmuihnsd9000tb23f30w9l9tm","Olympique Lyon","","",""
"cmuihvzwh07upsexpcsoxjol8","Keito Nakamura","","405397","2000-07-27","Japan","Attack","Left Winger",180,10000000,"first_team","cmuihnsd9000tb23f30w9l9tm","Olympique Lyon","","",""
"cmuihw4rh0cybsexp24r0gnei","Khalis Merah","","1187942","2007-02-23","France","Midfield","Central Midfield",178,15000000,"first_team","cmuihnsd9000tb23f30w9l9tm","Olympique Lyon","","",""
"cmuihw4460cjpsexpm9h7k4qn","Lassine Diarra","","1071430","2002-11-10","Mali","Goalkeeper","Goalkeeper",190,50000,"first_team","cmuihnsd9000tb23f30w9l9tm","Olympique Lyon","","",""
"cmuihvzvp07cnsexpwg2spwmt","Loïs Openda","","368887","2000-02-15","Belgium","Attack","Centre-Forward",177,25000000,"first_team","cmuihnsd9000tb23f30w9l9tm","Olympique Lyon","","",""
"cmuo572wg000zti9kske7pa52","Mads Bidstrup","","462832","2001-02-25","Denmark","Central Midfield","Central Midfield",,0,"first_team","cmuihnsd9000tb23f30w9l9tm","Olympique Lyon","","",""
"cmuo572rw000xti9kezcivc6z","Mohamed Ouédraogo","","1107570","2003-01-02","Burkina Faso","Left-Back","Left-Back",,0,"first_team","cmuihnsd9000tb23f30w9l9tm","Olympique Lyon","","",""
"cmuihvyqz069esexpk1lzjghw","Moussa Niakhaté","","291200","1996-03-07","Senegal","Defender","Centre-Back",190,15000000,"first_team","cmuihnsd9000tb23f30w9l9tm","Olympique Lyon","","",""
"cmuihvwrm03q4sexp9dmcelxa","Nicolás Tagliafico","","131225","1992-08-30","Argentina","Defender","Left-Back",172,4000000,"first_team","cmuihnsd9000tb23f30w9l9tm","Olympique Lyon","","",""
"cmuihw2qb0b2lsexp9rbyxf8d","Noah Nartey","","802515","2005-10-04","Denmark","Midfield","Attacking Midfield",180,15000000,"first_team","cmuihnsd9000tb23f30w9l9tm","Olympique Lyon","","",""
"cmuihw4rt0d31sexp9ncygy9q","Noham Kamara","","1275040","2007-01-21","France","Defender","Centre-Back",185,3000000,"first_team","cmuihnsd9000tb23f30w9l9tm","Olympique Lyon","","",""
"cmuihw0iq084dsexpjl9xsmrc","Paul Akouokou","","429901","1997-12-19","Cote d'Ivoire","Midfield","Defensive Midfield",181,1500000,"first_team","cmuihnsd9000tb23f30w9l9tm","Olympique Lyon","","",""
"cmuo5731a0011ti9k9p2hxsdg","Pavel Sulc","","500053","2000-12-29","Czech Republic","Attacking Midfield","Attacking Midfield",,20000000,"first_team","cmuihnsd9000tb23f30w9l9tm","Olympique Lyon","","",""
"cmuihw4rk0czmsexpcrtgdrjc","Rémi Himbert","","1200423","2008-02-28","France","Attack","Left Winger",178,10000000,"first_team","cmuihnsd9000tb23f30w9l9tm","Olympique Lyon","","",""
"cmuihvyqr061msexpg2bk413o","Rémy Descamps","","282028","1996-06-24","France","Goalkeeper","Goalkeeper",196,1500000,"first_team","cmuihnsd9000tb23f30w9l9tm","Olympique Lyon","","",""
"cmuihw1do09hwsexpudcvr40m","Ruben Kluivert","","578421","2001-05-20","Netherlands","Defender","Centre-Back",187,8000000,"first_team","cmuihnsd9000tb23f30w9l9tm","Olympique Lyon","","",""
"cmuihw4qy0cqjsexps7gx0o44","Steeve Kango","","1119391","2006-12-08","France","Defender","Right-Back",181,1000000,"first_team","cmuihnsd9000tb23f30w9l9tm","Olympique Lyon","","",""
"cmuihw24p0abdsexptsphih1x","Tanner Tessmann","","670096","2001-09-23","United States","Midfield","Defensive Midfield",188,10000000,"first_team","cmuihnsd9000tb23f30w9l9tm","Olympique Lyon","","",""
"cmuihw24509v1sexpc0523j1p","Tyler Morton","","618494","2002-10-30","England","Midfield","Defensive Midfield",185,30000000,"first_team","cmuihnsd9000tb23f30w9l9tm","Olympique Lyon","","",""
"cmuihw43m0c5tsexp6r2aig07","Zachary Athekame","","990637","2004-12-12","Switzerland","Defender","Right-Back",181,15000000,"first_team","cmuihnsd9000tb23f30w9l9tm","Olympique Lyon","","",""
"cmuihvzwq080esexpvgo5p3lv","Amine Gouiri","","418659","2000-02-15","Algeria","Attack","Centre-Forward",180,28000000,"first_team","cmuihq2sw005jh29e5ugg799e","Olympique Marseille","","",""
"cmuihvzvs07eisexpbp2dadnx","Amine Harit","","372711","1997-06-17","Morocco","Attack","Left Winger",180,5000000,"first_team","cmuihq2sw005jh29e5ugg799e","Olympique Marseille","","",""
"cmuihvzw407nqsexp3yvhauax","Angel Gomes","","392770","2000-08-30","England","Midfield","Attacking Midfield",168,10000000,"first_team","cmuihq2sw005jh29e5ugg799e","Olympique Marseille","","",""
"cmuihw2qd0b3wsexpqepgj6mt","Bamo Meïté","","807165","2001-12-02","Cote d'Ivoire","Defender","Centre-Back",184,7000000,"first_team","cmuihq2sw005jh29e5ugg799e","Olympique Marseille","","",""
"cmuihw1dq09iysexp82xd81mn","CJ Egan-Riley","","581669","2003-01-01","England","Defender","Centre-Back",183,9000000,"first_team","cmuihq2sw005jh29e5ugg799e","Olympique Marseille","","",""
"cmuihvzap06ofsexp6q2u8l44","Derek Cornelius","","328609","1997-11-24","Canada","Defender","Centre-Back",186,2500000,"first_team","cmuihq2sw005jh29e5ugg799e","Olympique Marseille","","",""
"cmuihvxfr04g1sexpoigj6rkm","Emerson","","181778","1994-08-02","Italy","Defender","Left-Back",176,9000000,"first_team","cmuihq2sw005jh29e5ugg799e","Olympique Marseille","","",""
"cmuihw23y09olsexp689m6wm5","Faris Moumbagna","","599663","2000-06-30","Cameroon","Attack","Centre-Forward",185,3500000,"first_team","cmuihq2sw005jh29e5ugg799e","Olympique Marseille","","",""
"cmuihvwri03mvsexpnxifnt0k","Geoffrey Kondogbia","","127189","1993-02-14","Central African Republic","Midfield","Defensive Midfield",188,3000000,"first_team","cmuihq2sw005jh29e5ugg799e","Olympique Marseille","","",""
"cmuihw1et09m9sexpy6ivhtd3","Himad Abdelli","","592979","1999-11-16","Algeria","Midfield","Attacking Midfield",185,5000000,"first_team","cmuihq2sw005jh29e5ugg799e","Olympique Marseille","","",""
"cmuihw24j0a5xsexp94hozkf5","Igor Paixão","","653610","2000-06-27","Brazil","Attack","Left Winger",168,35000000,"first_team","cmuihq2sw005jh29e5ugg799e","Olympique Marseille","","",""
"cmuihvyrb06iwsexpigmg3ixd","Jeffrey de Lange","","315253","1998-03-31","Netherlands","Goalkeeper","Goalkeeper",190,2500000,"first_team","cmuihq2sw005jh29e5ugg799e","Olympique Marseille","","",""
"cmuihw2pw0arssexp3vno3ibe","Jelle Van Neck","","727086","2004-03-06","Belgium","Goalkeeper","Goalkeeper",191,50000,"first_team","cmuihq2sw005jh29e5ugg799e","Olympique Marseille","","",""
"cmuihw4rf0cxksexpj3g2i1y0","Keyliane Abdallah","","1183719","2006-04-04","France","Attack","Right Winger",185,0,"first_team","cmuihq2sw005jh29e5ugg799e","Olympique Marseille","","",""
"cmuihvzbl07aisexpoha0ektq","Nayef Aguerd","","361914","1996-03-29","Morocco","Defender","Centre-Back",190,15000000,"first_team","cmuihq2sw005jh29e5ugg799e","Olympique Marseille","","",""
"cmuihvy5x0531sexpkbz8h328","Neal Maupay","","217115","1996-08-13","France","Attack","Centre-Forward",171,4000000,"first_team","cmuihq2sw005jh29e5ugg799e","Olympique Marseille","","",""
"cmuihvxfi048vsexpr82o0duc","Pierre-Emile Højbjerg","","167799","1995-08-04","Denmark","Midfield","Defensive Midfield",185,15000000,"first_team","cmuihq2sw005jh29e5ugg799e","Olympique Marseille","","",""
"cmuihw4rk0d00sexphj669o2j","Tadjidine Mmadi","","1206824","2007-03-02","France","Attack","Left Winger",180,0,"first_team","cmuihq2sw005jh29e5ugg799e","Olympique Marseille","","",""
"cmuihw24609vvsexp3p1hkjt7","Théo Vermot","","620912","1997-01-26","France","Goalkeeper","Goalkeeper",190,100000,"first_team","cmuihq2sw005jh29e5ugg799e","Olympique Marseille","","",""
"cmuihvzvq07dgsexpt3gl37yw","Timothy Weah","","370846","2000-02-21","United States","Midfield","Right Midfield",183,20000000,"first_team","cmuihq2sw005jh29e5ugg799e","Olympique Marseille","","",""
"cmuihw3f20boesexpmlifp8sm","Tochukwu Nnadi","","920470","2003-06-29","Nigeria","Midfield","Defensive Midfield",176,4500000,"first_team","cmuihq2sw005jh29e5ugg799e","Olympique Marseille","","",""
"cmuihvxg304nosexp50dynk7b","Ulisses Garcia","","192616","1996-01-10","Switzerland","Defender","Left-Back",182,3000000,"first_team","cmuihq2sw005jh29e5ugg799e","Olympique Marseille","","",""
"cmuihvwru03w0sexpovsa1qe6","Bartosz Bereszyński","","144143","1992-07-11","Poland","Defender","Right-Back",183,400000,"first_team","cmuihqagn009rh29eo37c8nju","Palermo FC","","",""
"cmuihvwrm03qfsexpnc1soil0","Jesse Joronen","","131758","1993-03-20","Finland","Goalkeeper","Goalkeeper",197,500000,"first_team","cmuihqagn009rh29eo37c8nju","Palermo FC","","",""
"cmuihvxfn04cesexpi1x59b64","Joel Pohjanpalo","","173491","1994-09-12","Finland","Attack","Centre-Forward",186,3500000,"first_team","cmuihqagn009rh29eo37c8nju","Palermo FC","","",""
"cmuihw24809wssexpnk600vfd","Kristoffer Lund","","623773","2002-05-13","United States","Defender","Left-Back",184,4000000,"first_team","cmuihqagn009rh29eo37c8nju","Palermo FC","","",""
"cmuihw43h0c1xsexpa56weg0z","Adama Camara","","973949","1996-10-17","France","Midfield","Defensive Midfield",180,3000000,"first_team","cmuihnihk000bb23fi54xeh0d","Paris FC","","",""
"cmuihw24m0a8ksexpfkjvacdt","Diego Coppola","","660860","2003-12-27","Italy","Defender","Centre-Back",193,18000000,"first_team","cmuihnihk000bb23fi54xeh0d","Paris FC","","",""
"cmuo57c34001tti9k5o3n4i6q","Emmanuel Mbemba","","1185941","2008-03-20","France; DR Congo","Left-Back","Left-Back",,0,"first_team","cmuihnihk000bb23fi54xeh0d","Paris FC","","",""
"cmuihvyr506cjsexpglo5036v","Hamari Traoré","","297070","1992-01-26","Mali","Defender","Right-Back",175,1500000,"first_team","cmuihnihk000bb23fi54xeh0d","Paris FC","","",""
"cmuihw2py0au7sexphjx4fsmr","Ilan Kebbal","","739769","1998-07-09","Algeria","Attack","Right Winger",169,12000000,"first_team","cmuihnihk000bb23fi54xeh0d","Paris FC","","",""
"cmuihvzbk0797sexp7hnwrzl5","Jean-Philippe Krasso","","358515","1997-07-16","Cote d'Ivoire","Attack","Centre-Forward",187,3500000,"first_team","cmuihnihk000bb23fi54xeh0d","Paris FC","","",""
"cmuihvzao06n6sexpqzdshz3q","Jonathan Ikoné","","324690","1998-05-01","France","Attack","Right Winger",175,4000000,"first_team","cmuihnihk000bb23fi54xeh0d","Paris FC","","",""
"cmuihvux201xzsexpd8gou5la","Kevin Trapp","","45672","1990-07-07","Germany","Goalkeeper","Goalkeeper",189,1800000,"first_team","cmuihnihk000bb23fi54xeh0d","Paris FC","","",""
"cmuihw1dh09f8sexpsyer2y54","Lassine Sinayoko","","569140","1999-12-07","Mali","Attack","Centre-Forward",186,10000000,"first_team","cmuihnihk000bb23fi54xeh0d","Paris FC","","",""
"cmuihw2q10awlsexpf1ztpbvs","Luca Koleosho","","745461","2004-09-14","Italy","Attack","Right Winger",175,6000000,"first_team","cmuihnihk000bb23fi54xeh0d","Paris FC","","",""
"cmuihvyqz0692sexpxf6sxaiv","Maxime Lopez","","290862","1997-12-03","France","Midfield","Defensive Midfield",167,5000000,"first_team","cmuihnihk000bb23fi54xeh0d","Paris FC","","",""
"cmuihvyqn05ylsexpifwujn2o","Moses Simon","","274862","1995-07-11","Nigeria","Attack","Left Winger",168,7000000,"first_team","cmuihnihk000bb23fi54xeh0d","Paris FC","","",""
"cmuihw24i0a4tsexps3vljp9y","Moustapha Mbow","","649026","2000-03-07","Senegal","Defender","Centre-Back",192,9000000,"first_team","cmuihnihk000bb23fi54xeh0d","Paris FC","","",""
"cmuihw43d0bz0sexpnjfhnkgo","Nhoa Sangui","","955281","2006-02-26","France","Defender","Left-Back",178,10000000,"first_team","cmuihnihk000bb23fi54xeh0d","Paris FC","","",""
"cmuihw2q60ay3sexpb3vujhl0","Obed Nkambadio","","750878","2003-02-06","France","Goalkeeper","Goalkeeper",190,5000000,"first_team","cmuihnihk000bb23fi54xeh0d","Paris FC","","",""
"cmuo57c7r001vti9klgeju6u1","Omar Sissoko","","1132426","2006-08-18","France; Mali","Centre-Forward","Centre-Forward",,1000000,"first_team","cmuihnihk000bb23fi54xeh0d","Paris FC","","",""
"cmuihw3ef0b78sexp91lrvhec","Otávio","","818495","2002-04-20","Brazil","Defender","Centre-Back",188,10000000,"first_team","cmuihnihk000bb23fi54xeh0d","Paris FC","","",""
"cmuihw2qe0b4qsexpvegpnkfe","Pablo Pagis","","810411","2002-12-28","France","Attack","Left Winger",180,15000000,"first_team","cmuihnihk000bb23fi54xeh0d","Paris FC","","",""
"cmuihw4rx0d65sexpcjnullsb","Patrick Zabi","","1363293","2006-09-23","Cote d'Ivoire","Midfield","Central Midfield",191,20000000,"first_team","cmuihnihk000bb23fi54xeh0d","Paris FC","","",""
"cmuihvzvv07g7sexpshs79odn","Pierre Lees-Melou","","377393","1993-05-24","France","Midfield","Defensive Midfield",185,4500000,"first_team","cmuihnihk000bb23fi54xeh0d","Paris FC","","",""
"cmuihw4ro0d1qsexpzaem85b4","Rudy Matondo","","1241211","2008-03-12","France","Midfield","Central Midfield",180,20000000,"first_team","cmuihnihk000bb23fi54xeh0d","Paris FC","","",""
"cmuihw24p0aamsexpo3ptspfc","Samir Chergui","","668167","1999-02-05","Algeria","Defender","Centre-Back",185,3000000,"first_team","cmuihnihk000bb23fi54xeh0d","Paris FC","","",""
"cmuihvzb206vysexpflsz6r6p","Thibault De Smet","","340177","1998-06-04","Belgium","Defender","Left-Back",183,1800000,"first_team","cmuihnihk000bb23fi54xeh0d","Paris FC","","",""
"cmuihvzvt07f0sexpnhpdkgec","Vincent Marchetti","","374040","1997-07-03","France","Midfield","Central Midfield",178,1500000,"first_team","cmuihnihk000bb23fi54xeh0d","Paris FC","","",""
"cmuihw3f00bn9sexpuq88nvb8","Yoan Koré","","914539","2004-11-15","France","Defender","Centre-Back",187,600000,"first_team","cmuihnihk000bb23fi54xeh0d","Paris FC","","",""
"cmuihvzwc07s3sexp8ze99ho1","Achraf Hakimi","","398073","1998-11-03","Morocco","Defender","Right-Back",180,80000000,"first_team","cmuihqbws00ajh29e1ujz5fht","Paris Saint-Germain","","",""
"cmuo7iddo000914p28zd92ton","Alessandro Longoni","","1074986","2008-01-31","Italy","Goalkeeper","Goalkeeper",,300000,"first_team","cmuihqbws00ajh29e1ujz5fht","Paris Saint-Germain","","",""
"cmuihw3f00bnasexp61355vm6","Désiré Doué","","914562","2005-06-02","France","Attack","Right Winger",181,120000000,"first_team","cmuihqbws00ajh29e1ujz5fht","Paris Saint-Germain","","",""
"cmuihw4460cjqsexpxtzjjfug","Dro Fernández","","1071596","2008-01-11","Spain","Midfield","Attacking Midfield",180,10000000,"first_team","cmuihqbws00ajh29e1ujz5fht","Paris Saint-Germain","","",""
"cmuihvzbb073tsexp6ztlz4r1","Fabián Ruiz","","350219","1996-04-02","Spain","Midfield","Central Midfield",188,30000000,"first_team","cmuihqbws00ajh29e1ujz5fht","Paris Saint-Germain","","",""
"cmuihvzwd07s5sexp8vx1qdul","Ferran Torres","","398184","2000-02-28","Spain","Attack","Centre-Forward",183,50000000,"first_team","cmuihqbws00ajh29e1ujz5fht","Paris Saint-Germain","","",""
"cmuihw24m0a7vsexpe3he0n95","Ilya Zabarnyi","","659089","2002-08-31","Ukraine","Defender","Centre-Back",189,40000000,"first_team","cmuihqbws00ajh29e1ujz5fht","Paris Saint-Germain","","",""
"cmuihw24q0abisexpsp06kffu","João Neves","","670681","2004-09-26","Portugal","Midfield","Central Midfield",171,140000000,"first_team","cmuihqbws00ajh29e1ujz5fht","Paris Saint-Germain","","",""
"cmuihw0k808rvsexp5ao6sjkp","Khvicha Kvaratskhelia","","502670","2001-02-11","Georgia","Attack","Left Winger",183,140000000,"first_team","cmuihqbws00ajh29e1ujz5fht","Paris Saint-Germain","","",""
"cmuihw3er0bg3sexp77n6p4ed","Lucas Beraldo","","872171","2003-11-23","Brazil","Defender","Centre-Back",186,22000000,"first_team","cmuihqbws00ajh29e1ujz5fht","Paris Saint-Germain","","",""
"cmuihw0jm08ftsexpea1yufoy","Lucas Chevalier","","463600","2001-11-05","France","Goalkeeper","Goalkeeper",189,25000000,"first_team","cmuihqbws00ajh29e1ujz5fht","Paris Saint-Germain","","",""
"cmuihvwrh03lhsexp8k88o4a2","Lucas Digne","","126664","1993-07-19","France","Defender","Left-Back",178,6000000,"first_team","cmuihqbws00ajh29e1ujz5fht","Paris Saint-Germain","","",""
"cmuihvyqr061gsexp5uqg8cc6","Lucas Hernández","","281963","1996-02-13","France","Defender","Left-Back",184,18000000,"first_team","cmuihqbws00ajh29e1ujz5fht","Paris Saint-Germain","","",""
"cmuihw2q10awesexpv53xk4f1","Maghnes Akliouche","","745200","2002-02-24","France","Attack","Right Winger",183,50000000,"first_team","cmuihqbws00ajh29e1ujz5fht","Paris Saint-Germain","","",""
"cmuihvxfr04fysexptloxp4xh","Marquinhos","","181767","1994-05-13","Brazil","Defender","Centre-Back",183,28000000,"first_team","cmuihqbws00ajh29e1ujz5fht","Paris Saint-Germain","","",""
"cmuihvzal06klsexp5sftpcyu","Matvey Safonov","","318470","1999-02-24","Russia","Goalkeeper","Goalkeeper",192,30000000,"first_team","cmuihqbws00ajh29e1ujz5fht","Paris Saint-Germain","","",""
"cmuihw2q50axzsexpinqc05sf","Mika Godts","","748804","2005-06-06","Belgium","Attack","Left Winger",176,35000000,"first_team","cmuihqbws00ajh29e1ujz5fht","Paris Saint-Germain","","",""
"cmuihw24409u2sexpedzw4spf","Nuno Mendes","","616341","2002-06-18","Portugal","Defender","Left-Back",177,80000000,"first_team","cmuihqbws00ajh29e1ujz5fht","Paris Saint-Germain","","",""
"cmuihvyqw066dsexpsvvv3x91","Ousmane Dembélé","","288230","1997-05-14","France","Attack","Centre-Forward",179,100000000,"first_team","cmuihqbws00ajh29e1ujz5fht","Paris Saint-Germain","","",""
"cmuihw43z0cezsexplhk171ko","Quentin Ndjantou","","1053208","2007-07-22","France","Attack","Left Winger",182,8000000,"first_team","cmuihqbws00ajh29e1ujz5fht","Paris Saint-Germain","","",""
"cmuihw3ey0bl5sexpekrq8gxx","Senny Mayulu","","903693","2006-05-16","France","Midfield","Central Midfield",183,40000000,"first_team","cmuihqbws00ajh29e1ujz5fht","Paris Saint-Germain","","",""
"cmuihw0k508obsexpc7fsdynr","Vitinha","","487469","2000-02-12","Portugal","Midfield","Defensive Midfield",170,140000000,"first_team","cmuihqbws00ajh29e1ujz5fht","Paris Saint-Germain","","",""
"cmuihw2qe0b4lsexpflzcckgu","Warren Zaïre-Emery","","810092","2006-03-07","France","Midfield","Central Midfield",176,80000000,"first_team","cmuihqbws00ajh29e1ujz5fht","Paris Saint-Germain","","",""
"cmuihw24m0a8osexph6kterrq","Willian Pacho","","661171","2001-10-15","Ecuador","Defender","Centre-Back",188,80000000,"first_team","cmuihqbws00ajh29e1ujz5fht","Paris Saint-Germain","","",""
"cmuihw44a0cmzsexp25hha16u","Abdou-Salam Konate","","1087009","2006-11-24","Senegal","Midfield","Central Midfield",189,0,"first_team","cmuihouiw002pb23fjq3m9qng","Parma Calcio 1913","","",""
"cmuihw24s0ad5sexp391vasg3","Abdoulaye Ndiaye","","673514","2002-04-09","Senegal","Defender","Centre-Back",195,6000000,"first_team","cmuihouiw002pb23fjq3m9qng","Parma Calcio 1913","","",""
"cmuihw0jp08h6sexpapv1gahy","Adrián Bernabé","","466802","2001-05-25","Spain","Midfield","Central Midfield",170,15000000,"first_team","cmuihouiw002pb23fjq3m9qng","Parma Calcio 1913","","",""
"cmuihw43p0c72sexphmivepcq","Benja Cremaschi","","999127","2005-03-01","United States","Midfield","Central Midfield",180,4000000,"first_team","cmuihouiw002pb23fjq3m9qng","Parma Calcio 1913","","",""
"cmuihw43w0ccxsexpsrydpq61","Christian Ordóñez","","1043646","2004-07-23","Argentina","Midfield","Central Midfield",177,6500000,"first_team","cmuihouiw002pb23fjq3m9qng","Parma Calcio 1913","","",""
"cmuo54kiw002mbpsmqjz7d6sa","David Romero","","668512","2003-03-25","Argentina","Centre-Forward","Centre-Forward",,0,"first_team","cmuihouiw002pb23fjq3m9qng","Parma Calcio 1913","","",""
"cmuihvzaq06oqsexp94h04phq","Diego Carlos","","329145","1993-03-14","Brazil","Defender","Centre-Back",185,5000000,"first_team","cmuihouiw002pb23fjq3m9qng","Parma Calcio 1913","","",""
"cmuihw43r0c93sexp4md7ol98","Dominik Drobnic","","1009616","2007-04-04","Slovenia","Defender","Centre-Back",,0,"first_team","cmuihouiw002pb23fjq3m9qng","Parma Calcio 1913","","",""
"cmuihw1bs08zysexp6cdwao67","Edoardo Corvi","","528181","2001-03-22","Italy","Goalkeeper","Goalkeeper",187,1500000,"first_team","cmuihouiw002pb23fjq3m9qng","Parma Calcio 1913","","",""
"cmuo54k9g002gbpsmp5k84te3","El Bilal Touré","","649016","2001-10-03","Mali; Cote d'Ivoire","Left Winger","Left Winger",,13000000,"first_team","cmuihouiw002pb23fjq3m9qng","Parma Calcio 1913","","",""
"cmuihw0j5088osexp7z2nl1ij","Emanuele Valeri","","445126","1998-12-06","Italy","Defender","Left-Back",180,3000000,"first_team","cmuihouiw002pb23fjq3m9qng","Parma Calcio 1913","","",""
"cmuihvzw407o2sexpteozer1s","Enrico Delprato","","392956","1999-11-09","Italy","Defender","Right-Back",183,6000000,"first_team","cmuihouiw002pb23fjq3m9qng","Parma Calcio 1913","","",""
"cmuihw2px0aspsexpf4atzb8y","Franco Carboni","","731491","2003-04-03","Argentina","Defender","Left-Back",190,900000,"first_team","cmuihouiw002pb23fjq3m9qng","Parma Calcio 1913","","",""
"cmuihw2qg0b5nsexph2tjd3y1","Giovanni Daffara","","814473","2004-12-04","Italy","Goalkeeper","Goalkeeper",194,600000,"first_team","cmuihouiw002pb23fjq3m9qng","Parma Calcio 1913","","",""
"cmuihw24d0a0lsexpewyxuzsy","Giovanni Fabbian","","633668","2003-01-13","Italy","Midfield","Attacking Midfield",190,10000000,"first_team","cmuihouiw002pb23fjq3m9qng","Parma Calcio 1913","","",""
"cmuihw0iq084isexpvz5k7fhg","Hans Nicolussi Caviglia","","430280","2000-06-17","Italy","Midfield","Defensive Midfield",184,6000000,"first_team","cmuihouiw002pb23fjq3m9qng","Parma Calcio 1913","","",""
"cmuihw24809x8sexpseqg60iv","Lautaro Valenti","","625202","1999-01-13","Argentina","Defender","Centre-Back",188,2000000,"first_team","cmuihouiw002pb23fjq3m9qng","Parma Calcio 1913","","",""
"cmuihw2pq0am2sexp2x70221y","Mandela Keita","","707844","2002-05-09","Belgium","Midfield","Defensive Midfield",180,20000000,"first_team","cmuihouiw002pb23fjq3m9qng","Parma Calcio 1913","","",""
"cmuihw4ra0cuosexp9zrzplpo","Mariano Troilo","","1159864","2003-06-27","Argentina","Defender","Centre-Back",194,10000000,"first_team","cmuihouiw002pb23fjq3m9qng","Parma Calcio 1913","","",""
"cmuo54klz002obpsm4atzb6d7","Matija Frigan","","840149","2003-02-11","Croatia","Centre-Forward","Centre-Forward",,7000000,"first_team","cmuihouiw002pb23fjq3m9qng","Parma Calcio 1913","","",""
"cmuihw3eq0bensexphwulb02p","Nesta Elphege","","862606","2001-01-08","France","Attack","Centre-Forward",196,4000000,"first_team","cmuihouiw002pb23fjq3m9qng","Parma Calcio 1913","","",""
"cmuo54kck002ibpsmgkofg1kl","Ousmane Diallo","","962149","2007-06-12","Spain; Senegal","Left Winger","Left Winger",,1500000,"first_team","cmuihouiw002pb23fjq3m9qng","Parma Calcio 1913","","",""
"cmuihvyr606dwsexpv6yccos1","Pontus Almqvist","","300532","1999-07-09","Sweden","Attack","Right Winger",183,1800000,"first_team","cmuihouiw002pb23fjq3m9qng","Parma Calcio 1913","","",""
"cmuo54k2m002cbpsmer3t0i7g","Sascha Britschgi","","932187","2006-08-27","Switzerland; Cameroon","Right-Back","Right-Back",,10000000,"first_team","cmuihouiw002pb23fjq3m9qng","Parma Calcio 1913","","",""
"cmuihvzbj078lsexpmvvz74mt","Simone Ghidotti","","357983","2000-03-18","Italy","Goalkeeper","Goalkeeper",193,350000,"first_team","cmuihouiw002pb23fjq3m9qng","Parma Calcio 1913","","",""
"cmuo54kfs002kbpsmoc9clg5n","Simone Lontani","","1058366","2008-01-18","Italy","Second Striker","Second Striker",,0,"first_team","cmuihouiw002pb23fjq3m9qng","Parma Calcio 1913","","",""
"cmuo54kpm002qbpsmihxzjcf0","Thomás De Martis","","1231230","2008-06-26","Argentina","Centre-Forward","Centre-Forward",,125000,"first_team","cmuihouiw002pb23fjq3m9qng","Parma Calcio 1913","","",""
"cmuo54k5u002ebpsmloqhbbjr","Vincent Sierro","","280387","1995-10-08","Switzerland","Central Midfield","Central Midfield",,0,"first_team","cmuihouiw002pb23fjq3m9qng","Parma Calcio 1913","","",""
"cmuihw24f0a2lsexptenqn1el","Damian van der Haar","","640558","2004-01-15","Netherlands","Defender","Centre-Back",187,400000,"first_team","cmuihoq0l002hb23fy05xkd46","PEC Zwolle","","",""
"cmuihw3ev0bixsexptgjcr86z","David Voûte","","891853","2005-11-03","Netherlands","Defender","Right-Back",180,100000,"first_team","cmuihoq0l002hb23fy05xkd46","PEC Zwolle","","",""
"cmuihw3f80bsesexpvkwzcbxt","Duke Verduin","","933570","2003-10-29","Netherlands","Goalkeeper","Goalkeeper",195,25000,"first_team","cmuihoq0l002hb23fy05xkd46","PEC Zwolle","","",""
"cmuihw0k808rqsexpjmdetfqk","Dylan Mbayo","","502289","2001-10-10","Belgium","Attack","Right Winger",175,500000,"first_team","cmuihoq0l002hb23fy05xkd46","PEC Zwolle","","",""
"cmuihw3fd0bx6sexp5brumget","Dylan Ruward","","946855","2005-01-20","Netherlands","Defender","Centre-Back",,0,"first_team","cmuihoq0l002hb23fy05xkd46","PEC Zwolle","","",""
"cmuihw3eh0b92sexpczsjdqh2","Gabriël Reiziger","","827711","2005-10-09","Netherlands","Midfield","Attacking Midfield",177,250000,"first_team","cmuihoq0l002hb23fy05xkd46","PEC Zwolle","","",""
"cmuihw4r50ctpsexp57oa5wav","Givaro Rahajaän","","1146453","2008-02-18","Netherlands","Midfield","Central Midfield",170,100000,"first_team","cmuihoq0l002hb23fy05xkd46","PEC Zwolle","","",""
"cmuihw4rw0d5ssexp6jekznhd","Jadiel Pereira da Gama","","1347762","2009-12-14","Netherlands","Midfield","Defensive Midfield",182,1500000,"first_team","cmuihoq0l002hb23fy05xkd46","PEC Zwolle","","",""
"cmuihvzbl079ysexpbp16p0bx","Jasper Schendelaar","","361082","2000-09-01","Netherlands","Goalkeeper","Goalkeeper",186,1500000,"first_team","cmuihoq0l002hb23fy05xkd46","PEC Zwolle","","",""
"cmuihw0ja08aysexpvfw6ylo6","Koen Kostons","","453121","1999-09-17","Netherlands","Attack","Centre-Forward",186,1500000,"first_team","cmuihoq0l002hb23fy05xkd46","PEC Zwolle","","",""
"cmuihw2qd0b3nsexprij8o19s","Nick Fichtinger","","806384","2004-04-05","Netherlands","Midfield","Defensive Midfield",178,350000,"first_team","cmuihoq0l002hb23fy05xkd46","PEC Zwolle","","",""
"cmuihvzbk079psexpmo5q0yv1","Odysseus Velanas","","360520","1998-06-04","Netherlands","Midfield","Attacking Midfield",180,550000,"first_team","cmuihoq0l002hb23fy05xkd46","PEC Zwolle","","",""
"cmuihw2pu0aq7sexpa06n8wi9","Olivier Aertssen","","720791","2004-08-06","Netherlands","Defender","Right-Back",185,650000,"first_team","cmuihoq0l002hb23fy05xkd46","PEC Zwolle","","",""
"cmuihw2qf0b57sexp7gziagwe","Rodney Kroeze","","813073","2004-02-26","Netherlands","Defender","Centre-Back",,0,"first_team","cmuihoq0l002hb23fy05xkd46","PEC Zwolle","","",""
"cmuihvxgf04vwsexpq2qeef0t","Ryan Thomas","","203357","1994-12-19","New Zealand","Midfield","Defensive Midfield",176,650000,"first_team","cmuihoq0l002hb23fy05xkd46","PEC Zwolle","","",""
"cmuihvyrb06iusexpcya2qe0y","Sherel Floranus","","315211","1998-08-22","Curacao","Defender","Left-Back",181,800000,"first_team","cmuihoq0l002hb23fy05xkd46","PEC Zwolle","","",""
"cmuihw1cw096dsexpqnv9fqj1","Simon Graves","","542858","1999-05-21","Denmark","Defender","Centre-Back",191,1500000,"first_team","cmuihoq0l002hb23fy05xkd46","PEC Zwolle","","",""
"cmuihw0j3087osexpdteonuhg","Thijs Oosting","","441216","2000-05-01","Netherlands","Midfield","Attacking Midfield",176,900000,"first_team","cmuihoq0l002hb23fy05xkd46","PEC Zwolle","","",""
"cmuihvzbj078fsexpky3va1xz","Thomas Buitink","","357826","2000-06-13","Netherlands","Attack","Centre-Forward",174,250000,"first_team","cmuihoq0l002hb23fy05xkd46","PEC Zwolle","","",""
"cmuihw1dg09essexpvmjifygv","Tijs Velthuis","","568377","2002-01-11","Netherlands","Defender","Centre-Back",189,500000,"first_team","cmuihoq0l002hb23fy05xkd46","PEC Zwolle","","",""
"cmuihw2pw0as6sexpk0qrvw8y","Tom de Graaff","","729010","2004-12-09","Netherlands","Goalkeeper","Goalkeeper",193,1000000,"first_team","cmuihoq0l002hb23fy05xkd46","PEC Zwolle","","",""
"cmuihvy61057asexpg4353aju","Younes Namli","","227039","1994-06-19","Denmark","Attack","Right Winger",180,1000000,"first_team","cmuihoq0l002hb23fy05xkd46","PEC Zwolle","","",""
"cmuihvzak06k7sexp7zxdwhuo","Adrian Semper","","317057","1998-01-11","Croatia","Goalkeeper","Goalkeeper",194,1800000,"first_team","cmuihq9qz009fh29erhvyqmi9","Pisa Sporting Club","","",""
"cmuihw3f20bomsexpj70i7wzd","Ante Vukovic","","921561","2004-08-09","Croatia","Goalkeeper","Goalkeeper",192,0,"first_team","cmuihq9qz009fh29erhvyqmi9","Pisa Sporting Club","","",""
"cmuihvwrx03ybsexpzwdmi2f1","Antonio Caracciolo","","149525","1990-06-29","Italy","Defender","Centre-Back",185,800000,"first_team","cmuihq9qz009fh29erhvyqmi9","Pisa Sporting Club","","",""
"cmuihvy6d05g2sexprqj7zjh0","Arturo Calabresi","","240897","1996-03-16","Italy","Defender","Centre-Back",186,800000,"first_team","cmuihq9qz009fh29erhvyqmi9","Pisa Sporting Club","","",""
"cmuihw24909ydsexpphwgd9ev","Gabriele Piccinini","","628365","2001-04-05","Italy","Midfield","Central Midfield",184,3000000,"first_team","cmuihq9qz009fh29erhvyqmi9","Pisa Sporting Club","","",""
"cmuihw24n0a9hsexpc4ruz4sl","Giovanni Bonfanti","","663900","2003-01-16","Italy","Defender","Centre-Back",187,1000000,"first_team","cmuihq9qz009fh29erhvyqmi9","Pisa Sporting Club","","",""
"cmuihw1cx096usexpcxw5660r","Malthe Højholt","","543822","2001-04-15","Denmark","Midfield","Defensive Midfield",182,1200000,"first_team","cmuihq9qz009fh29erhvyqmi9","Pisa Sporting Club","","",""
"cmuihw4r90cuhsexpf2hgpe0a","Mateus Lusuardi","","1159022","2004-01-07","Brazil","Defender","Centre-Back",190,300000,"first_team","cmuihq9qz009fh29erhvyqmi9","Pisa Sporting Club","","",""
"cmuihw0jv08jzsexp8l36o665","Matteo Tramoni","","475410","2000-01-19","France","Midfield","Attacking Midfield",175,4500000,"first_team","cmuihq9qz009fh29erhvyqmi9","Pisa Sporting Club","","",""
"cmuihvzba072ssexpiq3sa1ix","Mehdi Léris","","348601","1998-05-22","Algeria","Attack","Right Winger",186,1800000,"first_team","cmuihq9qz009fh29erhvyqmi9","Pisa Sporting Club","","",""
"cmuihw43z0cf2sexp8v2nl2g4","Mert Durmush","","1053566","2005-10-24","Bulgaria","Attack","Right Winger",183,0,"first_team","cmuihq9qz009fh29erhvyqmi9","Pisa Sporting Club","","",""
"cmuihvvw80373sexpzid800ca","Nícolas","","99523","1988-04-11","Brazil","Goalkeeper","Goalkeeper",190,100000,"first_team","cmuihq9qz009fh29erhvyqmi9","Pisa Sporting Club","","",""
"cmuihw2po0akssexpt1urkqhf","Samuele Angori","","705063","2003-10-06","Italy","Midfield","Left Midfield",186,4500000,"first_team","cmuihq9qz009fh29erhvyqmi9","Pisa Sporting Club","","",""
"cmuihvzbj078tsexpasod5g8z","Simone Canestrelli","","358003","2000-09-10","Italy","Defender","Centre-Back",192,4500000,"first_team","cmuihq9qz009fh29erhvyqmi9","Pisa Sporting Club","","",""
"cmuihvyqq060osexpzc18sqql","Stefano Moreo","","279823","1993-06-29","Italy","Attack","Centre-Forward",191,1200000,"first_team","cmuihq9qz009fh29erhvyqmi9","Pisa Sporting Club","","",""
"cmuihw0ka08tasexpstbfph6w","Tomás Esteves","","504085","2002-04-02","Portugal","Midfield","Right Midfield",180,1100000,"first_team","cmuihq9qz009fh29erhvyqmi9","Pisa Sporting Club","","",""
"cmuihw2qb0b24sexpekjx1dfv","Adamo Nagalo","","800976","2002-09-21","Burkina Faso","Defender","Centre-Back",188,2800000,"first_team","cmuihq7yg008dh29eacwmi5po","PSV Eindhoven","","",""
"cmuihvxfi048ksexpczjpradm","Alassane Pléa","","167329","1993-03-09","France","Attack","Centre-Forward",181,2500000,"first_team","cmuihq7yg008dh29eacwmi5po","PSV Eindhoven","","",""
"cmuihvzb006v5sexp7xtespy3","Armando Obispo","","339337","1999-03-04","Curacao","Defender","Centre-Back",185,4000000,"first_team","cmuihq7yg008dh29eacwmi5po","PSV Eindhoven","","",""
"cmuihvzwb07rjsexp1uzf23zp","Dennis Man","","397486","1998-08-25","Romania","Attack","Right Winger",183,15000000,"first_team","cmuihq7yg008dh29eacwmi5po","PSV Eindhoven","","",""
"cmuihw3f40bptsexpqthu8kxj","Esmir Bajraktarevic","","925862","2005-03-09","Bosnia-Herzegovina","Attack","Right Winger",175,8000000,"first_team","cmuihq7yg008dh29eacwmi5po","PSV Eindhoven","","",""
"cmuihvzvs07easexpaglvp9pw","Guus Til","","372267","1997-12-21","Netherlands","Midfield","Attacking Midfield",188,15000000,"first_team","cmuihq7yg008dh29eacwmi5po","PSV Eindhoven","","",""
"cmuihvu5401t0sexp4y5oggo0","Ivan Perišić","","42460","1989-02-01","Croatia","Attack","Left Winger",186,1200000,"first_team","cmuihq7yg008dh29eacwmi5po","PSV Eindhoven","","",""
"cmuihvzba072gsexpia1aggwi","Jerdy Schouten","","347900","1997-01-11","Netherlands","Midfield","Defensive Midfield",185,20000000,"first_team","cmuihq7yg008dh29eacwmi5po","PSV Eindhoven","","",""
"cmuihvzas06qosexploa65wef","Joël Drommel","","333640","1996-11-15","Netherlands","Goalkeeper","Goalkeeper",192,4000000,"first_team","cmuihq7yg008dh29eacwmi5po","PSV Eindhoven","","",""
"cmuihw1d10983sexpe8u81qxz","Kiliann Sildillia","","548348","2002-05-15","France","Defender","Right-Back",186,7000000,"first_team","cmuihq7yg008dh29eacwmi5po","PSV Eindhoven","","",""
"cmuihw1d5098ysexpw87xafa8","Matej Kovar","","550829","2000-05-16","Czech Republic","Goalkeeper","Goalkeeper",196,8000000,"first_team","cmuihq7yg008dh29eacwmi5po","PSV Eindhoven","","",""
"cmuihvzao06mrsexprvclvt6u","Mauro Júnior","","323910","1999-05-05","Brazil","Defender","Left-Back",171,18000000,"first_team","cmuihq7yg008dh29eacwmi5po","PSV Eindhoven","","",""
"cmuihvzwm07y2sexp0qe9643f","Myron Boadu","","412932","2001-01-13","Netherlands","Attack","Centre-Forward",183,4000000,"first_team","cmuihq7yg008dh29eacwmi5po","PSV Eindhoven","","",""
"cmuihvy5v051usexpancqlsl9","Nick Olij","","215094","1995-07-31","Netherlands","Goalkeeper","Goalkeeper",184,2000000,"first_team","cmuihq7yg008dh29eacwmi5po","PSV Eindhoven","","",""
"cmuihw2pv0aqlsexpoqwuonnz","Niek Schiks","","723005","2004-02-02","Netherlands","Goalkeeper","Goalkeeper",188,500000,"first_team","cmuihq7yg008dh29eacwmi5po","PSV Eindhoven","","",""
"cmuihw44b0co0sexpti11xaqm","Noah Fernandez","","1095107","2008-01-08","Belgium","Midfield","Central Midfield",170,4000000,"first_team","cmuihq7yg008dh29eacwmi5po","PSV Eindhoven","","",""
"cmuihw3ex0bkssexpw17ts3fp","Paul Wanner","","900909","2005-12-22","Austria","Midfield","Central Midfield",185,22000000,"first_team","cmuihq7yg008dh29eacwmi5po","PSV Eindhoven","","",""
"cmuihw24909xrsexp8ycvgrkj","Ricardo Pepi","","627207","2003-01-08","United States","Attack","Centre-Forward",185,30000000,"first_team","cmuihq7yg008dh29eacwmi5po","PSV Eindhoven","","",""
"cmuihw2py0athsexpgqlwfdpv","Ruben van Bommel","","735701","2004-08-02","Netherlands","Attack","Left Winger",192,10000000,"first_team","cmuihq7yg008dh29eacwmi5po","PSV Eindhoven","","",""
"cmuihw1em09kksexpc6q9iux0","Ryan Flamingo","","586429","2002-12-30","Netherlands","Defender","Centre-Back",187,14000000,"first_team","cmuihq7yg008dh29eacwmi5po","PSV Eindhoven","","",""
"cmuihvzbl07a3sexp7lmzrnee","Sergiño Dest","","361104","2000-11-02","United States","Defender","Right-Back",173,18000000,"first_team","cmuihq7yg008dh29eacwmi5po","PSV Eindhoven","","",""
"cmuihw2pu0aq9sexpnni5qn73","Tijn Smolenaars","","720805","2005-02-22","Netherlands","Goalkeeper","Goalkeeper",197,100000,"first_team","cmuihq7yg008dh29eacwmi5po","PSV Eindhoven","","",""
"cmuihw3ee0b6rsexp3j4hrhqj","Tygo Land","","816974","2006-01-10","Netherlands","Midfield","Central Midfield",178,2500000,"first_team","cmuihq7yg008dh29eacwmi5po","PSV Eindhoven","","",""
"cmuihw3fc0bw7sexp4znsciu1","Wessel Kuhn","","942070","2006-09-15","Netherlands","Defender","Centre-Back",185,500000,"first_team","cmuihq7yg008dh29eacwmi5po","PSV Eindhoven","","",""
"cmuihw3ew0bjysexpb94f2wkm","Yarek Gasiorowski","","895334","2005-01-11","Spain","Defender","Centre-Back",191,18000000,"first_team","cmuihq7yg008dh29eacwmi5po","PSV Eindhoven","","",""
"cmuihvzwa07qqsexpufj2o5ql","Jimmy Dunne","","396174","1997-10-18","Ireland","Defender","Right-Back",191,5000000,"first_team","cmuihnrcp000rb23fsw6lfab0","Queens Park Rangers","","",""
"cmuihvzwk07w8sexpxu28u0rl","Paul Smyth","","408872","1997-09-09","Northern Ireland","Attack","Right Winger",175,800000,"first_team","cmuihnrcp000rb23fsw6lfab0","Queens Park Rangers","","",""
"cmuihvy6k05mtsexp1zfltjs7","Aarón Martín","","251878","1997-04-21","Spain","Defender","Left-Back",178,5000000,"first_team","cmundu78o0003zjoefys30gje","Racing Santander","","",""
"cmuo51523001ugffhpgm5g6n4","Álvaro Mantilla","","636116","2000-05-09","Spain","Right-Back","Right-Back",,1200000,"first_team","cmundu78o0003zjoefys30gje","Racing Santander","","",""
"cmuihvzvu07fisexp85jrp5to","André Almeida","","375382","2000-05-29","Portugal","Midfield","Attacking Midfield",176,6000000,"first_team","cmundu78o0003zjoefys30gje","Racing Santander","","",""
"cmuihw1bu090usexp7wm93unl","Andrés Martín","","531277","1999-07-10","Spain","Attack","Centre-Forward",178,1000000,"first_team","cmundu78o0003zjoefys30gje","Racing Santander","","",""
"cmuihvy6k05n0sexph76fm8g1","Asier Villalibre","","251897","1997-09-29","Spain","Attack","Centre-Forward",182,2500000,"first_team","cmundu78o0003zjoefys30gje","Racing Santander","","",""
"cmuihw3eg0b8msexp8puyrgr5","Facundo González","","825199","2003-06-05","Uruguay","Defender","Centre-Back",193,3000000,"first_team","cmundu78o0003zjoefys30gje","Racing Santander","","",""
"cmuo515ix0022gffhmzi7ktzd","Giorgi Guliashvili","","502682","2001-09-05","Georgia","Left Winger","Left Winger",,3500000,"first_team","cmundu78o0003zjoefys30gje","Racing Santander","","",""
"cmuihw4rf0cx6sexpl6tqduhh","Iker Luque","","1179482","2005-06-04","Spain","Attack","Right Winger",168,2000000,"first_team","cmundu78o0003zjoefys30gje","Racing Santander","","",""
"cmuo515ah001ygffhdn47x1yh","Íñigo Sainz-Maza","","522730","1998-06-16","Spain","Central Midfield","Central Midfield",,1000000,"first_team","cmundu78o0003zjoefys30gje","Racing Santander","","",""
"cmuihvzau06rlsexpfeikjlwq","Iñigo Vicente","","335216","1998-01-05","Spain","Attack","Left Winger",178,1800000,"first_team","cmundu78o0003zjoefys30gje","Racing Santander","","",""
"cmuihvzb506y1sexpohpiwhlk","Iván Martín","","341278","1999-02-13","Spain","Midfield","Central Midfield",178,5000000,"first_team","cmundu78o0003zjoefys30gje","Racing Santander","","",""
"cmuihw3f20bo9sexpa9s2vjne","Jeanuël Belocian","","919515","2005-02-16","France","Defender","Centre-Back",186,12000000,"first_team","cmundu78o0003zjoefys30gje","Racing Santander","","",""
"cmuo514xq001sgffhggc6ieku","Jorge Salinas","","1262996","2007-04-03","Spain","Left-Back","Left-Back",,8000000,"first_team","cmundu78o0003zjoefys30gje","Racing Santander","","",""
"cmuihw0jk08exsexp1wkk1l1f","Juan Carlos Arana","","461631","2000-02-07","Spain","Attack","Centre-Forward",182,500000,"first_team","cmundu78o0003zjoefys30gje","Racing Santander","","",""
"cmuihw24809x4sexpn7bxrkoh","Julen Agirrezabala","","625014","2000-12-25","Spain","Goalkeeper","Goalkeeper",187,9000000,"first_team","cmundu78o0003zjoefys30gje","Racing Santander","","",""
"cmuo51569001wgffhjwz8pqtp","Maguette Gueye","","933795","2002-12-30","Senegal","Defensive Midfield","Defensive Midfield",,2000000,"first_team","cmundu78o0003zjoefys30gje","Racing Santander","","",""
"cmuihvzwa07qosexp2fh5y07u","Manu Hernando","","396161","1998-07-18","Spain","Defender","Centre-Back",183,700000,"first_team","cmundu78o0003zjoefys30gje","Racing Santander","","",""
"cmuihw3es0bglsexp5dnk30fi","Matteo Prati","","876298","2003-12-27","Italy","Midfield","Defensive Midfield",185,5500000,"first_team","cmundu78o0003zjoefys30gje","Racing Santander","","",""
"cmuihw43e0bzwsexpcjmqcsrd","Pablo García","","961087","2006-06-12","Spain","Attack","Right Winger",175,8000000,"first_team","cmundu78o0003zjoefys30gje","Racing Santander","","",""
"cmuihw24a09yysexpxqjef35v","Pablo Ramón","","629511","2001-06-29","Spain","Defender","Centre-Back",184,400000,"first_team","cmundu78o0003zjoefys30gje","Racing Santander","","",""
"cmuihw4490cm2sexpn1gqw3rr","Pedro Felipe","","1082581","2004-05-22","Brazil","Defender","Centre-Back",190,1500000,"first_team","cmundu78o0003zjoefys30gje","Racing Santander","","",""
"cmuo515el0020gffh05pbvqtw","Sergio Canales","","66106","1991-02-16","Spain","Attacking Midfield","Attacking Midfield",,3000000,"first_team","cmundu78o0003zjoefys30gje","Racing Santander","","",""
"cmuo514u0001qgffhpuwk8qw9","Simon Eriksson","","1088712","2006-04-24","Sweden","Goalkeeper","Goalkeeper",,2000000,"first_team","cmundu78o0003zjoefys30gje","Racing Santander","","",""
"cmuihw4r90cu3sexpsbv322v0","Yassir Zabiri","","1153105","2005-02-22","Morocco","Attack","Centre-Forward",182,9000000,"first_team","cmundu78o0003zjoefys30gje","Racing Santander","","",""
"cmuihw0k808rjsexprylgh4j7","Adrià Pedrosa","","501418","1998-05-12","Spain","Defender","Left-Back",172,2800000,"first_team","cmuihq7gc0083h29exnlti38f","Rayo Vallecano","","",""
"cmuo51fsr002ngffhhtcpb2l3","Alemão","","560417","1998-04-01","Brazil; Poland","Centre-Forward","Centre-Forward",,4000000,"first_team","cmuihq7gc0083h29exnlti38f","Rayo Vallecano","","",""
"cmuihvy6p05pisexprdj27az9","Álvaro García","","257062","1992-10-26","Spain","Attack","Left Winger",167,1500000,"first_team","cmuihq7gc0083h29exnlti38f","Rayo Vallecano","","",""
"cmuihw1bs08zvsexpj7fp1a60","Andrei Rațiu","","527966","1998-06-19","Romania","Defender","Right-Back",183,18000000,"first_team","cmuihq7gc0083h29exnlti38f","Rayo Vallecano","","",""
"cmuihvyqo05ypsexpme6qpcki","Augusto Batalla","","275218","1996-04-29","Argentina","Goalkeeper","Goalkeeper",185,6000000,"first_team","cmuihq7gc0083h29exnlti38f","Rayo Vallecano","","",""
"cmuihvzwc07rmsexpvcrofzig","Dani Cárdenas","","397676","1997-03-27","Spain","Goalkeeper","Goalkeeper",186,1800000,"first_team","cmuihq7gc0083h29exnlti38f","Rayo Vallecano","","",""
"cmuihvy6o05p2sexp01p2aq74","Emil Audero","","256339","1997-01-17","Indonesia","Goalkeeper","Goalkeeper",192,2800000,"first_team","cmuihq7gc0083h29exnlti38f","Rayo Vallecano","","",""
"cmuihvwri03mesexpu0ywjg2e","Florian Lejeune","","127108","1991-05-19","France","Defender","Centre-Back",190,1800000,"first_team","cmuihq7gc0083h29exnlti38f","Rayo Vallecano","","",""
"cmuihw24709wfsexplg7da16z","Fran Pérez","","622988","2002-09-08","Spain","Attack","Right Winger",176,2500000,"first_team","cmuihq7gc0083h29exnlti38f","Rayo Vallecano","","",""
"cmuihvzwq080ksexp68nd3tfx","Giorgi Tsitaishvili","","419067","2000-11-17","Georgia","Attack","Left Winger",171,3000000,"first_team","cmuihq7gc0083h29exnlti38f","Rayo Vallecano","","",""
"cmuo51fj4002lgffhmwqxahi6","Gnangoro Bouare","","1368893","2004-06-13","Spain","Central Midfield","Central Midfield",,50000,"first_team","cmuihq7gc0083h29exnlti38f","Rayo Vallecano","","",""
"cmuihvzbl07ajsexpl12i5taf","Isi Palazón","","362086","1994-12-26","Spain","Attack","Second Striker",169,2800000,"first_team","cmuihq7gc0083h29exnlti38f","Rayo Vallecano","","",""
"cmuihvvvj02xusexpqifgd47x","Iván Balliu","","85295","1991-12-31","Albania","Defender","Right-Back",172,1000000,"first_team","cmuihq7gc0083h29exnlti38f","Rayo Vallecano","","",""
"cmuihw0jb08bnsexprvanym1q","Jorge de Frutos","","455181","1997-02-19","Spain","Attack","Right Winger",173,12000000,"first_team","cmuihq7gc0083h29exnlti38f","Rayo Vallecano","","",""
"cmuihw2q70ayisexpx0fxgz4t","Jozhua Vertrouwd","","765467","2004-08-20","Netherlands","Defender","Centre-Back",187,2000000,"first_team","cmuihq7gc0083h29exnlti38f","Rayo Vallecano","","",""
"cmuihw0jf08cwsexpc2qyfd67","Luiz Felipe","","457931","1997-03-21","Italy","Defender","Centre-Back",187,2000000,"first_team","cmuihq7gc0083h29exnlti38f","Rayo Vallecano","","",""
"cmuihvzvr07dtsexp8126ez9g","Marash Kumbulla","","371371","2000-02-07","Albania","Defender","Centre-Back",191,3000000,"first_team","cmuihq7gc0083h29exnlti38f","Rayo Vallecano","","",""
"cmuo51fcw002jgffhsv1mal9y","Mujaid Sadick","","497663","2000-03-14","Spain; Nigeria","Centre-Back","Centre-Back",,5000000,"first_team","cmuihq7gc0083h29exnlti38f","Rayo Vallecano","","",""
"cmuihw1bh08wosexpfs47tf4t","Óscar Valentín","","517753","1994-08-19","Spain","Midfield","Central Midfield",177,2000000,"first_team","cmuihq7gc0083h29exnlti38f","Rayo Vallecano","","",""
"cmuihw1bq08z4sexpcl690tke","Pathé Ciss","","525578","1994-03-15","Senegal","Midfield","Central Midfield",186,1800000,"first_team","cmuihq7gc0083h29exnlti38f","Rayo Vallecano","","",""
"cmuihvzbl07atsexpyuiolfxw","Pedro Díaz","","363057","1998-06-04","Spain","Midfield","Central Midfield",180,3000000,"first_team","cmuihq7gc0083h29exnlti38f","Rayo Vallecano","","",""
"cmuihw2ph0agbsexps2ls7emn","Pelayo Fernández","","692208","2003-04-28","Spain","Defender","Centre-Back",193,500000,"first_team","cmuihq7gc0083h29exnlti38f","Rayo Vallecano","","",""
"cmuihw1da09bnsexpowrayugw","Randy Nteka","","560483","1997-12-05","Angola","Midfield","Attacking Midfield",189,1000000,"first_team","cmuihq7gc0083h29exnlti38f","Rayo Vallecano","","",""
"cmuihvws6044nsexp4lm9hbg8","Raúl de Tomás","","162038","1994-10-16","Spain","Attack","Centre-Forward",180,500000,"first_team","cmuihq7gc0083h29exnlti38f","Rayo Vallecano","","",""
"cmuihw3fd0bwusexpfbtxk1ro","Rayane Belaid","","945500","2005-02-10","Spain","Midfield","Attacking Midfield",175,600000,"first_team","cmuihq7gc0083h29exnlti38f","Rayo Vallecano","","",""
"cmuihw0kc08u1sexp3dl7s06x","Sergio Camello","","505674","2001-02-09","Spain","Attack","Centre-Forward",182,3000000,"first_team","cmuihq7gc0083h29exnlti38f","Rayo Vallecano","","",""
"cmuihvxg204n5sexp5m3h7tzt","Unai López","","192009","1995-10-29","Spain","Midfield","Central Midfield",170,2500000,"first_team","cmuihq7gc0083h29exnlti38f","Rayo Vallecano","","",""
"cmuihw4r00crmsexpn068j7ae","Abdoul Koné","","1130445","2005-04-21","France","Defender","Centre-Back",192,5000000,"first_team","cmuihq1z60055h29emzy2ewj7","RB Leipzig","","",""
"cmuihw43c0bygsexp2ouy9qru","Andrija Maksimovic","","952779","2007-06-04","Serbia","Midfield","Attacking Midfield",182,9000000,"first_team","cmuihq1z60055h29emzy2ewj7","RB Leipzig","","",""
"cmuihw3ew0bjqsexpfwju7ko2","Antonio Nusa","","894914","2005-04-16","Norway","Attack","Left Winger",183,32000000,"first_team","cmuihq1z60055h29emzy2ewj7","RB Leipzig","","",""
"cmuihw3ew0bk8sexp3dzsw80i","Assan Ouédraogo","","897424","2006-05-08","Germany","Midfield","Central Midfield",191,28000000,"first_team","cmuihq1z60055h29emzy2ewj7","RB Leipzig","","",""
"cmuihvxge04v7sexpwq8opz8t","Benjamin Henrichs","","202591","1997-02-22","Germany","Defender","Right-Back",185,7000000,"first_team","cmuihq1z60055h29emzy2ewj7","RB Leipzig","","",""
"cmuihw4rt0d35sexpyssixfg9","Benno Kaltefleiter","","1279157","2008-02-13","Germany","Midfield","Defensive Midfield",189,0,"first_team","cmuihq1z60055h29emzy2ewj7","RB Leipzig","","",""
"cmuihw2pj0airsexpa44dihy2","Brajan Gruda","","700106","2004-05-30","Germany","Midfield","Attacking Midfield",178,28000000,"first_team","cmuihq1z60055h29emzy2ewj7","RB Leipzig","","",""
"cmuihw24509v0sexp30fqswr0","Castello Lukeba","","618472","2002-12-16","France","Defender","Centre-Back",184,50000000,"first_team","cmuihq1z60055h29emzy2ewj7","RB Leipzig","","",""
"cmuihvzao06mvsexp93q4j9r5","Christoph Baumgartner","","324278","1999-07-31","Austria","Midfield","Attacking Midfield",180,40000000,"first_team","cmuihq1z60055h29emzy2ewj7","RB Leipzig","","",""
"cmuihvzb706zvsexpx93x8o63","Christopher Nkunku","","344381","1997-11-13","France","Attack","Centre-Forward",177,25000000,"first_team","cmuihq1z60055h29emzy2ewj7","RB Leipzig","","",""
"cmuihvzal06kjsexp2sgo7m8b","David Raum","","318204","1998-04-21","Germany","Defender","Left-Back",181,25000000,"first_team","cmuihq1z60055h29emzy2ewj7","RB Leipzig","","",""
"cmuihw3eq0bf4sexp8nbhq4z0","Ezechiel Banzuzi","","865682","2005-02-15","Netherlands","Midfield","Central Midfield",191,16000000,"first_team","cmuihq1z60055h29emzy2ewj7","RB Leipzig","","",""
"cmuihw1dd09d7sexpa2ac6j6q","Johan Bakayoko","","565424","2003-04-19","Belgium","Attack","Right Winger",179,20000000,"first_team","cmuihq1z60055h29emzy2ewj7","RB Leipzig","","",""
"cmuihvws50443sexpsijzkywg","Leopold Zingerle","","160971","1994-04-09","Germany","Goalkeeper","Goalkeeper",182,300000,"first_team","cmuihq1z60055h29emzy2ewj7","RB Leipzig","","",""
"cmuihvy5w0524sexp9gyzueq5","Lukas Klostermann","","215599","1996-06-02","Germany","Defender","Centre-Back",189,3500000,"first_team","cmuihq1z60055h29emzy2ewj7","RB Leipzig","","",""
"cmuihw0k408nusexpisdv8rdn","Maarten Vandevoordt","","486046","2002-02-25","Belgium","Goalkeeper","Goalkeeper",192,15000000,"first_team","cmuihq1z60055h29emzy2ewj7","RB Leipzig","","",""
"cmuihw3fb0bv6sexp5tyyprpr","Marc Guiu","","938158","2006-01-03","Spain","Attack","Centre-Forward",187,12000000,"on_loan","cmuihq1z60055h29emzy2ewj7","RB Leipzig","cmuihqcpo00b1h29edf8q9ksb","Chelsea FC","2027-06-30"
"cmuihw2qe0b4rsexpzzpupzyp","Max Finkgräfe","","810649","2004-03-26","Germany","Defender","Left-Back",183,5000000,"first_team","cmuihq1z60055h29emzy2ewj7","RB Leipzig","","",""
"cmuihw3ej0bb2sexpg1pkjmxu","Maxime Estève","","842341","2002-05-25","France","Defender","Centre-Back",193,28000000,"first_team","cmuihq1z60055h29emzy2ewj7","RB Leipzig","","",""
"cmuihw3ex0bktsexpsh142jdi","Neil El Aynaoui","","901019","2001-07-01","Morocco","Midfield","Central Midfield",185,23000000,"first_team","cmuihq1z60055h29emzy2ewj7","RB Leipzig","","",""
"cmuihvzwh07uksexpsi2tpi81","Nicolas Seiwald","","404950","2001-05-03","Austria","Midfield","Defensive Midfield",179,25000000,"first_team","cmuihq1z60055h29emzy2ewj7","RB Leipzig","","",""
"cmuihvuyv02ousexpbxflb0q0","Ørjan Nyland","","73517","1990-09-09","Norway","Goalkeeper","Goalkeeper",192,800000,"first_team","cmuihq1z60055h29emzy2ewj7","RB Leipzig","","",""
"cmuihvzap06o9sexpa1eyk9k6","Ridle Baku","","327251","1998-04-07","Germany","Defender","Right-Back",176,12000000,"first_team","cmuihq1z60055h29emzy2ewj7","RB Leipzig","","",""
"cmuihw0jq08hhsexpvqmiiz32","Rocco Reitz","","467434","2002-05-28","Germany","Midfield","Central Midfield",176,20000000,"first_team","cmuihq1z60055h29emzy2ewj7","RB Leipzig","","",""
"cmuihw43e0bzlsexpksvopnmu","Rômulo","","957874","2002-02-07","Brazil","Attack","Centre-Forward",193,30000000,"first_team","cmuihq1z60055h29emzy2ewj7","RB Leipzig","","",""
"cmuihw4si0d6psexpra8en299","Samba Konaté","","1380977","2009-02-26","France","Attack","Centre-Forward",190,1000000,"first_team","cmuihq1z60055h29emzy2ewj7","RB Leipzig","","",""
"cmuihw43d0bzasexpwu50yzsa","Tidiam Gomis","","955448","2006-08-07","France","Attack","Left Winger",183,5000000,"first_team","cmuihq1z60055h29emzy2ewj7","RB Leipzig","","",""
"cmuihw4470ckfsexpdndxxhm7","Viggo Gebel","","1074526","2007-11-21","Germany","Midfield","Attacking Midfield",175,350000,"first_team","cmuihq1z60055h29emzy2ewj7","RB Leipzig","","",""
"cmuihvvw1033usexpw27v6oaq","Willi Orbán","","93740","1992-11-02","Hungary","Defender","Centre-Back",186,5000000,"first_team","cmuihq1z60055h29emzy2ewj7","RB Leipzig","","",""
"cmuihw2q80azhsexpgnnefcac","Abdallah Sima","","776798","2001-06-16","Senegal","Attack","Left Winger",188,5000000,"first_team","cmuihqfi000cjh29exp3khwxc","RC Lens","","",""
"cmuihvzwf07txsexpuuxqylay","Amadou Haidara","","402008","1998-01-30","Mali","Midfield","Central Midfield",178,5000000,"first_team","cmuihqfi000cjh29exp3khwxc","RC Lens","","",""
"cmuihw43k0c4msexpgjo25hsx","Andrija Bulatovic","","986291","2006-12-26","Montenegro","Midfield","Central Midfield",180,8000000,"first_team","cmuihqfi000cjh29exp3khwxc","RC Lens","","",""
"cmuihvzbh076fsexp5xmbf6rs","Florian Sotoca","","354726","1990-10-24","France","Attack","Centre-Forward",187,1200000,"first_team","cmuihqfi000cjh29exp3khwxc","RC Lens","","",""
"cmuihvxfx04ijsexprqk1sczf","Florian Thauvin","","184892","1993-01-25","France","Attack","Right Winger",181,5000000,"first_team","cmuihqfi000cjh29exp3khwxc","RC Lens","","",""
"cmuo579uo001qti9kkrqg5z3y","Franjo Ivanović","","548028","2003-10-01","Croatia","Centre-Forward","Centre-Forward",,15000000,"first_team","cmuihqfi000cjh29exp3khwxc","RC Lens","","",""
"cmuihw4rk0cznsexps0nq0gar","Ilan Jourdren","","1200424","2008-07-16","France","Goalkeeper","Goalkeeper",188,0,"first_team","cmuihqfi000cjh29exp3khwxc","RC Lens","","",""
"cmuihw43t0cansexpdpy1ro7b","Ismaëlo Ganiou","","1020191","2005-03-13","France","Defender","Centre-Back",182,20000000,"first_team","cmuihqfi000cjh29exp3khwxc","RC Lens","","",""
"cmuihw23z09pusexpqddfd5oe","Jean-Clair Todibo","","605184","1999-12-29","France","Defender","Centre-Back",190,22000000,"first_team","cmuihqfi000cjh29exp3khwxc","RC Lens","","",""
"cmuo578u7001gti9kw24148w9","Jhoanner Chávez","","713787","2002-04-25","Ecuador","Left-Back","Left-Back",,0,"first_team","cmuihqfi000cjh29exp3khwxc","RC Lens","","",""
"cmuihvwrg03l8sexpiyesab1r","Jonathan Gradit","","126557","1992-11-23","France","Defender","Centre-Back",180,2500000,"first_team","cmuihqfi000cjh29exp3khwxc","RC Lens","","",""
"cmuo579h2001oti9klo17pm90","Junior Kadile","","585958","2002-12-16","DR Congo; France","Left Winger","Left Winger",,0,"first_team","cmuihqfi000cjh29exp3khwxc","RC Lens","","",""
"cmuihw4rh0cy6sexp3vkaz3jh","Kyllian Antonio","","1186789","2008-01-03","France","Defender","Centre-Back",183,3000000,"first_team","cmuihqfi000cjh29exp3khwxc","RC Lens","","",""
"cmuo578pj001eti9kwpl5ieul","Maik Nawrocki","","407745","2001-02-07","Poland; Germany","Centre-Back","Centre-Back",,0,"first_team","cmuihqfi000cjh29exp3khwxc","RC Lens","","",""
"cmuihvuxy02dssexpcj5sqh4t","Mathieu Gorgelin","","60543","1990-08-04","France","Goalkeeper","Goalkeeper",187,200000,"first_team","cmuihqfi000cjh29exp3khwxc","RC Lens","","",""
"cmuihvzb7070fsexp1qnk7c2i","Matthieu Udol","","344886","1996-03-19","France","Defender","Left-Back",178,8000000,"first_team","cmuihqfi000cjh29exp3khwxc","RC Lens","","",""
"cmuihw4ru0d3vsexpwsugwlgt","Mezian Mesloub","","1297674","2009-11-07","Portugal","Midfield","Central Midfield",,0,"first_team","cmuihqfi000cjh29exp3khwxc","RC Lens","","",""
"cmuihvzb70705sexprh5s9ho8","Michaël Cuisance","","344600","1999-08-15","France","Midfield","Central Midfield",181,2000000,"first_team","cmuihqfi000cjh29exp3khwxc","RC Lens","","",""
"cmuo579ce001mti9kfgdbah65","Michal Skoras","","393565","2000-02-15","Poland","Left Winger","Left Winger",,0,"first_team","cmuihqfi000cjh29exp3khwxc","RC Lens","","",""
"cmuihw3ef0b7psexpyl7t7l4e","Nidal Celik","","819566","2006-07-16","Bosnia-Herzegovina","Defender","Centre-Back",192,7000000,"first_team","cmuihqfi000cjh29exp3khwxc","RC Lens","","",""
"cmuihvzb706ztsexpxb1uuwx0","Odsonne Édouard","","344152","1998-01-15","France","Attack","Centre-Forward",187,12000000,"first_team","cmuihqfi000cjh29exp3khwxc","RC Lens","","",""
"cmuihvu4z01qmsexpx642ityb","Régis Gurtner","","39918","1986-12-07","France","Goalkeeper","Goalkeeper",182,100000,"first_team","cmuihqfi000cjh29exp3khwxc","RC Lens","","",""
"cmuihw2q00avlsexpxbef7ywe","Robin Risser","","743515","2004-12-01","France","Goalkeeper","Goalkeeper",193,30000000,"first_team","cmuihqfi000cjh29exp3khwxc","RC Lens","","",""
"cmuihvxgf04wbsexpkeptglsa","Ruben Aguilar","","203746","1993-04-25","France","Defender","Right-Back",172,2500000,"first_team","cmuihqfi000cjh29exp3khwxc","RC Lens","","",""
"cmuihw24k0a6nsexpwia1t0vr","Samson Baidoo","","655217","2004-03-30","Austria","Defender","Centre-Back",190,25000000,"first_team","cmuihqfi000cjh29exp3khwxc","RC Lens","","",""
"cmuihw24b09zqsexpuhwlgbi1","Saud Abdulhamid","","631927","1999-07-17","Saudi Arabia","Defender","Right-Back",172,9000000,"first_team","cmuihqfi000cjh29exp3khwxc","RC Lens","","",""
"cmuihw4rb0cutsexpfc31u6b6","Souleymane Sagnan","","1160378","2005-05-05","Mali","Defender","Centre-Back",187,400000,"first_team","cmuihqfi000cjh29exp3khwxc","RC Lens","","",""
"cmuo5797x001kti9kaw5npoib","Thorgan Hazard","","102226","1993-03-29","Belgium","Attacking Midfield","Attacking Midfield",,2000000,"first_team","cmuihqfi000cjh29exp3khwxc","RC Lens","","",""
"cmuo578ym001iti9k5w4p86yl","Yacine Titraoui","","748445","2003-07-26","Algeria","Central Midfield","Central Midfield",,0,"first_team","cmuihqfi000cjh29exp3khwxc","RC Lens","","",""
"cmuo570sl000oti9kmau6jklf","Benjamin Brantlind","","1172441","2008-08-15","Sweden","Attacking Midfield","Attacking Midfield",,0,"first_team","cmuihqd8900bbh29em5y4p2o4","RC Strasbourg Alsace","","",""
"cmuihw2qd0b3zsexpo0th1cwz","Conrad Harder","","807386","2005-04-06","Denmark","Attack","Centre-Forward",185,17000000,"first_team","cmuihqd8900bbh29em5y4p2o4","RC Strasbourg Alsace","","",""
"cmuihw24q0abrsexp9m14t0ai","Dário Essugo","","670717","2005-03-13","Portugal","Midfield","Defensive Midfield",178,15000000,"on_loan","cmuihqd8900bbh29em5y4p2o4","RC Strasbourg Alsace","cmuihqcpo00b1h29edf8q9ksb","Chelsea FC","2027-06-30"
"cmuo5711o000sti9kk279g1fz","Deivid Washington","","1082850","2005-06-05","Brazil","Centre-Forward","Centre-Forward",,0,"first_team","cmuihqd8900bbh29em5y4p2o4","RC Strasbourg Alsace","","",""
"cmuihw3fa0bumsexpv1ar89pf","Diogo Sousa","","937729","2006-01-19","Portugal","Midfield","Defensive Midfield",176,8000000,"first_team","cmuihqd8900bbh29em5y4p2o4","RC Strasbourg Alsace","","",""
"cmuihw3ez0bmesexp3ua0r8u9","Fábio Baldé","","910541","2005-07-19","Portugal","Attack","Left Winger",182,5000000,"first_team","cmuihqd8900bbh29em5y4p2o4","RC Strasbourg Alsace","","",""
"cmuihw1em09k8sexp0g4adg4x","Filip Jørgensen","","585323","2002-04-15","Denmark","Goalkeeper","Goalkeeper",192,15000000,"on_loan","cmuihqd8900bbh29em5y4p2o4","RC Strasbourg Alsace","cmuihqcpo00b1h29edf8q9ksb","Chelsea FC","2027-06-30"
"cmuihw43x0cd8sexphxzw639a","Genesis Antwi","","1045121","2007-05-10","Sweden","Defender","Right-Back",189,350000,"first_team","cmuihqd8900bbh29em5y4p2o4","RC Strasbourg Alsace","","",""
"cmuihw4r60cu0sexphryitydi","Gessime Yassine","","1151929","2005-11-21","Morocco","Attack","Right Winger",172,12000000,"first_team","cmuihqd8900bbh29em5y4p2o4","RC Strasbourg Alsace","","",""
"cmuihw0ka08tgsexpimq46nrf","Giovanni Reyna","","504215","2002-11-12","United States","Midfield","Attacking Midfield",187,4000000,"first_team","cmuihqd8900bbh29em5y4p2o4","RC Strasbourg Alsace","","",""
"cmuo570ew000kti9k6d1yivbp","Hermann Malonga","","1185890","2008-01-08","France; Congo","Centre-Back","Centre-Back",,0,"first_team","cmuihqd8900bbh29em5y4p2o4","RC Strasbourg Alsace","","",""
"cmuihw2q90b08sexp1qf4n10o","Ismaël Doukouré","","786436","2003-07-23","France","Defender","Centre-Back",183,20000000,"first_team","cmuihqd8900bbh29em5y4p2o4","RC Strasbourg Alsace","","",""
"cmuo570xb000qti9kyyfpd630","Jacobo Ortega","","1186237","2006-05-29","Spain","Centre-Forward","Centre-Forward",,0,"first_team","cmuihqd8900bbh29em5y4p2o4","RC Strasbourg Alsace","","",""
"cmuo570aj000iti9kxa597fw8","Jeyland Mitchell","","856068","2004-09-29","Costa Rica","Centre-Back","Centre-Back",,0,"first_team","cmuihqd8900bbh29em5y4p2o4","RC Strasbourg Alsace","","",""
"cmuihw4450ciosexpwesj09qn","Joaquín Panichelli","","1064871","2002-10-06","Argentina","Attack","Centre-Forward",190,35000000,"first_team","cmuihqd8900bbh29em5y4p2o4","RC Strasbourg Alsace","","",""
"cmuihw44a0cmhsexpy4qh8x80","Karim Coulibaly","","1084638","2007-05-22","Germany","Defender","Centre-Back",191,28000000,"first_team","cmuihqd8900bbh29em5y4p2o4","RC Strasbourg Alsace","","",""
"cmuo5705u000gti9kd07rdp7k","Lucas Høgsberg","","926978","2006-06-23","Denmark","Centre-Back","Centre-Back",,18000000,"first_team","cmuihqd8900bbh29em5y4p2o4","RC Strasbourg Alsace","","",""
"cmuihw43n0c69sexpl626rcgf","Martial Godo","","992686","2003-03-13","Cote d'Ivoire","Attack","Left Winger",177,22000000,"first_team","cmuihqd8900bbh29em5y4p2o4","RC Strasbourg Alsace","","",""
"cmuo570jc000mti9kz6q136a5","Mateo Del Blanco","","984529","2003-10-31","Argentina; Spain","Left-Back","Left-Back",,5000000,"first_team","cmuihqd8900bbh29em5y4p2o4","RC Strasbourg Alsace","","",""
"cmuihw3eq0bersexp2p9sdni1","Maxi Oyedele","","863204","2004-11-06","Poland","Midfield","Defensive Midfield",183,5000000,"first_team","cmuihqd8900bbh29em5y4p2o4","RC Strasbourg Alsace","","",""
"cmuo56zvr000eti9k0qjww7if","Milosz Piekutowski","","965043","2006-05-08","Poland","Goalkeeper","Goalkeeper",,600000,"first_team","cmuihqd8900bbh29em5y4p2o4","RC Strasbourg Alsace","","",""
"cmuihw3f40bpvsexpctb4nus1","Omari Kellyman","","926135","2005-09-14","England","Midfield","Attacking Midfield",191,1500000,"first_team","cmuihqd8900bbh29em5y4p2o4","RC Strasbourg Alsace","","",""
"cmuihw43v0cbtsexp14m58kgw","Oso","","1032280","2003-07-08","Spain","Defender","Left-Back",183,10000000,"first_team","cmuihqd8900bbh29em5y4p2o4","RC Strasbourg Alsace","","",""
"cmuihw3fe0bxvsexpklfxl6eh","Pape Demba Diop","","949113","2003-09-03","Senegal","Midfield","Central Midfield",182,9000000,"first_team","cmuihqd8900bbh29em5y4p2o4","RC Strasbourg Alsace","","",""
"cmuihw4r00crnsexpj6vco5ml","Samir El Mourabet","","1130514","2005-10-05","Morocco","Midfield","Central Midfield",187,22000000,"first_team","cmuihqd8900bbh29em5y4p2o4","RC Strasbourg Alsace","","",""
"cmuihw3f80bsgsexpg9lq6w9a","Samuel Amo-Ameyaw","","933900","2006-07-17","England","Attack","Right Winger",174,8000000,"first_team","cmuihqd8900bbh29em5y4p2o4","RC Strasbourg Alsace","","",""
"cmuihw1dp09ifsexpl765b5vd","Sebastian Nanasi","","579928","2002-05-15","Sweden","Attack","Left Winger",178,15000000,"first_team","cmuihqd8900bbh29em5y4p2o4","RC Strasbourg Alsace","","",""
"cmuihw1d909b3sexp07gdhs9g","Sékou Mara","","557612","2002-07-29","France","Attack","Centre-Forward",183,4000000,"first_team","cmuihqd8900bbh29em5y4p2o4","RC Strasbourg Alsace","","",""
"cmuihw4r20cs4sexpzpfrgqdj","Yaya Diémé","","1133733","2007-10-15","Senegal","Attack","Right Winger",180,300000,"first_team","cmuihqd8900bbh29em5y4p2o4","RC Strasbourg Alsace","","",""
"cmuihw24c0a08sexpmjgkz3tv","Álex Calatrava","","633111","2000-06-21","Spain","Attack","Right Winger",175,200000,"first_team","cmuihqdqh00bnh29e1s0pnnhq","RCD Espanyol Barcelona","","",""
"cmuihvyqx067dsexp4oz087qa","Andoni Gorosabel","","289255","1996-08-03","Spain","Defender","Right-Back",174,3000000,"first_team","cmuihqdqh00bnh29e1s0pnnhq","RCD Espanyol Barcelona","","",""
"cmuihw24a09yisexpqja48y9b","Ángel Fortuño","","628487","2001-10-04","Spain","Goalkeeper","Goalkeeper",183,300000,"first_team","cmuihqdqh00bnh29e1s0pnnhq","RCD Espanyol Barcelona","","",""
"cmuihw2ps0aogsexp9y28iv8f","Bryan Zaragoza","","713644","2001-09-08","Spain","Attack","Left Winger",164,8000000,"first_team","cmuihqdqh00bnh29e1s0pnnhq","RCD Espanyol Barcelona","","",""
"cmuihw2pg0ag8sexpgjj7j0fk","Clemens Riedel","","692070","2003-07-18","Germany","Defender","Centre-Back",186,4000000,"first_team","cmuihqdqh00bnh29e1s0pnnhq","RCD Espanyol Barcelona","","",""
"cmuihw0kc08u7sexph3gqe600","Edu Expósito","","506248","1996-07-31","Spain","Midfield","Central Midfield",178,5000000,"first_team","cmuihqdqh00bnh29e1s0pnnhq","RCD Espanyol Barcelona","","",""
"cmuihw44a0cmtsexpd1sy139b","Gabriel Moscardo","","1086636","2005-09-27","Brazil","Midfield","Defensive Midfield",185,7000000,"first_team","cmuihqdqh00bnh29e1s0pnnhq","RCD Espanyol Barcelona","","",""
"cmuihw3fd0bx4sexpey27icjl","Javi Hernández","","946279","2004-01-29","Spain","Midfield","Attacking Midfield",175,1500000,"first_team","cmuihqdqh00bnh29e1s0pnnhq","RCD Espanyol Barcelona","","",""
"cmuihvzwk07w5sexpdicsasye","Javi Puado","","408471","1998-05-24","Spain","Attack","Left Winger",177,7500000,"first_team","cmuihqdqh00bnh29e1s0pnnhq","RCD Espanyol Barcelona","","",""
"cmuihw24a09yosexpunazohv2","Jofre Carreras","","628498","2001-06-16","Spain","Attack","Right Winger",175,3000000,"first_team","cmuihqdqh00bnh29e1s0pnnhq","RCD Espanyol Barcelona","","",""
"cmuihvvw2034esexppnv0exog","Kike García","","93936","1989-11-24","Spain","Attack","Centre-Forward",186,700000,"first_team","cmuihqdqh00bnh29e1s0pnnhq","RCD Espanyol Barcelona","","",""
"cmuihvvwb0387sexptzy1q87c","Leandro Cabrera","","102423","1991-06-16","Uruguay","Defender","Centre-Back",190,900000,"first_team","cmuihqdqh00bnh29e1s0pnnhq","RCD Espanyol Barcelona","","",""
"cmuihw43e0c01sexppvk4u5zq","Marcos Fernández","","961948","2003-05-16","Spain","Attack","Centre-Forward",176,800000,"first_team","cmuihqdqh00bnh29e1s0pnnhq","RCD Espanyol Barcelona","","",""
"cmuihvvw3034ssexposoxn0ut","Marko Dmitrovic","","94308","1992-01-23","Serbia","Goalkeeper","Goalkeeper",189,700000,"first_team","cmuihqdqh00bnh29e1s0pnnhq","RCD Espanyol Barcelona","","",""
"cmuihw3eg0b8bsexp34st2b8p","Omar El Hilali","","822331","2003-09-11","Morocco","Defender","Right-Back",183,15000000,"first_team","cmuihqdqh00bnh29e1s0pnnhq","RCD Espanyol Barcelona","","",""
"cmuihvy600568sexpb105ygio","Pere Milla","","225593","1992-09-22","Spain","Attack","Left Winger",180,1000000,"first_team","cmuihqdqh00bnh29e1s0pnnhq","RCD Espanyol Barcelona","","",""
"cmuihvzwl07xlsexpzjh2i1wf","Pol Lozano","","412045","1999-10-05","Spain","Midfield","Central Midfield",176,6000000,"first_team","cmuihqdqh00bnh29e1s0pnnhq","RCD Espanyol Barcelona","","",""
"cmuihw1bg08w2sexpjxsdx8my","Quilindschy Hartman","","514285","2001-11-13","Netherlands","Defender","Left-Back",183,16000000,"first_team","cmuihqdqh00bnh29e1s0pnnhq","RCD Espanyol Barcelona","","",""
"cmuihw4re0cwzsexpko2hl8wv","Rafel Bauzà","","1178721","2005-01-29","Spain","Midfield","Central Midfield",183,1200000,"first_team","cmuihqdqh00bnh29e1s0pnnhq","RCD Espanyol Barcelona","","",""
"cmuihw2pu0aq3sexpwnlqx3vb","Roberto Fernández","","720518","2002-07-02","Spain","Attack","Centre-Forward",186,10000000,"first_team","cmuihqdqh00bnh29e1s0pnnhq","RCD Espanyol Barcelona","","",""
"cmuihw4rk0czxsexphhxv61rc","Roger Hinojo","","1204959","2005-02-20","Spain","Defender","Left-Back",180,1000000,"first_team","cmuihqdqh00bnh29e1s0pnnhq","RCD Espanyol Barcelona","","",""
"cmuihw24i0a4bsexpncqdyh1s","Tyrhys Dolan","","647435","2001-12-27","England","Attack","Right Winger",170,10000000,"first_team","cmuihqdqh00bnh29e1s0pnnhq","RCD Espanyol Barcelona","","",""
"cmuihvzb006uisexp9qk8xyvx","Unai Núñez","","338285","1997-01-29","Spain","Defender","Centre-Back",186,3500000,"first_team","cmuihqdqh00bnh29e1s0pnnhq","RCD Espanyol Barcelona","","",""
"cmuihw24809xasexpe18xrr4o","Urko González de Zárate","","625651","2001-03-19","Spain","Midfield","Defensive Midfield",189,12000000,"first_team","cmuihqdqh00bnh29e1s0pnnhq","RCD Espanyol Barcelona","","",""
"cmuo50yet000ygffhy6v1t1ez","Vanja Drkusic","","371856","1999-10-30","Slovenia","Centre-Back","Centre-Back",,5000000,"first_team","cmuihqdqh00bnh29e1s0pnnhq","RCD Espanyol Barcelona","","",""
"cmuihvxfp04e5sexpxbyvpthx","Abdón Prats","","177452","1992-12-06","Spain","Attack","Centre-Forward",181,800000,"first_team","cmuihq1xp0053h29euecr73cd","RCD Mallorca","","",""
"cmuihvyqp05zvsexphlhzkbto","Antonio Raíllo","","278296","1991-10-07","Spain","Defender","Centre-Back",187,1000000,"first_team","cmuihq1xp0053h29euecr73cd","RCD Mallorca","","",""
"cmuihw1as08vjsexplvh9mmf7","Antonio Sánchez","","513031","1997-04-21","Spain","Midfield","Central Midfield",179,2000000,"first_team","cmuihq1xp0053h29euecr73cd","RCD Mallorca","","",""
"cmuihvzb606zfsexp1bqnr106","Cyle Larin","","343463","1995-04-16","Canada","Attack","Centre-Forward",188,3500000,"first_team","cmuihq1xp0053h29euecr73cd","RCD Mallorca","","",""
"cmuihw3ep0bdusexpjo7lhevp","Daniel Luna","","857830","2003-05-06","Colombia","Midfield","Attacking Midfield",178,600000,"first_team","cmuihq1xp0053h29euecr73cd","RCD Mallorca","","",""
"cmuihw3fe0bxesexpigxi5z9p","David López","","947431","2003-02-02","Spain","Defender","Centre-Back",195,1200000,"first_team","cmuihq1xp0053h29euecr73cd","RCD Mallorca","","",""
"cmuihvu4b01besexp3fo2tlj1","Iván Cuéllar","","27493","1984-05-26","Spain","Goalkeeper","Goalkeeper",187,100000,"first_team","cmuihq1xp0053h29euecr73cd","RCD Mallorca","","",""
"cmuihw4430ci2sexplzkuyx6u","Jan Salas","","1063574","2005-08-09","Spain","Midfield","Central Midfield",182,500000,"first_team","cmuihq1xp0053h29euecr73cd","RCD Mallorca","","",""
"cmuihw4rv0d42sexphatmac58","Jan Virgili","","1301775","2006-07-25","Spain","Attack","Left Winger",177,15000000,"first_team","cmuihq1xp0053h29euecr73cd","RCD Mallorca","","",""
"cmuihw2pp0al4sexpll64jk1y","Javi Llabrés","","706138","2002-09-10","Spain","Attack","Left Winger",174,800000,"first_team","cmuihq1xp0053h29euecr73cd","RCD Mallorca","","",""
"cmuihw44c0coisexpfb0jdkm2","Justin Kalumba","","1101641","2004-12-24","France","Attack","Right Winger",171,800000,"first_team","cmuihq1xp0053h29euecr73cd","RCD Mallorca","","",""
"cmuihw0k608phsexpe8xewyl1","Lucas Bergström","","490606","2002-09-04","Finland","Goalkeeper","Goalkeeper",205,1400000,"first_team","cmuihq1xp0053h29euecr73cd","RCD Mallorca","","",""
"cmuihvzau06rnsexpo14apbzb","Manu Morlanes","","335225","1999-01-11","Spain","Midfield","Central Midfield",178,2400000,"first_team","cmuihq1xp0053h29euecr73cd","RCD Mallorca","","",""
"cmuihw4ru0d3ssexpu1rrh35x","Marc Domènech","","1296876","2006-11-30","Spain","Attack","Centre-Forward",182,1000000,"first_team","cmuihq1xp0053h29euecr73cd","RCD Mallorca","","",""
"cmuihvyqp05zpsexphbu2mo9e","Martin Valjent","","277384","1995-12-10","Slovakia","Defender","Centre-Back",187,3000000,"first_team","cmuihq1xp0053h29euecr73cd","RCD Mallorca","","",""
"cmuihvzw107kxsexpmy61t7nh","Mateu Morey","","388513","2000-03-01","Spain","Defender","Right-Back",173,1400000,"first_team","cmuihq1xp0053h29euecr73cd","RCD Mallorca","","",""
"cmuihw2po0akvsexpdvugi4dn","Nil Torreguitart","","705259","2001-09-20","Spain","Goalkeeper","Goalkeeper",188,0,"first_team","cmuihq1xp0053h29euecr73cd","RCD Mallorca","","",""
"cmuihvwrt03vdsexp1cmwin3n","Omar Mascarell","","142031","1993-02-01","Equatorial Guinea","Midfield","Defensive Midfield",181,700000,"first_team","cmuihq1xp0053h29euecr73cd","RCD Mallorca","","",""
"cmuihw2pu0apzsexpfs79t5qp","Pablo Torre","","720038","2003-04-02","Spain","Midfield","Attacking Midfield",173,5000000,"first_team","cmuihq1xp0053h29euecr73cd","RCD Mallorca","","",""
"cmuihw24l0a78sexpaad9avy3","Samú Costa","","657430","2000-11-26","Portugal","Midfield","Defensive Midfield",185,15000000,"first_team","cmuihq1xp0053h29euecr73cd","RCD Mallorca","","",""
"cmuihvwrt03v9sexp8dnb1dx2","Sergi Darder","","142021","1993-12-21","Spain","Midfield","Central Midfield",180,3000000,"first_team","cmuihq1xp0053h29euecr73cd","RCD Mallorca","","",""
"cmuihvy6h05jwsexpf7l5nk5u","Takuma Asano","","245744","1994-11-09","Japan","Attack","Right Winger",173,1500000,"first_team","cmuihq1xp0053h29euecr73cd","RCD Mallorca","","",""
"cmuihvzam06lbsexpz6n8sfzy","Toni Lato","","320271","1997-11-20","Spain","Defender","Left-Back",171,1400000,"first_team","cmuihq1xp0053h29euecr73cd","RCD Mallorca","","",""
"cmuihvy6o05ozsexpobte4v0m","Vedat Muriqi","","256267","1994-04-23","Kosovo","Attack","Centre-Forward",194,4500000,"first_team","cmuihq1xp0053h29euecr73cd","RCD Mallorca","","",""
"cmuihw2pv0ar4sexpc5q3cxwv","Abde Ezzalzouli","","724520","2001-12-16","Morocco","Attack","Left Winger",177,40000000,"first_team","cmuihpzzw003zh29esiigzvql","Real Betis Balompié","","",""
"cmuihvzvv07gesexpl54pocrx","Aitor Ruibal","","378139","1996-03-21","Spain","Attack","Right Winger",176,4000000,"first_team","cmuihpzzw003zh29esiigzvql","Real Betis Balompié","","",""
"cmuo50gy7000fgffhgp355fcq","Álvaro Fidalgo","","261503","1997-04-09","Mexico; Spain","Central Midfield","Central Midfield",,6000000,"first_team","cmuihpzzw003zh29esiigzvql","Real Betis Balompié","","",""
"cmuihvzwp0801sexp2c9noeyp","Álvaro Valles","","417913","1997-07-24","Spain","Goalkeeper","Goalkeeper",191,7000000,"first_team","cmuihpzzw003zh29esiigzvql","Real Betis Balompié","","",""
"cmuihw3f80bshsexp22gp6tb7","Ángel Ortiz","","933908","2004-07-24","Spain","Defender","Right-Back",167,4000000,"first_team","cmuihpzzw003zh29esiigzvql","Real Betis Balompié","","",""
"cmuihw23z09p5sexpxhi3v365","Antony","","602105","2000-02-23","Brazil","Attack","Right Winger",172,40000000,"first_team","cmuihpzzw003zh29esiigzvql","Real Betis Balompié","","",""
"cmuihw0jg08dhsexpw7dvz6vx","Cucho Hernández","","459463","1999-04-19","Colombia","Attack","Centre-Forward",176,18000000,"first_team","cmuihpzzw003zh29esiigzvql","Real Betis Balompié","","",""
"cmuihvzam06l3sexp7okeqj6c","Dani Ceballos","","319745","1996-08-06","Spain","Midfield","Central Midfield",179,7000000,"first_team","cmuihpzzw003zh29esiigzvql","Real Betis Balompié","","",""
"cmuihvzb506ybsexp9b486t8e","Diego Conde","","341713","1998-10-27","Spain","Goalkeeper","Goalkeeper",188,3000000,"first_team","cmuihpzzw003zh29esiigzvql","Real Betis Balompié","","",""
"cmuihvy6h05k4sexpzb1r37uo","Diego Llorente","","246291","1993-08-15","Spain","Defender","Centre-Back",186,2500000,"first_team","cmuihpzzw003zh29esiigzvql","Real Betis Balompié","","",""
"cmuo50gtl000dgffhh0wi1r2f","Facundo Bernal","","898350","2003-08-21","Uruguay; Italy","Defensive Midfield","Defensive Midfield",,6000000,"first_team","cmuihpzzw003zh29esiigzvql","Real Betis Balompié","","",""
"cmuihvzb506xysexpt0vvhakn","Fran García","","341264","1999-08-13","Spain","Defender","Left-Back",169,10000000,"first_team","cmuihpzzw003zh29esiigzvql","Real Betis Balompié","","",""
"cmuihvzba072wsexpwe6tl1pp","Giovani Lo Celso","","348795","1996-04-08","Argentina","Midfield","Attacking Midfield",177,8000000,"first_team","cmuihpzzw003zh29esiigzvql","Real Betis Balompié","","",""
"cmuihvxg204mpsexp7ibfn7kp","Héctor Bellerín","","191217","1995-03-18","Spain","Defender","Right-Back",178,2400000,"first_team","cmuihpzzw003zh29esiigzvql","Real Betis Balompié","","",""
"cmuihw24c0a00sexpqns2qnhb","Iker Losada","","632741","2001-07-31","Spain","Attack","Second Striker",175,1800000,"first_team","cmuihpzzw003zh29esiigzvql","Real Betis Balompié","","",""
"cmuihvvvj02xtsexp0ualwimj","Isco","","85288","1992-04-20","Spain","Midfield","Attacking Midfield",176,3500000,"first_team","cmuihpzzw003zh29esiigzvql","Real Betis Balompié","","",""
"cmuihvzvt07f4sexpf3ng92nz","Junior Firpo","","374139","1996-08-21","Dominican Republic","Defender","Left-Back",184,3500000,"first_team","cmuihpzzw003zh29esiigzvql","Real Betis Balompié","","",""
"cmuihvvw90378sexpo5esbfjc","Marc Bartra","","99922","1991-01-14","Spain","Defender","Centre-Back",184,900000,"first_team","cmuihpzzw003zh29esiigzvql","Real Betis Balompié","","",""
"cmuihvzaw06svsexpn8jursa4","Marc Roca","","336869","1996-11-25","Spain","Midfield","Defensive Midfield",184,4000000,"first_team","cmuihpzzw003zh29esiigzvql","Real Betis Balompié","","",""
"cmuihw2py0atcsexp0cy8isv5","Natan","","735568","2001-02-05","Brazil","Defender","Centre-Back",188,25000000,"first_team","cmuihpzzw003zh29esiigzvql","Real Betis Balompié","","",""
"cmuihw3ez0bm0sexpw7nq6g8p","Nelson Deossa","","907559","2000-02-05","Colombia","Midfield","Central Midfield",185,9000000,"first_team","cmuihpzzw003zh29esiigzvql","Real Betis Balompié","","",""
"cmuihvzbj078hsexp1pagp8kw","Pablo Fornals","","357885","1996-02-21","Spain","Midfield","Central Midfield",178,8000000,"first_team","cmuihpzzw003zh29esiigzvql","Real Betis Balompié","","",""
"cmuihw0jk08essexp6ik416nd","Rodrigo Riquelme","","461617","2000-04-01","Spain","Attack","Left Winger",174,4000000,"first_team","cmuihpzzw003zh29esiigzvql","Real Betis Balompié","","",""
"cmuihw1d6099fsexpx44h98po","Troy Parrott","","552655","2002-02-03","Ireland","Attack","Centre-Forward",185,25000000,"first_team","cmuihpzzw003zh29esiigzvql","Real Betis Balompié","","",""
"cmuihw43j0c47sexp5zqp2r3r","Valentín Gómez","","985383","2003-06-25","Argentina","Defender","Centre-Back",181,12000000,"first_team","cmuihpzzw003zh29esiigzvql","Real Betis Balompié","","",""
"cmuihw2qf0b51sexpf7nimnzo","Álvaro Carreras","","811778","2003-03-22","Spain","Defender","Left-Back",186,50000000,"first_team","cmuihq9wg009hh29ermlar2c7","Real Madrid","","",""
"cmuihvzwh07uisexpxb9u23qz","Andriy Lunin","","404839","1999-02-10","Ukraine","Goalkeeper","Goalkeeper",191,12000000,"first_team","cmuihq9wg009hh29ermlar2c7","Real Madrid","","",""
"cmuihvvvn02zjsexpprgt40nx","Antonio Rüdiger","","86202","1993-03-02","Germany","Defender","Centre-Back",190,6000000,"first_team","cmuihq9wg009hh29ermlar2c7","Real Madrid","","",""
"cmuihw3eq0beesexpr0ykz3ly","Arda Güler","","861410","2005-02-24","Türkiye","Midfield","Attacking Midfield",175,90000000,"first_team","cmuihq9wg009hh29ermlar2c7","Real Madrid","","",""
"cmuihvzwm07ynsexp0mi1cyz0","Aurélien Tchouaméni","","413112","2000-01-26","France","Midfield","Defensive Midfield",188,70000000,"first_team","cmuihq9wg009hh29ermlar2c7","Real Madrid","","",""
"cmuihvy6e05h6sexpky15f0wx","Bernardo Silva","","241641","1994-08-09","Portugal","Midfield","Attacking Midfield",173,22000000,"first_team","cmuihq9wg009hh29ermlar2c7","Real Madrid","","",""
"cmuihvyrb06i7sexpynvg0v3x","Brahim Díaz","","314678","1999-08-02","Morocco","Attack","Right Winger",170,35000000,"first_team","cmuihq9wg009hh29ermlar2c7","Real Madrid","","",""
"cmuihw4430chysexpewvi9ldh","Carlos Espí","","1063338","2005-07-23","Spain","Attack","Centre-Forward",194,20000000,"first_team","cmuihq9wg009hh29ermlar2c7","Real Madrid","","",""
"cmuihw3eu0bihsexpzhdpiqaj","Dean Huijsen","","890290","2005-04-13","Spain","Defender","Centre-Back",197,60000000,"first_team","cmuihq9wg009hh29ermlar2c7","Real Madrid","","",""
"cmuihvzan06m0sexpp59ts6kv","Denzel Dumfries","","321528","1996-04-17","Netherlands","Defender","Right-Back",188,25000000,"first_team","cmuihq9wg009hh29ermlar2c7","Real Madrid","","",""
"cmuihvzwf07tgsexpquhw3ppq","Éder Militão","","401530","1998-01-17","Brazil","Defender","Centre-Back",186,20000000,"first_team","cmuihq9wg009hh29ermlar2c7","Real Madrid","","",""
"cmuihw24f0a2hsexp72wia2h8","Eduardo Camavinga","","640428","2002-11-09","France","Midfield","Central Midfield",182,50000000,"first_team","cmuihq9wg009hh29ermlar2c7","Real Madrid","","",""
"cmuihw43g0c1jsexpkfahslkp","Endrick","","971570","2006-07-20","Brazil","Attack","Centre-Forward",172,40000000,"first_team","cmuihq9wg009hh29ermlar2c7","Real Madrid","","",""
"cmuihvzvp07cpsexpvcef74il","Federico Valverde","","369081","1998-07-21","Uruguay","Midfield","Central Midfield",182,90000000,"first_team","cmuihq9wg009hh29ermlar2c7","Real Madrid","","",""
"cmuihvyqz069rsexpl1mn2lq8","Ferland Mendy","","291417","1995-06-07","France","Defender","Left-Back",180,4000000,"first_team","cmuihq9wg009hh29ermlar2c7","Real Madrid","","",""
"cmuihvzbi077nsexpqrljo0za","Ibrahima Konaté","","357119","1999-05-24","France","Defender","Centre-Back",194,45000000,"first_team","cmuihq9wg009hh29ermlar2c7","Real Madrid","","",""
"cmuihw4rg0cy1sexpsbeoumzp","Jorge Cestero","","1186235","2006-03-23","Spain","Midfield","Central Midfield",178,7500000,"first_team","cmuihq9wg009hh29ermlar2c7","Real Madrid","","",""
"cmuihw1dr09j3sexpvl49hpwq","Jude Bellingham","","581678","2003-06-28","England","Midfield","Attacking Midfield",186,130000000,"first_team","cmuihq9wg009hh29ermlar2c7","Real Madrid","","",""
"cmuihvzb606yssexpypfmciu8","Kylian Mbappé","","342229","1998-12-19","France","Attack","Centre-Forward",180,200000000,"first_team","cmuihq9wg009hh29ermlar2c7","Real Madrid","","",""
"cmuihvyqt063xsexpykxnnplj","Marc Cucurella","","284857","1998-07-21","Spain","Defender","Left-Back",173,50000000,"first_team","cmuihq9wg009hh29ermlar2c7","Real Madrid","","",""
"cmuihw3f90btbsexptdmuh7v0","Raúl Asencio","","935245","2003-02-12","Spain","Defender","Centre-Back",184,20000000,"first_team","cmuihq9wg009hh29ermlar2c7","Real Madrid","","",""
"cmuihvzwl07xqsexpl31z5mdy","Rodrygo","","412363","2001-01-08","Brazil","Attack","Right Winger",174,45000000,"first_team","cmuihq9wg009hh29ermlar2c7","Real Madrid","","",""
"cmuihw4si0d6lsexpll1getk9","Thiago Pitarch","","1375227","2007-08-02","Spain","Midfield","Central Midfield",179,20000000,"first_team","cmuihq9wg009hh29ermlar2c7","Real Madrid","","",""
"cmuihvvwg03adsexp2n0pame5","Thibaut Courtois","","108390","1992-05-10","Belgium","Goalkeeper","Goalkeeper",199,15000000,"first_team","cmuihq9wg009hh29ermlar2c7","Real Madrid","","",""
"cmuihvyra06hwsexpl6ptfqbs","Trent Alexander-Arnold","","314353","1998-10-06","England","Defender","Right-Back",180,60000000,"first_team","cmuihq9wg009hh29ermlar2c7","Real Madrid","","",""
"cmuihvzvr07e5sexp3v7l6wbo","Vinicius Junior","","371998","2000-07-11","Brazil","Attack","Left Winger",176,140000000,"first_team","cmuihq9wg009hh29ermlar2c7","Real Madrid","","",""
"cmuihw4ss0d6wsexpwdfjs85p","Yan Diomande","","1390649","2006-11-13","Cote d'Ivoire","Attack","Left Winger",180,90000000,"first_team","cmuihq9wg009hh29ermlar2c7","Real Madrid","","",""
"cmuihvyqt063hsexpep4fs10g","Aarón Escandell","","284430","1995-09-26","Spain","Goalkeeper","Goalkeeper",186,3000000,"first_team","cmuihq2wf005ph29erkyba1oh","Real Oviedo","","",""
"cmuihw4450cixsexpypvsph1d","Adrián Fernández","","1065830","2005-10-18","Spain","Defender","Right-Back",,0,"first_team","cmuihq2wf005ph29erkyba1oh","Real Oviedo","","",""
"cmuihw23z09pjsexpml9jn3hb","Alberto Reina","","603696","1997-11-18","Spain","Midfield","Central Midfield",179,2000000,"first_team","cmuihq2wf005ph29erkyba1oh","Real Oviedo","","",""
"cmuihw2pu0apxsexpv3rs6gyp","Álex Cardero","","719737","2003-08-24","Spain","Midfield","Attacking Midfield",174,0,"first_team","cmuihq2wf005ph29erkyba1oh","Real Oviedo","","",""
"cmuihvy5x0535sexprrlpw7z0","Borja Sánchez","","217155","1996-02-25","Spain","Attack","Left Winger",186,0,"first_team","cmuihq2wf005ph29erkyba1oh","Real Oviedo","","",""
"cmuihw2qc0b2xsexpj6fyri5b","Brandon Dominguès","","804708","2000-06-05","France","Attack","Left Winger",172,500000,"first_team","cmuihq2wf005ph29erkyba1oh","Real Oviedo","","",""
"cmuihw4460cizsexp35swwl5a","Cheli Pereda","","1065836","2005-07-04","Spain","Midfield","Central Midfield",,0,"first_team","cmuihq2wf005ph29erkyba1oh","Real Oviedo","","",""
"cmuihvzap06o4sexpo1eo6zx4","Dani Calvo","","326416","1994-03-31","Spain","Defender","Centre-Back",193,900000,"first_team","cmuihq2wf005ph29erkyba1oh","Real Oviedo","","",""
"cmuihvyqo05z6sexp9fi5mxvz","David Costas","","276111","1995-03-25","Spain","Defender","Centre-Back",184,1200000,"first_team","cmuihq2wf005ph29erkyba1oh","Real Oviedo","","",""
"cmuihw44b0cnxsexpj13s3u29","Diego Espinosa","","1094227","2004-07-01","Spain","Defender","Centre-Back",195,0,"first_team","cmuihq2wf005ph29erkyba1oh","Real Oviedo","","",""
"cmuihw4460cj0sexpw9xdqt0l","Diego Menéndez","","1065837","2005-04-26","Spain","Midfield","Central Midfield",,0,"first_team","cmuihq2wf005ph29erkyba1oh","Real Oviedo","","",""
"cmuihw24609vhsexp1ocd8k6m","Haissem Hassan","","620164","2002-02-07","Egypt","Attack","Right Winger",175,3500000,"first_team","cmuihq2wf005ph29erkyba1oh","Real Oviedo","","",""
"cmuihw1eu09misexp8dbes2k5","Ilyas Chaira","","593412","2001-02-01","Morocco","Attack","Left Winger",179,4000000,"first_team","cmuihq2wf005ph29erkyba1oh","Real Oviedo","","",""
"cmuihw1c0093xsexpigynwsu5","Kwasi Sibo","","538006","1998-06-23","Ghana","Midfield","Central Midfield",183,1400000,"first_team","cmuihq2wf005ph29erkyba1oh","Real Oviedo","","",""
"cmuihw4qy0cqisexp3r7qmk0a","Lamine Gueye","","1118685","2004-09-14","Senegal","Attack","Right Winger",171,0,"first_team","cmuihq2wf005ph29erkyba1oh","Real Oviedo","","",""
"cmuihvxfj049asexpbh2c0za7","Leander Dendoncker","","168157","1995-04-14","Belgium","Midfield","Defensive Midfield",188,1800000,"first_team","cmuihq2wf005ph29erkyba1oh","Real Oviedo","","",""
"cmuihvzbb073ksexph4003b3h","Lucas Ahijado","","349884","1995-01-29","Spain","Defender","Right-Back",174,600000,"first_team","cmuihq2wf005ph29erkyba1oh","Real Oviedo","","",""
"cmuihw0iq084bsexp1qv8e6a7","Luka Ilic","","429790","1999-07-01","Serbia","Midfield","Attacking Midfield",185,1400000,"first_team","cmuihq2wf005ph29erkyba1oh","Real Oviedo","","",""
"cmuihw3em0bcjsexp1je1sb0a","Miguel Narváez","","854158","2002-04-28","Spain","Goalkeeper","Goalkeeper",188,0,"first_team","cmuihq2wf005ph29erkyba1oh","Real Oviedo","","",""
"cmuihvy5w052zsexpz7l7xevo","Nacho Vidal","","216870","1995-01-23","Spain","Defender","Right-Back",180,1200000,"first_team","cmuihq2wf005ph29erkyba1oh","Real Oviedo","","",""
"cmuihw0j60895sexpw20a0ejv","Oier Luengo","","447823","1997-11-10","Spain","Defender","Centre-Back",185,0,"first_team","cmuihq2wf005ph29erkyba1oh","Real Oviedo","","",""
"cmuihw43v0cc8sexpcz8ek2xp","Omar Falah","","1038133","2003-09-08","Spain","Defender","Left-Back",182,0,"first_team","cmuihq2wf005ph29erkyba1oh","Real Oviedo","","",""
"cmuihvzax06tdsexpx7arqwjf","Ovie Ejaria","","337284","1997-11-17","England","Attack","Left Winger",188,400000,"first_team","cmuihq2wf005ph29erkyba1oh","Real Oviedo","","",""
"cmuihvt1m00yesexplwf8km83","Santi Cazorla","","15799","1984-12-12","Spain","Midfield","Central Midfield",168,200000,"first_team","cmuihq2wf005ph29erkyba1oh","Real Oviedo","","",""
"cmuihw1bh08wqsexpqyrfohbb","Aihen Muñoz","","517842","1997-08-15","Spain","Defender","Left-Back",175,2500000,"first_team","cmuihqdop00bfh29ezli7oevn","Real Sociedad","","",""
"cmuihvy5u050jsexp6e0icm55","Álex Remiro","","212862","1995-03-23","Spain","Goalkeeper","Goalkeeper",192,9000000,"first_team","cmuihqdop00bfh29ezli7oevn","Real Sociedad","","",""
"cmuihvyqq0612sexpizrhwnvb","Álvaro Odriozola","","280730","1995-12-13","Spain","Defender","Right-Back",175,800000,"first_team","cmuihqdop00bfh29ezli7oevn","Real Sociedad","","",""
"cmuihw24409u4sexpbtbzi28v","Ander Barrenetxea","","616369","2001-12-26","Spain","Attack","Left Winger",175,18000000,"first_team","cmuihqdop00bfh29ezli7oevn","Real Sociedad","","",""
"cmuihw1d709absexpw4duhlb6","Arsen Zakharyan","","555143","2003-05-25","Russia","Midfield","Attacking Midfield",183,9000000,"first_team","cmuihqdop00bfh29ezli7oevn","Real Sociedad","","",""
"cmuihw24d0a0vsexpwqrus148","Beñat Turrientes","","634431","2002-01-30","Spain","Midfield","Central Midfield",181,10000000,"first_team","cmuihqdop00bfh29ezli7oevn","Real Sociedad","","",""
"cmuihvzvs07e9sexpn85fqyhl","Carlos Soler","","372246","1997-01-01","Spain","Midfield","Central Midfield",180,7000000,"first_team","cmuihqdop00bfh29ezli7oevn","Real Sociedad","","",""
"cmuihvy60055usexpq8vmd8ip","Gonçalo Guedes","","225122","1996-11-28","Portugal","Attack","Left Winger",179,6000000,"first_team","cmuihqdop00bfh29ezli7oevn","Real Sociedad","","",""
"cmuihw3fb0buvsexpzmkw039q","Héctor Fort","","937955","2006-08-01","Spain","Defender","Right-Back",185,12000000,"first_team","cmuihqdop00bfh29ezli7oevn","Real Sociedad","","",""
"cmuihvzbh076zsexp6ycl2kyn","Igor Zubeldia","","355628","1997-03-29","Spain","Defender","Centre-Back",181,6000000,"first_team","cmuihqdop00bfh29ezli7oevn","Real Sociedad","","",""
"cmuihw44d0cp2sexp20x7e2hl","Job Ochieng","","1105810","2003-01-16","Kenya","Attack","Right Winger",185,2000000,"first_team","cmuihqdop00bfh29ezli7oevn","Real Sociedad","","",""
"cmuihw24m0a8nsexpl93s9xdh","Jon Aramburu","","661145","2002-07-22","Venezuela","Defender","Right-Back",176,15000000,"first_team","cmuihqdop00bfh29ezli7oevn","Real Sociedad","","",""
"cmuihw2ps0antsexpa99c8tz2","Jon Gorrotxategi","","711374","2002-02-01","Spain","Midfield","Defensive Midfield",177,25000000,"first_team","cmuihqdop00bfh29ezli7oevn","Real Sociedad","","",""
"cmuihw43t0cagsexp9uj4otbz","Jon Martín","","1018938","2006-04-22","Spain","Defender","Centre-Back",187,25000000,"first_team","cmuihqdop00bfh29ezli7oevn","Real Sociedad","","",""
"cmuihw1dq09insexp5soyq59u","Jon Pacheco","","580560","2001-01-07","Spain","Defender","Centre-Back",184,5000000,"first_team","cmuihqdop00bfh29ezli7oevn","Real Sociedad","","",""
"cmuihw0k808rxsexpomdkar2t","Luka Sucic","","502722","2002-09-07","Croatia","Midfield","Central Midfield",185,10000000,"first_team","cmuihqdop00bfh29ezli7oevn","Real Sociedad","","",""
"cmuihw3ez0bmgsexpl2afds0e","Mamadou Sarr","","910905","2005-08-28","Senegal","Defender","Centre-Back",194,22000000,"on_loan","cmuihqdop00bfh29ezli7oevn","Real Sociedad","cmuihqcpo00b1h29edf8q9ksb","Chelsea FC","2027-06-30"
"cmuihvzbb0740sexpi49tqwi7","Mikel Oyarzabal","","351478","1997-04-20","Spain","Attack","Centre-Forward",181,25000000,"first_team","cmuihqdop00bfh29ezli7oevn","Real Sociedad","","",""
"cmuihw24m0a8gsexpzy3ultfc","Orri Óskarsson","","660438","2004-08-28","Iceland","Attack","Centre-Forward",186,20000000,"first_team","cmuihqdop00bfh29ezli7oevn","Real Sociedad","","",""
"cmuihw3ez0bm2sexpqoj4zsyj","Pablo Marín","","907813","2003-07-02","Spain","Midfield","Attacking Midfield",178,7000000,"first_team","cmuihqdop00bfh29ezli7oevn","Real Sociedad","","",""
"cmuihvzvo07c4sexp5ktntafk","Sergio Gómez","","366930","2000-09-03","Spain","Defender","Left-Back",173,15000000,"first_team","cmuihqdop00bfh29ezli7oevn","Real Sociedad","","",""
"cmuihvzwh07uqsexppfaemtm3","Takefusa Kubo","","405398","2001-06-03","Japan","Attack","Right Winger",173,20000000,"first_team","cmuihqdop00bfh29ezli7oevn","Real Sociedad","","",""
"cmuihw24809xdsexphbkhu1br","Unai Marrero","","625657","2001-10-08","Spain","Goalkeeper","Goalkeeper",189,1000000,"first_team","cmuihqdop00bfh29ezli7oevn","Real Sociedad","","",""
"cmuihvzvv07ggsexp41rg95dg","Yangel Herrera","","378293","1998-01-06","Venezuela","Midfield","Central Midfield",184,6000000,"first_team","cmuihqdop00bfh29ezli7oevn","Real Sociedad","","",""
"cmuihw1cv095osexpxxz62mih","Kaj de Rooij","","540927","2000-11-24","Netherlands","Attack","Left Winger",184,1000000,"first_team","cmuihq7fa0081h29ebhxk7l18","Real Valladolid CF","","",""
"cmuihw3et0bh8sexpuxk3vjor","Ramón Martínez","","882710","2002-10-21","Spain","Defender","Centre-Back",185,1000000,"first_team","cmuihq7fa0081h29ebhxk7l18","Real Valladolid CF","","",""
"cmuihw4410ch4sexphloizwc5","Adrián Liso","","1061122","2005-04-01","Spain","Attack","Left Winger",182,3000000,"first_team","cmuihpyso0039h29erp2zerb8","Real Zaragoza","","",""
"cmuihw2pv0aqtsexprog2d287","Andreas Ntoi","","724035","2003-02-01","Greece","Defender","Centre-Back",190,5000000,"first_team","cmuihq2g9005fh29e1fanj221","Rio Ave FC","","",""
"cmuo5g8gy003913o54o09q0xy","Antoine Wenck","","1380099","2006-06-30","Senegal","Central Midfield","Central Midfield",,0,"first_team","cmuihq2g9005fh29e1fanj221","Rio Ave FC","","",""
"cmuihw3f30bp0sexpm5mewahu","Antzelo Sina","","923129","2004-01-06","Albania","Goalkeeper","Goalkeeper",186,200000,"first_team","cmuihq2g9005fh29e1fanj221","Rio Ave FC","","",""
"cmuihw24b09zrsexpbanx8cwn","Brandon Aguilera","","631996","2003-06-27","Costa Rica","Midfield","Central Midfield",179,1500000,"first_team","cmuihq2g9005fh29e1fanj221","Rio Ave FC","","",""
"cmuo5g877003513o5z9rz49hp","Caike","","1374960","2005-05-14","Brazil","Centre-Back","Centre-Back",,0,"first_team","cmuihq2g9005fh29e1fanj221","Rio Ave FC","","",""
"cmuihw0k508o4sexp5d94mr7q","Cezary Miszta","","487167","2001-10-29","Poland","Goalkeeper","Goalkeeper",193,5000000,"first_team","cmuihq2g9005fh29e1fanj221","Rio Ave FC","","",""
"cmuihvzwg07u3sexptqcx2zno","Dario Špikić","","403290","1999-03-21","Croatia","Attack","Right Winger",183,1000000,"first_team","cmuihq2g9005fh29e1fanj221","Rio Ave FC","","",""
"cmuihw3fe0bxbsexpv26x55ww","Diogo Bezerra","","947404","2002-07-15","Brazil","Attack","Right Winger",186,1800000,"first_team","cmuihq2g9005fh29e1fanj221","Rio Ave FC","","",""
"cmuo5g8ca003713o5812lmg2u","Diogo Nascimento","","654099","2002-11-02","Portugal","Central Midfield","Central Midfield",,0,"first_team","cmuihq2g9005fh29e1fanj221","Rio Ave FC","","",""
"cmuihw1bt0908sexpmdxxjk4c","Ennio van der Gouw","","529425","2000-02-13","Netherlands","Goalkeeper","Goalkeeper",195,400000,"first_team","cmuihq2g9005fh29e1fanj221","Rio Ave FC","","",""
"cmuihw43j0c4asexpoe8j8hx7","Francisco Petrasso","","985683","2002-01-27","Argentina","Defender","Centre-Back",191,1200000,"first_team","cmuihq2g9005fh29e1fanj221","Rio Ave FC","","",""
"cmuihw0k208mesexp4tbhv9ja","Georgios Liavas","","481676","2001-02-11","Greece","Midfield","Defensive Midfield",181,700000,"first_team","cmuihq2g9005fh29e1fanj221","Rio Ave FC","","",""
"cmuo5g80m003313o5qfbgi5nv","Gustavo Mancha","","1082582","2004-07-25","Brazil","Centre-Back","Centre-Back",,1500000,"first_team","cmuihq2g9005fh29e1fanj221","Rio Ave FC","","",""
"cmuihvvyf03dhsexpbfxr6o9q","Jakub Brabec","","112948","1992-08-05","Czech Republic","Defender","Centre-Back",186,400000,"first_team","cmuihq2g9005fh29e1fanj221","Rio Ave FC","","",""
"cmuihw43g0c1tsexp6clqmbje","Jalen Blesa","","973249","2001-02-04","Spain","Attack","Centre-Forward",187,2000000,"first_team","cmuihq2g9005fh29e1fanj221","Rio Ave FC","","",""
"cmuihw1d50996sexpwvf3pfdo","João Tomé","","551981","2003-02-11","Portugal","Defender","Right-Back",185,600000,"first_team","cmuihq2g9005fh29e1fanj221","Rio Ave FC","","",""
"cmuihw3eq0bejsexp6cijc00k","Julien Lomboto","","862204","2002-05-12","France","Defender","Centre-Back",192,300000,"first_team","cmuihq2g9005fh29e1fanj221","Rio Ave FC","","",""
"cmuihvzvv07gksexpt9cd961z","Kevin Chamorro","","378521","2000-04-07","Costa Rica","Goalkeeper","Goalkeeper",187,300000,"first_team","cmuihq2g9005fh29e1fanj221","Rio Ave FC","","",""
"cmuihw2qf0b4zsexpc1b7wbsc","Malik Sellouki","","811430","2000-03-20","France","Attack","Right Winger",177,250000,"first_team","cmuihq2g9005fh29e1fanj221","Rio Ave FC","","",""
"cmuihvzw607pysexpcj63ols6","Marios Vrousai","","395632","1998-07-01","Greece","Defender","Right-Back",183,3000000,"first_team","cmuihq2g9005fh29e1fanj221","Rio Ave FC","","",""
"cmuo5g8r2003b13o5u2kc95t3","Miguel Patricío","","1412007","2007-01-27","Portugal","Attacking Midfield","Attacking Midfield",,0,"first_team","cmuihq2g9005fh29e1fanj221","Rio Ave FC","","",""
"cmuihw1de09dpsexpinf3mx4w","Nelson Abbey","","566677","2003-08-27","England","Defender","Centre-Back",187,1500000,"first_team","cmuihq2g9005fh29e1fanj221","Rio Ave FC","","",""
"cmuihvzam06l1sexpjkjok3pv","Pedro Amaral","","319623","1997-08-24","Portugal","Defender","Left-Back",178,2000000,"first_team","cmuihq2g9005fh29e1fanj221","Rio Ave FC","","",""
"cmuo5g96a003h13o5clanf6oi","Radek Siler","","1046726","2004-09-10","Czech Republic","Centre-Forward","Centre-Forward",,0,"first_team","cmuihq2g9005fh29e1fanj221","Rio Ave FC","","",""
"cmuo5g916003f13o5tm13ty6b","Roland Galcik","","627030","2001-07-30","Slovakia","Right Winger","Right Winger",,0,"first_team","cmuihq2g9005fh29e1fanj221","Rio Ave FC","","",""
"cmuihw3es0bgrsexp10ilexod","Ryan Guilherme","","877787","2002-12-06","Brazil","Midfield","Central Midfield",188,900000,"first_team","cmuihq2g9005fh29e1fanj221","Rio Ave FC","","",""
"cmuo5g9gn003j13o519ziw4wf","Samuel Alves","","1502255","2008-03-30","Brazil","Centre-Forward","Centre-Forward",,0,"first_team","cmuihq2g9005fh29e1fanj221","Rio Ave FC","","",""
"cmuo5g8vy003d13o539icw8n3","Sebastian Clemmensen","","805190","2003-09-01","Denmark; Togo","Right Winger","Right Winger",,0,"first_team","cmuihq2g9005fh29e1fanj221","Rio Ave FC","","",""
"cmuo5g7to003113o5o7jsixvx","Simón García","","1202035","2005-01-11","Colombia","Centre-Back","Centre-Back",,0,"first_team","cmuihq2g9005fh29e1fanj221","Rio Ave FC","","",""
"cmuihw24c0a07sexpx3fblpsj","Tamás Nikitscher","","633056","1999-11-02","Hungary","Midfield","Defensive Midfield",193,800000,"first_team","cmuihq2g9005fh29e1fanj221","Rio Ave FC","","",""
"cmuihw3ej0bb6sexpjwir4bvs","Tamble","","842517","2000-11-14","Guinea-Bissau","Attack","Centre-Forward",191,1000000,"first_team","cmuihq2g9005fh29e1fanj221","Rio Ave FC","","",""
"cmuihw3eo0bdlsexpujhovych","Tobías Medina","","856592","2004-03-02","Argentina","Attack","Left Winger",180,600000,"first_team","cmuihq2g9005fh29e1fanj221","Rio Ave FC","","",""
"cmuo5g7ob002z13o5fau79klw","Vítor Hugo","","868073","2001-07-27","Brazil","Goalkeeper","Goalkeeper",,0,"first_team","cmuihq2g9005fh29e1fanj221","Rio Ave FC","","",""
"cmuihw24509uksexp144ccu0y","Zé Carlos","","617679","1998-07-30","Portugal","Defender","Right-Back",178,2000000,"first_team","cmuihq2g9005fh29e1fanj221","Rio Ave FC","","",""
"cmuihvzw407obsexphq9gfbxe","Godfried Roemeratoe","","393241","1999-08-18","Curacao","Midfield","Defensive Midfield",178,400000,"first_team","cmuihq1wu0051h29ebbm0u57w","RKC Waalwijk","","",""
"cmuihvzba0734sexp98mybtgk","Juan Familia-Castillo","","349567","2000-01-12","Dominican Republic","Defender","Left-Back",175,400000,"first_team","cmuihq1wu0051h29ebbm0u57w","RKC Waalwijk","","",""
"cmuihvzwe07t5sexpv69z2mrl","Roshon van Eijma","","401029","1998-06-08","Curacao","Defender","Centre-Back",186,375000,"first_team","cmuihq1wu0051h29ebbm0u57w","RKC Waalwijk","","",""
"cmuihvy6k05mlsexpb1u2txqg","Florian Bohnert","","251448","1997-11-08","Luxembourg","Defender","Right-Back",182,400000,"first_team","cmuihqc6h00alh29exk6o44bx","SC Bastia","","",""
"cmuihvuxb021asexpnql4rrfn","Johny Placide","","51035","1988-01-28","Haiti","Goalkeeper","Goalkeeper",181,250000,"first_team","cmuihqc6h00alh29exk6o44bx","SC Bastia","","",""
"cmuihw0ja08avsexpy8iay5gz","Mehdi Merghem","","452877","1997-07-18","Algeria","Attack","Right Winger",185,450000,"first_team","cmuihqc6h00alh29exk6o44bx","SC Bastia","","",""
"cmuo5f5f7000p13o5sq6ngqvb","Adrian Bajrami","","582987","2002-04-05","Switzerland; Albania","Centre-Back","Centre-Back",,0,"first_team","cmuihnyer0015b23fholjonq1","SC Braga","","",""
"cmuo5f564000n13o5jdmxbyap","Adrian Barisic","","625206","2001-07-19","Bosnia-Herzegovina; Croatia","Centre-Back","Centre-Back",,4000000,"first_team","cmuihnyer0015b23fholjonq1","SC Braga","","",""
"cmuihw2pu0apssexpzwoaqeig","Bernardo","","719646","2002-07-22","Brazil","Goalkeeper","Goalkeeper",196,5000000,"first_team","cmuihnyer0015b23fholjonq1","SC Braga","","",""
"cmuihw1dq09ijsexp70h6a2pi","Bright Arrey-Mbi","","580193","2003-03-25","Germany","Defender","Centre-Back",187,9000000,"first_team","cmuihnyer0015b23fholjonq1","SC Braga","","",""
"cmuo5f5wu000t13o5328bxj8y","Demir Ege Tıknaz","","875337","2004-08-17","Türkiye","Defensive Midfield","Defensive Midfield",,0,"first_team","cmuihnyer0015b23fholjonq1","SC Braga","","",""
"cmuihw24u0adwsexpfglkc6mv","Denis Huseinbasic","","678479","2001-07-02","Bosnia-Herzegovina","Midfield","Central Midfield",184,2000000,"first_team","cmuihnyer0015b23fholjonq1","SC Braga","","",""
"cmuihw43j0c40sexpwpwyg581","Diego Rodrigues","","984540","2005-05-23","Portugal","Midfield","Central Midfield",185,5000000,"first_team","cmuihnyer0015b23fholjonq1","SC Braga","","",""
"cmuihw0jy08kwsexp5tram57k","Diogo Travassos","","478317","2004-03-30","Portugal","Defender","Right-Back",178,6000000,"first_team","cmuihnyer0015b23fholjonq1","SC Braga","","",""
"cmuihvyqt0640sexptpnj1fyc","Fran Navarro","","284883","1998-02-02","Spain","Attack","Centre-Forward",179,4000000,"first_team","cmuihnyer0015b23fholjonq1","SC Braga","","",""
"cmuihw3ez0bltsexp4yknj6md","Gabri Martínez","","906948","2003-01-21","Spain","Attack","Left Winger",185,7000000,"first_team","cmuihnyer0015b23fholjonq1","SC Braga","","",""
"cmuihw24909xusexpyug5tfl2","Gabriel Silva","","627224","2002-03-21","Brazil","Attack","Left Winger",177,7000000,"first_team","cmuihnyer0015b23fholjonq1","SC Braga","","",""
"cmuihw24b09zjsexph67j2j6n","Gorby","","631404","2002-07-24","France","Midfield","Central Midfield",183,9000000,"first_team","cmuihnyer0015b23fholjonq1","SC Braga","","",""
"cmuihw0k308nasexp4fu8ffy6","Gustaf Lagerbielke","","485395","2000-04-09","Sweden","Defender","Centre-Back",193,10000000,"first_team","cmuihnyer0015b23fholjonq1","SC Braga","","",""
"cmuihw3f70brdsexpvatkie3b","João Carvalho","","929868","2004-04-08","Portugal","Goalkeeper","Goalkeeper",189,1500000,"first_team","cmuihnyer0015b23fholjonq1","SC Braga","","",""
"cmuihvu4i01dwsexpp5t69fqw","João Moutinho","","29364","1986-09-07","Portugal","Midfield","Central Midfield",170,500000,"first_team","cmuihnyer0015b23fholjonq1","SC Braga","","",""
"cmuo5f65o000v13o52czvk4uc","João Trovisco","","959049","2007-10-23","Portugal","Attacking Midfield","Attacking Midfield",,0,"first_team","cmuihnyer0015b23fholjonq1","SC Braga","","",""
"cmuihvzw207lvsexpyj3h67s0","Jonas Wind","","391004","1999-02-06","Denmark","Attack","Centre-Forward",190,4000000,"first_team","cmuihnyer0015b23fholjonq1","SC Braga","","",""
"cmuihw3fd0bwisexps8nxxhds","Jovan Milosevic","","943795","2005-07-30","Serbia","Attack","Centre-Forward",190,7000000,"first_team","cmuihnyer0015b23fholjonq1","SC Braga","","",""
"cmuihw43x0cdgsexpvssk99z9","Mario Dorgeles","","1045972","2004-08-06","Cote d'Ivoire","Midfield","Right Midfield",177,10000000,"first_team","cmuihnyer0015b23fholjonq1","SC Braga","","",""
"cmuihw2pq0alzsexpb72kno9e","Pau Víctor","","707572","2001-11-25","Spain","Attack","Centre-Forward",184,15000000,"first_team","cmuihnyer0015b23fholjonq1","SC Braga","","",""
"cmuihvyqe05slsexp5w2t6w65","Ricardo Horta","","261927","1994-09-14","Portugal","Attack","Left Winger",173,9000000,"first_team","cmuihnyer0015b23fholjonq1","SC Braga","","",""
"cmuo5f5ny000r13o5rtryopon","Sergio Barcia","","562058","2000-12-31","Spain","Centre-Back","Centre-Back",,1500000,"first_team","cmuihnyer0015b23fholjonq1","SC Braga","","",""
"cmuihvzwm07yosexpeusmga0e","Sikou Niakaté","","413118","1999-07-09","Mali","Defender","Centre-Back",186,6000000,"first_team","cmuihnyer0015b23fholjonq1","SC Braga","","",""
"cmuihvyqu0651sexp7fcs3alz","Tiago Sá","","286908","1995-01-10","Portugal","Goalkeeper","Goalkeeper",186,300000,"first_team","cmuihnyer0015b23fholjonq1","SC Braga","","",""
"cmuihw3fb0bv5sexpbf10x674","Tommy Marqués","","938156","2006-10-29","Spain","Midfield","Defensive Midfield",186,0,"first_team","cmuihnyer0015b23fholjonq1","SC Braga","","",""
"cmuihw0k708q7sexpkdkcfop8","Víctor Gómez","","495601","2000-03-31","Spain","Defender","Right-Back",171,10000000,"first_team","cmuihnyer0015b23fholjonq1","SC Braga","","",""
"cmuihw1d6099isexpwtuzsgo4","Vítor Carvalho","","553062","1997-05-26","Brazil","Midfield","Defensive Midfield",186,4000000,"first_team","cmuihnyer0015b23fholjonq1","SC Braga","","",""
"cmuihvzwn07zcsexpiknob93f","Alex Pinto","","415645","1998-07-07","Portugal","Defender","Right-Back",187,400000,"first_team","cmuihqa2r009lh29en6xx48mm","SC Farense","","",""
"cmuihw43h0c26sexptqdcq3ya","Rivaldo","","975128","2000-09-17","Cape Verde","Defender","Right-Back",184,200000,"first_team","cmuihqa2r009lh29en6xx48mm","SC Farense","","",""
"cmuihw24609vksexpc29oz09r","Yannick Semedo","","620307","1995-12-28","Cape Verde","Midfield","Central Midfield",176,0,"first_team","cmuihqa2r009lh29en6xx48mm","SC Farense","","",""
"cmuihvuxx02chsexpmlftbvod","Anthony Jung","","58995","1991-11-02","Germany","Defender","Centre-Back",186,600000,"first_team","cmuihqc7a00anh29ekc5foq1r","SC Freiburg","","",""
"cmuo5aagl001ditgydvqrpfgu","Berkay Yılmaz","","907087","2005-02-25","Türkiye; Germany","Left-Back","Left-Back",,7000000,"first_team","cmuihqc7a00anh29ekc5foq1r","SC Freiburg","","",""
"cmuihw3eq0betsexp461v4hnx","Bruno Ogbus","","863759","2005-12-16","Switzerland","Defender","Centre-Back",188,15000000,"first_team","cmuihqc7a00anh29ekc5foq1r","SC Freiburg","","",""
"cmuihvvw0033qsexpnqf4w239","Christian Günter","","93707","1993-02-27","Germany","Defender","Left-Back",184,2000000,"first_team","cmuihqc7a00anh29ekc5foq1r","SC Freiburg","","",""
"cmuihw4r50ctisexp4v4l5vj5","Cyriaque Irié","","1145064","2005-06-19","Burkina Faso","Attack","Right Winger",185,8000000,"first_team","cmuihqc7a00anh29ekc5foq1r","SC Freiburg","","",""
"cmuihw3eg0b81sexp5tkas9l6","Derry Scherhant","","820957","2002-11-09","Germany","Attack","Left Winger",185,7500000,"first_team","cmuihqc7a00anh29ekc5foq1r","SC Freiburg","","",""
"cmuihvzaw06t2sexp1g0muwjo","Florent Muslija","","337036","1998-07-05","Kosovo","Attack","Left Winger",172,1800000,"first_team","cmuihqc7a00anh29ekc5foq1r","SC Freiburg","","",""
"cmuihvyqt063vsexpex0fe9ee","Florian Müller","","284769","1997-11-12","Germany","Goalkeeper","Goalkeeper",190,1200000,"first_team","cmuihqc7a00anh29ekc5foq1r","SC Freiburg","","",""
"cmuihw24009pxsexpn3lefl0b","Igor Matanovic","","605268","2003-03-30","Croatia","Attack","Centre-Forward",194,22000000,"first_team","cmuihqc7a00anh29ekc5foq1r","SC Freiburg","","",""
"cmuihvws50440sexph3px25lv","Jannik Huth","","160954","1994-04-14","Germany","Goalkeeper","Goalkeeper",185,400000,"first_team","cmuihqc7a00anh29ekc5foq1r","SC Freiburg","","",""
"cmuihw2qg0b5wsexp33zctkwz","Jordy Makengo","","815078","2001-08-02","France","Defender","Left-Back",191,6000000,"first_team","cmuihqc7a00anh29ekc5foq1r","SC Freiburg","","",""
"cmuo5aapr001hitgyqfb125pq","Keisuke Goto","","916623","2005-06-03","Japan","Centre-Forward","Centre-Forward",,10000000,"first_team","cmuihqc7a00anh29ekc5foq1r","SC Freiburg","","",""
"cmuihvy6i05l3sexpmwtiymtu","Lucas Höler","","248999","1994-07-09","Germany","Attack","Centre-Forward",184,3000000,"first_team","cmuihqc7a00anh29ekc5foq1r","SC Freiburg","","",""
"cmuihvvw0033hsexpcawq4hel","Lukas Kübler","","93604","1992-08-29","Germany","Defender","Right-Back",182,1500000,"first_team","cmuihqc7a00anh29ekc5foq1r","SC Freiburg","","",""
"cmuihvwre03jcsexpoc5z9qgd","Matthias Ginter","","124502","1994-01-18","Germany","Defender","Centre-Back",189,5000000,"first_team","cmuihqc7a00anh29ekc5foq1r","SC Freiburg","","",""
"cmuihw23y09oksexpk0r464ou","Max Rosenfelder","","599419","2003-02-09","Germany","Defender","Centre-Back",186,6000000,"first_team","cmuihqc7a00anh29ekc5foq1r","SC Freiburg","","",""
"cmuihvxg104m3sexpfn5nswfs","Maximilian Eggestein","","190284","1996-12-07","Germany","Midfield","Central Midfield",181,10000000,"first_team","cmuihqc7a00anh29ekc5foq1r","SC Freiburg","","",""
"cmuihw24609vjsexpzh1q3dc1","Mio Backhaus","","620295","2004-04-15","Germany","Goalkeeper","Goalkeeper",194,15000000,"first_team","cmuihqc7a00anh29ekc5foq1r","SC Freiburg","","",""
"cmuihvzb606z9sexpq2hcwt0o","Niklas Beste","","342967","1999-01-03","Germany","Attack","Right Winger",175,10000000,"first_team","cmuihqc7a00anh29ekc5foq1r","SC Freiburg","","",""
"cmuihw0j4088asexplppbdp8d","Patrick Osterhage","","443331","2000-01-31","Germany","Midfield","Defensive Midfield",186,12000000,"first_team","cmuihqc7a00anh29ekc5foq1r","SC Freiburg","","",""
"cmuihvy60056asexpihwtk8rk","Philipp Lienhart","","225657","1996-07-10","Austria","Defender","Centre-Back",189,10000000,"first_team","cmuihqc7a00anh29ekc5foq1r","SC Freiburg","","",""
"cmuihvzav06s5sexpckmeux5g","Philipp Treu","","335993","2000-12-02","Germany","Defender","Right-Back",173,15000000,"first_team","cmuihqc7a00anh29ekc5foq1r","SC Freiburg","","",""
"cmuo5aaky001fitgywbl2t1zh","Rihito Yamamoto","","432403","2001-12-12","Japan","Defensive Midfield","Defensive Midfield",,7000000,"first_team","cmuihqc7a00anh29ekc5foq1r","SC Freiburg","","",""
"cmuihw4ra0culsexp1u2zey6r","Rouven Tarnutzer","","1159439","2007-07-23","Switzerland","Midfield","Central Midfield",184,175000,"first_team","cmuihqc7a00anh29ekc5foq1r","SC Freiburg","","",""
"cmuihvxfx04iusexpxffmfzzd","Vincenzo Grifo","","185077","1993-04-06","Italy","Attack","Left Winger",180,4000000,"first_team","cmuihqc7a00anh29ekc5foq1r","SC Freiburg","","",""
"cmuihvzwh07ussexpm88evtdf","Yannik Engelhardt","","405670","2001-02-06","Germany","Midfield","Defensive Midfield",184,7000000,"first_team","cmuihqc7a00anh29ekc5foq1r","SC Freiburg","","",""
"cmuihw24p0ab5sexphi5823s9","Yuito Suzuki","","668606","2001-10-24","Japan","Attack","Second Striker",175,24000000,"first_team","cmuihqc7a00anh29ekc5foq1r","SC Freiburg","","",""
"cmuihvyqo05zdsexp1vhq57e6","Andries Noppert","","276853","1994-04-06","Netherlands","Goalkeeper","Goalkeeper",203,300000,"first_team","cmuihq5gp006xh29ew3zgy2a2","SC Heerenveen","","",""
"cmuihw2pw0arisexp5rj2cg8r","Bernt Klaverboer","","725816","2005-09-25","Netherlands","Goalkeeper","Goalkeeper",190,3000000,"first_team","cmuihq5gp006xh29ew3zgy2a2","SC Heerenveen","","",""
"cmuihvzvp07cxsexpnzwljwj0","Dylan Vente","","369319","1999-05-08","Suriname","Attack","Centre-Forward",185,2500000,"first_team","cmuihq5gp006xh29ew3zgy2a2","SC Heerenveen","","",""
"cmuihw4r00crosexpf3q931g3","Eser Gürbüz","","1130803","2007-03-05","Netherlands","Attack","Right Winger",178,600000,"first_team","cmuihq5gp006xh29ew3zgy2a2","SC Heerenveen","","",""
"cmuihw24909ycsexpxq3hxxov","Hristiyan Petrov","","628042","2002-06-23","Bulgaria","Defender","Centre-Back",186,500000,"first_team","cmuihq5gp006xh29ew3zgy2a2","SC Heerenveen","","",""
"cmuihw3ee0b6qsexpt84e5yxy","Ingmar Mulder","","816973","2005-01-22","Netherlands","Defender","Centre-Back",,0,"first_team","cmuihq5gp006xh29ew3zgy2a2","SC Heerenveen","","",""
"cmuihw3et0bhxsexp2ecj55dn","Isaiah Ahmed","","886252","2005-12-27","Curacao","Midfield","Central Midfield",189,125000,"first_team","cmuihq5gp006xh29ew3zgy2a2","SC Heerenveen","","",""
"cmuihw1cw096bsexpv6txg8xi","Jacob Trenskow","","542684","2000-11-25","Denmark","Attack","Right Winger",178,7500000,"first_team","cmuihq5gp006xh29ew3zgy2a2","SC Heerenveen","","",""
"cmuihw3ev0biwsexpb6tqsjex","Jermaine Rijssel","","891852","2005-03-24","Suriname","Attack","Right Winger",,0,"first_team","cmuihq5gp006xh29ew3zgy2a2","SC Heerenveen","","",""
"cmuihvxfs04gisexpyzd7nqrh","Joris van Overeem","","182582","1994-05-31","Netherlands","Midfield","Defensive Midfield",181,1000000,"first_team","cmuihq5gp006xh29ew3zgy2a2","SC Heerenveen","","",""
"cmuihw3f10bo3sexpzwd85bjn","Levi Smans","","918365","2003-03-24","Netherlands","Midfield","Attacking Midfield",175,1500000,"first_team","cmuihq5gp006xh29ew3zgy2a2","SC Heerenveen","","",""
"cmuihw1d50992sexpflhoe13s","Luca Oyen","","551085","2003-03-13","Belgium","Attack","Left Winger",175,900000,"first_team","cmuihq5gp006xh29ew3zgy2a2","SC Heerenveen","","",""
"cmuihvzvp07czsexpay1m9wvk","Luuk Brouwers","","369552","1998-05-02","Netherlands","Midfield","Attacking Midfield",183,1500000,"first_team","cmuihq5gp006xh29ew3zgy2a2","SC Heerenveen","","",""
"cmuihw2qc0b39sexp54n7sg6f","Maas Willemsen","","805451","2003-04-28","Netherlands","Defender","Centre-Back",190,4500000,"first_team","cmuihq5gp006xh29ew3zgy2a2","SC Heerenveen","","",""
"cmuihw3ex0bklsexp3f7ualzj","Marcus Linday","","899163","2003-06-01","Sweden","Midfield","Central Midfield",186,5000000,"first_team","cmuihq5gp006xh29ew3zgy2a2","SC Heerenveen","","",""
"cmuihw43v0cblsexpg55aen4f","Mats Egbring","","1030525","2006-09-16","Netherlands","Defender","Right-Back",183,300000,"first_team","cmuihq5gp006xh29ew3zgy2a2","SC Heerenveen","","",""
"cmuihw2py0atgsexpx9y3wq43","Maxence Rivera","","735700","2002-05-29","France","Attack","Left Winger",168,3000000,"first_team","cmuihq5gp006xh29ew3zgy2a2","SC Heerenveen","","",""
"cmuihw3ev0bjisexpip0f6vji","Nikolai Hopland","","894050","2004-07-23","Norway","Defender","Centre-Back",190,1500000,"first_team","cmuihq5gp006xh29ew3zgy2a2","SC Heerenveen","","",""
"cmuihw1bw0920sexptxlql9ul","Nordin Bakker","","534015","1997-10-30","Netherlands","Goalkeeper","Goalkeeper",196,350000,"first_team","cmuihq5gp006xh29ew3zgy2a2","SC Heerenveen","","",""
"cmuihw3er0bfwsexpde34pd34","Oliver Braude","","869067","2004-02-20","Norway","Defender","Right-Back",178,5000000,"first_team","cmuihq5gp006xh29ew3zgy2a2","SC Heerenveen","","",""
"cmuihw1do09hpsexpucew11nu","Ringo Meerveld","","577455","2002-12-20","Netherlands","Midfield","Attacking Midfield",182,5000000,"first_team","cmuihq5gp006xh29ew3zgy2a2","SC Heerenveen","","",""
"cmuihw0ir084psexp6spngkh0","Sam Kersten","","430797","1998-01-29","Netherlands","Defender","Centre-Back",191,2000000,"first_team","cmuihq5gp006xh29ew3zgy2a2","SC Heerenveen","","",""
"cmuihw24309tasexpscmt5dxe","Vasilios Zagaritis","","613781","2001-05-03","Greece","Defender","Left-Back",178,3000000,"first_team","cmuihq5gp006xh29ew3zgy2a2","SC Heerenveen","","",""
"cmuo5b7ly005vitgyjjesn88h","Albert Millgramm","","814986","2004-11-12","Germany","Left Winger","Left Winger",,150000,"first_team","cmuihor87002jb23f3u8w2hsf","SC Paderborn 07","","",""
"cmuo5b765005pitgyuyjgcd0l","Clemens Lippmann","","1148887","2006-06-29","Germany","Defensive Midfield","Defensive Midfield",,400000,"first_team","cmuihor87002jb23f3u8w2hsf","SC Paderborn 07","","",""
"cmuihw44d0cpasexppbq1mkbt","Deniz Zeitler","","1108022","2006-12-12","Germany","Attack","Left Winger",181,4000000,"first_team","cmuihor87002jb23f3u8w2hsf","SC Paderborn 07","","",""
"cmuihvzaq06p8sexpgkgiqz4s","Felix Götze","","330635","1998-02-10","Germany","Midfield","Central Midfield",185,400000,"first_team","cmuihor87002jb23f3u8w2hsf","SC Paderborn 07","","",""
"cmuo5b5d0004xitgy6ii7mw5r","Florian Pruhs","","930013","2006-02-06","Germany","Goalkeeper","Goalkeeper",,150000,"first_team","cmuihor87002jb23f3u8w2hsf","SC Paderborn 07","","",""
"cmuo5b7fp005titgys6bmo8qi","Gabriel Vidovic","","604327","2003-12-01","Croatia; Germany","Left Winger","Left Winger",,3000000,"first_team","cmuihor87002jb23f3u8w2hsf","SC Paderborn 07","","",""
"cmuo5b5r30053itgy6kq6980v","Jano ter Horst","","606113","2002-06-19","Germany","Centre-Back","Centre-Back",,1200000,"first_team","cmuihor87002jb23f3u8w2hsf","SC Paderborn 07","","",""
"cmuo5b60a0057itgy1e9e3fkx","Jonah Sticker","","698843","2004-05-08","Germany","Centre-Back","Centre-Back",,750000,"first_team","cmuihor87002jb23f3u8w2hsf","SC Paderborn 07","","",""
"cmuo5b803005zitgydwgn2952","Lasse Eickel","","1299403","2008-02-28","Germany","Centre-Forward","Centre-Forward",,150000,"first_team","cmuihor87002jb23f3u8w2hsf","SC Paderborn 07","","",""
"cmuo5b6wh005litgytv50kio5","Laurin Curda","","516978","2001-10-30","Germany","Right-Back","Right-Back",,3000000,"first_team","cmuihor87002jb23f3u8w2hsf","SC Paderborn 07","","",""
"cmuihw2pt0ap4sexplsqkq9sr","Laurin Ulrich","","717465","2005-01-30","Germany","Midfield","Attacking Midfield",180,500000,"first_team","cmuihor87002jb23f3u8w2hsf","SC Paderborn 07","","",""
"cmuihw2pf0af0sexpk4rso3nd","Luka Duric","","685484","2003-06-17","Bosnia-Herzegovina","Midfield","Central Midfield",181,800000,"first_team","cmuihor87002jb23f3u8w2hsf","SC Paderborn 07","","",""
"cmuo5b5vu0055itgyfz0u7kr1","Marcel Hoffmeier","","570152","1999-07-15","Germany","Centre-Back","Centre-Back",,1000000,"first_team","cmuihor87002jb23f3u8w2hsf","SC Paderborn 07","","",""
"cmuihvyr506ccsexpkx5vdlub","Markus Schubert","","296741","1998-06-11","Germany","Goalkeeper","Goalkeeper",184,300000,"first_team","cmuihor87002jb23f3u8w2hsf","SC Paderborn 07","","",""
"cmuihw0jt08iysexpkbxzz370","Marvin Pieringer","","471055","1999-10-03","Germany","Attack","Centre-Forward",191,3000000,"first_team","cmuihor87002jb23f3u8w2hsf","SC Paderborn 07","","",""
"cmuo5b5hv004zitgyfk4bz9q7","Mattes Hansen","","694132","2004-05-15","Germany","Centre-Back","Centre-Back",,2500000,"first_team","cmuihor87002jb23f3u8w2hsf","SC Paderborn 07","","",""
"cmuihw23y09oxsexp5od9z194","Nahuel Noll","","600942","2003-03-16","Germany","Goalkeeper","Goalkeeper",190,500000,"first_team","cmuihor87002jb23f3u8w2hsf","SC Paderborn 07","","",""
"cmuo5b7au005ritgyb3rfgwrr","Niklas Mohr","","949389","2004-07-23","Germany","Left Winger","Left Winger",,500000,"first_team","cmuihor87002jb23f3u8w2hsf","SC Paderborn 07","","",""
"cmuo5b6520059itgyon5h8upc","Nyamekye Awortwie-Grant","","521331","2000-08-07","Germany; Ghana","Centre-Back","Centre-Back",,400000,"first_team","cmuihor87002jb23f3u8w2hsf","SC Paderborn 07","","",""
"cmuihvzwi07vfsexptzja3rmq","Oliver Batista Meier","","406614","2001-02-15","Germany","Attack","Right Winger",178,450000,"first_team","cmuihor87002jb23f3u8w2hsf","SC Paderborn 07","","",""
"cmuihvzaq06pasexpffxfzjmx","Raphael Obermair","","330699","1996-03-31","Philippines","Midfield","Left Midfield",182,800000,"first_team","cmuihor87002jb23f3u8w2hsf","SC Paderborn 07","","",""
"cmuihw2ph0agtsexp107eo7pv","Rayan Philippe","","694507","2000-10-22","France","Attack","Right Winger",182,4000000,"first_team","cmuihor87002jb23f3u8w2hsf","SC Paderborn 07","","",""
"cmuo5b71c005nitgyivtfmq20","Ruben Müller","","907085","2005-08-24","Germany; Spain","Centre-Forward","Centre-Forward",,1000000,"first_team","cmuihor87002jb23f3u8w2hsf","SC Paderborn 07","","",""
"cmuo5b6ej005ditgyivcffk4g","Santiago Castañeda","","1005509","2004-11-13","United States; Colombia","Defensive Midfield","Defensive Midfield",,5000000,"first_team","cmuihor87002jb23f3u8w2hsf","SC Paderborn 07","","",""
"cmuo5b6nz005hitgyfk36f6dz","Sebastian Klaas","","378424","1998-06-30","Germany","Central Midfield","Central Midfield",,900000,"first_team","cmuihor87002jb23f3u8w2hsf","SC Paderborn 07","","",""
"cmuo5b7uy005xitgyavu7az11","Stefano Marino","","829267","2004-03-12","Germany; Italy","Centre-Forward","Centre-Forward",,1000000,"first_team","cmuihor87002jb23f3u8w2hsf","SC Paderborn 07","","",""
"cmuihvyr506cfsexpslvrkv3h","Steffen Tigges","","296879","1998-07-30","Germany","Attack","Centre-Forward",194,1500000,"first_team","cmuihor87002jb23f3u8w2hsf","SC Paderborn 07","","",""
"cmuihvxfy04jqsexptq3c5v6l","Sven Michel","","186988","1990-07-14","Germany","Attack","Left Winger",177,700000,"first_team","cmuihor87002jb23f3u8w2hsf","SC Paderborn 07","","",""
"cmuo5b6s5005jitgy1usudw91","Timur Gayret","","421323","1998-08-08","Germany","Central Midfield","Central Midfield",,450000,"first_team","cmuihor87002jb23f3u8w2hsf","SC Paderborn 07","","",""
"cmuo5b5me0051itgy7xrkb9gx","Tjark Scheller","","509650","2002-01-12","Germany","Centre-Back","Centre-Back",,2500000,"first_team","cmuihor87002jb23f3u8w2hsf","SC Paderborn 07","","",""
"cmuo5b6jc005fitgyxew0tjw7","Tom Baack","","331637","1999-03-13","Germany","Defensive Midfield","Defensive Midfield",,600000,"first_team","cmuihor87002jb23f3u8w2hsf","SC Paderborn 07","","",""
"cmuo5b69i005bitgy8jhhse6k","Tristan Zobel","","798091","2003-10-04","Germany","Centre-Back","Centre-Back",,225000,"first_team","cmuihor87002jb23f3u8w2hsf","SC Paderborn 07","","",""
"cmuihvzwm07ycsexpusv06b2e","Daan Reiziger","","412946","2001-06-17","Netherlands","Goalkeeper","Goalkeeper",187,100000,"first_team","cmuihpzab003lh29emxyfpwie","SC Telstar","","",""
"cmuihw2q50axvsexp6cf54eot","Devon Koswal","","748604","2003-08-20","Netherlands","Defender","Centre-Back",192,450000,"first_team","cmuihpzab003lh29emxyfpwie","SC Telstar","","",""
"cmuihvvvf02wpsexpam9brl6d","Dion Malone","","84405","1989-02-12","Suriname","Defender","Centre-Back",185,75000,"first_team","cmuihpzab003lh29emxyfpwie","SC Telstar","","",""
"cmuihw43n0c66sexpvx1ofqbk","Jaylan van Schooneveld","","992161","2005-02-01","Netherlands","Defender","Centre-Back",179,0,"first_team","cmuihpzab003lh29emxyfpwie","SC Telstar","","",""
"cmuihvyqf05tesexp3fahxpsy","Jeff Hardeveld","","263555","1995-02-26","Netherlands","Midfield","Left Midfield",184,450000,"first_team","cmuihpzab003lh29emxyfpwie","SC Telstar","","",""
"cmuihw3fd0bwhsexpo3mxfkw3","Jelani Seedorf","","943592","2004-12-11","Netherlands","Attack","Centre-Forward",,250000,"first_team","cmuihpzab003lh29emxyfpwie","SC Telstar","","",""
"cmuihw0j40883sexpz5woj4nh","Kay Tejan","","442885","1997-02-02","Netherlands","Attack","Centre-Forward",187,250000,"first_team","cmuihpzab003lh29emxyfpwie","SC Telstar","","",""
"cmuihvyqm05xasexpufl27j87","Mohamed Hamdaoui","","272698","1993-06-09","Netherlands","Attack","Left Winger",170,450000,"first_team","cmuihpzab003lh29emxyfpwie","SC Telstar","","",""
"cmuihvzwd07sfsexp2v7hfsll","Nigel Ogidi Nwankwo","","399350","1998-08-03","Netherlands","Midfield","Left Midfield",181,125000,"first_team","cmuihpzab003lh29emxyfpwie","SC Telstar","","",""
"cmuihw2ph0agpsexpwoumjy36","Nils Rossen","","694039","2004-07-31","Netherlands","Midfield","Defensive Midfield",181,700000,"first_team","cmuihpzab003lh29emxyfpwie","SC Telstar","","",""
"cmuihw1eu09mmsexp7m7soog0","Patrick Brouwer","","593824","2001-03-18","Netherlands","Midfield","Attacking Midfield",178,750000,"first_team","cmuihpzab003lh29emxyfpwie","SC Telstar","","",""
"cmuihw4ss0d75sexpnvmbd8lz","Rayyan Koubini","","1412729","2005-06-05","Netherlands","Missing","",,0,"first_team","cmuihpzab003lh29emxyfpwie","SC Telstar","","",""
"cmuihw2qd0b3osexpv9jqlkmh","Remi van Ekeris","","806463","2002-09-22","Netherlands","Midfield","Central Midfield",178,25000,"first_team","cmuihpzab003lh29emxyfpwie","SC Telstar","","",""
"cmuihw44c0cotsexpp7awmql9","Rojendro Oudsten","","1104231","2007-11-11","Suriname","Midfield","Central Midfield",,100000,"first_team","cmuihpzab003lh29emxyfpwie","SC Telstar","","",""
"cmuihvyqj05wnsexpo3thhe8i","Ronald Koeman Jr.","","271549","1995-05-22","Netherlands","Goalkeeper","Goalkeeper",188,700000,"first_team","cmuihpzab003lh29emxyfpwie","SC Telstar","","",""
"cmuihw2qc0b35sexp0vf2m22g","Sebastiaan Hagedoorn","","804906","2004-11-29","Netherlands","Attack","Centre-Forward",,0,"first_team","cmuihpzab003lh29emxyfpwie","SC Telstar","","",""
"cmuihw2q80azmsexprfkml0i3","Soufiane Hetli","","779752","2001-05-29","Netherlands","Attack","Centre-Forward",177,450000,"first_team","cmuihpzab003lh29emxyfpwie","SC Telstar","","",""
"cmuihw2pq0am3sexp2jugithx","Tyrese Noslin","","708005","2002-09-10","Curacao","Midfield","Right Midfield",182,750000,"first_team","cmuihpzab003lh29emxyfpwie","SC Telstar","","",""
"cmuihw24n0a9jsexpmxgma6ih","Tyrick Bodak","","663961","2002-05-14","Curacao","Goalkeeper","Goalkeeper",190,25000,"first_team","cmuihpzab003lh29emxyfpwie","SC Telstar","","",""
"cmuihw0jk08eysexppjojph5j","Tyrone Owusu","","461644","1999-03-04","Netherlands","Midfield","Central Midfield",183,600000,"first_team","cmuihpzab003lh29emxyfpwie","SC Telstar","","",""
"cmuihvzbj0785sexp7m565pmf","Alfon González","","357628","1999-05-03","Spain","Attack","Left Winger",172,3000000,"first_team","cmuihq7is0085h29ez260bgnc","Sevilla FC","","",""
"cmuihw2pu0apysexpe8m5uguz","Andrés Castrín","","719999","2003-05-25","Spain","Defender","Centre-Back",188,6000000,"first_team","cmuihq7is0085h29ez260bgnc","Sevilla FC","","",""
"cmuihw2q70aywsexprwawahpr","Arouna Sangante","","768380","2002-04-11","Senegal","Defender","Centre-Back",189,8000000,"first_team","cmuihq7is0085h29ez260bgnc","Sevilla FC","","",""
"cmuihw0k708r7sexpmu3l7yi8","Chidera Ejuke","","500067","1998-01-01","Nigeria","Attack","Left Winger",176,4000000,"first_team","cmuihq7is0085h29ez260bgnc","Sevilla FC","","",""
"cmuihvws1040bsexp2rzkytb7","Fábio Cardoso","","155025","1994-04-18","Portugal","Defender","Centre-Back",187,1500000,"first_team","cmuihq7is0085h29ez260bgnc","Sevilla FC","","",""
"cmuihw0k008lesexpxm8vapt9","Félix Correia","","479648","2001-01-21","Portugal","Attack","Left Winger",178,10000000,"first_team","cmuihq7is0085h29ez260bgnc","Sevilla FC","","",""
"cmuihw43z0cfisexp46vrxl8z","Fran González","","1055220","2005-06-23","Spain","Goalkeeper","Goalkeeper",199,3000000,"first_team","cmuihq7is0085h29ez260bgnc","Sevilla FC","","",""
"cmuihvzvy07ixsexp1pbvkqn0","Gabriel Suazo","","385105","1997-08-08","Chile","Defender","Left-Back",178,6000000,"first_team","cmuihq7is0085h29ez260bgnc","Sevilla FC","","",""
"cmuihvzwh07ursexpgfckziq6","Giorgi Kochorashvili","","405564","1999-06-28","Georgia","Midfield","Central Midfield",178,4000000,"first_team","cmuihq7is0085h29ez260bgnc","Sevilla FC","","",""
"cmuihw2pf0afcsexphyvwo18m","Isaac Romero","","687609","2000-05-17","Spain","Attack","Centre-Forward",183,5000000,"first_team","cmuihq7is0085h29ez260bgnc","Sevilla FC","","",""
"cmuihvyqx067esexph71dst6z","Jon Guridi","","289257","1995-02-27","Spain","Midfield","Central Midfield",179,1800000,"first_team","cmuihq7is0085h29ez260bgnc","Sevilla FC","","",""
"cmuihw2ps0ao0sexpwfil0dgk","José Ángel Carmona","","711625","2002-01-28","Spain","Defender","Right-Back",184,12000000,"first_team","cmuihq7is0085h29ez260bgnc","Sevilla FC","","",""
"cmuihvzw107lmsexpv7mv44rf","Juan Iglesias","","390688","1998-07-02","Spain","Defender","Right-Back",187,5000000,"first_team","cmuihq7is0085h29ez260bgnc","Sevilla FC","","",""
"cmuihw3fd0bwysexptv4n9f4s","Julio Díaz","","945753","2005-01-09","Spain","Defender","Left-Back",174,1500000,"first_team","cmuihq7is0085h29ez260bgnc","Sevilla FC","","",""
"cmuihw2q70aypsexpk155hyuj","Kike Salas","","766583","2002-04-22","Spain","Defender","Centre-Back",188,14000000,"first_team","cmuihq7is0085h29ez260bgnc","Sevilla FC","","",""
"cmuihw24k0a6isexp8uqdsab4","Lucas Stassin","","655012","2004-11-28","Belgium","Attack","Centre-Forward",183,15000000,"first_team","cmuihq7is0085h29ez260bgnc","Sevilla FC","","",""
"cmuihw1dh09ffsexpjp33iqf1","Lucien Agoumé","","569384","2002-02-08","France","Midfield","Defensive Midfield",185,15000000,"first_team","cmuihq7is0085h29ez260bgnc","Sevilla FC","","",""
"cmuihw2q70ayqsexpckp1epda","Manu Bueno","","766723","2004-07-26","Spain","Midfield","Central Midfield",178,1500000,"first_team","cmuihq7is0085h29ez260bgnc","Sevilla FC","","",""
"cmuihw0j20879sexp7k5uur4x","Marcão","","439022","1996-06-04","Brazil","Defender","Centre-Back",185,2500000,"first_team","cmuihq7is0085h29ez260bgnc","Sevilla FC","","",""
"cmuihw4440ci7sexpczmpgv5d","Miguel Sierra","","1064105","2004-07-13","Spain","Attack","Right Winger",181,300000,"first_team","cmuihq7is0085h29ez260bgnc","Sevilla FC","","",""
"cmuihw4ro0d1jsexp4zhjo6lu","Nico Guillén","","1236856","2008-01-29","Spain","Midfield","Central Midfield",185,1000000,"first_team","cmuihq7is0085h29ez260bgnc","Sevilla FC","","",""
"cmuihvwre03j7sexp8rxy9dnn","Odysseas Vlachodimos","","124419","1994-04-25","Greece","Goalkeeper","Goalkeeper",191,3000000,"first_team","cmuihq7is0085h29ez260bgnc","Sevilla FC","","",""
"cmuihw24f0a2dsexpasn2yuzh","Peque Fernández","","639733","2002-10-03","Spain","Attack","Second Striker",172,3000000,"first_team","cmuihq7is0085h29ez260bgnc","Sevilla FC","","",""
"cmuo50q93000ogffhb05s3u7p","Robbie Ure","","783373","2004-02-26","Scotland","Centre-Forward","Centre-Forward",,5000000,"first_team","cmuihq7is0085h29ez260bgnc","Sevilla FC","","",""
"cmuihvzb80712sexpce0dxvb1","Rubén Vargas","","345886","1998-08-04","Switzerland","Attack","Left Winger",179,12000000,"first_team","cmuihq7is0085h29ez260bgnc","Sevilla FC","","",""
"cmuihw1dk09fnsexp8ol1stnn","Youssouf Fofana","","569598","1999-01-09","France","Midfield","Defensive Midfield",185,23000000,"first_team","cmuihq7is0085h29ez260bgnc","Sevilla FC","","",""
"cmuihvwrc03h2sexp6vy8q2l8","Adam Davies","","121254","1992-07-16","Wales","Goalkeeper","Goalkeeper",185,200000,"first_team","cmuihq6yq007th29eswbnw486","Sheffield United","","",""
"cmuihw44b0cnmsexpaqvzpo4j","Romelle Donovan","","1091562","2006-11-29","England","Attack","Right Winger",171,3500000,"on_loan","cmuihq6yq007th29eswbnw486","Sheffield United","cmuihocpq001vb23fu3cm5yh8","Brentford FC","2027-06-30"
"cmuihvzb7070dsexpybo72m4i","Tahith Chong","","344830","1999-12-03","Curacao","Midfield","Attacking Midfield",185,6000000,"first_team","cmuihq6yq007th29eswbnw486","Sheffield United","","",""
"cmuihw3er0bfisexpqqs6l0c0","Alessandro Circati","","867137","2003-10-09","Australia","Defender","Centre-Back",191,12000000,"first_team","cmuihq4q6006lh29eutf0qltf","SL Benfica","","",""
"cmuihw0ja08aqsexptmuhd0cg","Alexander Bah","","452607","1997-12-08","Denmark","Defender","Right-Back",183,7000000,"first_team","cmuihq4q6006lh29eutf0qltf","SL Benfica","","",""
"cmuihw1c0093vsexpivecn8c1","Anatoliy Trubin","","537844","2001-07-31","Ukraine","Goalkeeper","Goalkeeper",199,25000000,"first_team","cmuihq4q6006lh29eutf0qltf","SL Benfica","","",""
"cmuihw24p0abesexpvzx1xbdl","Andreas Schjelderup","","670103","2004-05-31","Norway","Attack","Left Winger",177,30000000,"first_team","cmuihq4q6006lh29eutf0qltf","SL Benfica","","",""
"cmuihw44b0cnrsexp0pwg938r","Anísio Cabral","","1092964","2008-02-14","Portugal","Attack","Centre-Forward",187,5000000,"first_team","cmuihq4q6006lh29eutf0qltf","SL Benfica","","",""
"cmuihw43o0c6fsexpz2b559eu","Claudio Echeverri","","994536","2006-01-01","Argentina","Midfield","Attacking Midfield",170,15000000,"first_team","cmuihq4q6006lh29eutf0qltf","SL Benfica","","",""
"cmuihvxft04h0sexpeqvgow54","Clément Lenglet","","182904","1995-06-16","France","Defender","Centre-Back",186,4000000,"first_team","cmuihq4q6006lh29eutf0qltf","SL Benfica","","",""
"cmuihw4r20csdsexpwv0337lg","Daniel Banjaqui","","1134199","2008-03-23","Portugal","Defender","Right-Back",184,5000000,"first_team","cmuihq4q6006lh29eutf0qltf","SL Benfica","","",""
"cmuihvyr706eosexpk6uwg779","Dodi Lukébakio","","303259","1997-09-23","Belgium","Attack","Right Winger",184,15000000,"first_team","cmuihq4q6006lh29eutf0qltf","SL Benfica","","",""
"cmuihw24s0acrsexp2xeg7wrc","Enzo Barrenechea","","671915","2001-05-21","Argentina","Midfield","Defensive Midfield",186,12000000,"on_loan","cmuihq4q6006lh29eutf0qltf","SL Benfica","cmuihq8vi008xh29edz4vg4xw","Aston Villa","2027-06-30"
"cmuihvy5z0551sexp9ltqjwq4","Fredrik Aursnes","","223367","1995-12-09","Norway","Midfield","Central Midfield",181,15000000,"first_team","cmuihq4q6006lh29eutf0qltf","SL Benfica","","",""
"cmuo5ewh1000713o5r60y22rt","Gabriel Índio","","1464920","2008-07-26","Brazil","Centre-Back","Centre-Back",,0,"first_team","cmuihq4q6006lh29eutf0qltf","SL Benfica","","",""
"cmuo5ewmy000913o5qrx6vu22","Georgiy Sudakov","","623325","2002-09-01","Ukraine","Attacking Midfield","Attacking Midfield",,25000000,"first_team","cmuihq4q6006lh29eutf0qltf","SL Benfica","","",""
"cmuihw43p0c7csexp6hoi2w5z","Gianluca Prestianni","","1000674","2006-01-30","Argentina","Attack","Right Winger",166,20000000,"first_team","cmuihq4q6006lh29eutf0qltf","SL Benfica","","",""
"cmuihvzwj07vwsexpp6ry2f6m","Jakub Kamiński","","407098","2002-06-04","Poland","Attack","Left Winger",179,17000000,"first_team","cmuihq4q6006lh29eutf0qltf","SL Benfica","","",""
"cmuo5ex1x000d13o5dn1z3i4s","Jhon Durán","","649317","2003-12-13","Colombia","Centre-Forward","Centre-Forward",,15000000,"first_team","cmuihq4q6006lh29eutf0qltf","SL Benfica","","",""
"cmuihvy6p05pssexp73aqnxhs","João Palhinha","","257455","1995-07-08","Portugal","Midfield","Defensive Midfield",190,15000000,"first_team","cmuihq4q6006lh29eutf0qltf","SL Benfica","","",""
"cmuihw4rn0d1csexp0u8vjcds","José Neto","","1233701","2008-04-18","Portugal","Defender","Left-Back",184,3000000,"first_team","cmuihq4q6006lh29eutf0qltf","SL Benfica","","",""
"cmuihvzbi077zsexptjlv4s6c","Leandro Barreiro","","357233","2000-01-02","Luxembourg","Midfield","Central Midfield",174,18000000,"first_team","cmuihq4q6006lh29eutf0qltf","SL Benfica","","",""
"cmuihw2pj0aiisexp31okjqi5","Manu Silva","","699592","2001-06-11","Portugal","Midfield","Defensive Midfield",190,7000000,"first_team","cmuihq4q6006lh29eutf0qltf","SL Benfica","","",""
"cmuo5ewro000b13o50oudvgqu","Rafa Silva","","238055","1993-05-17","Portugal","Right Winger","Right Winger",,0,"first_team","cmuihq4q6006lh29eutf0qltf","SL Benfica","","",""
"cmuihw24009q0sexp8aimttqr","Samuel Dahl","","605396","2003-03-03","Sweden","Defender","Left-Back",174,13000000,"first_team","cmuihq4q6006lh29eutf0qltf","SL Benfica","","",""
"cmuihw0ka08t6sexpojjck06j","Samuel Soares","","504072","2002-06-14","Portugal","Goalkeeper","Goalkeeper",190,3000000,"first_team","cmuihq4q6006lh29eutf0qltf","SL Benfica","","",""
"cmuihw1cv095ssexpcrx3z6qy","Souffian El Karouani","","541134","2000-10-18","Morocco","Defender","Left-Back",178,15000000,"first_team","cmuihq4q6006lh29eutf0qltf","SL Benfica","","",""
"cmuihw0ka08tbsexplnmyrepr","Tomás Araújo","","504087","2002-05-15","Portugal","Defender","Centre-Back",187,30000000,"first_team","cmuihq4q6006lh29eutf0qltf","SL Benfica","","",""
"cmuihvzao06n4sexpjjrwihux","Vangelis Pavlidis","","324503","1998-11-20","Greece","Attack","Centre-Forward",186,28000000,"first_team","cmuihq4q6006lh29eutf0qltf","SL Benfica","","",""
"cmuihvyqy068gsexp0css8efl","Anthony Mandréa","","290559","1996-12-24","Algeria","Goalkeeper","Goalkeeper",186,2000000,"first_team","cmuihogya0023b23fzshzg8ck","SM Caen","","",""
"cmuihvy6b05emsexpekosone5","Adam Marusic","","239802","1992-10-16","Montenegro","Defender","Right-Back",185,2500000,"first_team","cmuihq8em008nh29e1swv1hng","Società Sportiva Lazio S.p.A.","","",""
"cmuihw43t0ca8sexps740q03y","Adrian Przyborek","","1018395","2006-12-31","Poland","Midfield","Attacking Midfield",184,6000000,"first_team","cmuihq8em008nh29e1swv1hng","Società Sportiva Lazio S.p.A.","","",""
"cmuihvyr706f7sexp9i7l5bsf","Albert Gudmundsson","","305947","1997-06-14","Iceland","Attack","Second Striker",177,12000000,"first_team","cmuihq8em008nh29e1swv1hng","Società Sportiva Lazio S.p.A.","","",""
"cmuihw1cr0941sexpqnt92e82","Alessio Furlanetto","","538079","2002-02-06","Italy","Goalkeeper","Goalkeeper",191,350000,"first_team","cmuihq8em008nh29e1swv1hng","Società Sportiva Lazio S.p.A.","","",""
"cmuihvzbi077fsexpysdzcsid","Alfonso Pedraza","","356197","1996-04-08","Spain","Defender","Left-Back",184,2500000,"first_team","cmuihq8em008nh29e1swv1hng","Società Sportiva Lazio S.p.A.","","",""
"cmuihvyrc06jksexpq1ckbvha","Andrea Pinamonti","","315865","1999-05-18","Italy","Attack","Centre-Forward",185,15000000,"first_team","cmuihq8em008nh29e1swv1hng","Società Sportiva Lazio S.p.A.","","",""
"cmuo54bl50014bpsmrhf38dfj","Bruno Galassi","","1455976","2007-02-07","Argentina; Spain","Defensive Midfield","Defensive Midfield",,100000,"first_team","cmuihq8em008nh29e1swv1hng","Società Sportiva Lazio S.p.A.","","",""
"cmuihw0k208mdsexpofl6plbm","Christos Mandas","","481675","2001-09-16","Greece","Goalkeeper","Goalkeeper",189,8000000,"first_team","cmuihq8em008nh29e1swv1hng","Società Sportiva Lazio S.p.A.","","",""
"cmuihvzw007k3sexp8o0w03fd","Danilho Doekhi","","387047","1998-06-29","Netherlands","Defender","Centre-Back",190,13000000,"first_team","cmuihq8em008nh29e1swv1hng","Società Sportiva Lazio S.p.A.","","",""
"cmuihvxgc04tosexpmyp62x32","Danilo Cataldi","","199733","1994-08-05","Italy","Midfield","Defensive Midfield",180,3500000,"first_team","cmuihq8em008nh29e1swv1hng","Società Sportiva Lazio S.p.A.","","",""
"cmuihvzw507owsexpem8e4psl","Davide Frattesi","","394300","1999-09-21","Italy","Midfield","Central Midfield",178,22000000,"first_team","cmuihq8em008nh29e1swv1hng","Società Sportiva Lazio S.p.A.","","",""
"cmuihw3f20bo6sexpqaddcv17","Davide Renzetti","","918957","2006-06-08","Italy","Goalkeeper","Goalkeeper",194,100000,"first_team","cmuihq8em008nh29e1swv1hng","Società Sportiva Lazio S.p.A.","","",""
"cmuihvzbi077ssexp9rly6q48","Diogo Leite","","357156","1999-01-22","Portugal","Defender","Centre-Back",190,12000000,"first_team","cmuihq8em008nh29e1swv1hng","Società Sportiva Lazio S.p.A.","","",""
"cmuihw3f10bnlsexpjax5szlm","Edoardo Motta","","916430","2005-01-12","Italy","Goalkeeper","Goalkeeper",194,8000000,"first_team","cmuihq8em008nh29e1swv1hng","Società Sportiva Lazio S.p.A.","","",""
"cmuihw43h0c2bsexppumdvith","Federico Serra","","976207","2006-01-02","Italy","Attack","Centre-Forward",,450000,"first_team","cmuihq8em008nh29e1swv1hng","Società Sportiva Lazio S.p.A.","","",""
"cmuihw44d0cppsexpryon8jpl","Filipe Bordon","","1110645","2005-06-23","Brazil","Defender","Centre-Back",193,800000,"first_team","cmuihq8em008nh29e1swv1hng","Società Sportiva Lazio S.p.A.","","",""
"cmuihw1bu090nsexp3dkt13qx","Fisayo Dele-Bashiru","","530742","2001-02-05","Nigeria","Midfield","Central Midfield",186,6000000,"first_team","cmuihq8em008nh29e1swv1hng","Società Sportiva Lazio S.p.A.","","",""
"cmuihw0jm08fmsexpdgzfeltl","Gustav Isaksen","","462823","2001-04-18","Denmark","Attack","Right Winger",181,15000000,"first_team","cmuihq8em008nh29e1swv1hng","Società Sportiva Lazio S.p.A.","","",""
"cmuihvzvq07dhsexpg2xekoxr","Josip Sutalo","","371001","2000-02-27","Croatia","Defender","Centre-Back",185,12000000,"first_team","cmuihq8em008nh29e1swv1hng","Società Sportiva Lazio S.p.A.","","",""
"cmuihw0js08ilsexppfym2346","Kenneth Taylor","","470394","2002-05-15","Netherlands","Midfield","Central Midfield",182,25000000,"first_team","cmuihq8em008nh29e1swv1hng","Società Sportiva Lazio S.p.A.","","",""
"cmuihvzb9071psexpy2pqeq07","Luca Pellegrini","","346567","1999-03-06","Italy","Defender","Left-Back",178,4500000,"first_team","cmuihq8em008nh29e1swv1hng","Società Sportiva Lazio S.p.A.","","",""
"cmuihvzaq06pfsexplbefwldo","Manuel Lazzari","","331401","1993-11-28","Italy","Defender","Right-Back",174,2000000,"first_team","cmuihq8em008nh29e1swv1hng","Società Sportiva Lazio S.p.A.","","",""
"cmuihw1d4098rsexply019i2m","Matteo Cancellieri","","550106","2002-02-11","Italy","Attack","Right Winger",185,7000000,"first_team","cmuihq8em008nh29e1swv1hng","Società Sportiva Lazio S.p.A.","","",""
"cmuihvyqs0635sexpql5ap6et","Mattia Zaccagni","","283735","1995-06-15","Italy","Attack","Left Winger",177,7500000,"first_team","cmuihq8em008nh29e1swv1hng","Società Sportiva Lazio S.p.A.","","",""
"cmuo54bhz0012bpsm7mzwopno","Mohamed Fares","","287700","1996-02-15","Algeria; France","Left-Back","Left-Back",,500000,"first_team","cmuihq8em008nh29e1swv1hng","Società Sportiva Lazio S.p.A.","","",""
"cmuihw1bq08z7sexphw2v7j8z","Nicolò Rovella","","525704","2001-12-03","Italy","Midfield","Defensive Midfield",179,23000000,"first_team","cmuihq8em008nh29e1swv1hng","Società Sportiva Lazio S.p.A.","","",""
"cmuihw1bx092ksexpsosx4c5i","Nuno Tavares","","535955","2000-01-25","Portugal","Defender","Left-Back",183,12000000,"first_team","cmuihq8em008nh29e1swv1hng","Società Sportiva Lazio S.p.A.","","",""
"cmuihw24g0a37sexp5qma840m","Oliver Provstgaard","","644408","2003-06-03","Denmark","Defender","Centre-Back",194,16000000,"first_team","cmuihq8em008nh29e1swv1hng","Società Sportiva Lazio S.p.A.","","",""
"cmuihw43i0c3hsexp488ql604","Reda Belahyane","","982855","2004-05-31","Morocco","Midfield","Defensive Midfield",173,6800000,"first_team","cmuihq8em008nh29e1swv1hng","Società Sportiva Lazio S.p.A.","","",""
"cmuo54bet0010bpsmmwp8n2rq","Ricardo Bordon","","1253815","2006-11-02","Brazil","Centre-Back","Centre-Back",,200000,"first_team","cmuihq8em008nh29e1swv1hng","Società Sportiva Lazio S.p.A.","","",""
"cmuihw2pq0am7sexpikgvy7wl","Romano Floriani Mussolini","","708086","2003-01-26","Italy","Defender","Right-Back",188,2500000,"first_team","cmuihq8em008nh29e1swv1hng","Società Sportiva Lazio S.p.A.","","",""
"cmuihw0je08cqsexp54po933z","Tijjani Noslin","","457736","1999-07-06","Netherlands","Attack","Right Winger",178,8000000,"first_team","cmuihq8em008nh29e1swv1hng","Società Sportiva Lazio S.p.A.","","",""
"cmuihw3er0bfasexpk3flxw2c","Valerio Farcomeni","","866255","2006-01-17","Italy","Midfield","Central Midfield",176,100000,"first_team","cmuihq8em008nh29e1swv1hng","Società Sportiva Lazio S.p.A.","","",""
"cmuihw0ip083usexpkqenm78q","Aaron Ramsdale","","427568","1998-05-13","England","Goalkeeper","Goalkeeper",190,12000000,"first_team","cmuihq0t3004hh29e03es83vu","Southampton FC","","",""
"cmuihw0in083esexpdns8x1to","Ben Brereton Díaz","","426192","1999-04-17","Chile","Attack","Centre-Forward",185,5000000,"first_team","cmuihq0t3004hh29e03es83vu","Southampton FC","","",""
"cmuihw3eg0b7tsexpuiqd8d4b","Damion Downs","","820241","2004-07-05","United States","Attack","Centre-Forward",192,4000000,"first_team","cmuihq0t3004hh29e03es83vu","Southampton FC","","",""
"cmuihw0jr08i2sexptax0sn4o","Daniel Peretz","","468539","2000-07-09","Israel","Goalkeeper","Goalkeeper",190,4000000,"first_team","cmuihq0t3004hh29e03es83vu","Southampton FC","","",""
"cmuihw0k108lvsexpq0cp0k24","Finn Azaz","","480723","2000-09-06","Ireland","Midfield","Attacking Midfield",185,20000000,"first_team","cmuihq0t3004hh29e03es83vu","Southampton FC","","",""
"cmuihw1em09kasexpe0lphh8d","Gavin Bazunu","","585550","2002-02-19","Ireland","Goalkeeper","Goalkeeper",188,8000000,"first_team","cmuihq0t3004hh29e03es83vu","Southampton FC","","",""
"cmuihw0jr08hwsexpknxle9ar","Joe Aribo","","468198","1996-07-20","Nigeria","Midfield","Central Midfield",183,1800000,"first_team","cmuihq0t3004hh29e03es83vu","Southampton FC","","",""
"cmuihw2qc0b2rsexpquiblrh5","Léo Scienza","","804219","1998-09-12","Brazil","Midfield","Attacking Midfield",175,9000000,"first_team","cmuihq0t3004hh29e03es83vu","Southampton FC","","",""
"cmuihvzw207lwsexpvkv6vzyd","Mads Roerslev","","391005","1999-06-23","Denmark","Defender","Right-Back",184,4000000,"first_team","cmuihq0t3004hh29e03es83vu","Southampton FC","","",""
"cmuihvyqe05sqsexplafeczvn","Ryan Manning","","262300","1996-06-13","Ireland","Defender","Left-Back",173,2800000,"first_team","cmuihq0t3004hh29e03es83vu","Southampton FC","","",""
"cmuihw3f60bqrsexpzma5ub8q","Marvin Young","","928592","2005-10-01","Netherlands","Defender","Centre-Back",182,5000000,"first_team","cmuihqaou009xh29ehzb7sgiz","Sparta Rotterdam","","",""
"cmuihw2py0atzsexp3dkc11bo","Mike Kleijn","","738516","2005-02-08","Netherlands","Defender","Left-Back",175,300000,"first_team","cmuihqaou009xh29ehzb7sgiz","Sparta Rotterdam","","",""
"cmuihw1dd09desexpjtfcdw6i","Shunsuke Mito","","566013","2002-09-27","Japan","Attack","Left Winger",164,2000000,"first_team","cmuihqaou009xh29ehzb7sgiz","Sparta Rotterdam","","",""
"cmuihw24909xpsexpqmgi5ldt","Teo Quintero","","627069","1999-03-01","Venezuela","Defender","Centre-Back",188,1300000,"first_team","cmuihqaou009xh29ehzb7sgiz","Sparta Rotterdam","","",""
"cmuihvxfi048ssexpsdnsrh7n","Mattia Valoti","","167741","1993-09-05","Italy","Midfield","Central Midfield",187,600000,"first_team","cmuihq722007vh29e4hj9hafh","Spezia Calcio","","",""
"cmuihvzvt07elsexp9qj5fiso","Petko Hristov","","372809","1999-02-28","Bulgaria","Defender","Centre-Back",191,900000,"first_team","cmuihq722007vh29e4hj9hafh","Spezia Calcio","","",""
"cmuihw3el0bc5sexpqbvje8ss","Diego Callai","","848875","2004-07-17","Brazil","Goalkeeper","Goalkeeper",192,1200000,"first_team","cmuihq6jo007lh29e9jpaabxs","Sporting CP","","",""
"cmuihw0ka08t7sexpgj9debld","Eduardo Quaresma","","504073","2002-03-01","Portugal","Defender","Centre-Back",185,17000000,"first_team","cmuihq6jo007lh29e9jpaabxs","Sporting CP","","",""
"cmuihw4ru0d3osexpgo4t8mrf","Flávio Gonçalves","","1294120","2007-05-29","Portugal","Midfield","Attacking Midfield",175,0,"first_team","cmuihq6jo007lh29e9jpaabxs","Sporting CP","","",""
"cmuihw1bv091asexpkagusiof","Fotis Ioannidis","","532444","2000-01-09","Greece","Attack","Centre-Forward",187,16000000,"first_team","cmuihq6jo007lh29e9jpaabxs","Sporting CP","","",""
"cmuihw2pk0ajasexparkb7xgu","Geny Catamo","","701979","2001-01-25","Mozambique","Attack","Right Winger",172,25000000,"first_team","cmuihq6jo007lh29e9jpaabxs","Sporting CP","","",""
"cmuihw1cx0978sexpiuiif38h","Georgios Vagiannidis","","546186","2001-09-11","Greece","Defender","Right-Back",182,8000000,"first_team","cmuihq6jo007lh29e9jpaabxs","Sporting CP","","",""
"cmuihw1d4098esexpqagrlozy","Gonçalo Inácio","","549006","2001-08-24","Portugal","Defender","Centre-Back",185,40000000,"first_team","cmuihq6jo007lh29e9jpaabxs","Sporting CP","","",""
"cmuihw4ri0cyusexp1vez4sym","Ibrahima Ba","","1191154","2005-05-25","Senegal","Defender","Centre-Back",190,12000000,"first_team","cmuihq6jo007lh29e9jpaabxs","Sporting CP","","",""
"cmuihw3f30bpcsexp407u69pq","Issa Doumbia","","924349","2003-10-15","Italy","Midfield","Central Midfield",187,20000000,"first_team","cmuihq6jo007lh29e9jpaabxs","Sporting CP","","",""
"cmuihw3fd0bx8sexp53a3nk66","Iván Fresneda","","946883","2004-09-27","Spain","Defender","Right-Back",183,15000000,"first_team","cmuihq6jo007lh29e9jpaabxs","Sporting CP","","",""
"cmuihw4r30csmsexplugkr1dd","Jesse Derry","","1135611","2007-06-29","England","Attack","Left Winger",,2000000,"first_team","cmuihq6jo007lh29e9jpaabxs","Sporting CP","","",""
"cmuihw43e0bzmsexpddtcqrf6","João Simões","","958937","2007-01-05","Portugal","Midfield","Central Midfield",178,15000000,"first_team","cmuihq6jo007lh29e9jpaabxs","Sporting CP","","",""
"cmuo5f0um000g13o5pbdktgw6","Kaique Pereira","","964590","2003-04-16","Brazil","Goalkeeper","Goalkeeper",,0,"first_team","cmuihq6jo007lh29e9jpaabxs","Sporting CP","","",""
"cmuihw43n0c65sexp2g3fenc6","Luís Guilherme","","991800","2006-02-08","Brazil","Attack","Right Winger",175,12000000,"first_team","cmuihq6jo007lh29e9jpaabxs","Sporting CP","","",""
"cmuihvzwv082ysexp9sfgbct3","Luis Suárez","","424784","1997-12-01","Colombia","Attack","Centre-Forward",179,30000000,"first_team","cmuihq6jo007lh29e9jpaabxs","Sporting CP","","",""
"cmuihw1dm09gisexpdjzsg1cx","Maxi Araújo","","572675","2000-02-14","Uruguay","Defender","Left-Back",176,35000000,"first_team","cmuihq6jo007lh29e9jpaabxs","Sporting CP","","",""
"cmuo5f0zq000i13o5yl70r0gr","Moncef Zekri","","1263687","2008-09-20","Morocco; Belgium","Left-Back","Left-Back",,4000000,"first_team","cmuihq6jo007lh29e9jpaabxs","Sporting CP","","",""
"cmuihw43d0bzdsexp0knz5cwt","Nestory Irankunda","","956920","2006-02-08","Australia","Attack","Right Winger",175,8000000,"first_team","cmuihq6jo007lh29e9jpaabxs","Sporting CP","","",""
"cmuihvyqy0684sexpfiraqmyq","Nuno Santos","","290391","1995-02-12","Portugal","Defender","Left-Back",177,3000000,"first_team","cmuihq6jo007lh29e9jpaabxs","Sporting CP","","",""
"cmuihw3ee0b6isexpk8deu78t","Pedro Lima","","816135","2003-03-26","Brazil","Midfield","Central Midfield",184,3000000,"first_team","cmuihq6jo007lh29e9jpaabxs","Sporting CP","","",""
"cmuihw4400cg8sexprdxmvah1","Rafael Nel","","1057523","2005-04-02","Portugal","Attack","Centre-Forward",182,4000000,"first_team","cmuihq6jo007lh29e9jpaabxs","Sporting CP","","",""
"cmuihw44a0cmusexpnmg3jqr7","Rodrigo Dias","","1086722","2005-07-11","Portugal","Defender","Right-Back",179,0,"first_team","cmuihq6jo007lh29e9jpaabxs","Sporting CP","","",""
"cmuihw24109qtsexpj45rqpj7","Rodrigo Zalazar","","606752","1999-08-11","Uruguay","Midfield","Attacking Midfield",175,30000000,"first_team","cmuihq6jo007lh29e9jpaabxs","Sporting CP","","",""
"cmuihvy6505azsexpmxju78hj","Rui Silva","","234811","1994-02-06","Portugal","Goalkeeper","Goalkeeper",191,7000000,"first_team","cmuihq6jo007lh29e9jpaabxs","Sporting CP","","",""
"cmuihw4ru0d3nsexp57y0kq1f","Salvador Blopa","","1294105","2007-06-12","Portugal","Defender","Right-Back",188,2500000,"first_team","cmuihq6jo007lh29e9jpaabxs","Sporting CP","","",""
"cmuihw0jp08h5sexp3bxvky53","Sergi Altimira","","466801","2001-08-24","Spain","Midfield","Central Midfield",188,20000000,"first_team","cmuihq6jo007lh29e9jpaabxs","Sporting CP","","",""
"cmuo5f14r000k13o55mo3e771","Silas Andersen","","685657","2004-06-13","Denmark","Defensive Midfield","Defensive Midfield",,7000000,"first_team","cmuihq6jo007lh29e9jpaabxs","Sporting CP","","",""
"cmuihw0k208mfsexpphxob762","Sotiris Alexandropoulos","","481688","2001-11-25","Greece","Midfield","Central Midfield",185,1200000,"first_team","cmuihq6jo007lh29e9jpaabxs","Sporting CP","","",""
"cmuihw1d1097zsexpeui9e44s","Zeno Debast","","548193","2003-10-23","Belgium","Defender","Centre-Back",191,28000000,"first_team","cmuihq6jo007lh29e9jpaabxs","Sporting CP","","",""
"cmuihvzbm07bcsexppcfktlo7","Mamadou Loum","","364237","1996-12-29","Senegal","Midfield","Defensive Midfield",188,800000,"first_team","cmuihq2u3005lh29e5gxn4nx5","Sporting Gijón","","",""
"cmuihvzvz07jisexprqkjhywq","Alessandro Buongiorno","","386446","1999-06-05","Italy","Defender","Centre-Back",190,30000000,"first_team","cmuihqcp500axh29eqi1p52xi","SSC Napoli","","",""
"cmuihvy6d05fqsexpmrl4hgxx","Alex Meret","","240414","1997-03-21","Italy","Goalkeeper","Goalkeeper",190,8000000,"first_team","cmuihqcp500axh29eqi1p52xi","SSC Napoli","","",""
"cmuihw3ei0b9lsexp0kri864h","Alisson Santos","","830365","2002-09-26","Brazil","Attack","Left Winger",177,28000000,"first_team","cmuihqcp500axh29eqi1p52xi","SSC Napoli","","",""
"cmuihvy6q05q4sexp4r8oeu0d","Amir Rrahmani","","257732","1994-02-23","Kosovo","Defender","Centre-Back",192,10000000,"first_team","cmuihqcp500axh29eqi1p52xi","SSC Napoli","","",""
"cmuihw2pl0ajrsexpmuc7r0vv","Antonio Vergara","","703245","2003-01-15","Italy","Midfield","Attacking Midfield",182,15000000,"first_team","cmuihqcp500axh29eqi1p52xi","SSC Napoli","","",""
"cmuihw0jn08fusexpncuohc1c","Benoît Badiashile","","463603","2001-03-25","France","Defender","Centre-Back",194,15000000,"first_team","cmuihqcp500axh29eqi1p52xi","SSC Napoli","","",""
"cmuihvzwu082jsexpy7exejch","Billy Gilmour","","423744","2001-06-10","Scotland","Midfield","Defensive Midfield",170,20000000,"first_team","cmuihqcp500axh29eqi1p52xi","SSC Napoli","","",""
"cmuo548q6000obpsm7lbgm3kp","Claudio Pugliese","","1270926","2008-04-15","Italy","Goalkeeper","Goalkeeper",,100000,"first_team","cmuihqcp500axh29eqi1p52xi","SSC Napoli","","",""
"cmuihw3eg0b7zsexppzuphjp7","Costantino Favasuli","","820635","2004-04-25","Italy","Midfield","Left Midfield",,200000,"first_team","cmuihqcp500axh29eqi1p52xi","SSC Napoli","","",""
"cmuihw0js08idsexpzppl8v0i","David Neres","","469822","1997-03-02","Brazil","Attack","Right Winger",176,23000000,"first_team","cmuihqcp500axh29eqi1p52xi","SSC Napoli","","",""
"cmuihvzbg0767sexph5px5twv","Frank Anguissa","","354361","1995-11-15","Cameroon","Midfield","Central Midfield",184,15000000,"first_team","cmuihqcp500axh29eqi1p52xi","SSC Napoli","","",""
"cmuihw43q0c87sexp7nukqh0q","Giovane","","1005165","2003-11-23","Brazil","Attack","Centre-Forward",184,12000000,"first_team","cmuihqcp500axh29eqi1p52xi","SSC Napoli","","",""
"cmuihvxfk04aasexpln6v1x5q","Giovanni Di Lorenzo","","169880","1993-08-03","Italy","Defender","Right-Back",183,7500000,"first_team","cmuihqcp500axh29eqi1p52xi","SSC Napoli","","",""
"cmuihvvvt0312sexp2llyqtcq","Kevin De Bruyne","","88755","1991-06-27","Belgium","Midfield","Attacking Midfield",181,8000000,"first_team","cmuihqcp500axh29eqi1p52xi","SSC Napoli","","",""
"cmuihvvyi03f5sexpf4of59sm","Leonardo Spinazzola","","118689","1993-03-24","Italy","Defender","Left-Back",186,3500000,"first_team","cmuihqcp500axh29eqi1p52xi","SSC Napoli","","",""
"cmuihw1dm09gesexplv12iipw","Lorenzo Lucca","","572265","2000-09-09","Italy","Attack","Centre-Forward",201,20000000,"first_team","cmuihqcp500axh29eqi1p52xi","SSC Napoli","","",""
"cmuihw2qf0b5lsexp5qyvj3pq","Luca Marianucci","","814446","2004-07-22","Italy","Defender","Centre-Back",186,7000000,"first_team","cmuihqcp500axh29eqi1p52xi","SSC Napoli","","",""
"cmuihvzvu07fvsexpypo8pgir","Mathías Olivera","","376514","1997-10-30","Uruguay","Defender","Left-Back",185,15000000,"first_team","cmuihqcp500axh29eqi1p52xi","SSC Napoli","","",""
"cmuihvwsc047zsexpmzcrjcy6","Matteo Politano","","165895","1993-08-02","Italy","Attack","Right Winger",171,5000000,"first_team","cmuihqcp500axh29eqi1p52xi","SSC Napoli","","",""
"cmuihvy6j05m3sexpbuv3baig","Nikita Contini","","250683","1996-05-20","Italy","Goalkeeper","Goalkeeper",190,400000,"first_team","cmuihqcp500axh29eqi1p52xi","SSC Napoli","","",""
"cmuihvzb006v3sexpewt1vdfo","Noa Lang","","339332","1999-06-16","Netherlands","Attack","Left Winger",176,22000000,"first_team","cmuihqcp500axh29eqi1p52xi","SSC Napoli","","",""
"cmuihw24n0a8zsexpp2lz1sxq","Rafa Marín","","662261","2002-05-18","Spain","Defender","Centre-Back",191,12000000,"first_team","cmuihqcp500axh29eqi1p52xi","SSC Napoli","","",""
"cmuihw24209rysexpnidcwq64","Rasmus Højlund","","610442","2003-02-03","Denmark","Attack","Centre-Forward",191,60000000,"first_team","cmuihqcp500axh29eqi1p52xi","SSC Napoli","","",""
"cmuihw0iu0862sexphqn47mlt","Sam Beukema","","433984","1998-11-16","Netherlands","Defender","Centre-Back",188,22000000,"first_team","cmuihqcp500axh29eqi1p52xi","SSC Napoli","","",""
"cmuihvyrc06jrsexp00u37uie","Scott McTominay","","315969","1996-12-07","Scotland","Midfield","Central Midfield",193,40000000,"first_team","cmuihqcp500axh29eqi1p52xi","SSC Napoli","","",""
"cmuihvxg304nrsexp4go4rc9x","Stanislav Lobotka","","192735","1994-11-24","Slovakia","Midfield","Defensive Midfield",168,10000000,"first_team","cmuihqcp500axh29eqi1p52xi","SSC Napoli","","",""
"cmuihvy6p05pusexp0h7vzfea","Vanja Milinković-Savić","","257474","1997-02-19","Serbia","Goalkeeper","Goalkeeper",202,20000000,"first_team","cmuihqcp500axh29eqi1p52xi","SSC Napoli","","",""
"cmuihw2qc0b3gsexppk2rl5t9","Bradley Locko","","805908","2002-05-05","France","Defender","Left-Back",180,6000000,"first_team","cmuihq8e9008lh29ed3170t61","Stade Brestois 29","","",""
"cmuihvy6j05m5sexproi88h0o","Brendan Chardonnet","","250779","1994-12-21","France","Defender","Centre-Back",181,4000000,"first_team","cmuihq8e9008lh29ed3170t61","Stade Brestois 29","","",""
"cmuihw4rk0czlsexpyjvc5t7a","Djylian N'Guessan","","1200419","2008-08-29","France","Attack","Centre-Forward",180,2000000,"first_team","cmuihq8e9008lh29ed3170t61","Stade Brestois 29","","",""
"cmuihvzvw07hlsexp45dsjw1l","Egil Selvik","","380744","1997-07-29","Norway","Goalkeeper","Goalkeeper",193,1500000,"first_team","cmuihq8e9008lh29ed3170t61","Stade Brestois 29","","",""
"cmuihvy6j05lksexpgt58jqyc","Gautier Lloris","","249636","1995-07-17","France","Defender","Centre-Back",191,3000000,"first_team","cmuihq8e9008lh29ed3170t61","Stade Brestois 29","","",""
"cmuihw3f20bovsexp00adsgam","Giovani Versini","","922685","2004-03-17","France","Attack","Right Winger",,100000,"first_team","cmuihq8e9008lh29ed3170t61","Stade Brestois 29","","",""
"cmuihw0ju08jqsexp1143z1gr","Hugo Magnetti","","474662","1998-05-29","France","Midfield","Central Midfield",180,6000000,"first_team","cmuihq8e9008lh29ed3170t61","Stade Brestois 29","","",""
"cmuihw24809wvsexppltek2u0","Joris Chotard","","624037","2001-09-23","France","Midfield","Defensive Midfield",179,7000000,"first_team","cmuihq8e9008lh29ed3170t61","Stade Brestois 29","","",""
"cmuo57q06003jti9k0az10muy","Joseph Nonge","","748807","2005-05-15","Belgium; DR Congo","Central Midfield","Central Midfield",,2000000,"first_team","cmuihq8e9008lh29ed3170t61","Stade Brestois 29","","",""
"cmuihw43u0cbjsexp84a264b5","Justin Bourgault","","1030153","2005-09-13","France","Defender","Left-Back",185,600000,"first_team","cmuihq8e9008lh29ed3170t61","Stade Brestois 29","","",""
"cmuihw24r0acdsexpavwlc3vs","Kamory Doumbia","","671594","2003-02-17","Mali","Midfield","Attacking Midfield",170,9000000,"first_team","cmuihq8e9008lh29ed3170t61","Stade Brestois 29","","",""
"cmuihvxfn04ctsexpca4oatyt","Kenny Lala","","174196","1991-10-02","France","Defender","Right-Back",178,1500000,"first_team","cmuihq8e9008lh29ed3170t61","Stade Brestois 29","","",""
"cmuihvzbf075xsexpfsuirzfu","Lucas Tousart","","353948","1997-04-28","France","Midfield","Central Midfield",184,2000000,"first_team","cmuihq8e9008lh29ed3170t61","Stade Brestois 29","","",""
"cmuihw4r50cthsexpy52df16k","Luck Zogbé","","1144999","2005-03-23","Cote d'Ivoire","Defender","Right-Back",178,1200000,"first_team","cmuihq8e9008lh29ed3170t61","Stade Brestois 29","","",""
"cmuihvyqs0637sexppf97gmba","Ludovic Ajorque","","283994","1994-02-24","France","Attack","Centre-Forward",196,3000000,"first_team","cmuihq8e9008lh29ed3170t61","Stade Brestois 29","","",""
"cmuihvzap06npsexpr7bns1ff","Mama Baldé","","325223","1995-11-05","Guinea-Bissau","Attack","Centre-Forward",176,3000000,"first_team","cmuihq8e9008lh29ed3170t61","Stade Brestois 29","","",""
"cmuo57pvj003hti9kkn8uolnf","Mamady Diambou","","671593","2002-11-11","Mali","Defensive Midfield","Defensive Midfield",,1500000,"first_team","cmuihq8e9008lh29ed3170t61","Stade Brestois 29","","",""
"cmuo57plv003dti9kj5aticnr","Mathieu Patouillet","","744934","2004-02-20","France","Goalkeeper","Goalkeeper",,600000,"first_team","cmuihq8e9008lh29ed3170t61","Stade Brestois 29","","",""
"cmuihw4480cl9sexp566xrf5y","Noah Edjouma","","1078326","2005-10-03","France","Attack","Right Winger",182,5000000,"first_team","cmuihq8e9008lh29ed3170t61","Stade Brestois 29","","",""
"cmuo57pqr003fti9ksqeo42ps","Noé Poillion","","1228465","2007-07-22","France","Goalkeeper","Goalkeeper",,0,"first_team","cmuihq8e9008lh29ed3170t61","Stade Brestois 29","","",""
"cmuihw43h0c2rsexpb9xrfbgm","Pathé Mboup","","979551","2003-10-18","Senegal","Attack","Left Winger",175,2500000,"first_team","cmuihq8e9008lh29ed3170t61","Stade Brestois 29","","",""
"cmuihw4rc0cvcsexpc7sx1yuy","Raphaël Le Guen","","1166473","2006-08-31","France","Defender","Centre-Back",198,800000,"first_team","cmuihq8e9008lh29ed3170t61","Stade Brestois 29","","",""
"cmuihvyql05x0sexpmshulx50","Romain Cagnon","","272619","1997-05-11","France","Goalkeeper","Goalkeeper",190,100000,"first_team","cmuihq8e9008lh29ed3170t61","Stade Brestois 29","","",""
"cmuihw43i0c30sexpgt4dd1ub","Amine Salama","","980576","2000-07-17","France","Attack","Centre-Forward",192,1000000,"first_team","cmuihpyvo003dh29e5d7h1ghc","Stade Reims","","",""
"cmuihw4r40csusexpxtcojvl9","Hiroki Sekine","","1137808","2002-08-10","Japan","Defender","Right-Back",187,1200000,"first_team","cmuihpyvo003dh29e5d7h1ghc","Stade Reims","","",""
"cmuihw3ej0baysexpjmyno2cj","John Patrick","","841121","2003-09-23","Ireland","Midfield","Central Midfield",192,800000,"first_team","cmuihpyvo003dh29e5d7h1ghc","Stade Reims","","",""
"cmuihvzbh076psexpzqlqkcr6","Jordan","","355369","1996-04-25","United States","Attack","Centre-Forward",191,1500000,"first_team","cmuihpyvo003dh29e5d7h1ghc","Stade Reims","","",""
"cmuihw4r00crdsexp9eo9g302","Malcolm Jeng","","1126894","2005-03-08","Sweden","Defender","Centre-Back",190,2000000,"first_team","cmuihpyvo003dh29e5d7h1ghc","Stade Reims","","",""
"cmuihvzwh07uvsexpquw49rfz","Reda Khadra","","405686","2001-07-03","Germany","Midfield","Attacking Midfield",175,1200000,"first_team","cmuihpyvo003dh29e5d7h1ghc","Stade Reims","","",""
"cmuihw4r20csfsexpfreed242","Abdelhamid Ait Boudlal","","1134251","2006-04-15","Morocco","Defender","Centre-Back",190,12000000,"first_team","cmuihq3s40065h29eahz6rosv","Stade Rennais FC","","",""
"cmuihvy5w052esexp6uuf8zxe","Adrien Thomasson","","215977","1993-12-09","France","Midfield","Central Midfield",175,4000000,"first_team","cmuihq3s40065h29eahz6rosv","Stade Rennais FC","","",""
"cmuihw2pg0afvsexpw8l01qc0","Anthony Rouault","","690799","2001-05-28","France","Defender","Centre-Back",186,12000000,"first_team","cmuihq3s40065h29eahz6rosv","Stade Rennais FC","","",""
"cmuihvzao06nfsexpgagfc5m3","Arnaud Nordin","","324811","1998-06-16","France","Attack","Right Winger",170,4000000,"first_team","cmuihq3s40065h29eahz6rosv","Stade Rennais FC","","",""
"cmuihw43h0c2hsexpy5rdmff7","Ayanda Sishuba","","977877","2005-02-01","Belgium","Midfield","Attacking Midfield",169,1000000,"first_team","cmuihq3s40065h29eahz6rosv","Stade Rennais FC","","",""
"cmuihw24909xmsexpi6k6pyvr","Boulaye Dia","","626913","1996-11-15","Senegal","Attack","Centre-Forward",180,5000000,"first_team","cmuihq3s40065h29eahz6rosv","Stade Rennais FC","","",""
"cmuihvxg204mlsexponpdqwzs","Brice Samba","","191056","1994-04-24","France","Goalkeeper","Goalkeeper",187,7000000,"first_team","cmuihq3s40065h29eahz6rosv","Stade Rennais FC","","",""
"cmuo574n50014ti9k5alfybbd","Bryan Reynolds","","475208","2001-06-28","United States","Right-Back","Right-Back",,0,"first_team","cmuihq3s40065h29eahz6rosv","Stade Rennais FC","","",""
"cmuihw23w09o5sexpb7dsomqz","Charlie Cresswell","","597659","2002-08-16","England","Defender","Centre-Back",190,25000000,"first_team","cmuihq3s40065h29eahz6rosv","Stade Rennais FC","","",""
"cmuihw3f70brxsexpmn670psb","Djaoui Cissé","","931160","2004-01-30","France","Midfield","Central Midfield",188,10000000,"first_team","cmuihq3s40065h29eahz6rosv","Stade Rennais FC","","",""
"cmuihw4rm0d0ysexppzr4rwbh","Elías Legendre Quiñónez","","1227106","2008-04-21","Ecuador","Attack","Right Winger",179,1500000,"first_team","cmuihq3s40065h29eahz6rosv","Stade Rennais FC","","",""
"cmuihw43g0c15sexpjzcvyrj0","Eliezer Mayenda","","967346","2005-05-07","Spain","Attack","Centre-Forward",183,16000000,"first_team","cmuihq3s40065h29eahz6rosv","Stade Rennais FC","","",""
"cmuihw0jk08eqsexp3nolw6ue","Estéban Lepaul","","461607","2000-04-17","France","Attack","Centre-Forward",181,35000000,"first_team","cmuihq3s40065h29eahz6rosv","Stade Rennais FC","","",""
"cmuihw4480clgsexpkqnkdimc","Gonçalo Oliveira","","1078918","2006-07-03","Portugal","Defender","Centre-Back",183,2000000,"first_team","cmuihq3s40065h29eahz6rosv","Stade Rennais FC","","",""
"cmuihw4rc0cvnsexpm7plhj9s","Henrick Do Marcolino","","1170001","2006-03-20","France","Midfield","Attacking Midfield",,300000,"first_team","cmuihq3s40065h29eahz6rosv","Stade Rennais FC","","",""
"cmuihw1dh09f1sexpjwjtpws6","Issa Soumaré","","568698","2000-10-09","Senegal","Attack","Left Winger",184,8000000,"first_team","cmuihq3s40065h29eahz6rosv","Stade Rennais FC","","",""
"cmuihw4rc0cvmsexpppvhh8i7","Kilian Belazzoug","","1169721","2006-07-17","Algeria","Goalkeeper","Goalkeeper",198,0,"first_team","cmuihq3s40065h29eahz6rosv","Stade Rennais FC","","",""
"cmuihvyqw066csexpuba7amrz","Ludovic Blas","","288225","1997-12-30","France","Midfield","Right Midfield",180,10000000,"first_team","cmuihq3s40065h29eahz6rosv","Stade Rennais FC","","",""
"cmuihw4re0cwksexpcp6a8q5t","Mahamadou Nagida","","1176345","2005-06-27","Cameroon","Defender","Left-Back",176,7000000,"first_team","cmuihq3s40065h29eahz6rosv","Stade Rennais FC","","",""
"cmuihvzao06nasexp613nvsek","Mahdi Camara","","324795","1998-06-29","France","Midfield","Central Midfield",176,12000000,"first_team","cmuihq3s40065h29eahz6rosv","Stade Rennais FC","","",""
"cmuihw1d50994sexplbc6jsc0","Mousa Tamari","","551505","1997-06-09","Jordan","Attack","Right Winger",176,10000000,"first_team","cmuihq3s40065h29eahz6rosv","Stade Rennais FC","","",""
"cmuihvzvt07evsexpl5incxx2","Nicolas Lemaître","","373939","1997-01-11","France","Goalkeeper","Goalkeeper",189,700000,"first_team","cmuihq3s40065h29eahz6rosv","Stade Rennais FC","","",""
"cmuihvy6b05elsexp09fth116","Przemyslaw Frankowski","","239743","1995-04-11","Poland","Defender","Right-Back",175,6000000,"first_team","cmuihq3s40065h29eahz6rosv","Stade Rennais FC","","",""
"cmuihw1d909b4sexp2c27ezun","Quentin Merlin","","557613","2002-05-15","France","Defender","Left-Back",174,15000000,"first_team","cmuihq3s40065h29eahz6rosv","Stade Rennais FC","","",""
"cmuihvzam06lhsexpwol6o9hd","Sebastian Szymanski","","320748","1999-05-09","Poland","Midfield","Attacking Midfield",174,12000000,"first_team","cmuihq3s40065h29eahz6rosv","Stade Rennais FC","","",""
"cmuihvzar06q7sexpf597rib7","Valentin Rongier","","332889","1994-12-06","France","Midfield","Central Midfield",173,8000000,"first_team","cmuihq3s40065h29eahz6rosv","Stade Rennais FC","","",""
"cmuihw2pv0ar8sexpa5quq4xn","Bosun Lawal","","724540","2003-05-29","Ireland","Defender","Centre-Back",190,3000000,"first_team","cmuihqbom00abh29eeqdmk8ig","Stoke City","","",""
"cmuihw3f00bmnsexpdt4rruou","Jun-ho Bae","","912081","2003-08-20","Korea, South","Midfield","Attacking Midfield",180,4000000,"first_team","cmuihqbom00abh29eeqdmk8ig","Stoke City","","",""
"cmuihw24p0ab4sexpruvabdkc","Maksym Taloverov","","668557","2000-06-27","Ukraine","Defender","Centre-Back",196,2000000,"first_team","cmuihqbom00abh29eeqdmk8ig","Stoke City","","",""
"cmuihw2pl0ajwsexpls1ci9x9","Milan Smit","","703772","2003-02-12","Netherlands","Attack","Centre-Forward",190,2000000,"first_team","cmuihqbom00abh29eeqdmk8ig","Stoke City","","",""
"cmuihw0jb08bisexpizbaq98z","Róbert Boženík","","454576","1999-11-17","Slovakia","Attack","Centre-Forward",188,2500000,"first_team","cmuihqbom00abh29eeqdmk8ig","Stoke City","","",""
"cmuihvyqn05y8sexp9ze9hfmc","Viktor Johansson","","273742","1998-09-13","Sweden","Goalkeeper","Goalkeeper",187,12000000,"first_team","cmuihqbom00abh29eeqdmk8ig","Stoke City","","",""
"cmuihw24j0a63sexpu4gtjbyx","Abdoullah Ba","","654412","2003-07-30","France","Midfield","Right Midfield",180,1500000,"first_team","cmuihq47i006bh29e3kejf8oh","Sunderland AFC","","",""
"cmuihw0k808rnsexpmq22pee2","Aji Alese","","502065","2001-01-16","England","Defender","Centre-Back",192,1200000,"first_team","cmuihq47i006bh29e3kejf8oh","Sunderland AFC","","",""
"cmuo4neu5001dy9howgaemcku","Alan Browne","","277697","1995-04-15","Ireland","Central Midfield","Central Midfield",,2000000,"first_team","cmuihq47i006bh29e3kejf8oh","Sunderland AFC","","",""
"cmuihw0ju08jksexpm1bu2toe","Brian Brobbey","","473169","2002-01-31","Netherlands","Attack","Centre-Forward",181,30000000,"first_team","cmuihq47i006bh29e3kejf8oh","Sunderland AFC","","",""
"cmuihw2q00av9sexpqcqsi5xx","Chemsdine Talbi","","743384","2005-05-08","Morocco","Attack","Right Winger",175,25000000,"first_team","cmuihq47i006bh29e3kejf8oh","Sunderland AFC","","",""
"cmuihw3fe0bxdsexpm7ghd7fc","Chris Rigg","","947411","2007-06-17","England","Midfield","Attacking Midfield",177,25000000,"first_team","cmuihq47i006bh29e3kejf8oh","Sunderland AFC","","",""
"cmuihw0k908sfsexpbuvp0486","Dan Ballard","","503686","1999-09-21","Northern Ireland","Defender","Centre-Back",187,20000000,"first_team","cmuihq47i006bh29e3kejf8oh","Sunderland AFC","","",""
"cmuihw4ri0cyvsexpheoha5q5","Dayann Methalie","","1191444","2006-02-14","France","Defender","Left-Back",188,18000000,"first_team","cmuihq47i006bh29e3kejf8oh","Sunderland AFC","","",""
"cmuihw24d0a0msexpwogtal30","Enzo Le Fée","","633992","2000-02-02","France","Midfield","Central Midfield",173,28000000,"first_team","cmuihq47i006bh29e3kejf8oh","Sunderland AFC","","",""
"cmuihvvyd03cosexprfltj46g","Granit Xhaka","","111455","1992-09-26","Switzerland","Midfield","Defensive Midfield",183,8000000,"first_team","cmuihq47i006bh29e3kejf8oh","Sunderland AFC","","",""
"cmuihw3es0bgnsexpvy2du58u","Habib Diarra","","876631","2004-01-02","Senegal","Midfield","Central Midfield",178,35000000,"first_team","cmuihq47i006bh29e3kejf8oh","Sunderland AFC","","",""
"cmuihw4rw0d57sexp7wx2eela","Jocelin Ta Bi","","1322090","2005-02-08","Cote d'Ivoire","Attack","Right Winger",175,2500000,"first_team","cmuihq47i006bh29e3kejf8oh","Sunderland AFC","","",""
"cmuo4nep5001by9hoplihkq68","Jules Ahoka","","1401779","2006-05-08","DR Congo","Defensive Midfield","Defensive Midfield",,300000,"first_team","cmuihq47i006bh29e3kejf8oh","Sunderland AFC","","",""
"cmuihvyqf05t9sexp63jcfzz0","Kevin Danso","","263236","1998-09-18","Austria","Defender","Centre-Back",190,20000000,"first_team","cmuihq47i006bh29e3kejf8oh","Sunderland AFC","","",""
"cmuihvyqs062jsexpvgejbzzg","Luke O'Nien","","282939","1994-11-20","England","Defender","Centre-Back",174,700000,"first_team","cmuihq47i006bh29e3kejf8oh","Sunderland AFC","","",""
"cmuihw2q00avasexpsu0jz5ar","Malick Fofana","","743386","2005-03-30","Belgium","Attack","Left Winger",169,30000000,"first_team","cmuihq47i006bh29e3kejf8oh","Sunderland AFC","","",""
"cmuihw24009q1sexpq2dn00ap","Melker Ellborg","","605426","2003-05-21","Sweden","Goalkeeper","Goalkeeper",191,3000000,"first_team","cmuihq47i006bh29e3kejf8oh","Sunderland AFC","","",""
"cmuo4neyz001fy9hocbkgief2","Nilson Angulo","","903611","2003-06-19","Ecuador","Left Winger","Left Winger",,17000000,"first_team","cmuihq47i006bh29e3kejf8oh","Sunderland AFC","","",""
"cmuihw2pw0artsexpzpw4nq06","Noah Sadiki","","727089","2004-12-16","DR Congo","Midfield","Central Midfield",165,35000000,"first_team","cmuihq47i006bh29e3kejf8oh","Sunderland AFC","","",""
"cmuihvzba072jsexph7u2jmks","Nordi Mukiele","","348026","1997-10-31","France","Defender","Right-Back",187,16000000,"first_team","cmuihq47i006bh29e3kejf8oh","Sunderland AFC","","",""
"cmuihvzbc0751sexp9agvgdjl","Omar Alderete","","353032","1996-12-25","Paraguay","Defender","Centre-Back",190,13000000,"first_team","cmuihq47i006bh29e3kejf8oh","Sunderland AFC","","",""
"cmuihvy6d05fwsexps6ao0kmp","Reinildo Mandava","","240692","1994-01-20","Mozambique","Defender","Left-Back",180,4000000,"first_team","cmuihq47i006bh29e3kejf8oh","Sunderland AFC","","",""
"cmuihw24h0a47sexpjgt2lrv5","Robin Roefs","","646991","2003-01-16","Netherlands","Goalkeeper","Goalkeeper",193,28000000,"first_team","cmuihq47i006bh29e3kejf8oh","Sunderland AFC","","",""
"cmuihw2pi0ah9sexptdrfxlps","Romaine Mundle","","696181","2003-04-23","England","Attack","Left Winger",172,7000000,"first_team","cmuihq47i006bh29e3kejf8oh","Sunderland AFC","","",""
"cmuihvwrd03iisexpfspdz0bc","Simon Moore","","123536","1990-05-18","England","Goalkeeper","Goalkeeper",191,75000,"first_team","cmuihq47i006bh29e3kejf8oh","Sunderland AFC","","",""
"cmuihvvwa037psexp6r03oyv9","Thomas Meunier","","100986","1991-09-11","Belgium","Defender","Right-Back",190,1500000,"first_team","cmuihq47i006bh29e3kejf8oh","Sunderland AFC","","",""
"cmuihw1bg08wasexpruz4yqic","Trai Hume","","515544","2002-03-17","Northern Ireland","Defender","Right-Back",180,22000000,"first_team","cmuihq47i006bh29e3kejf8oh","Sunderland AFC","","",""
"cmuihw0k608pwsexp0msn3d4j","Wilson Isidor","","494237","2000-08-26","Haiti","Attack","Centre-Forward",184,18000000,"first_team","cmuihq47i006bh29e3kejf8oh","Sunderland AFC","","",""
"cmuihvxgi04yhsexp0qwv6l6u","Amara Condé","","207580","1997-01-05","Guinea","Midfield","Defensive Midfield",173,800000,"first_team","cmundu7yx0005zjoeub3xwq73","SV 07 Elversberg","","",""
"cmuihw3er0bfcsexp43hdueal","Cole Campbell","","866579","2006-02-19","United States","Attack","Right Winger",170,5000000,"first_team","cmundu7yx0005zjoeub3xwq73","SV 07 Elversberg","","",""
"cmuihw43h0c23sexpecc6lkbv","David Mokwa","","974894","2004-05-02","France","Attack","Centre-Forward",180,1000000,"first_team","cmundu7yx0005zjoeub3xwq73","SV 07 Elversberg","","",""
"cmuo5b0un0044itgyq7iqu40r","Elias Etringer","","1159486","2007-11-24","Germany","Goalkeeper","Goalkeeper",,0,"first_team","cmundu7yx0005zjoeub3xwq73","SV 07 Elversberg","","",""
"cmuo5b2k5004kitgyjzt4yc5r","Felix Keidel","","815322","2003-06-14","Germany","Defensive Midfield","Defensive Midfield",,1200000,"first_team","cmundu7yx0005zjoeub3xwq73","SV 07 Elversberg","","",""
"cmuo5b1ol004citgycvlkif8a","Florian Le Joncour","","352332","1995-02-03","France","Centre-Back","Centre-Back",,500000,"first_team","cmundu7yx0005zjoeub3xwq73","SV 07 Elversberg","","",""
"cmuihw3f70brisexpo2dvgcg2","Francis Onyeka","","929943","2007-04-28","Germany","Midfield","Attacking Midfield",186,6000000,"first_team","cmundu7yx0005zjoeub3xwq73","SV 07 Elversberg","","",""
"cmuo5b0px0042itgyr0vt15dx","Frank Lehmann","","44536","1989-04-29","Germany","Goalkeeper","Goalkeeper",,100000,"first_team","cmundu7yx0005zjoeub3xwq73","SV 07 Elversberg","","",""
"cmuo5b2ov004mitgy0imope51","Frederik Schmahl","","604756","2002-12-21","Germany","Central Midfield","Central Midfield",,750000,"first_team","cmundu7yx0005zjoeub3xwq73","SV 07 Elversberg","","",""
"cmuo5b2fg004iitgywxg553u1","Jan Gyamerah","","192840","1995-06-18","Ghana; Germany","Right-Back","Right-Back",,700000,"first_team","cmundu7yx0005zjoeub3xwq73","SV 07 Elversberg","","",""
"cmuihw1bj08xzsexpp219xjti","Lasse Günther","","522245","2003-03-20","Germany","Defender","Left-Back",183,800000,"first_team","cmundu7yx0005zjoeub3xwq73","SV 07 Elversberg","","",""
"cmuihvy64059ysexp5593ylv9","Luca Pfeiffer","","232463","1996-08-19","Germany","Attack","Centre-Forward",196,1200000,"first_team","cmundu7yx0005zjoeub3xwq73","SV 07 Elversberg","","",""
"cmuo5b3gy004uitgyemxbs522","Luca Schnellbacher","","229991","1994-05-06","Germany","Centre-Forward","Centre-Forward",,500000,"first_team","cmundu7yx0005zjoeub3xwq73","SV 07 Elversberg","","",""
"cmuo5b1d80048itgyr156vz6c","Luca Sirch","","521928","1999-06-14","Germany","Centre-Back","Centre-Back",,2200000,"first_team","cmundu7yx0005zjoeub3xwq73","SV 07 Elversberg","","",""
"cmuo5b1xj004eitgyl47lt61p","Luis Seifert","","806007","2004-01-26","Germany","Centre-Back","Centre-Back",,200000,"first_team","cmundu7yx0005zjoeub3xwq73","SV 07 Elversberg","","",""
"cmuo5b31u004qitgysm9a4hsr","Lukas Petkov","","401639","2000-11-01","Bulgaria; Germany","Right Winger","Right Winger",,3000000,"first_team","cmundu7yx0005zjoeub3xwq73","SV 07 Elversberg","","",""
"cmuo5b13w0046itgyau04c82d","Lukas Pinckert","","448259","2000-01-22","Germany","Centre-Back","Centre-Back",,2500000,"first_team","cmundu7yx0005zjoeub3xwq73","SV 07 Elversberg","","",""
"cmuihw1bv0919sexppvou4jf9","Lukasz Poreba","","532169","2000-03-12","Poland","Midfield","Defensive Midfield",179,2000000,"first_team","cmundu7yx0005zjoeub3xwq73","SV 07 Elversberg","","",""
"cmuihw3eh0b99sexpzfdvjjxp","Maurice Krattenmacher","","829316","2005-08-10","Germany","Midfield","Attacking Midfield",180,3500000,"first_team","cmundu7yx0005zjoeub3xwq73","SV 07 Elversberg","","",""
"cmuo5b1i4004aitgya7kghpq5","Maximilian Rohr","","440386","1995-06-27","Germany","Centre-Back","Centre-Back",,800000,"first_team","cmundu7yx0005zjoeub3xwq73","SV 07 Elversberg","","",""
"cmuo5b26d004gitgymi8du0bn","Nicholas Mickelson","","430034","1999-07-24","Thailand; Norway","Left-Back","Left-Back",,1000000,"first_team","cmundu7yx0005zjoeub3xwq73","SV 07 Elversberg","","",""
"cmuo5b0c1003yitgysm5bpthi","Nicolas Kristof","","349465","1999-12-20","Austria; Germany","Goalkeeper","Goalkeeper",,2500000,"first_team","cmundu7yx0005zjoeub3xwq73","SV 07 Elversberg","","",""
"cmuihw3ew0bkasexpnp70feoy","Noah Darvich","","897480","2006-09-24","Germany","Midfield","Attacking Midfield",184,4000000,"first_team","cmundu7yx0005zjoeub3xwq73","SV 07 Elversberg","","",""
"cmuihw24t0addsexptlmen3mk","Noel Futkeu","","675535","2002-12-05","Germany","Attack","Centre-Forward",183,400000,"first_team","cmundu7yx0005zjoeub3xwq73","SV 07 Elversberg","","",""
"cmuo5b3c4004sitgy7f8ssje4","Raif Adam","","910538","2005-09-07","Germany","Right Winger","Right Winger",,500000,"first_team","cmundu7yx0005zjoeub3xwq73","SV 07 Elversberg","","",""
"cmuo5b0l70040itgyokzmcw5k","Tim Boss","","85534","1993-06-28","Germany","Goalkeeper","Goalkeeper",,200000,"first_team","cmundu7yx0005zjoeub3xwq73","SV 07 Elversberg","","",""
"cmuo5b2x2004oitgyhmw651sp","Tom Zimmerschied","","337097","1998-09-22","Germany","Left Winger","Left Winger",,1500000,"first_team","cmundu7yx0005zjoeub3xwq73","SV 07 Elversberg","","",""
"cmuihvzba0732sexp3dirabld","Fabian Nürnberger","","349433","1999-07-27","Bulgaria","Midfield","Left Midfield",181,2500000,"first_team","cmuihnvft000zb23fya2aotkq","SV Darmstadt 98","","",""
"cmuo5arjf0035itgyvnq1b55t","Alexander Schlager","","186374","1996-02-01","Austria","Goalkeeper","Goalkeeper",,2000000,"first_team","cmuihqfqk00cnh29e7bfyem85","SV Werder Bremen","","",""
"cmuihvzat06qysexpgbobm9lv","Amos Pieper","","334221","1998-01-16","Germany","Defender","Centre-Back",192,4000000,"first_team","cmuihqfqk00cnh29e7bfyem85","SV Werder Bremen","","",""
"cmuihw43h0c2fsexp3014xy4l","Arthur","","977464","2003-03-16","Brazil","Defender","Right-Back",174,8000000,"first_team","cmuihqfqk00cnh29e7bfyem85","SV Werder Bremen","","",""
"cmuihvy6g05iusexpygo8njq5","Cedric Itten","","243856","1996-12-26","Switzerland","Attack","Centre-Forward",190,1800000,"first_team","cmuihqfqk00cnh29e7bfyem85","SV Werder Bremen","","",""
"cmuihw3f40bq1sexp2hno10im","Chuki","","926763","2004-04-28","Spain","Midfield","Attacking Midfield",176,4000000,"first_team","cmuihqfqk00cnh29e7bfyem85","SV Werder Bremen","","",""
"cmuo5as7k003bitgyip8tovr3","Dariusz Stalmach","","826795","2005-12-08","Poland","Defensive Midfield","Defensive Midfield",,1500000,"first_team","cmuihqfqk00cnh29e7bfyem85","SV Werder Bremen","","",""
"cmuo5ashd003fitgys6qk86gx","Darwin Soylu","","1071244","2007-03-23","Türkiye; Germany","Attacking Midfield","Attacking Midfield",,0,"first_team","cmuihqfqk00cnh29e7bfyem85","SV Werder Bremen","","",""
"cmuihw24g0a3gsexpt52273sh","Eren Dinkçi","","645774","2001-12-12","Türkiye","Attack","Right Winger",188,6000000,"first_team","cmuihqfqk00cnh29e7bfyem85","SV Werder Bremen","","",""
"cmuihvzw507ohsexpmj5ah5xz","Felix Agu","","393512","1999-09-26","Nigeria","Defender","Left-Back",180,4500000,"first_team","cmuihqfqk00cnh29e7bfyem85","SV Werder Bremen","","",""
"cmuihvyqx067psexp3p9ziity","Jens Stage","","289835","1996-11-07","Denmark","Midfield","Central Midfield",187,14000000,"first_team","cmuihqfqk00cnh29e7bfyem85","SV Werder Bremen","","",""
"cmuihw23v09nhsexpisvce5xf","Justin Njinmah","","596153","2000-11-14","Germany","Attack","Right Winger",185,5000000,"first_team","cmuihqfqk00cnh29e7bfyem85","SV Werder Bremen","","",""
"cmuihw0k608prsexpa9blbqws","Karl Hein","","493513","2002-04-12","Estonia","Goalkeeper","Goalkeeper",193,3000000,"first_team","cmuihqfqk00cnh29e7bfyem85","SV Werder Bremen","","",""
"cmuihw2pk0aj7sexpgti8qspq","Keke Topp","","701757","2004-03-24","Germany","Attack","Centre-Forward",192,3000000,"first_team","cmuihqfqk00cnh29e7bfyem85","SV Werder Bremen","","",""
"cmuihw4re0cwysexpza3j7qxq","Kenny Quetant","","1178695","2006-07-16","France","Attack","Centre-Forward",189,3000000,"first_team","cmuihqfqk00cnh29e7bfyem85","SV Werder Bremen","","",""
"cmuo5ascf003ditgykzki7obd","Ludovit Reis","","490884","2000-06-01","Netherlands; Slovakia","Central Midfield","Central Midfield",,3000000,"first_team","cmuihqfqk00cnh29e7bfyem85","SV Werder Bremen","","",""
"cmuihvws20419sexpcnz33j2z","Marco Friedl","","156990","1998-03-15","Austria","Defender","Centre-Back",187,10000000,"first_team","cmuihqfqk00cnh29e7bfyem85","SV Werder Bremen","","",""
"cmuihvzw207mfsexpegtfod7b","Marco Grüll","","391766","1998-07-05","Austria","Attack","Left Winger",181,4000000,"first_team","cmuihqfqk00cnh29e7bfyem85","SV Werder Bremen","","",""
"cmuihvvw8036zsexp4f84owkn","Markus Kolke","","99451","1990-08-17","Germany","Goalkeeper","Goalkeeper",187,300000,"first_team","cmuihqfqk00cnh29e7bfyem85","SV Werder Bremen","","",""
"cmuihw43x0cdhsexp5znz0rmo","Mick Schmetgens","","1045986","2007-09-08","Germany","Defender","Centre-Back",190,700000,"first_team","cmuihqfqk00cnh29e7bfyem85","SV Werder Bremen","","",""
"cmuihvvyk03fqsexp8f8kf59q","Mitchell Weiser","","119211","1994-04-20","Germany","Defender","Right-Back",177,3000000,"first_team","cmuihqfqk00cnh29e7bfyem85","SV Werder Bremen","","",""
"cmuo5as0x0039itgywztcb3zr","Moussa Ndiaye","","649022","2002-06-18","Senegal","Left-Back","Left-Back",,4000000,"first_team","cmuihqfqk00cnh29e7bfyem85","SV Werder Bremen","","",""
"cmuihvvsu02qzsexp5ft4uluj","Niclas Füllkrug","","75489","1993-02-08","Germany","Attack","Centre-Forward",189,3500000,"first_team","cmuihqfqk00cnh29e7bfyem85","SV Werder Bremen","","",""
"cmuihvws6044wsexpbuiiv3z3","Niklas Stark","","162434","1995-04-13","Germany","Defender","Centre-Back",190,2500000,"first_team","cmuihqfqk00cnh29e7bfyem85","SV Werder Bremen","","",""
"cmuihw24709w7sexpj1488xoz","Olivier Deman","","621802","2000-04-05","Belgium","Defender","Left-Back",181,3500000,"first_team","cmuihqfqk00cnh29e7bfyem85","SV Werder Bremen","","",""
"cmuo5ars20037itgyjmqseest","Oskar Wójcik","","821350","2003-07-21","Poland","Centre-Back","Centre-Back",,5000000,"first_team","cmuihqfqk00cnh29e7bfyem85","SV Werder Bremen","","",""
"cmuo5asot003hitgyi7rf7s4a","Paul Erevbenagie","","1080555","2007-08-19","Germany","Right Winger","Right Winger",,125000,"first_team","cmuihqfqk00cnh29e7bfyem85","SV Werder Bremen","","",""
"cmuihw43w0ccpsexpxptq2b4p","Salim Musah","","1042472","2006-02-21","Germany","Attack","Centre-Forward",198,2000000,"first_team","cmuihqfqk00cnh29e7bfyem85","SV Werder Bremen","","",""
"cmuihvzb006uqsexpqyo8grdj","Senne Lynen","","338668","1999-02-18","Belgium","Midfield","Defensive Midfield",185,8000000,"first_team","cmuihqfqk00cnh29e7bfyem85","SV Werder Bremen","","",""
"cmuihw3en0bd1sexpc4u79wpg","Skelly Alvero","","855134","2002-05-03","France","Midfield","Defensive Midfield",202,2500000,"first_team","cmuihqfqk00cnh29e7bfyem85","SV Werder Bremen","","",""
"cmuihw43u0cb5sexpqe4s7poe","Stefan Smarkalev","","1025989","2007-05-13","Bulgaria","Goalkeeper","Goalkeeper",188,150000,"first_team","cmuihqfqk00cnh29e7bfyem85","SV Werder Bremen","","",""
"cmuihw1d909basexpn0xndq40","Youri Regeer","","559324","2003-08-17","Netherlands","Midfield","Defensive Midfield",177,5000000,"first_team","cmuihqfqk00cnh29e7bfyem85","SV Werder Bremen","","",""
"cmuihw0k708qmsexppao4dav7","Ben Cabango","","496659","2000-05-29","Wales","Defender","Centre-Back",186,9000000,"first_team","cmuihq1i0004vh29esvx8hsfu","Swansea City","","",""
"cmuihw2pp0aldsexpd99mvr95","Ji-sung Eom","","706968","2002-05-08","Korea, South","Attack","Left Winger",177,1800000,"first_team","cmuihq1i0004vh29esvx8hsfu","Swansea City","","",""
"cmuihvy6f05iisexp6k1vmxz7","Lawrence Vigouroux","","243591","1993-11-18","Chile","Goalkeeper","Goalkeeper",194,450000,"first_team","cmuihq1i0004vh29esvx8hsfu","Swansea City","","",""
"cmuihvyr506cgsexpbfsiv70b","Liam Cullen","","296978","1999-04-22","Wales","Midfield","Attacking Midfield",178,3200000,"first_team","cmuihq1i0004vh29esvx8hsfu","Swansea City","","",""
"cmuihvy6i05klsexpjpxi0zpl","Ricardo Santos","","247666","1995-06-17","Cape Verde","Defender","Centre-Back",198,0,"first_team","cmuihq1i0004vh29esvx8hsfu","Swansea City","","",""
"cmuihw0kc08ucsexpuvw4yi7u","Zan Vipotnik","","506942","2002-03-17","Slovenia","Attack","Centre-Forward",185,22000000,"first_team","cmuihq1i0004vh29esvx8hsfu","Swansea City","","",""
"cmuihw4rh0cyesexpimzp0jpc","Alessio Cacciamani","","1188619","2007-06-28","Italy","Attack","Left Winger",,0,"first_team","cmuihq9hw0099h29erttwt92h","Torino FC","","",""
"cmuo54fla001nbpsmy1vzkf9r","Andrea Luongo","","1191921","2008-02-16","Italy","Central Midfield","Central Midfield",,1000000,"first_team","cmuihq9hw0099h29erttwt92h","Torino FC","","",""
"cmuihw0j1086lsexplyme7j5v","Ardian Ismajli","","435228","1996-09-29","Albania","Defender","Centre-Back",187,5000000,"first_team","cmuihq9hw0099h29erttwt92h","Torino FC","","",""
"cmuihw24709wcsexp0ktisfmm","Cesare Casadei","","622380","2003-01-09","Italy","Midfield","Central Midfield",192,15000000,"first_team","cmuihq9hw0099h29erttwt92h","Torino FC","","",""
"cmuihvzb9071usexpb4wfayj9","Ché Adams","","346779","1996-07-12","Scotland","Attack","Centre-Forward",175,5000000,"first_team","cmuihq9hw0099h29erttwt92h","Torino FC","","",""
"cmuihvwre03jgsexpa5e319pr","Cristiano Biraghi","","124555","1992-08-31","Italy","Defender","Left-Back",185,900000,"first_team","cmuihq9hw0099h29erttwt92h","Torino FC","","",""
"cmuihw0jl08f9sexpivxj0jg5","Daniel Bragança","","461943","1999-05-26","Portugal","Midfield","Central Midfield",178,12000000,"first_team","cmuihq9hw0099h29erttwt92h","Torino FC","","",""
"cmuo54fen001jbpsmajmdrsu7","Diego Mascardi","","981998","2006-09-26","Italy","Goalkeeper","Goalkeeper",,1300000,"first_team","cmuihq9hw0099h29erttwt92h","Torino FC","","",""
"cmuihvvs602p3sexpjznv1c3s","Duván Zapata","","73794","1991-03-31","Colombia","Attack","Centre-Forward",188,2500000,"first_team","cmuihq9hw0099h29erttwt92h","Torino FC","","",""
"cmuihw2pz0av8sexpv709o6ks","Emirhan İlkhan","","743091","2004-05-31","Türkiye","Midfield","Central Midfield",175,6000000,"first_team","cmuihq9hw0099h29erttwt92h","Torino FC","","",""
"cmuihvyr606desexpbq99iq0m","Eray Cömert","","298583","1998-02-03","Switzerland","Defender","Centre-Back",183,2500000,"first_team","cmuihq9hw0099h29erttwt92h","Torino FC","","",""
"cmuihw0k608posexprutllcl0","Franco Israel","","492319","2000-04-21","Uruguay","Goalkeeper","Goalkeeper",190,2500000,"first_team","cmuihq9hw0099h29erttwt92h","Torino FC","","",""
"cmuihw24309t5sexpq8rrblwh","Gaetano Oristanio","","613393","2002-09-27","Italy","Midfield","Attacking Midfield",174,5000000,"first_team","cmuihq9hw0099h29erttwt92h","Torino FC","","",""
"cmuihvyqr061usexp8f9t27vw","Giovanni Simeone","","282388","1995-07-04","Argentina","Attack","Centre-Forward",180,7000000,"first_team","cmuihq9hw0099h29erttwt92h","Torino FC","","",""
"cmuihw2qa0b1wsexp8srjmwxe","Gvidas Gineitis","","798929","2004-04-14","Lithuania","Midfield","Central Midfield",191,5500000,"first_team","cmuihq9hw0099h29erttwt92h","Torino FC","","",""
"cmuihw1d909bgsexp6rwgjq3h","Kian Fitz-Jim","","559333","2003-07-04","Netherlands","Midfield","Central Midfield",174,3000000,"first_team","cmuihq9hw0099h29erttwt92h","Torino FC","","",""
"cmuihw3fc0bw9sexp45yuf11r","Lapo Siviero","","942103","2006-11-22","Italy","Goalkeeper","Goalkeeper",195,500000,"first_team","cmuihq9hw0099h29erttwt92h","Torino FC","","",""
"cmuihvzbc074jsexpoun6sog0","Lucas Perri","","352041","1997-12-09","Brazil","Goalkeeper","Goalkeeper",197,10000000,"first_team","cmuihq9hw0099h29erttwt92h","Torino FC","","",""
"cmuihvzwu082ksexpkmi7f97w","Nathan Patterson","","424015","2001-10-15","Scotland","Defender","Right-Back",183,10000000,"first_team","cmuihq9hw0099h29erttwt92h","Torino FC","","",""
"cmuihw43j0c46sexp9a98nl2p","Niccolò Fortini","","984964","2006-02-12","Italy","Defender","Left-Back",185,10000000,"first_team","cmuihq9hw0099h29erttwt92h","Torino FC","","",""
"cmuihvyr306azsexpro1gvoao","Nikola Vlašić","","293200","1997-10-03","Croatia","Midfield","Attacking Midfield",179,10000000,"first_team","cmuihq9hw0099h29erttwt92h","Torino FC","","",""
"cmuihw2q20awzsexplvimn7jv","Pietro Comuzzo","","746712","2005-02-19","Italy","Defender","Centre-Back",188,18000000,"first_team","cmuihq9hw0099h29erttwt92h","Torino FC","","",""
"cmuihvzbm07b4sexpx8dzdyky","Pietro Pellegri","","364133","2001-03-16","Italy","Attack","Centre-Forward",189,3000000,"first_team","cmuihq9hw0099h29erttwt92h","Torino FC","","",""
"cmuo54fhp001lbpsm0fb4yxu4","Rafik Belghali","","864306","2002-06-07","Algeria; Belgium","Right-Back","Right-Back",,0,"first_team","cmuihq9hw0099h29erttwt92h","Torino FC","","",""
"cmuihvvvo02zqsexpwhautq88","Ricardo Rodríguez","","86784","1992-08-24","Switzerland","Defender","Left-Back",182,1400000,"first_team","cmuihq9hw0099h29erttwt92h","Torino FC","","",""
"cmuihvyr806ftsexpde5hy3dh","Rolando Mandragora","","308279","1997-06-28","Italy","Midfield","Defensive Midfield",183,9000000,"first_team","cmuihq9hw0099h29erttwt92h","Torino FC","","",""
"cmuihvzbj078asexpbhvguizg","Sandro Kulenović","","357778","1999-12-03","Croatia","Attack","Centre-Forward",191,3500000,"first_team","cmuihq9hw0099h29erttwt92h","Torino FC","","",""
"cmuihw1er09l6sexp0mr9t2x6","Saúl Coco","","588426","1999-02-08","Equatorial Guinea","Defender","Centre-Back",187,7500000,"first_team","cmuihq9hw0099h29erttwt92h","Torino FC","","",""
"cmuihvzw407o8sexp5cxk6yto","Zakaria Aboukhlal","","393238","2000-02-17","Morocco","Attack","Right Winger",179,6000000,"first_team","cmuihq9hw0099h29erttwt92h","Torino FC","","",""
"cmuihvy6505aysexpks3e6nyy","Andrew Robertson","","234803","1994-03-10","Scotland","Defender","Left-Back",178,7000000,"first_team","cmuihpzs8003vh29eyrxt8nk5","Tottenham Hotspur","","",""
"cmuihw2pw0arjsexpp7iy26se","Antonín Kinský","","725912","2003-03-12","Czech Republic","Goalkeeper","Goalkeeper",190,15000000,"first_team","cmuihpzs8003vh29eyrxt8nk5","Tottenham Hotspur","","",""
"cmuihw3f20bowsexpgd4xjy43","Archie Gray","","922693","2006-03-11","England","Midfield","Defensive Midfield",187,35000000,"first_team","cmuihpzs8003vh29eyrxt8nk5","Tottenham Hotspur","","",""
"cmuihvxg304ntsexp6qtp49rh","Ben Davies","","192765","1993-04-23","Wales","Defender","Centre-Back",181,3000000,"first_team","cmuihpzs8003vh29eyrxt8nk5","Tottenham Hotspur","","",""
"cmuihw0ip083xsexpgoayeo7s","Brandon Austin","","428016","1999-01-07","England","Goalkeeper","Goalkeeper",188,500000,"first_team","cmuihpzs8003vh29eyrxt8nk5","Tottenham Hotspur","","",""
"cmuihw0k508ossexpwiadlptn","Conor Gallagher","","488362","2000-02-05","England","Midfield","Central Midfield",182,32000000,"first_team","cmuihpzs8003vh29eyrxt8nk5","Tottenham Hotspur","","",""
"cmuihw0is084wsexpizpv2roe","Dejan Kulusevski","","431755","2000-04-24","Sweden","Midfield","Attacking Midfield",186,17000000,"first_team","cmuihpzs8003vh29eyrxt8nk5","Tottenham Hotspur","","",""
"cmuihw1d709aisexpdmfu3yiq","Destiny Udogie","","556385","2002-11-27","Italy","Defender","Left-Back",188,30000000,"first_team","cmuihpzs8003vh29eyrxt8nk5","Tottenham Hotspur","","",""
"cmuihvy6r05rgsexp5pywpxq6","Dominic Solanke","","258889","1997-09-13","England","Attack","Centre-Forward",186,28000000,"first_team","cmuihpzs8003vh29eyrxt8nk5","Tottenham Hotspur","","",""
"cmuihvyr306bcsexphqmv8veg","James Maddison","","294057","1996-11-22","England","Midfield","Attacking Midfield",175,20000000,"first_team","cmuihpzs8003vh29eyrxt8nk5","Tottenham Hotspur","","",""
"cmuihw1do09hlsexpowo1wzpq","Jan Paul van Hecke","","576314","2000-06-07","Netherlands","Defender","Centre-Back",189,45000000,"first_team","cmuihpzs8003vh29eyrxt8nk5","Tottenham Hotspur","","",""
"cmuihw3eq0bf7sexpgjm3r5tt","Lucas Bergvall","","866246","2006-02-01","Sweden","Midfield","Central Midfield",187,35000000,"first_team","cmuihpzs8003vh29eyrxt8nk5","Tottenham Hotspur","","",""
"cmuihw0js08icsexplmy1y0tz","Marcos Senesi","","469781","1997-05-09","Argentina","Defender","Centre-Back",184,25000000,"first_team","cmuihpzs8003vh29eyrxt8nk5","Tottenham Hotspur","","",""
"cmuihvvst02qcsexpiw9rrul8","Martin Dúbravka","","74960","1989-01-14","Slovakia","Goalkeeper","Goalkeeper",191,500000,"first_team","cmuihpzs8003vh29eyrxt8nk5","Tottenham Hotspur","","",""
"cmuihw3et0bh3sexpmyuk69lh","Mateus Fernandes","","880245","2004-07-09","Portugal","Midfield","Central Midfield",180,50000000,"first_team","cmuihpzs8003vh29eyrxt8nk5","Tottenham Hotspur","","",""
"cmuihw2qb0b2gsexpi6m11gzd","Mathys Tel","","801734","2005-04-26","France","Attack","Centre-Forward",183,22000000,"first_team","cmuihpzs8003vh29eyrxt8nk5","Tottenham Hotspur","","",""
"cmuihw1d809aysexp4yysf4ja","Micky van de Ven","","557459","2001-04-18","Netherlands","Defender","Centre-Back",193,50000000,"first_team","cmuihpzs8003vh29eyrxt8nk5","Tottenham Hotspur","","",""
"cmuihw1cw096msexphjyubv7o","Mohammed Kudus","","543499","2000-08-01","Ghana","Attack","Right Winger",177,50000000,"first_team","cmuihpzs8003vh29eyrxt8nk5","Tottenham Hotspur","","",""
"cmuihw1c0093wsexpvdfoji1h","Mykhaylo Mudryk","","537860","2001-01-04","Ukraine","Attack","Left Winger",175,18000000,"first_team","cmuihpzs8003vh29eyrxt8nk5","Tottenham Hotspur","","",""
"cmuihw0j5088ssexptzb6o1qd","Omar Marmoush","","445939","1999-02-06","Egypt","Attack","Centre-Forward",183,50000000,"first_team","cmuihpzs8003vh29eyrxt8nk5","Tottenham Hotspur","","",""
"cmuihw1d6099rsexp70iftf62","Pedro Porro","","553875","1999-09-12","Spain","Defender","Right-Back",173,35000000,"first_team","cmuihpzs8003vh29eyrxt8nk5","Tottenham Hotspur","","",""
"cmuihvzvv07gnsexpw6vjlhx6","Richarlison","","378710","1997-05-09","Brazil","Attack","Centre-Forward",184,25000000,"first_team","cmuihpzs8003vh29eyrxt8nk5","Tottenham Hotspur","","",""
"cmuihvzbg0768sexp6dgpw83u","Rodrigo Bentancur","","354362","1997-06-24","Uruguay","Midfield","Defensive Midfield",187,20000000,"first_team","cmuihpzs8003vh29eyrxt8nk5","Tottenham Hotspur","","",""
"cmuihvzwb07rasexpbq3bnvry","Sandro Tonali","","397033","2000-05-07","Italy","Midfield","Defensive Midfield",181,80000000,"first_team","cmuihpzs8003vh29eyrxt8nk5","Tottenham Hotspur","","",""
"cmuihw2q00avtsexppurxa90p","Savinho","","743591","2004-04-09","Brazil","Attack","Left Winger",176,35000000,"first_team","cmuihpzs8003vh29eyrxt8nk5","Tottenham Hotspur","","",""
"cmuihvy6r05rbsexp75hxke37","Tosin Adarabioyo","","258878","1997-09-23","England","Defender","Centre-Back",197,16000000,"first_team","cmuihpzs8003vh29eyrxt8nk5","Tottenham Hotspur","","",""
"cmuihw2q00avisexp01t7tfwg","Wilson Odobert","","743498","2004-11-27","France","Attack","Left Winger",182,18000000,"first_team","cmuihpzs8003vh29eyrxt8nk5","Tottenham Hotspur","","",""
"cmuihw1de09dxsexpi52ye6t2","Xavi Simons","","566931","2003-04-20","Netherlands","Midfield","Attacking Midfield",179,40000000,"first_team","cmuihpzs8003vh29eyrxt8nk5","Tottenham Hotspur","","",""
"cmuo5a8r7001aitgyq7d5r8sh","Adam Daghim","","881297","2005-09-28","Denmark","Right Winger","Right Winger",,7500000,"first_team","cmuihqbor00adh29elg30kgzn","TSG 1899 Hoffenheim","","",""
"cmuihw1d50997sexp06in7c7f","Adam Hlozek","","552057","2002-07-24","Czech Republic","Attack","Centre-Forward",188,10000000,"first_team","cmuihqbor00adh29elg30kgzn","TSG 1899 Hoffenheim","","",""
"cmuihw1dp09icsexpu7xg8fcu","Albian Hajdari","","579459","2003-05-17","Kosovo","Defender","Centre-Back",189,25000000,"first_team","cmuihqbor00adh29elg30kgzn","TSG 1899 Hoffenheim","","",""
"cmuihw0iu0866sexpyu4d6txn","Alexander Prass","","434116","2001-05-25","Austria","Midfield","Left Midfield",180,9000000,"first_team","cmuihqbor00adh29elg30kgzn","TSG 1899 Hoffenheim","","",""
"cmuihvux601ytsexp6lmprncs","Andrej Kramaric","","46580","1991-06-18","Croatia","Attack","Second Striker",177,2500000,"first_team","cmuihqbor00adh29elg30kgzn","TSG 1899 Hoffenheim","","",""
"cmuihw1dm09gtsexp575vtw6w","Bambasé Conté","","574193","2003-07-06","Germany","Attack","Left Winger",182,700000,"first_team","cmuihqbor00adh29elg30kgzn","TSG 1899 Hoffenheim","","",""
"cmuihvzbm07bhsexp4cq88ib4","Bernardo","","364258","1995-05-13","Brazil","Defender","Left-Back",186,4000000,"first_team","cmuihqbor00adh29elg30kgzn","TSG 1899 Hoffenheim","","",""
"cmuo5a84k0016itgy4lfrlewo","Cajetan Lenz","","1047136","2006-06-16","Germany; Switzerland","Defensive Midfield","Defensive Midfield",,10000000,"first_team","cmuihqbor00adh29elg30kgzn","TSG 1899 Hoffenheim","","",""
"cmuihw1bk08yjsexplggxav1t","Fisnik Asllani","","524290","2002-08-07","Kosovo","Attack","Centre-Forward",191,35000000,"first_team","cmuihqbor00adh29elg30kgzn","TSG 1899 Hoffenheim","","",""
"cmuihvzwn07z0sexppuwmm3e7","Koki Machida","","415035","1997-08-24","Japan","Defender","Centre-Back",190,6000000,"first_team","cmuihqbor00adh29elg30kgzn","TSG 1899 Hoffenheim","","",""
"cmuihw24o0aaasexplib0ekkh","Leon Avdullahu","","667457","2004-02-22","Kosovo","Midfield","Defensive Midfield",185,30000000,"first_team","cmuihqbor00adh29elg30kgzn","TSG 1899 Hoffenheim","","",""
"cmuihw0is0859sexpwyiz00hv","Luca Philipp","","432671","2000-11-27","Germany","Goalkeeper","Goalkeeper",192,750000,"first_team","cmuihqbor00adh29elg30kgzn","TSG 1899 Hoffenheim","","",""
"cmuihw4qy0cq8sexp2wkibjek","Luis Engelns","","1116191","2007-03-10","Germany","Midfield","Defensive Midfield",190,4000000,"first_team","cmuihqbor00adh29elg30kgzn","TSG 1899 Hoffenheim","","",""
"cmuihw2pt0apmsexpjc6t1jnu","Lúkas Petersson","","718460","2004-02-08","Iceland","Goalkeeper","Goalkeeper",195,600000,"first_team","cmuihqbor00adh29elg30kgzn","TSG 1899 Hoffenheim","","",""
"cmuihw43j0c3qsexpgi5axaj6","Mats Rots","","983677","2006-03-10","Netherlands","Defender","Left-Back",190,12000000,"first_team","cmuihqbor00adh29elg30kgzn","TSG 1899 Hoffenheim","","",""
"cmuihw3f30bp2sexpdo8ull9l","Max Moerstedt","","923595","2006-01-14","Germany","Attack","Centre-Forward",194,7000000,"first_team","cmuihqbor00adh29elg30kgzn","TSG 1899 Hoffenheim","","",""
"cmuo5a8mz0018itgy0936rb5x","Nathan De Cat","","1105541","2008-07-19","Belgium","Central Midfield","Central Midfield",,27000000,"first_team","cmuihqbor00adh29elg30kgzn","TSG 1899 Hoffenheim","","",""
"cmuo5a7zx0014itgy892n6jig","Natnael Abraha","","1075143","2008-03-14","Germany","Right-Back","Right-Back",,400000,"first_team","cmuihqbor00adh29elg30kgzn","TSG 1899 Hoffenheim","","",""
"cmuihvuxn025lsexptrkkp85a","Oliver Baumann","","55089","1990-06-01","Germany","Goalkeeper","Goalkeeper",187,2500000,"first_team","cmuihqbor00adh29elg30kgzn","TSG 1899 Hoffenheim","","",""
"cmuihvzbl07adsexpn3p5223a","Ozan Kabak","","361260","2000-03-24","Türkiye","Defender","Centre-Back",187,15000000,"first_team","cmuihqbor00adh29elg30kgzn","TSG 1899 Hoffenheim","","",""
"cmuihw1bw091qsexpgrg2nmdz","Patrick Wimmer","","533295","2001-05-29","Austria","Attack","Right Winger",182,12000000,"first_team","cmuihqbor00adh29elg30kgzn","TSG 1899 Hoffenheim","","",""
"cmuihw24609visexpvoeve63p","Robin Hranac","","620217","2000-01-28","Czech Republic","Defender","Centre-Back",189,10000000,"first_team","cmuihqbor00adh29elg30kgzn","TSG 1899 Hoffenheim","","",""
"cmuo5a7so0012itgymbsomtz1","Sean Dulic","","907277","2005-06-05","Germany; Bosnia-Herzegovina","Centre-Back","Centre-Back",,1200000,"first_team","cmuihqbor00adh29elg30kgzn","TSG 1899 Hoffenheim","","",""
"cmuihw1d6099msexpophl4q9x","Tim Lemperle","","553285","2002-02-04","Germany","Attack","Centre-Forward",187,17000000,"first_team","cmuihqbor00adh29elg30kgzn","TSG 1899 Hoffenheim","","",""
"cmuihw1dh09fhsexpydnpy2js","Valentin Gendrey","","569387","2000-06-20","France","Defender","Right-Back",179,6000000,"first_team","cmuihqbor00adh29elg30kgzn","TSG 1899 Hoffenheim","","",""
"cmuihvws2041msexpxs593780","Vladimír Coufal","","157672","1992-08-21","Czech Republic","Defender","Right-Back",175,2500000,"first_team","cmuihqbor00adh29elg30kgzn","TSG 1899 Hoffenheim","","",""
"cmuihvzwm07yhsexpqdj9x2qf","Wouter Burger","","412953","2001-02-15","Netherlands","Midfield","Defensive Midfield",191,20000000,"first_team","cmuihqbor00adh29elg30kgzn","TSG 1899 Hoffenheim","","",""
"cmuihw24b09zksexpsx2m1tg4","Bruno Langa","","631472","1997-10-30","Mozambique","Defender","Left-Back",178,1000000,"first_team","cmuihq5y90077h29e4176i2we","UD Almería","","",""
"cmuihw24i0a4vsexp8oygda0j","Dion Lopy","","649033","2002-02-01","Senegal","Midfield","Defensive Midfield",184,4000000,"first_team","cmuihq5y90077h29e4176i2we","UD Almería","","",""
"cmuihw3ek0bbgsexpcinvchj2","Marko Milovanović","","845568","2003-08-03","Serbia","Attack","Centre-Forward",197,2500000,"first_team","cmuihq5y90077h29e4176i2we","UD Almería","","",""
"cmuihvzwb07rgsexp5l37150j","Alessandro Zanoli","","397225","2000-10-02","Italy","Defender","Right-Back",188,4500000,"first_team","cmuihq93e0093h29eq2t4j538","Udinese Calcio","","",""
"cmuo54izv0029bpsmsda5y3no","Bartosz Mrozek","","345452","2000-02-23","Poland","Goalkeeper","Goalkeeper",,0,"first_team","cmuihq93e0093h29eq2t4j538","Udinese Calcio","","",""
"cmuihvvv702unsexpdav99mx4","Christian Kabasele","","81512","1991-02-23","Belgium","Defender","Centre-Back",187,750000,"first_team","cmuihq93e0093h29eq2t4j538","Udinese Calcio","","",""
"cmuihvu4c01brsexph1xrp7on","Daniele Padelli","","27807","1985-10-24","Italy","Goalkeeper","Goalkeeper",191,150000,"first_team","cmuihq93e0093h29eq2t4j538","Udinese Calcio","","",""
"cmuihvuxx02cjsexpuwiwslnm","David Alaba","","59016","1992-06-23","Austria","Defender","Centre-Back",180,3000000,"first_team","cmuihq93e0093h29eq2t4j538","Udinese Calcio","","",""
"cmuihvzb606z6sexpapjic30f","Enzo Ebosse","","342877","1999-03-10","Cameroon","Defender","Centre-Back",185,2800000,"first_team","cmuihq93e0093h29eq2t4j538","Udinese Calcio","","",""
"cmuihvzwm07xvsexpw4wyy1e9","Giorgi Chakvetadze","","412616","1999-08-28","Georgia","Midfield","Attacking Midfield",183,3500000,"first_team","cmuihq93e0093h29eq2t4j538","Udinese Calcio","","",""
"cmuihw4480clcsexph1nk03so","Giulio Vinciati","","1078784","2007-08-28","Italy","Attack","Centre-Forward",180,100000,"first_team","cmuihq93e0093h29eq2t4j538","Udinese Calcio","","",""
"cmuihvyqx067ssexpeb60ob3x","Hassane Kamara","","290017","1994-03-04","Cote d'Ivoire","Defender","Left-Back",170,3000000,"first_team","cmuihq93e0093h29eq2t4j538","Udinese Calcio","","",""
"cmuihw4re0cwwsexpwfkzyjo6","Idrissa Gueye","","1178488","2006-09-15","Senegal","Attack","Centre-Forward",185,8000000,"first_team","cmuihq93e0093h29eq2t4j538","Udinese Calcio","","",""
"cmuihvzvv07g6sexpxvio6jtz","Jakub Piotrowski","","377243","1997-10-03","Poland","Midfield","Central Midfield",188,4500000,"first_team","cmuihq93e0093h29eq2t4j538","Udinese Calcio","","",""
"cmuihw24i0a4hsexpzpgd3lbm","James Abankwah","","648032","2004-01-15","Ireland","Defender","Centre-Back",188,3500000,"first_team","cmuihq93e0093h29eq2t4j538","Udinese Calcio","","",""
"cmuihvy5z054vsexpe8rppp7g","Jesper Karlström","","222855","1995-06-20","Sweden","Midfield","Defensive Midfield",182,4000000,"first_team","cmuihq93e0093h29eq2t4j538","Udinese Calcio","","",""
"cmuihw4qy0cqfsexpxjzrpsgx","Juan Arizala","","1118347","2005-10-09","Colombia","Midfield","Left Midfield",183,3500000,"first_team","cmuihq93e0093h29eq2t4j538","Udinese Calcio","","",""
"cmuihvzbk079vsexpedkm1xnf","Jurgen Ekkelenkamp","","361068","2000-04-04","Netherlands","Midfield","Central Midfield",188,10000000,"first_team","cmuihq93e0093h29eq2t4j538","Udinese Calcio","","",""
"cmuihvzwm07xxsexp8atyw50j","Keinan Davis","","412660","1998-02-12","England","Attack","Centre-Forward",189,10000000,"first_team","cmuihq93e0093h29eq2t4j538","Udinese Calcio","","",""
"cmuihw3ew0bkcsexpr5i1fxte","Lazar Jovanovic","","897505","2006-11-29","Serbia","Attack","Right Winger",184,3500000,"first_team","cmuihq93e0093h29eq2t4j538","Udinese Calcio","","",""
"cmuihw3f30bpgsexp9uq6ovsf","Lennon Miller","","924857","2006-08-24","Scotland","Midfield","Central Midfield",182,10000000,"first_team","cmuihq93e0093h29eq2t4j538","Udinese Calcio","","",""
"cmuihvzb306wksexp8dtjzev1","Maduka Okoye","","340353","1999-08-27","Nigeria","Goalkeeper","Goalkeeper",198,10000000,"first_team","cmuihq93e0093h29eq2t4j538","Udinese Calcio","","",""
"cmuihw4400cgjsexp7ngg8v2q","Matteo Palma","","1058354","2008-03-12","Germany","Defender","Centre-Back",195,5000000,"first_team","cmuihq93e0093h29eq2t4j538","Udinese Calcio","","",""
"cmuihvzav06sgsexpw3m6lbuu","Mërgim Vojvoda","","336125","1995-01-31","Kosovo","Defender","Right-Back",187,2500000,"first_team","cmuihq93e0093h29eq2t4j538","Udinese Calcio","","",""
"cmuihw24c0a02sexpmaacy7dw","Nicolò Bertola","","632831","2003-03-22","Italy","Defender","Centre-Back",192,7000000,"first_team","cmuihq93e0093h29eq2t4j538","Udinese Calcio","","",""
"cmuihvzw307mnsexp1jrffknu","Nicolò Zaniolo","","392085","1999-07-01","Italy","Attack","Second Striker",190,15000000,"first_team","cmuihq93e0093h29eq2t4j538","Udinese Calcio","","",""
"cmuihw1bk08ygsexp6pftkmj5","Oier Zarraga","","524010","1999-01-03","Spain","Midfield","Central Midfield",175,1500000,"first_team","cmuihq93e0093h29eq2t4j538","Udinese Calcio","","",""
"cmuihw0jn08g1sexp2n7vlbsx","Oumar Solet","","463665","2000-02-06","France","Defender","Centre-Back",192,23000000,"first_team","cmuihq93e0093h29eq2t4j538","Udinese Calcio","","",""
"cmuihvyqh05vesexpxxvjq0x9","Sandi Lovrić","","268429","1998-03-27","Slovenia","Midfield","Central Midfield",180,3500000,"first_team","cmuihq93e0093h29eq2t4j538","Udinese Calcio","","",""
"cmuihw3ei0ba8sexp4swuvocx","Unai Gómez","","834752","2003-05-24","Spain","Midfield","Attacking Midfield",183,5000000,"first_team","cmuihq93e0093h29eq2t4j538","Udinese Calcio","","",""
"cmuihvzvu07fqsexpz5obh4xz","Vakoun Bayo","","375877","1997-01-09","Cote d'Ivoire","Attack","Centre-Forward",184,2500000,"first_team","cmuihq93e0093h29eq2t4j538","Udinese Calcio","","",""
"cmuihw3ev0bjksexphxh7k5p2","Dachi Lordkipanidze","","894456","2005-03-07","Georgia","Midfield","Central Midfield",186,0,"first_team","cmuihq1hz004th29ed9g2kj1f","US Cremonese","","",""
"cmuihvzwi07v5sexp1k9rsu69","Dennis Johnsen","","406042","1998-02-16","Norway","Attack","Left Winger",185,1200000,"first_team","cmuihq1hz004th29ed9g2kj1f","US Cremonese","","",""
"cmuihvy6e05h4sexp1njlh7yn","Federico Bonazzoli","","241527","1997-05-20","Italy","Attack","Centre-Forward",185,2500000,"first_team","cmuihq1hz004th29ed9g2kj1f","US Cremonese","","",""
"cmuihvws9046asexp56cagdbk","Federico Ceccherini","","163639","1992-05-10","Italy","Defender","Centre-Back",187,400000,"first_team","cmuihq1hz004th29ed9g2kj1f","US Cremonese","","",""
"cmuihw3er0bg4sexp0nlg8myr","Felix Afena-Gyan","","872380","2003-01-18","Ghana","Attack","Left Winger",175,4200000,"first_team","cmuihq1hz004th29ed9g2kj1f","US Cremonese","","",""
"cmuihw23z09pgsexpyxshh1oy","Francesco Folino","","603675","2002-01-22","Italy","Defender","Centre-Back",192,800000,"first_team","cmuihq1hz004th29ed9g2kj1f","US Cremonese","","",""
"cmuihvzb406xasexpp9wv3c6k","Leonardo Sernicola","","340707","1997-07-29","Italy","Defender","Left-Back",187,2000000,"first_team","cmuihq1hz004th29ed9g2kj1f","US Cremonese","","",""
"cmuihvzvu07fnsexpdkby13gh","Manuel De Luca","","375816","1998-07-16","Italy","Attack","Centre-Forward",192,1400000,"first_team","cmuihq1hz004th29ed9g2kj1f","US Cremonese","","",""
"cmuihvws50444sexp3kae1880","Matteo Bianchetti","","160986","1993-03-16","Italy","Defender","Centre-Back",189,800000,"first_team","cmuihq1hz004th29ed9g2kj1f","US Cremonese","","",""
"cmuihvxg504p9sexpri3ao18s","Michele Castagnetti","","195335","1989-12-26","Italy","Midfield","Defensive Midfield",180,700000,"first_team","cmuihq1hz004th29ed9g2kj1f","US Cremonese","","",""
"cmuihw0iv086bsexpaj8onl83","Michele Collocolo","","434551","1999-11-07","Italy","Midfield","Central Midfield",188,2400000,"first_team","cmuihq1hz004th29ed9g2kj1f","US Cremonese","","",""
"cmuihw1dl09frsexp8f930nj1","Tommaso Barbieri","","569939","2002-08-25","Italy","Defender","Right-Back",181,3800000,"first_team","cmuihq1hz004th29ed9g2kj1f","US Cremonese","","",""
"cmuihw24o0aafsexp1h01rbak","Alexandru Borbei","","667640","2003-06-26","Romania","Goalkeeper","Goalkeeper",191,150000,"first_team","cmuihnki5000fb23fj5zntsyp","US Lecce","","",""
"cmuihw43q0c7rsexpo7joprg5","Ali Dembélé","","1004344","2004-01-04","France","Defender","Right-Back",189,300000,"first_team","cmuihnki5000fb23fj5zntsyp","US Lecce","","",""
"cmuo54str004lbpsm96fvma5h","Amar Fatah","","931841","2004-02-19","Sweden; Somalia","Left Winger","Left Winger",,800000,"first_team","cmuihnki5000fb23fj5zntsyp","US Lecce","","",""
"cmuihvzw307n4sexpxuw44d96","Antonino Gallo","","392516","2000-01-04","Italy","Defender","Left-Back",183,3500000,"first_team","cmuihnki5000fb23fj5zntsyp","US Lecce","","",""
"cmuihw0it085qsexpo3tii9ja","Corrie Ndaba","","433329","1999-12-24","Ireland","Defender","Left-Back",188,900000,"first_team","cmuihnki5000fb23fj5zntsyp","US Lecce","","",""
"cmuihw2pw0as0sexpbqzdixxl","Danilo Veiga","","728485","2002-09-24","Portugal","Defender","Right-Back",183,2500000,"first_team","cmuihnki5000fb23fj5zntsyp","US Lecce","","",""
"cmuihw44c0coysexpvrrl08xi","Elijah Scott","","1105124","2006-02-02","Germany","Defender","Centre-Back",,400000,"first_team","cmuihnki5000fb23fj5zntsyp","US Lecce","","",""
"cmuihw2qc0b3fsexpozwrpwz8","Gaby Jean","","805886","2000-02-18","France","Defender","Centre-Back",191,1500000,"first_team","cmuihnki5000fb23fj5zntsyp","US Lecce","","",""
"cmuihw3ej0bajsexp9hqjw2b3","Gaspar","","836441","1997-09-26","Angola","Defender","Centre-Back",193,3000000,"first_team","cmuihnki5000fb23fj5zntsyp","US Lecce","","",""
"cmuihw0js08issexp6979lh5p","Ivan Ilić","","470794","2001-03-16","Serbia","Midfield","Central Midfield",186,7000000,"first_team","cmuihnki5000fb23fj5zntsyp","US Lecce","","",""
"cmuihw23z09plsexppgsaux7k","Jamil Siebert","","604113","2002-04-01","Germany","Defender","Centre-Back",193,4500000,"first_team","cmuihnki5000fb23fj5zntsyp","US Lecce","","",""
"cmuo54spp004jbpsmas5jis2i","Joël Monteiro","","410787","1999-08-05","Switzerland; Portugal","Left Winger","Left Winger",,3500000,"first_team","cmuihnki5000fb23fj5zntsyp","US Lecce","","",""
"cmuihw24i0a4zsexpfa9mkbqw","Konan N’Dri","","649490","2000-10-26","Niger","Attack","Right Winger",174,1500000,"first_team","cmuihnki5000fb23fj5zntsyp","US Lecce","","",""
"cmuihvzvz07jnsexpfgw1qxrv","Lassana Coulibaly","","386552","1996-04-09","Mali","Midfield","Central Midfield",183,2200000,"first_team","cmuihnki5000fb23fj5zntsyp","US Lecce","","",""
"cmuihvy5v051zsexp00ofisg7","Marco Bleve","","215167","1995-10-17","Italy","Goalkeeper","Goalkeeper",184,150000,"first_team","cmuihnki5000fb23fj5zntsyp","US Lecce","","",""
"cmuo54smn004hbpsmzs6g5bym","Marlon Ubani","","745595","2005-03-26","Germany; Nigeria","Right-Back","Right-Back",,175000,"first_team","cmuihnki5000fb23fj5zntsyp","US Lecce","","",""
"cmuihw1ej09jmsexp3q5fnbju","Medon Berisha","","583046","2003-10-20","Albania","Midfield","Central Midfield",186,5000000,"first_team","cmuihnki5000fb23fj5zntsyp","US Lecce","","",""
"cmuihw3ez0bmisexp8chgvoju","Mohamed Kaba","","911328","2001-10-26","Guinea","Midfield","Central Midfield",185,2500000,"first_team","cmuihnki5000fb23fj5zntsyp","US Lecce","","",""
"cmuihw3er0bfdsexpfwa0rf53","Niko Kovač","","866607","2005-04-07","Bosnia-Herzegovina","Midfield","Defensive Midfield",185,300000,"first_team","cmuihnki5000fb23fj5zntsyp","US Lecce","","",""
"cmuihw23v09n7sexpxvcs1pju","Nikola Stulic","","595650","2001-09-07","Serbia","Attack","Centre-Forward",188,3500000,"first_team","cmuihnki5000fb23fj5zntsyp","US Lecce","","",""
"cmuihw2q50axwsexpbmgv3rbn","Olaf Gorter","","748679","2005-01-30","Netherlands","Midfield","Defensive Midfield",185,0,"first_team","cmuihnki5000fb23fj5zntsyp","US Lecce","","",""
"cmuihw2q80azosexpsf5h23ya","Omri Gandelman","","780548","2000-05-15","Israel","Midfield","Attacking Midfield",188,3000000,"first_team","cmuihnki5000fb23fj5zntsyp","US Lecce","","",""
"cmuihw43i0c2zsexpvh7a33o9","Oumar Ngom","","980575","2004-03-08","Mauritania","Midfield","Defensive Midfield",190,3000000,"first_team","cmuihnki5000fb23fj5zntsyp","US Lecce","","",""
"cmuo54sx2004nbpsmnw9xkjlg","Paco Esteban","","937954","2006-05-02","Spain","Centre-Forward","Centre-Forward",,500000,"first_team","cmuihnki5000fb23fj5zntsyp","US Lecce","","",""
"cmuihw44a0cmisexpb7zsqpcm","Plamen Penev","","1084756","2008-04-21","Bulgaria","Goalkeeper","Goalkeeper",193,0,"first_team","cmuihnki5000fb23fj5zntsyp","US Lecce","","",""
"cmuihw24g0a38sexpbb9dfpow","Sadik Fofana","","644613","2003-05-15","Togo","Midfield","Defensive Midfield",192,800000,"first_team","cmuihnki5000fb23fj5zntsyp","US Lecce","","",""
"cmuihw24t0adasexpc5h7zlib","Santiago Pierotti","","674806","2001-04-02","Argentina","Attack","Right Winger",189,4000000,"first_team","cmuihnki5000fb23fj5zntsyp","US Lecce","","",""
"cmuo54sjj004fbpsmy035mkvy","Sebastian Esposito","","1118086","2005-04-21","Australia; Italy","Centre-Back","Centre-Back",,600000,"first_team","cmuihnki5000fb23fj5zntsyp","US Lecce","","",""
"cmuihw4qx0cq1sexp9l5hjqxe","Tiago Gabriel","","1112449","2004-12-25","Portugal","Defender","Centre-Back",196,15000000,"first_team","cmuihnki5000fb23fj5zntsyp","US Lecce","","",""
"cmuihw43t0ca5sexpquzuezk0","Vernon Addo","","1017950","2005-05-23","Netherlands","Defender","Left-Back",188,175000,"first_team","cmuihnki5000fb23fj5zntsyp","US Lecce","","",""
"cmuihw0jn08g0sexpz3wjti57","Willem Geubbels","","463620","2001-08-15","France","Attack","Centre-Forward",186,5000000,"first_team","cmuihnki5000fb23fj5zntsyp","US Lecce","","",""
"cmuihvy6a05dbsexppzs74oqz","Wladimiro Falcone","","238537","1995-04-11","Italy","Goalkeeper","Goalkeeper",195,3500000,"first_team","cmuihnki5000fb23fj5zntsyp","US Lecce","","",""
"cmuihvzao06n0sexpoo04wyqg","Youssef Maleh","","324377","1998-08-21","Morocco","Midfield","Central Midfield",179,1500000,"first_team","cmuihnki5000fb23fj5zntsyp","US Lecce","","",""
"cmuihvzw107lisexp2ebgygxp","Andrea Ghion","","390163","2000-02-22","Italy","Midfield","Defensive Midfield",174,550000,"first_team","cmuihqd7y00b9h29e7s5ob4n6","US Sassuolo","","",""
"cmuihvzvq07dksexpcswtxjb4","Arijanet Murić","","371021","1998-11-06","Kosovo","Goalkeeper","Goalkeeper",198,7500000,"first_team","cmuihqd7y00b9h29e7s5ob4n6","US Sassuolo","","",""
"cmuihw1dp09igsexpn6w3ls3i","Armand Laurienté","","579930","1998-12-03","France","Attack","Left Winger",177,19000000,"first_team","cmuihqd7y00b9h29e7s5ob4n6","US Sassuolo","","",""
"cmuihw43e0bzusexp4z0opun0","Benja Domínguez","","961022","2003-09-18","Argentina","Attack","Left Winger",172,9000000,"first_team","cmuihqd7y00b9h29e7s5ob4n6","US Sassuolo","","",""
"cmuihvzwi07vhsexpvp10jt1j","Cas Odenthal","","406632","2000-09-25","Netherlands","Defender","Centre-Back",190,1500000,"first_team","cmuihqd7y00b9h29e7s5ob4n6","US Sassuolo","","",""
"cmuihw2q20ax6sexpcst0o7a0","Cristian Volpato","","746891","2003-11-14","Australia","Midfield","Attacking Midfield",187,10000000,"first_team","cmuihqd7y00b9h29e7s5ob4n6","US Sassuolo","","",""
"cmuihw0j3087rsexpn3apxxj2","Daniel Boloca","","441515","1998-12-21","Italy","Midfield","Defensive Midfield",185,4000000,"first_team","cmuihqd7y00b9h29e7s5ob4n6","US Sassuolo","","",""
"cmuihw4rc0cvosexpom1at2zg","Darryl Bakola","","1170286","2007-11-29","France","Midfield","Attacking Midfield",178,8000000,"first_team","cmuihqd7y00b9h29e7s5ob4n6","US Sassuolo","","",""
"cmuihvxfp04eesexpzk3u9xot","Domenico Berardi","","177843","1994-07-31","Italy","Attack","Right Winger",183,7000000,"first_team","cmuihqd7y00b9h29e7s5ob4n6","US Sassuolo","","",""
"cmuihvy6905d3sexpwt47vsrj","Duje Caleta-Car","","238266","1996-09-16","Croatia","Defender","Centre-Back",193,2800000,"first_team","cmuihqd7y00b9h29e7s5ob4n6","US Sassuolo","","",""
"cmuihw2pg0ag0sexpv3vciwyy","Edoardo Pieragnolo","","691825","2003-01-02","Italy","Defender","Left-Back",184,2000000,"first_team","cmuihqd7y00b9h29e7s5ob4n6","US Sassuolo","","",""
"cmuihw1bi08xdsexpe1b7mgxf","Fali Candé","","520530","1998-01-23","Guinea-Bissau","Defender","Centre-Back",184,3000000,"first_team","cmuihqd7y00b9h29e7s5ob4n6","US Sassuolo","","",""
"cmuo54e54001ebpsmrmm9p95d","Fedde Leysen","","660746","2003-07-09","Belgium","Centre-Back","Centre-Back",,0,"first_team","cmuihqd7y00b9h29e7s5ob4n6","US Sassuolo","","",""
"cmuihvzan06mmsexpvk6jb4mh","Giacomo Satalino","","323255","1999-05-19","Italy","Goalkeeper","Goalkeeper",188,400000,"first_team","cmuihqd7y00b9h29e7s5ob4n6","US Sassuolo","","",""
"cmuihw43t0cahsexpzi4i6lcj","Giorgio Vezzosi","","1019116","2007-01-13","Italy","Defender","Centre-Back",,250000,"first_team","cmuihqd7y00b9h29e7s5ob4n6","US Sassuolo","","",""
"cmuihw43i0c39sexple7zoref","Ibrahim Sulemana","","982267","2003-05-21","Ghana","Midfield","Defensive Midfield",180,6000000,"first_team","cmuihqd7y00b9h29e7s5ob4n6","US Sassuolo","","",""
"cmuihw0k608pcsexpwnsds0l9","Ignace Van der Brempt","","490423","2002-03-31","Belgium","Defender","Right-Back",187,3000000,"first_team","cmuihqd7y00b9h29e7s5ob4n6","US Sassuolo","","",""
"cmuihw3f20bonsexpop91b4va","Ismaël Koné","","921655","2002-06-15","Canada","Midfield","Central Midfield",188,25000000,"first_team","cmuihqd7y00b9h29e7s5ob4n6","US Sassuolo","","",""
"cmuihw1cy097hsexpgokkelbj","Jay Idzes","","546926","2000-06-01","Indonesia","Defender","Centre-Back",190,14000000,"first_team","cmuihqd7y00b9h29e7s5ob4n6","US Sassuolo","","",""
"cmuihw1de09e0sexpbbjozjsd","Josh Doig","","567129","2002-05-17","Scotland","Defender","Left-Back",189,4500000,"first_team","cmuihqd7y00b9h29e7s5ob4n6","US Sassuolo","","",""
"cmuo54e8a001gbpsm6mn6ivro","Kieron Bowie","","647280","2002-09-21","Scotland","Centre-Forward","Centre-Forward",,0,"first_team","cmuihqd7y00b9h29e7s5ob4n6","US Sassuolo","","",""
"cmuihw1dd09czsexprsf1p2mg","Kristian Thorstvedt","","564785","1999-03-12","Norway","Midfield","Central Midfield",189,12000000,"first_team","cmuihqd7y00b9h29e7s5ob4n6","US Sassuolo","","",""
"cmuihw24k0a6msexpdk8d0953","Laurs Skjellerup","","655207","2002-08-11","Denmark","Attack","Centre-Forward",195,150000,"first_team","cmuihqd7y00b9h29e7s5ob4n6","US Sassuolo","","",""
"cmuihw4rc0cvgsexpbscg0e6q","Lorenzo Nyarko","","1168024","2007-10-19","Italy","Goalkeeper","Goalkeeper",,100000,"first_team","cmuihqd7y00b9h29e7s5ob4n6","US Sassuolo","","",""
"cmuihw2pv0aqysexpgfy3xf34","Luca Lipani","","724106","2005-05-17","Italy","Midfield","Defensive Midfield",185,7500000,"first_team","cmuihqd7y00b9h29e7s5ob4n6","US Sassuolo","","",""
"cmuihvvss02pysexpac9sxpbc","Nemanja Matić","","74683","1988-07-31","Serbia","Midfield","Defensive Midfield",194,1600000,"first_team","cmuihqd7y00b9h29e7s5ob4n6","US Sassuolo","","",""
"cmuihvzvs07eksexp3e9ptzhv","Nicholas Pierini","","372720","1998-08-05","Italy","Attack","Right Winger",176,750000,"first_team","cmuihqd7y00b9h29e7s5ob4n6","US Sassuolo","","",""
"cmuihw24h0a43sexp6komzqjb","Rafa Obrador","","646747","2004-02-23","Spain","Defender","Left-Back",181,5000000,"first_team","cmuihqd7y00b9h29e7s5ob4n6","US Sassuolo","","",""
"cmuihvzb8070ssexperbxg4un","Sebastian Walukiewicz","","345458","2000-04-04","Poland","Defender","Right-Back",188,5000000,"first_team","cmuihqd7y00b9h29e7s5ob4n6","US Sassuolo","","",""
"cmuihw1cs0946sexpp9ko6352","Sebastiano Esposito","","538918","2002-07-01","Italy","Attack","Second Striker",183,15000000,"first_team","cmuihqd7y00b9h29e7s5ob4n6","US Sassuolo","","",""
"cmuihw3f20bobsexpqmgzywj0","Simone Cinquegrano","","919669","2004-06-24","Italy","Midfield","Right Midfield",192,0,"first_team","cmuihqd7y00b9h29e7s5ob4n6","US Sassuolo","","",""
"cmuihw1cw096qsexpa5qmeeti","Stefano Turati","","543666","2001-09-04","Italy","Goalkeeper","Goalkeeper",188,3000000,"first_team","cmuihqd7y00b9h29e7s5ob4n6","US Sassuolo","","",""
"cmuihw3fd0bwqsexps7i1o1wh","Vasilije Adžić","","944570","2006-05-11","Montenegro","Midfield","Attacking Midfield",185,8000000,"first_team","cmuihqd7y00b9h29e7s5ob4n6","US Sassuolo","","",""
"cmuihw24k0a6rsexphkhju5ds","Yeferson Paz","","655525","2002-06-12","Colombia","Defender","Right-Back",176,500000,"first_team","cmuihqd7y00b9h29e7s5ob4n6","US Sassuolo","","",""
"cmuihw4st0d7ysexpnrgqocik","Aaron Mayol","","1515724","2008-03-02","Spain","Midfield","Central Midfield",,50000,"first_team","cmuihnufg000xb23fs4poj6rc","Valencia CF","","",""
"cmuo50ugn000rgffhrtrc323k","Aliou Dieng","","410427","1997-10-16","Mali","Defensive Midfield","Defensive Midfield",,3000000,"first_team","cmuihnufg000xb23fs4poj6rc","Valencia CF","","",""
"cmuihw3eh0b8vsexpv4byma8i","Arnau Martínez","","826224","2003-04-24","Spain","Defender","Right-Back",182,10000000,"first_team","cmuihnufg000xb23fs4poj6rc","Valencia CF","","",""
"cmuihvzbi0775sexpl3qib42l","Arnaut Danjuma","","355861","1997-01-30","Netherlands","Attack","Left Winger",178,3000000,"first_team","cmuihnufg000xb23fs4poj6rc","Valencia CF","","",""
"cmuihw2pp0alpsexp3uo5bml3","César Tárrega","","707274","2002-02-25","Spain","Defender","Centre-Back",194,9000000,"first_team","cmuihnufg000xb23fs4poj6rc","Valencia CF","","",""
"cmuihvzwc07s4sexpa8350dq2","Cristian Rivero","","398131","1998-03-20","Spain","Goalkeeper","Goalkeeper",188,100000,"first_team","cmuihnufg000xb23fs4poj6rc","Valencia CF","","",""
"cmuihvzwn07yrsexpn9hn5w5c","Dani Raba","","413262","1995-10-28","Spain","Attack","Second Striker",185,1200000,"first_team","cmuihnufg000xb23fs4poj6rc","Valencia CF","","",""
"cmuihw43s0c98sexp85in4hhh","David Otorbi","","1009766","2007-10-15","Spain","Attack","Right Winger",180,500000,"first_team","cmuihnufg000xb23fs4poj6rc","Valencia CF","","",""
"cmuihw24509udsexp8x3q8p2f","Diego López","","617081","2002-05-12","Spain","Attack","Right Winger",172,9000000,"first_team","cmuihnufg000xb23fs4poj6rc","Valencia CF","","",""
"cmuihvxfl04ajsexpr3pz3rc6","Dimitri Foulquier","","170472","1993-03-22","Guadeloupe","Defender","Right-Back",183,900000,"first_team","cmuihnufg000xb23fs4poj6rc","Valencia CF","","",""
"cmuo50ulb000tgffh6vyrgy4t","Filip Ugrinic","","394236","1999-01-05","Switzerland","Central Midfield","Central Midfield",,6000000,"first_team","cmuihnufg000xb23fs4poj6rc","Valencia CF","","",""
"cmuihvzb606yysexpzmx10r9i","Guido Rodríguez","","342385","1994-04-11","Argentina","Midfield","Defensive Midfield",185,4000000,"first_team","cmuihnufg000xb23fs4poj6rc","Valencia CF","","",""
"cmuihw1dd09ddsexp91i1kapk","Harvey Elliott","","565822","2003-04-03","England","Midfield","Attacking Midfield",170,20000000,"on_loan","cmuihnufg000xb23fs4poj6rc","Valencia CF","cmuihq5k0006zh29erp4cykkk","Liverpool FC","2027-06-30"
"cmuihw1dm09gosexpsudpd1xg","Hugo Duro","","573775","1999-11-09","Spain","Attack","Centre-Forward",177,12000000,"first_team","cmuihnufg000xb23fs4poj6rc","Valencia CF","","",""
"cmuihw3ei0b9vsexpjpg28rru","Iker Córdoba","","834463","2005-11-10","Spain","Defender","Centre-Back",190,500000,"first_team","cmuihnufg000xb23fs4poj6rc","Valencia CF","","",""
"cmuihw3ei0babsexpbnwrtqmh","Javi Guerra","","834764","2003-05-12","Spain","Midfield","Central Midfield",187,25000000,"first_team","cmuihnufg000xb23fs4poj6rc","Valencia CF","","",""
"cmuihw24709wisexpdozfqsd4","Jesús Vázquez","","623024","2003-01-01","Spain","Defender","Left-Back",182,4000000,"first_team","cmuihnufg000xb23fs4poj6rc","Valencia CF","","",""
"cmuihw1bi08xjsexpk03gyvsk","José Copete","","520840","1999-10-09","Spain","Defender","Centre-Back",190,5000000,"first_team","cmuihnufg000xb23fs4poj6rc","Valencia CF","","",""
"cmuihvy5y054asexp3udj2mx5","José Gayà","","221322","1995-05-24","Spain","Defender","Left-Back",172,4000000,"first_team","cmuihnufg000xb23fs4poj6rc","Valencia CF","","",""
"cmuihvzws0811sexpmjwczaat","Justin de Haas","","420196","2000-01-31","Netherlands","Defender","Centre-Back",194,7000000,"first_team","cmuihnufg000xb23fs4poj6rc","Valencia CF","","",""
"cmuihw2q90b0rsexp1u4h4v32","Kayne van Oevelen","","790669","2003-08-06","Netherlands","Goalkeeper","Goalkeeper",199,2000000,"first_team","cmuihnufg000xb23fs4poj6rc","Valencia CF","","",""
"cmuihvyqp0608sexpdiuerc54","Luis Rioja","","278837","1993-10-15","Spain","Attack","Right Winger",176,1800000,"first_team","cmuihnufg000xb23fs4poj6rc","Valencia CF","","",""
"cmuihvzb80718sexpjoa19mh2","Mouctar Diakhaby","","346289","1996-12-18","Guinea","Defender","Centre-Back",192,1500000,"first_team","cmuihnufg000xb23fs4poj6rc","Valencia CF","","",""
"cmuihvy6k05mrsexprr7q1nma","Pablo Maffeo","","251876","1997-07-11","Argentina","Defender","Right-Back",172,3000000,"first_team","cmuihnufg000xb23fs4poj6rc","Valencia CF","","",""
"cmuihvzap06oesexp72uy5fqw","Pepelu","","328480","1998-08-10","Spain","Midfield","Defensive Midfield",186,8000000,"first_team","cmuihnufg000xb23fs4poj6rc","Valencia CF","","",""
"cmuo50uuo000vgffhkuiob1v1","Ryunosuke Sato","","948169","2006-10-16","Japan","Left Winger","Left Winger",,2000000,"first_team","cmuihnufg000xb23fs4poj6rc","Valencia CF","","",""
"cmuihvy6k05mosexp2bnvlutp","Sergi Canós","","251845","1997-02-01","Spain","Attack","Left Winger",177,2500000,"first_team","cmuihnufg000xb23fs4poj6rc","Valencia CF","","",""
"cmuihvwsb047osexp1vx80btj","Stole Dimitrievski","","165467","1993-12-24","North Macedonia","Goalkeeper","Goalkeeper",188,2000000,"first_team","cmuihnufg000xb23fs4poj6rc","Valencia CF","","",""
"cmuihvzay06tvsexpqgyg115x","Umar Sadiq","","337715","1997-02-01","Nigeria","Attack","Centre-Forward",191,4000000,"first_team","cmuihnufg000xb23fs4poj6rc","Valencia CF","","",""
"cmuihw24109qwsexpx39ia496","Akor Adams","","607034","2000-01-28","Nigeria","Attack","Centre-Forward",190,15000000,"first_team","cmuihqc8e00arh29e87zakfd6","Venezia FC","","",""
"cmuo54o92003kbpsmwxb8vzdy","Albion Rrahmani","","903706","2000-08-31","Kosovo; Albania","Centre-Forward","Centre-Forward",,7000000,"first_team","cmuihqc8e00arh29e87zakfd6","Venezia FC","","",""
"cmuo54nm80036bpsmos3w1i6i","Ale Gomes","","1371198","2008-02-14","Spain; Cape Verde","Centre-Back","Centre-Back",,0,"first_team","cmuihqc8e00arh29e87zakfd6","Venezia FC","","",""
"cmuo54ncj0030bpsm83aucu9b","Alessio Pozzi","","494805","2000-12-14","Italy","Goalkeeper","Goalkeeper",,400000,"first_team","cmuihqc8e00arh29e87zakfd6","Venezia FC","","",""
"cmuihvxfx04iksexpzmnlgivz","Alfred Duncan","","184894","1993-03-09","Ghana","Midfield","Central Midfield",178,4000000,"first_team","cmuihqc8e00arh29e87zakfd6","Venezia FC","","",""
"cmuihvzbm07b9sexpirsl0nhd","Andrea Adorante","","364206","2000-02-04","Italy","Attack","Centre-Forward",184,200000,"first_team","cmuihqc8e00arh29e87zakfd6","Venezia FC","","",""
"cmuihw3f10bnwsexp4xyn2ahc","Antoine Hainaut","","917375","2002-02-17","France","Defender","Right-Back",187,1700000,"first_team","cmuihqc8e00arh29e87zakfd6","Venezia FC","","",""
"cmuihw0jq08hlsexplr857eaw","Armel Bella-Kotchap","","467563","2001-12-10","Germany","Defender","Centre-Back",190,7000000,"first_team","cmuihqc8e00arh29e87zakfd6","Venezia FC","","",""
"cmuo54npc0038bpsm7lfwv3ge","Bartol Franjic","","370998","2000-01-14","Croatia","Centre-Back","Centre-Back",,1000000,"first_team","cmuihqc8e00arh29e87zakfd6","Venezia FC","","",""
"cmuihw1d50998sexpfsxfmlo4","Filip Stanković","","552223","2002-02-24","Serbia","Goalkeeper","Goalkeeper",187,5000000,"first_team","cmuihqc8e00arh29e87zakfd6","Venezia FC","","",""
"cmuihw0ka08tfsexpl2nxepwk","Gianluca Busio","","504209","2002-05-27","United States","Midfield","Central Midfield",172,5500000,"first_team","cmuihqc8e00arh29e87zakfd6","Venezia FC","","",""
"cmuo54nfo0032bpsm7gjza5gn","Joël Schingtienne","","707809","2002-08-14","Belgium; DR Congo","Centre-Back","Centre-Back",,5000000,"first_team","cmuihqc8e00arh29e87zakfd6","Venezia FC","","",""
"cmuihw0j3087dsexphqj28w1k","John Yeboah","","439914","2000-06-22","Ecuador","Attack","Second Striker",170,1500000,"first_team","cmuihqc8e00arh29e87zakfd6","Venezia FC","","",""
"cmuihvwrc03hjsexpn3we2v9x","Juan Jesus","","121985","1991-06-09","Brazil","Defender","Centre-Back",185,1500000,"first_team","cmuihqc8e00arh29e87zakfd6","Venezia FC","","",""
"cmuihw1br08zrsexp95qvf41g","Kike Pérez","","527698","1997-02-13","Spain","Midfield","Central Midfield",184,2200000,"first_team","cmuihqc8e00arh29e87zakfd6","Venezia FC","","",""
"cmuo54o5p003ibpsmko9kohik","Kornel Lisman","","1148082","2006-02-20","Poland","Left Winger","Left Winger",,0,"first_team","cmuihqc8e00arh29e87zakfd6","Venezia FC","","",""
"cmuo54nz4003ebpsmsjmcd6oz","Lamine Fanne","","1126888","2004-01-30","Spain; Senegal","Central Midfield","Central Midfield",,1600000,"first_team","cmuihqc8e00arh29e87zakfd6","Venezia FC","","",""
"cmuo54obw003mbpsmeq4z06ek","Lion Lauberbach","","307800","1998-02-15","Germany","Centre-Forward","Centre-Forward",,2500000,"first_team","cmuihqc8e00arh29e87zakfd6","Venezia FC","","",""
"cmuo54o2c003gbpsmtm2rffyg","Lorenzo Berardi","","1130743","2006-04-05","Italy; France","Central Midfield","Central Midfield",,0,"first_team","cmuihqc8e00arh29e87zakfd6","Venezia FC","","",""
"cmuihvy6e05hbsexpj8cmv5n2","Lorenzo Montipò","","241923","1996-02-19","Italy","Goalkeeper","Goalkeeper",191,1200000,"first_team","cmuihqc8e00arh29e87zakfd6","Venezia FC","","",""
"cmuihvyqr061rsexpgih2lc0x","Marin Šverko","","282169","1998-02-03","Croatia","Defender","Centre-Back",187,400000,"first_team","cmuihqc8e00arh29e87zakfd6","Venezia FC","","",""
"cmuihw4r50ctfsexp8e9s39ki","Matías Moreno","","1144700","2003-09-23","Argentina","Defender","Centre-Back",193,6000000,"first_team","cmuihqc8e00arh29e87zakfd6","Venezia FC","","",""
"cmuo54nvs003cbpsmi2k2u3jk","Matteo Dagasso","","744621","2004-04-01","Italy","Central Midfield","Central Midfield",,3500000,"first_team","cmuihqc8e00arh29e87zakfd6","Venezia FC","","",""
"cmuihvws1040dsexp8hkqjs8s","Matteo Grandi","","155038","1992-10-11","Italy","Goalkeeper","Goalkeeper",190,75000,"first_team","cmuihqc8e00arh29e87zakfd6","Venezia FC","","",""
"cmuihvy6j05lusexpyt6fc9dd","Pasquale Mazzocchi","","250153","1995-07-26","Italy","Defender","Right-Back",183,1500000,"first_team","cmuihqc8e00arh29e87zakfd6","Venezia FC","","",""
"cmuo54nj10034bpsmt4d3bjbz","Redouane Halhal","","913660","2003-03-05","Morocco; France","Centre-Back","Centre-Back",,5000000,"first_team","cmuihqc8e00arh29e87zakfd6","Venezia FC","","",""
"cmuihw24k0a6hsexpnab341nk","Richie Sagrado","","655009","2004-01-29","Belgium","Defender","Right-Back",185,2000000,"first_team","cmuihqc8e00arh29e87zakfd6","Venezia FC","","",""
"cmuihvy620582sexp64xh8aap","Ridgeciano Haps","","228444","1993-06-11","Suriname","Defender","Left-Back",175,900000,"first_team","cmuihqc8e00arh29e87zakfd6","Venezia FC","","",""
"cmuo54nsf003abpsmjb0m6o05","Rufai Mohammed","","1321938","2006-03-15","Ghana","Centre-Back","Centre-Back",,350000,"first_team","cmuihqc8e00arh29e87zakfd6","Venezia FC","","",""
"cmuihw0kd08ujsexpx8zntn6s","Simon Sohm","","507486","2001-04-10","Switzerland","Midfield","Central Midfield",188,8000000,"first_team","cmuihqc8e00arh29e87zakfd6","Venezia FC","","",""
"cmuihw0k508ohsexp5l7c6z1p","Simone Panada","","487836","2002-06-01","Italy","Midfield","Defensive Midfield",175,350000,"first_team","cmuihqc8e00arh29e87zakfd6","Venezia FC","","",""
"cmuihvzvo07casexpq3mry9bf","Thierry Correia","","367466","1999-03-08","Portugal","Defender","Right-Back",176,2500000,"first_team","cmuihqc8e00arh29e87zakfd6","Venezia FC","","",""
"cmuihw0k508p0sexpjpg6cnyw","Thórir Jóhann Helgason","","488996","2000-09-27","Iceland","Midfield","Central Midfield",187,1800000,"first_team","cmuihqc8e00arh29e87zakfd6","Venezia FC","","",""
"cmuihvzat06r9sexpsker1at0","Toma Bašić","","334835","1996-11-24","Croatia","Midfield","Central Midfield",190,3000000,"first_team","cmuihqc8e00arh29e87zakfd6","Venezia FC","","",""
"cmuihw4460cj5sexp902d0hgq","Toni Fernández","","1066206","2008-07-14","Spain","Midfield","Attacking Midfield",175,0,"first_team","cmuihqc8e00arh29e87zakfd6","Venezia FC","","",""
"cmuihw24609vusexpxjzer3v7","Ameen Al-Dakhil","","620598","2002-03-05","Belgium","Defender","Centre-Back",187,3000000,"first_team","cmuihqeq600c7h29ej46szm8f","VfB Stuttgart","","",""
"cmuihw0j4088dsexpao4pnubb","Angelo Stiller","","443710","2001-04-03","Germany","Midfield","Defensive Midfield",183,45000000,"first_team","cmuihqeq600c7h29ej46szm8f","VfB Stuttgart","","",""
"cmuihvy64059vsexpsjkk3j0a","Atakan Karazor","","232320","1996-10-12","Türkiye","Midfield","Defensive Midfield",191,8000000,"first_team","cmuihqeq600c7h29ej46szm8f","VfB Stuttgart","","",""
"cmuihw24k0a6esexphuqd9usj","Bilal El Khannouss","","654982","2004-05-09","Morocco","Midfield","Attacking Midfield",180,35000000,"first_team","cmuihqeq600c7h29ej46szm8f","VfB Stuttgart","","",""
"cmuihvyql05wwsexpb6bl0peq","Chris Führich","","272278","1998-01-08","Germany","Attack","Left Winger",181,12000000,"first_team","cmuihqeq600c7h29ej46szm8f","VfB Stuttgart","","",""
"cmuihvzb70704sexpy9cz3gm3","Dan-Axel Zagadou","","344598","1999-06-02","France","Defender","Centre-Back",196,2000000,"first_team","cmuihqeq600c7h29ej46szm8f","VfB Stuttgart","","",""
"cmuihvzb006uzsexp2t2h9yig","Deniz Undav","","339314","1996-07-18","Germany","Attack","Centre-Forward",179,22000000,"first_team","cmuihqeq600c7h29ej46szm8f","VfB Stuttgart","","",""
"cmuihw2qb0b23sexp72ueuajv","Dennis Seimen","","800946","2005-11-30","Germany","Goalkeeper","Goalkeeper",192,7000000,"first_team","cmuihqeq600c7h29ej46szm8f","VfB Stuttgart","","",""
"cmuihw3eg0b7rsexpb20x1hmi","Dzenan Pejcinovic","","819636","2005-02-14","Germany","Attack","Centre-Forward",190,15000000,"first_team","cmuihqeq600c7h29ej46szm8f","VfB Stuttgart","","",""
"cmuihvzau06rssexpixic16ak","Ermedin Demirovic","","335457","1998-03-24","Bosnia-Herzegovina","Attack","Centre-Forward",185,22000000,"first_team","cmuihqeq600c7h29ej46szm8f","VfB Stuttgart","","",""
"cmuo5a347000qitgyaqoj7xzd","Ertugrul Yigit","","1297520","2009-01-08","Germany; Türkiye","Central Midfield","Central Midfield",,750000,"first_team","cmuihqeq600c7h29ej46szm8f","VfB Stuttgart","","",""
"cmuihvxfz04krsexpk5k7xtif","Fabian Bredlow","","187624","1995-03-01","Germany","Goalkeeper","Goalkeeper",190,700000,"first_team","cmuihqeq600c7h29ej46szm8f","VfB Stuttgart","","",""
"cmuihw3f30bpasexpu4c74j8j","Finn Jeltsch","","924117","2006-07-16","Germany","Defender","Centre-Back",188,35000000,"first_team","cmuihqeq600c7h29ej46szm8f","VfB Stuttgart","","",""
"cmuihvy6505ahsexpt92cfw6b","Grischa Prömel","","234029","1995-01-08","Germany","Midfield","Central Midfield",184,3500000,"first_team","cmuihqeq600c7h29ej46szm8f","VfB Stuttgart","","",""
"cmuihw1bh08wusexpo5fohdn7","Jamie Leweling","","518505","2001-02-25","Germany","Attack","Right Winger",185,40000000,"first_team","cmuihqeq600c7h29ej46szm8f","VfB Stuttgart","","",""
"cmuihw43v0cbssexprtte3w82","Jarzinho Malanga","","1031774","2006-07-09","Germany","Attack","Left Winger",179,1700000,"first_team","cmuihqeq600c7h29ej46szm8f","VfB Stuttgart","","",""
"cmuihvyr706elsexpqsbbzgfr","Jeff Chabot","","303219","1998-02-11","Germany","Defender","Centre-Back",195,15000000,"first_team","cmuihqeq600c7h29ej46szm8f","VfB Stuttgart","","",""
"cmuihw0j6089esexpel7y2m5v","Josha Vagnoman","","448258","2000-12-10","Germany","Defender","Right-Back",190,10000000,"first_team","cmuihqeq600c7h29ej46szm8f","VfB Stuttgart","","",""
"cmuihw2pu0aq0sexp24i5a3y3","Justin Diehl","","720162","2004-11-26","Germany","Attack","Left Winger",174,1200000,"first_team","cmuihqeq600c7h29ej46szm8f","VfB Stuttgart","","",""
"cmuihw2pr0annsexpuovcjxtw","Leo Sauer","","710886","2005-12-15","Slovakia","Attack","Left Winger",184,7000000,"first_team","cmuihqeq600c7h29ej46szm8f","VfB Stuttgart","","",""
"cmuihw0kd08uisexpoam2mno7","Leonidas Stergiou","","507345","2002-03-02","Switzerland","Defender","Right-Back",181,2500000,"first_team","cmuihqeq600c7h29ej46szm8f","VfB Stuttgart","","",""
"cmuihw2ps0ao4sexp8vlktwfv","Lorenz Assignon","","711969","2000-06-21","France","Defender","Right-Back",181,9000000,"first_team","cmuihqeq600c7h29ej46szm8f","VfB Stuttgart","","",""
"cmuihw1ct094zsexpko9ly71o","Luca Jaquez","","539798","2003-06-01","Switzerland","Defender","Centre-Back",187,10000000,"first_team","cmuihqeq600c7h29ej46szm8f","VfB Stuttgart","","",""
"cmuihvxfl04atsexpn0kvw2gz","Marius Funk","","170517","1995-12-31","Germany","Goalkeeper","Goalkeeper",187,250000,"first_team","cmuihqeq600c7h29ej46szm8f","VfB Stuttgart","","",""
"cmuihvyqr0627sexphivdj7if","Maximilian Mittelstädt","","282660","1997-03-17","Germany","Defender","Left-Back",180,18000000,"first_team","cmuihqeq600c7h29ej46szm8f","VfB Stuttgart","","",""
"cmuihvzwe07sxsexp9ayje7ca","Nikolas Nartey","","400546","2000-02-21","Denmark","Midfield","Central Midfield",186,10000000,"first_team","cmuihqeq600c7h29ej46szm8f","VfB Stuttgart","","",""
"cmuihw0j2086zsexpiyz96pnr","Ramon Hendriks","","436064","2001-07-17","Netherlands","Defender","Centre-Back",189,25000000,"first_team","cmuihqeq600c7h29ej46szm8f","VfB Stuttgart","","",""
"cmuihvzw007kmsexprziibk0z","Stefan Drljaca","","388067","1999-04-19","Germany","Goalkeeper","Goalkeeper",192,300000,"first_team","cmuihqeq600c7h29ej46szm8f","VfB Stuttgart","","",""
"cmuihw24409u3sexp400gidul","Tiago Tomás","","616344","2002-06-15","Portugal","Attack","Right Winger",180,15000000,"first_team","cmuihqeq600c7h29ej46szm8f","VfB Stuttgart","","",""
"cmuihw43e0bzrsexpyvvbg9wv","Yanik Spalt","","960462","2007-09-02","Austria","Midfield","Central Midfield",184,750000,"first_team","cmuihqeq600c7h29ej46szm8f","VfB Stuttgart","","",""
"cmuihvxg104m4sexpu6ey2hwo","Gerrit Holtmann","","190289","1995-03-24","Philippines","Attack","Left Winger",185,700000,"first_team","cmuihqf5000cbh29enupp7oel","VfL Bochum","","",""
"cmuihw43g0c17sexpf2ktzlt4","Mathis Clairicia","","969153","2002-08-29","France","Attack","Centre-Forward",188,400000,"first_team","cmuihqf5000cbh29enupp7oel","VfL Bochum","","",""
"cmuihw2q90b0ksexpks9rqani","Bence Dárdai","","789252","2006-01-23","Hungary","Midfield","Attacking Midfield",189,5000000,"first_team","cmuihqf7s00chh29ehfr98rx6","VfL Wolfsburg","","",""
"cmuihvzvp07d1sexpckoll2r4","Joakim Maehle","","369674","1997-05-19","Denmark","Defender","Left-Back",185,7000000,"first_team","cmuihqf7s00chh29ehfr98rx6","VfL Wolfsburg","","",""
"cmuihw0j2086vsexpuvf8t6b2","Kilian Fischer","","435796","2000-10-11","Germany","Defender","Right-Back",182,4000000,"first_team","cmuihqf7s00chh29ehfr98rx6","VfL Wolfsburg","","",""
"cmuihvzw007k4sexppf5orv5h","Lovro Majer","","387106","1998-01-16","Croatia","Midfield","Attacking Midfield",178,8000000,"first_team","cmuihqf7s00chh29ehfr98rx6","VfL Wolfsburg","","",""
"cmuihvvyh03eqsexpxu5uokef","Marius Müller","","118161","1993-07-11","Germany","Goalkeeper","Goalkeeper",192,700000,"first_team","cmuihqf7s00chh29ehfr98rx6","VfL Wolfsburg","","",""
"cmuihvzb606yzsexp3lb0aiuj","Mattias Svanberg","","342405","1999-01-04","Sweden","Midfield","Central Midfield",186,8000000,"first_team","cmuihqf7s00chh29ehfr98rx6","VfL Wolfsburg","","",""
"cmuihvvyh03eksexpza2d7739","Maximilian Arnold","","117674","1994-05-26","Germany","Midfield","Central Midfield",184,3000000,"first_team","cmuihqf7s00chh29ehfr98rx6","VfL Wolfsburg","","",""
"cmuihvuxe022nsexp6wtaeh57","Pavao Pervan","","51977","1987-11-12","Austria","Goalkeeper","Goalkeeper",194,300000,"first_team","cmuihqf7s00chh29ehfr98rx6","VfL Wolfsburg","","",""
"cmuihvzwf07tesexp9tsqnpou","Rogério","","401527","1998-01-12","Brazil","Defender","Left-Back",178,1000000,"first_team","cmuihqf7s00chh29ehfr98rx6","VfL Wolfsburg","","",""
"cmuihvvyk03fusexpxlimzn0c","Yannick Gerhardt","","119277","1994-03-12","Germany","Midfield","Central Midfield",184,1800000,"first_team","cmuihqf7s00chh29ehfr98rx6","VfL Wolfsburg","","",""
"cmuihw4rp0d21sexpelgrx39w","Alassane Diatta","","1249340","2005-05-13","Senegal","Midfield","Central Midfield",190,700000,"first_team","cmuihnwfv0011b23f8wv3zc51","Villarreal CF","","",""
"cmuihw2px0at6sexp2k7pt10m","Alberto Moleiro","","733576","2003-09-29","Spain","Attack","Left Winger",171,50000000,"first_team","cmuihnwfv0011b23f8wv3zc51","Villarreal CF","","",""
"cmuihw43j0c4dsexpgwj4cnxj","Alex Freeman","","985806","2004-08-08","United States","Defender","Right-Back",188,3500000,"first_team","cmuihnwfv0011b23f8wv3zc51","Villarreal CF","","",""
"cmuihvy6h05k8sexpbch7o5ga","Ayoze Pérez","","246968","1993-07-28","Spain","Attack","Centre-Forward",178,5000000,"first_team","cmuihnwfv0011b23f8wv3zc51","Villarreal CF","","",""
"cmuihw4st0d7hsexpanrrvwze","Carlos Macià","","1453066","2008-08-31","Spain","Midfield","Central Midfield",190,3000000,"first_team","cmuihnwfv0011b23f8wv3zc51","Villarreal CF","","",""
"cmuihw2pq0amqsexpzfrq163s","Carlos Romero","","709372","2001-10-28","Spain","Defender","Left-Back",174,25000000,"first_team","cmuihnwfv0011b23f8wv3zc51","Villarreal CF","","",""
"cmuihw2pw0ascsexpzjqr5c2t","Georges Mikautadze","","729814","2000-10-30","Georgia","Attack","Centre-Forward",176,30000000,"first_team","cmuihnwfv0011b23f8wv3zc51","Villarreal CF","","",""
"cmuihvxfp04e6sexp5fenfli1","Gerard Moreno","","177467","1992-04-06","Spain","Attack","Centre-Forward",180,2500000,"first_team","cmuihnwfv0011b23f8wv3zc51","Villarreal CF","","",""
"cmuihw2pr0an3sexpy72mvjgo","Ilias Akhomach","","709969","2004-04-15","Morocco","Attack","Right Winger",175,12000000,"first_team","cmuihnwfv0011b23f8wv3zc51","Villarreal CF","","",""
"cmuihw0k108lysexpks70j8hn","Juan Foyth","","480763","1998-01-11","Argentina","Defender","Centre-Back",187,8000000,"first_team","cmuihnwfv0011b23f8wv3zc51","Villarreal CF","","",""
"cmuihw0k308n5sexpeldo5fod","Logan Costa","","484988","2001-03-31","Cape Verde","Defender","Centre-Back",190,15000000,"first_team","cmuihnwfv0011b23f8wv3zc51","Villarreal CF","","",""
"cmuihw2ps0aobsexpgeiyqq0i","Luiz Júnior","","712107","2001-01-13","Brazil","Goalkeeper","Goalkeeper",192,12000000,"first_team","cmuihnwfv0011b23f8wv3zc51","Villarreal CF","","",""
"cmuo50c6d0009gffhq9xlhjib","Nathan Saliba","","842420","2004-02-07","Canada; Haiti","Central Midfield","Central Midfield",,10000000,"first_team","cmuihnwfv0011b23f8wv3zc51","Villarreal CF","","",""
"cmuihvzb606zasexp3nzs8nnj","Nicolas Pépé","","343052","1995-05-28","Cote d'Ivoire","Attack","Right Winger",183,6000000,"first_team","cmuihnwfv0011b23f8wv3zc51","Villarreal CF","","",""
"cmuihw0k408npsexptbsjgt9f","Pape Gueye","","485963","1999-01-23","Senegal","Midfield","Central Midfield",189,40000000,"first_team","cmuihnwfv0011b23f8wv3zc51","Villarreal CF","","",""
"cmuihw4420chbsexpj44wevco","Pau Navarro","","1061336","2005-04-24","Spain","Defender","Centre-Back",185,15000000,"first_team","cmuihnwfv0011b23f8wv3zc51","Villarreal CF","","",""
"cmuihvuxr028ysexpnlk3f45l","Péter Gulácsi","","57071","1990-05-05","Hungary","Goalkeeper","Goalkeeper",193,1000000,"first_team","cmuihnwfv0011b23f8wv3zc51","Villarreal CF","","",""
"cmuihw2qc0b3csexp6shhyll0","Renato Veiga","","805714","2003-07-28","Portugal","Defender","Centre-Back",188,25000000,"first_team","cmuihnwfv0011b23f8wv3zc51","Villarreal CF","","",""
"cmuihw2pq0amosexp9npscapv","Rubén Gómez","","709336","2002-01-23","Spain","Goalkeeper","Goalkeeper",185,400000,"first_team","cmuihnwfv0011b23f8wv3zc51","Villarreal CF","","",""
"cmuihvzvw07hjsexp2ay9w3h4","Santi Comesaña","","380598","1996-10-04","Spain","Midfield","Central Midfield",188,8000000,"first_team","cmuihnwfv0011b23f8wv3zc51","Villarreal CF","","",""
"cmuihw43c0bymsexpq2c5kakg","Santiago Mouriño","","953901","2002-02-12","Uruguay","Defender","Right-Back",186,20000000,"first_team","cmuihnwfv0011b23f8wv3zc51","Villarreal CF","","",""
"cmuihw24u0adusexpp7dt8ibq","Sergi Cardona","","678406","1999-07-07","Spain","Defender","Left-Back",186,9000000,"first_team","cmuihnwfv0011b23f8wv3zc51","Villarreal CF","","",""
"cmuihw24f0a26sexpsp0hwxnl","Tajon Buchanan","","638793","1999-02-07","Canada","Attack","Right Winger",183,12000000,"first_team","cmuihnwfv0011b23f8wv3zc51","Villarreal CF","","",""
"cmuihw43g0c1nsexpsk6vlbxb","Tani Oluwaseyi","","972465","2000-05-14","Canada","Attack","Centre-Forward",187,7000000,"first_team","cmuihnwfv0011b23f8wv3zc51","Villarreal CF","","",""
"cmuihw2qd0b48sexpsdb74yv3","Ahmed Sidibé","","808477","2002-02-09","France","Midfield","Central Midfield",189,100000,"first_team","cmuihq2b80059h29ezwhg3ewt","Vitória Guimarães SC","","",""
"cmuihw0ip0842sexpwi7o5u90","Alan","","428786","2000-03-07","Brazil","Midfield","Attacking Midfield",165,5000000,"first_team","cmuihq2b80059h29ezwhg3ewt","Vitória Guimarães SC","","",""
"cmuihw2qd0b3usexpi26qwlk3","Alioune Ndoye","","807124","2001-10-04","Senegal","Attack","Centre-Forward",191,1000000,"first_team","cmuihq2b80059h29ezwhg3ewt","Vitória Guimarães SC","","",""
"cmuo5fgul001h13o51eciyfi8","Arnel Jakupovic","","268426","1998-05-29","Austria; Bosnia-Herzegovina","Centre-Forward","Centre-Forward",,800000,"first_team","cmuihq2b80059h29ezwhg3ewt","Vitória Guimarães SC","","",""
"cmuihw24o0a9vsexptycrd51p","Beni Mukendi","","666539","2002-05-20","Angola","Midfield","Central Midfield",180,4000000,"first_team","cmuihq2b80059h29ezwhg3ewt","Vitória Guimarães SC","","",""
"cmuihw24i0a4qsexp76rnmkoq","Fabio Blanco","","648909","2004-02-17","Spain","Attack","Left Winger",173,800000,"first_team","cmuihq2b80059h29ezwhg3ewt","Vitória Guimarães SC","","",""
"cmuihw4rw0d5gsexpkwisjq6o","Francisco Dias","","1335120","2002-10-22","Portugal","Defender","Left-Back",178,200000,"first_team","cmuihq2b80059h29ezwhg3ewt","Vitória Guimarães SC","","",""
"cmuihw3es0bgpsexpkwnayyd4","Gonçalo Nogueira","","877140","2003-12-27","Portugal","Midfield","Central Midfield",185,4000000,"first_team","cmuihq2b80059h29ezwhg3ewt","Vitória Guimarães SC","","",""
"cmuihw43x0cdysexpljnhb5n0","Gustavo Silva","","1047860","1999-05-31","Brazil","Attack","Right Winger",180,4000000,"first_team","cmuihq2b80059h29ezwhg3ewt","Vitória Guimarães SC","","",""
"cmuihw2pf0aeysexpxallpu7u","João Mendes","","684348","2000-04-12","Portugal","Defender","Left-Back",179,2500000,"first_team","cmuihq2b80059h29ezwhg3ewt","Vitória Guimarães SC","","",""
"cmuihw24n0a93sexpnlju53xy","Juan Castillo","","662446","2003-01-12","Colombia","Goalkeeper","Goalkeeper",191,500000,"first_team","cmuihq2b80059h29ezwhg3ewt","Vitória Guimarães SC","","",""
"cmuihw3ei0b9ksexp2hwaf1av","Lohann Doucet","","830265","2002-09-13","Burkina Faso","Midfield","Defensive Midfield",180,700000,"first_team","cmuihq2b80059h29ezwhg3ewt","Vitória Guimarães SC","","",""
"cmuihw44a0cn2sexpk9ysfawr","Lucas Furtado","","1087843","2005-03-08","Brazil","Goalkeeper","Goalkeeper",197,100000,"first_team","cmuihq2b80059h29ezwhg3ewt","Vitória Guimarães SC","","",""
"cmuihw2pw0as8sexpg3v3dq7d","Maga","","729140","2002-11-15","Portugal","Defender","Right-Back",175,1500000,"first_team","cmuihq2b80059h29ezwhg3ewt","Vitória Guimarães SC","","",""
"cmuihw24q0abjsexpd41vp0lx","Marco Cruz","","670682","2004-02-22","Portugal","Midfield","Attacking Midfield",181,450000,"first_team","cmuihq2b80059h29ezwhg3ewt","Vitória Guimarães SC","","",""
"cmuihw43e0bzpsexpyfdusfwo","Matija Mitrović","","959979","2004-12-11","Serbia","Midfield","Central Midfield",182,2000000,"first_team","cmuihq2b80059h29ezwhg3ewt","Vitória Guimarães SC","","",""
"cmuihw4r20cslsexpaof6kl89","Miguel Nogueira","","1135545","2005-02-26","Portugal","Attack","Right Winger",182,1500000,"first_team","cmuihq2b80059h29ezwhg3ewt","Vitória Guimarães SC","","",""
"cmuo5ffsj001913o50qd2uqin","Oliwier Zych","","555074","2004-06-28","Poland","Goalkeeper","Goalkeeper",,2000000,"first_team","cmuihq2b80059h29ezwhg3ewt","Vitória Guimarães SC","","",""
"cmuihw3eu0biksexpw6l0mx3t","Óscar Rivas","","890557","2000-03-26","Spain","Defender","Centre-Back",193,1000000,"first_team","cmuihq2b80059h29ezwhg3ewt","Vitória Guimarães SC","","",""
"cmuihw43z0ceysexpbalmpydj","Oumar Camara","","1053206","2007-05-10","France","Attack","Left Winger",185,8000000,"first_team","cmuihq2b80059h29ezwhg3ewt","Vitória Guimarães SC","","",""
"cmuihw44c0cobsexpwb2tx7au","Patrick Ouotro","","1099652","2005-09-12","Cote d'Ivoire","Attack","Centre-Forward",182,300000,"first_team","cmuihq2b80059h29ezwhg3ewt","Vitória Guimarães SC","","",""
"cmuihw3ex0bl1sexp9104rnfs","Rica Rocha","","902869","2003-09-06","Portugal","Midfield","Defensive Midfield",182,200000,"first_team","cmuihq2b80059h29ezwhg3ewt","Vitória Guimarães SC","","",""
"cmuihvyr0069zsexpp46lea5q","Samu","","291939","1996-04-20","Portugal","Midfield","Attacking Midfield",170,2500000,"first_team","cmuihq2b80059h29ezwhg3ewt","Vitória Guimarães SC","","",""
"cmuo5fg2r001d13o51rd6m7qy","Santi Verdi","","1093061","2008-05-05","Portugal","Central Midfield","Central Midfield",,0,"first_team","cmuihq2b80059h29ezwhg3ewt","Vitória Guimarães SC","","",""
"cmuihw2q90b0wsexpbs4an1dr","Telmo Arcanjo","","791528","2001-06-20","Cape Verde","Attack","Right Winger",180,3000000,"first_team","cmuihq2b80059h29ezwhg3ewt","Vitória Guimarães SC","","",""
"cmuihw43j0c3wsexpcrmqxzk9","Thiago Balieiro","","984093","2003-02-22","Brazil","Defender","Centre-Back",190,1000000,"first_team","cmuihq2b80059h29ezwhg3ewt","Vitória Guimarães SC","","",""
"cmuihvzwa07qwsexpa5t8qlt1","Toni Borevković","","396342","1997-06-17","Croatia","Defender","Centre-Back",193,2000000,"first_team","cmuihq2b80059h29ezwhg3ewt","Vitória Guimarães SC","","",""
"cmuihw43q0c81sexpfdhas64z","Tony Strata","","1004681","2004-09-06","Romania","Defender","Right-Back",177,2000000,"first_team","cmuihq2b80059h29ezwhg3ewt","Vitória Guimarães SC","","",""
"cmuo5fga5001f13o59215ue57","Victor Andersson","","989508","2004-10-22","Sweden; Guatemala","Left Winger","Left Winger",,0,"first_team","cmuihq2b80059h29ezwhg3ewt","Vitória Guimarães SC","","",""
"cmuo5ffxx001b13o5geuj0023","Yeimar Mosquera","","1163638","2005-02-06","Colombia","Centre-Back","Centre-Back",,0,"first_team","cmuihq2b80059h29ezwhg3ewt","Vitória Guimarães SC","","",""
"cmuihvzw107lrsexpbxw9od87","Trevor Doornbusch","","390814","1999-07-05","Curacao","Goalkeeper","Goalkeeper",188,100000,"first_team","cmuihpz8h003hh29evecsjr85","VVV-Venlo","","",""
"cmuihw0k408o0sexpwtw3rg4s","Edo Kayembe","","486477","1998-06-02","DR Congo","Midfield","Central Midfield",183,4000000,"first_team","cmuihnlvh000hb23fzna6vhfo","Watford FC","","",""
"cmuihw24n0a8ssexpi4mm1srk","Hector Kyprianou","","661253","2001-05-26","Cyprus","Midfield","Defensive Midfield",189,1500000,"first_team","cmuihnlvh000hb23fzna6vhfo","Watford FC","","",""
"cmuihw0k908sqsexptqz8vayq","Jeremy Ngakia","","503795","2000-09-06","DR Congo","Defender","Right-Back",184,2200000,"first_team","cmuihnlvh000hb23fzna6vhfo","Watford FC","","",""
"cmuihw2pz0aujsexpol224hu9","Rocco Vata","","741229","2005-04-17","Ireland","Attack","Left Winger",184,1800000,"first_team","cmuihnlvh000hb23fzna6vhfo","Watford FC","","",""
"cmuihw0j0086jsexpykvs9i94","Callum Styles","","435062","2000-03-26","Hungary","Defender","Left-Back",167,3000000,"first_team","cmuihqguc00d9h29erhgt5ztp","West Bromwich Albion","","",""
"cmuihw24309swsexpzqni361a","Isaac Price","","612749","2003-09-25","Northern Ireland","Midfield","Central Midfield",188,12000000,"first_team","cmuihqguc00d9h29erhgt5ztp","West Bromwich Albion","","",""
"cmuihvzbj0786sexpmkplf8ga","Jayson Molumby","","357656","1999-08-05","Ireland","Midfield","Central Midfield",176,3500000,"first_team","cmuihqguc00d9h29erhgt5ztp","West Bromwich Albion","","",""
"cmuihvyr506cosexpuzijvo5b","Mikey Johnston","","297257","1999-04-18","Ireland","Attack","Left Winger",176,4000000,"first_team","cmuihqguc00d9h29erhgt5ztp","West Bromwich Albion","","",""
"cmuihw2qb0b2isexpzdoang6n","Tammer Bany","","801989","2003-10-18","Jordan","Attack","Centre-Forward",181,250000,"first_team","cmuihqguc00d9h29erhgt5ztp","West Bromwich Albion","","",""
"cmuihvwrb03gqsexpddane82y","Alphonse Areola","","120629","1993-02-26","France","Goalkeeper","Goalkeeper",195,4000000,"first_team","cmuihq7mj0089h29e0q3gm3nk","West Ham United","","",""
"cmuihw0ju08jssexp75i0sgy6","Crysencio Summerville","","474701","2001-10-29","Netherlands","Attack","Left Winger",172,35000000,"first_team","cmuihq7mj0089h29e0q3gm3nk","West Ham United","","",""
"cmuihw44d0cp8sexpkjcea9hv","Ezra Mayers","","1107726","2007-01-15","England","Defender","Centre-Back",183,2000000,"first_team","cmuihq7mj0089h29e0q3gm3nk","West Ham United","","",""
"cmuihw2pi0ahvsexpktghwf4t","George Earthy","","697280","2004-09-04","England","Midfield","Attacking Midfield",180,1000000,"first_team","cmuihq7mj0089h29e0q3gm3nk","West Ham United","","",""
"cmuihvyrb06i8sexpyrb45dpn","Jarrod Bowen","","314875","1996-12-19","England","Attack","Right Winger",176,30000000,"first_team","cmuihq7mj0089h29e0q3gm3nk","West Ham United","","",""
"cmuihvzvp07d5sexpj8xf70p9","Joël Piroe","","369962","1999-08-01","Suriname","Attack","Centre-Forward",185,10000000,"on_loan","cmuihq7mj0089h29e0q3gm3nk","West Ham United","cmuihq8hv008ph29ejwdrv7xd","Leeds United","2027-06-30"
"cmuihvzbb0746sexph6kh7tq2","Kalvin Phillips","","351749","1995-12-01","England","Midfield","Defensive Midfield",179,2500000,"first_team","cmuihq7mj0089h29e0q3gm3nk","West Ham United","","",""
"cmuihvzwn07zgsexp9x7eu68j","Konstantinos Mavropanos","","415912","1997-12-10","Greece","Defender","Centre-Back",194,18000000,"first_team","cmuihq7mj0089h29e0q3gm3nk","West Ham United","","",""
"cmuihw1bq08yzsexpm6s9du0n","Maximilian Kilman","","525247","1997-05-22","England","Defender","Centre-Back",194,13000000,"first_team","cmuihq7mj0089h29e0q3gm3nk","West Ham United","","",""
"cmuihw24s0ad3sexp360xfzfm","Morato","","673492","2001-06-29","Brazil","Defender","Centre-Back",192,14000000,"on_loan","cmuihq7mj0089h29e0q3gm3nk","West Ham United","cmuihqdq000bkh29et7iwzrfd","Nottingham Forest","2027-06-30"
"cmuihw3f20bousexp767vmh3o","Oliver Scarles","","922563","2005-12-11","England","Defender","Left-Back",180,10000000,"first_team","cmuihq7mj0089h29e0q3gm3nk","West Ham United","","",""
"cmuihvyqs0633sexpyuzjkxxc","Tomáš Souček","","283628","1995-02-26","Czech Republic","Midfield","Defensive Midfield",192,10000000,"first_team","cmuihq7mj0089h29e0q3gm3nk","West Ham United","","",""
"cmuihw4rk0czrsexpmm5ggtwg","Bradley Burrowes","","1202361","2008-03-03","England","Attack","Right Winger",169,2000000,"on_loan","cmuihnxf60013b23f6brcfpcq","Wigan Athletic","cmuihq8vi008xh29edz4vg4xw","Aston Villa","2027-06-30"
"cmuihw2px0aszsexph9y0dba8","James Carragher","","733314","2002-11-10","Malta","Defender","Centre-Back",192,250000,"first_team","cmuihnxf60013b23f6brcfpcq","Wigan Athletic","","",""
"cmuihw3ef0b6ysexpld80kah0","Luke Harris","","817612","2005-03-03","Wales","Midfield","Attacking Midfield",177,900000,"on_loan","cmuihnxf60013b23f6brcfpcq","Wigan Athletic","cmuihqg9600cxh29echnkyx9e","Fulham FC","2027-06-30"
"cmuihw43w0ccssexps464mf3j","Chido Obi","","1042886","2007-11-28","Denmark","Attack","Centre-Forward",188,5000000,"on_loan","cmuihq8us008vh29erfb05jp3","Willem II Tilburg","cmuihqgxr00ddh29e8cr2u808","Manchester United","2027-06-30"
"cmuihw2pj0aivsexpxt70rl6p","Alfie Brooks","","700461","2003-10-14","England","Goalkeeper","Goalkeeper",,0,"first_team","cmuihqbq700ahh29euibcxp0b","Wolverhampton Wanderers","","",""
"cmuihw2qb0b1zsexpmltp44z6","André","","800176","2001-07-15","Brazil","Midfield","Defensive Midfield",176,25000000,"first_team","cmuihqbq700ahh29euibcxp0b","Wolverhampton Wanderers","","",""
"cmuihw4410ch0sexpd2vr7s3y","Enso González","","1060740","2005-01-19","Paraguay","Attack","Left Winger",169,2500000,"first_team","cmuihqbq700ahh29euibcxp0b","Wolverhampton Wanderers","","",""
"cmuihw0j7089vsexps0q5d5ov","Jean-Ricner Bellegarde","","450050","1998-06-26","Haiti","Midfield","Central Midfield",170,16000000,"first_team","cmuihqbq700ahh29euibcxp0b","Wolverhampton Wanderers","","",""
"cmuihvy6j05losexpzlxbx13a","José Sá","","249994","1993-01-16","Portugal","Goalkeeper","Goalkeeper",192,3500000,"first_team","cmuihqbq700ahh29euibcxp0b","Wolverhampton Wanderers","","",""
"cmuihw3eq0bessexprjifze5d","Nathan Fraser","","863741","2005-02-21","Ireland","Attack","Centre-Forward",188,600000,"first_team","cmuihqbq700ahh29euibcxp0b","Wolverhampton Wanderers","","",""
"cmuihw24o0aa6sexpn2tv00qa","Rodrigo Gomes","","667121","2003-07-06","Portugal","Midfield","Left Midfield",175,15000000,"first_team","cmuihqbq700ahh29euibcxp0b","Wolverhampton Wanderers","","",""
"cmuihvvwk03bhsexpph72ydte","Sam Johnstone","","110864","1993-03-24","England","Goalkeeper","Goalkeeper",193,2000000,"first_team","cmuihqbq700ahh29euibcxp0b","Wolverhampton Wanderers","","",""
"cmuihw0j20873sexpre59s23t","Santiago Bueno","","438001","1998-11-08","Uruguay","Defender","Centre-Back",191,10000000,"first_team","cmuihqbq700ahh29euibcxp0b","Wolverhampton Wanderers","","",""
"cmuihw2qf0b5csexpd1axryv6","Temple Ojinnaka","","813142","2005-03-29","Italy","Defender","Centre-Back",191,0,"first_team","cmuihqbq700ahh29euibcxp0b","Wolverhampton Wanderers","","",""
"cmuihw24009qqsexpuhpssy97","Toti","","606718","1999-01-15","Portugal","Defender","Centre-Back",187,18000000,"first_team","cmuihqbq700ahh29euibcxp0b","Wolverhampton Wanderers","","",""
"cmuihw2pt0aovsexpepx4ll51","Yerson Mosquera","","716276","2001-05-01","Colombia","Defender","Centre-Back",188,12000000,"first_team","cmuihqbq700ahh29euibcxp0b","Wolverhampton Wanderers","","",""
