playerId,fullName,transfermarktId,historicalAssignedClub,latestTransferFrom,latestTransferTo,transferDate,feeEur,category
"cmuihw0jq08htsexptntnpgyi","Luca Belardinelli","467994","None (Detached)","Reggiana","FC Empoli","2030-06-29",0,"loan/future"
"cmuihw4r90cucsexp3v74ymlb","Kasey Bos","1154876","None (Detached)","Excelsior","Mainz","2027-06-29",0,"loan/future"
"cmuihw3ff0by5sexplsmzr65z","Damián Pizarro","950593","None (Detached)","Racing Club","Udinese","2026-12-30",0,"loan/future"
"cmuihw0jr08hysexpj1p6y7gf","Daniel Penha","468256","None (Detached)","Avaí FC","Atlético-MG B","2026-12-30",0,"loan/future"
"cmuihw3er0bg1sexpgons6582","César Augusto","870390","None (Detached)","Matonense","Unknown","2026-11-30",0,"loan/future"
"cmuihvwrg03knsexp6rxd9ap7","Antoine Griezmann","125781","None (Detached)","Atlético","Orlando","2026-07-09",0,"loan/future"
"cmuihvuxr028osexpmrlca409","Aaron Meijers","56836","None (Detached)","FC Volendam","Retired","2026-06-30",0,"retired"
"cmuihvzb306wmsexpdqgr412p","Abdelhamid Sabiri","340394","None (Detached)","Fiorentina","Without Club","2026-06-30",0,"released"
"cmuihvuy602g9sexp59vx39sz","Abdoulaye Bamba","62351","None (Detached)","Angers SCO","Retired","2026-06-30",0,"retired"
"cmuihvy5u050gsexp1o2vt7h3","Adam Webster","212847","None (Detached)","Brighton","Without Club","2026-06-30",0,"released"
"cmuihvxgg04wusexpq2reftqi","Adama Traoré","204103","None (Detached)","West Ham","Without Club","2026-06-30",0,"released"
"cmuihw43r0c8msexpdyt6gh88","Adil Lechkar","1006923","None (Detached)","Telstar","Without Club","2026-06-30",0,"released"
"cmuihvuyq02mhsexpqyp7id3u","Adrián San Miguel","71271","None (Detached)","Real Betis","Retired","2026-06-30",0,"retired"
"cmuihvws2041jsexpedijijtr","Adrien Tamèze","157507","None (Detached)","Torino","Without Club","2026-06-30",0,"released"
"cmuihvyqh05utsexp7pd1r5dq","Ajdin Hrustic","265625","None (Detached)","Heracles Almelo","Without Club","2026-06-30",0,"released"
"cmuihw0ip0842sexpwi7o5u90","Alan","428786","None (Detached)","Moreirense","Without Club","2026-06-30",0,"released"
"cmuihw0k908stsexplkaykm69","Albert Grønbaek","503866","None (Detached)","Stade Rennais","Hamburg","2026-06-30",4700000,"loan/future"
"cmuihw1bq08z5sexpz5tvbk07","Alejandro Marqués","525602","None (Detached)","Estoril","Without Club","2026-06-30",0,"released"
"cmuihw1bq08yssexp91aaesxv","Álex Domínguez","524937","None (Detached)","Toulouse","Without Club","2026-06-30",0,"released"
"cmuihvzax06thsexpuoliio1m","Alex Král","337333","None (Detached)","Union Berlin","Without Club","2026-06-30",0,"released"
"cmuihvzbi077fsexpysdzcsid","Alfonso Pedraza","356197","None (Detached)","Villarreal","Lazio","2026-06-30",0,"loan/future"
"cmuihvux001x8sexp6ucib17o","André Ayew","45403","None (Detached)","NAC Breda","Without Club","2026-06-30",0,"released"
"cmuihvxg804rwsexpwqorbyt2","André Silva","198008","None (Detached)","Elche CF","Without Club","2026-06-30",0,"released"
"cmuihvxg004kysexpszmrr4mf","André Sousa","187860","None (Detached)","Nacional","Without Club","2026-06-30",0,"released"
"cmuihvy6505aysexpks3e6nyy","Andrew Robertson","234803","Hull City","Liverpool","Tottenham","2026-06-30",0,"loan/future"
"cmuihvxgd04uzsexpw6b3yqud","Angus Gunn","201574","None (Detached)","Nott'm Forest","Without Club","2026-06-30",0,"released"
"cmuihw24b09zpsexpl2dqo9eo","Anselmo García MacNulty","631904","None (Detached)","PEC Zwolle","1.FC Magdeburg","2026-06-30",0,"loan/future"
"cmuihvzvq07dksexpcswtxjb4","Arijanet Murić","371021","None (Detached)","Ipswich","Sassuolo","2026-06-30",7000000,"loan/future"
"cmuihvy63058tsexpxt5ts37t","Aritz Elustondo","229804","None (Detached)","Real Sociedad","Without Club","2026-06-30",0,"released"
"cmuihw2q70aywsexprwawahpr","Arouna Sangante","768380","None (Detached)","Le Havre AC","Without Club","2026-06-30",0,"released"
"cmuihw1by092vsexpw64g38to","Arthur Zagré","536477","None (Detached)","Excelsior","Without Club","2026-06-30",0,"released"
"cmuihw3eg0b8csexpvqy0rotp","Bamba Dieng","822458","None (Detached)","FC Lorient","Without Club","2026-06-30",0,"released"
"cmuihvy6e05h6sexpky15f0wx","Bernardo Silva","241641","None (Detached)","Man City","Without Club","2026-06-30",0,"released"
"cmuihvwrm03qlsexpnt2r3k1y","Bertrand Traoré","131996","None (Detached)","Sunderland","Without Club","2026-06-30",0,"released"
"cmuihw24k0a6esexphuqd9usj","Bilal El Khannouss","654982","None (Detached)","Leicester","Stuttgart","2026-06-30",15000000,"loan/future"
"cmuihw24909xmsexpi6k6pyvr","Boulaye Dia","626913","None (Detached)","Salernitana","Lazio","2026-06-30",11300000,"loan/future"
"cmuihw0ip0840sexpb9sf5jjf","Boy Kemper","428502","None (Detached)","NAC Breda","Without Club","2026-06-30",0,"released"
"cmuihvy64059usexpvbfwxj33","Brandley Kuwas","232219","None (Detached)","FC Volendam","Without Club","2026-06-30",0,"released"
"cmuihvxgc04u3sexphdf0tjr9","Caleb Ekuban","199953","None (Detached)","Genoa","Without Club","2026-06-30",0,"released"
"cmuihvt1n00z2sexp0fydmc1y","Casemiro","16306","None (Detached)","Man Utd","Without Club","2026-06-30",0,"released"
"cmuihw24u0ae4sexpr3cjpb2b","Casper Terho","679597","None (Detached)","OH Leuven","Sparta R.","2026-06-30",600000,"loan/future"
"cmuihvuxs02a5sexpys7fa0dc","César Azpilicueta","57500","None (Detached)","Sevilla FC","Retired","2026-06-30",0,"retired"
"cmuihvwro03sbsexpaxxwbgni","Charalampos Lykogiannis","136514","None (Detached)","Bologna","Without Club","2026-06-30",0,"released"
"cmuihvy6j05lysexpi8admrqo","Clint Leemans","250464","None (Detached)","NAC Breda","Without Club","2026-06-30",0,"released"
"cmuihvzb9071gsexptfs88mlp","Danel Sinani","346499","None (Detached)","St. Pauli","Without Club","2026-06-30",0,"released"
"cmuihvuxy02d4sexp2szjy8tx","Dani Parejo","59561","None (Detached)","Villarreal","Without Club","2026-06-30",0,"released"
"cmuihvvvw031vsexp4ef0rukp","Daniel Batz","90317","None (Detached)","Mainz","Mönchengladbach","2026-06-30",0,"loan/future"
"cmuihvwrq03tfsexpp1vro4ju","Daniel Carvajal","138927","None (Detached)","Real Madrid","Without Club","2026-06-30",0,"released"
"cmuihw24d0a14sexp5qgpq6gy","Daniël Deen","635371","None (Detached)","AZ Alkmaar","Without Club","2026-06-30",0,"released"
"cmuihw2ph0ag9sexpvs7z9sc0","Daniel Denoon","692187","None (Detached)","FC Zürich","Pisa","2026-06-30",1000000,"loan/future"
"cmuihvzw307mosexpl24hx73n","Daniel Klein","392124","None (Detached)","Augsburg","Without Club","2026-06-30",0,"released"
"cmuihvyql05wysexpxcvfwzcz","Daniel-Kofi Kyereh","272587","None (Detached)","Freiburg","Without Club","2026-06-30",0,"released"
"cmuihvwrn03rosexp1iddsvo3","Daniele Baselli","134883","None (Detached)","Chievo Verona","Al-Ittifaq","2026-06-30",0,"loan/future"
"cmuihw2pk0aj8sexp433ngns6","Daniele Ghilardi","701819","None (Detached)","Hellas Verona","Roma","2026-06-30",8000000,"loan/future"
"cmuihvzw007k3sexp8o0w03fd","Danilho Doekhi","387047","None (Detached)","Union Berlin","Without Club","2026-06-30",0,"released"
"cmuihvy6j05lxsexpwi7vwobo","Danny Bakker","250440","None (Detached)","Telstar","Without Club","2026-06-30",0,"released"
"cmuihvt1n00yzsexp6vh2gaai","Dante","16136","None (Detached)","Nice","Retired","2026-06-30",0,"retired"
"cmuihvuxx02cjsexpuwiwslnm","David Alaba","59016","None (Detached)","Real Madrid","Without Club","2026-06-30",0,"released"
"cmuihvzwn07ywsexpfr9lnwru","David Okereke","413605","None (Detached)","Cremonese","Without Club","2026-06-30",0,"released"
"cmuihvuxy02d9sexpb6wcb5jl","Denis Odoi","59641","None (Detached)","NAC Breda","Without Club","2026-06-30",0,"released"
"cmuihw1df09efsexpan80z9lt","Dennis Cirkin","568006","None (Detached)","Sunderland","Without Club","2026-06-30",0,"released"
"cmuihvzan06m5sexp11f96yi0","Dennis Hadzikadunic","322065","None (Detached)","Rostov","Without Club","2026-06-30",0,"released"
"cmuihvzbi077ssexp9rly6q48","Diogo Leite","357156","None (Detached)","Union Berlin","Without Club","2026-06-30",0,"released"
"cmuihvvwi03b3sexphr3rsqem","Dominique Heintz","110036","None (Detached)","1.FC Köln","Without Club","2026-06-30",0,"released"
"cmuihvzap06ntsexp10sjsfb9","Donyell Malen","326029","None (Detached)","Aston Villa","Roma","2026-06-30",25000000,"loan/future"
"cmuihvzbj0782sexprkn2pp16","Dušan Vlahović","357498","None (Detached)","Juventus","Without Club","2026-06-30",0,"released"
"cmuihvzan06mcsexph3l3w4s5","Dylan Mertens","322616","None (Detached)","Telstar","Without Club","2026-06-30",0,"released"
"cmuihvwsa046msexp836z3w4m","Eli Dasa","163847","None (Detached)","NEC Nijmegen","Without Club","2026-06-30",0,"released"
"cmuihvxgc04u7sexpn7go6a7t","Elseid Hysaj","200056","None (Detached)","Lazio","Without Club","2026-06-30",0,"released"
"cmuihvyqq060zsexpkbg6b03u","Elvis Rexhbecaj","280575","None (Detached)","Augsburg","Wolfsburg","2026-06-30",0,"loan/future"
"cmuihvxfw04icsexpzogr7xvm","Emil Krafth","184528","None (Detached)","Newcastle","Without Club","2026-06-30",0,"released"
"cmuihvzaq06opsexpdb0dchin","Enes Mahmutovic","329055","None (Detached)","NAC Breda","Without Club","2026-06-30",0,"released"
"cmuihvyqu064vsexpl8lak1rv","Eric Bailly","286384","None (Detached)","Real Oviedo","Without Club","2026-06-30",0,"released"
"cmuihw23w09nysexp0iz63n61","Eric Martel","597000","None (Detached)","1.FC Köln","Mainz","2026-06-30",0,"loan/future"
"cmuihw0ju08jtsexpu31usssv","Facundo Medina","474800","None (Detached)","Lens","Marseille","2026-06-30",18000000,"loan/future"
"cmuihw3ek0bb9sexpyasroj86","Felipe Loyola","843286","None (Detached)","Independiente","Pisa","2026-06-30",5500000,"loan/future"
"cmuihvzbj078gsexpz8a5omhp","Fernando Calero","357884","None (Detached)","Espanyol","Without Club","2026-06-30",0,"released"
"cmuihvws50445sexpoyyfyrro","Filip Kostić","161011","None (Detached)","Juventus","Without Club","2026-06-30",0,"released"
"cmuihvy6e05h0sexp9ojmw3h9","Finn Stokkers","241486","None (Detached)","Go Ahead Eagles","Without Club","2026-06-30",0,"released"
"cmuihvvyd03cwsexpdx17m8y4","Florent Hanin","111811","None (Detached)","Angers SCO","Without Club","2026-06-30",0,"released"
"cmuihvvwf039psexp0qamzpti","Florian Kainz","106270","None (Detached)","1.FC Köln","Retired","2026-06-30",0,"retired"
"cmuihvwrm03pysexpmthsc88s","Francesco Acerbi","131075","None (Detached)","Inter","Without Club","2026-06-30",0,"released"
"cmuihw2qd0b42sexput73rb4x","Frank Magri","807689","None (Detached)","Toulouse","Without Club","2026-06-30",0,"released"
"cmuihvzvu07fmsexpj3b9ytdt","Gabriel Souza","375770","None (Detached)","Tondela","Without Club","2026-06-30",0,"released"
"cmuihvuxx02clsexpybzgciid","Gernot Trauner","59145","None (Detached)","Feyenoord","Without Club","2026-06-30",0,"released"
"cmuihvwrl03phsexpqx8v6x1v","Gianluca Lapadula","130394","None (Detached)","Spezia Calcio","Without Club","2026-06-30",0,"released"
"cmuihw24d0a0lsexpewyxuzsy","Giovanni Fabbian","633668","None (Detached)","Bologna","Fiorentina","2026-06-30",13000000,"loan/future"
"cmuihvy6505ahsexpt92cfw6b","Grischa Prömel","234029","None (Detached)","Hoffenheim","Stuttgart","2026-06-30",0,"loan/future"
"cmuihvy6j05lmsexpv49ds3ew","Guillermo Maripán","249730","None (Detached)","Torino","Without Club","2026-06-30",0,"released"
"cmuihvzw207m1sexpsm5z4i54","Hamed Traoré","391065","None (Detached)","Bournemouth","Marseille","2026-06-30",7500000,"loan/future"
"cmuihw0iq084isexpvz5k7fhg","Hans Nicolussi Caviglia","430280","None (Detached)","Venezia","Parma","2026-06-30",6000000,"loan/future"
"cmuihvy5w0523sexprbgqcviu","Hidde Jurjus","215551","None (Detached)","FC Groningen","Without Club","2026-06-30",0,"released"
"cmuihw1bn08yksexp3tqsz6nd","Hidemasa Morita","524315","None (Detached)","Sporting","Without Club","2026-06-30",0,"released"
"cmuihw24o0aa7sexpvyg3n44a","Hugo Bolin","667251","None (Detached)","Malmö","Mönchengladbach","2026-06-30",2000000,"loan/future"
"cmuihvzbi077nsexpqrljo0za","Ibrahima Konaté","357119","None (Detached)","Liverpool","Without Club","2026-06-30",0,"released"
"cmuihw4re0cwwsexpwfkzyjo6","Idrissa Gueye","1178488","None (Detached)","FC Metz","Udinese","2026-06-30",6000000,"loan/future"
"cmuihvzw207mesexppfjiwaw0","Igor Silva","391720","None (Detached)","FC Lorient","Without Club","2026-06-30",0,"released"
"cmuihvy6805chsexpsniq1vrp","Ihlas Bebou","237164","None (Detached)","Hoffenheim","Without Club","2026-06-30",0,"released"
"cmuihw0k608plsexpi6rlfdlc","Ilias Bronkhorst","491292","None (Detached)","Excelsior","Without Club","2026-06-30",0,"released"
"cmuihw1cw0969sexp53ydbyps","Illan Meslier","542586","None (Detached)","Leeds","Without Club","2026-06-30",0,"released"
"cmuihvy6m05obsexpkf6koxl2","Iñigo Lekue","255501","None (Detached)","Athletic Club","Retired","2026-06-30",0,"retired"
"cmuihvxgh04xvsexp39jx6tvg","Isaac Hayden","206225","None (Detached)","QPR","Without Club","2026-06-30",0,"released"
"cmuihvzan06m6sexpo668x60u","Isac Lidberg","322073","None (Detached)","Darmstadt 98","Mönchengladbach","2026-06-30",3500000,"loan/future"
"cmuihvwrx03yksexpiqe80jjf","Ivan Cavaleiro","149716","None (Detached)","FC Zürich","Petro Luanda","2026-06-30",0,"loan/future"
"cmuihvzwe07t9sexp0dfwbw2j","Jadon Sancho","401173","None (Detached)","Man Utd","Without Club","2026-06-30",0,"released"
"cmuihw0k908smsexp8wkpczjn","James Hillson","503765","None (Detached)","Chelsea U21","Without Club","2026-06-30",0,"released"
"cmuihqyos00lhh29e491al6dr","James Milner","3333","None (Detached)","Brighton","Retired","2026-06-30",0,"retired"
"cmuihvxg804rnsexpur52qs7q","Jamie Vardy","197838","None (Detached)","Cremonese","Without Club","2026-06-30",0,"released"
"cmuihvyqm05xksexpf65zae2i","Jamiro Monteiro","272930","None (Detached)","PEC Zwolle","Without Club","2026-06-30",0,"released"
"cmuihvyr906gtsexpskif2rgk","Jan Bekkema","312473","None (Detached)","Heerenveen","Without Club","2026-06-30",0,"released"
"cmuihw0j60894sexpwjuqbaci","Jannes Wieckhoff","447801","None (Detached)","Heracles Almelo","Without Club","2026-06-30",0,"released"
"cmuihvxfl04alsexpcagggfbv","Jean-Daniel Akpa Akpro","170481","None (Detached)","Hellas Verona","Without Club","2026-06-30",0,"released"
"cmuihw24o0aa8sexpkw8is9ry","Jeffry Puriel","667263","None (Detached)","Spakenburg","Without Club","2026-06-30",0,"released"
"cmuihvwru03wlsexp3zlj2hew","Jetro Willems","146258","None (Detached)","NEC Nijmegen","Without Club","2026-06-30",0,"released"
"cmuihvvvf02wzsexpmyusfoaf","João Aurélio","84711","None (Detached)","Nacional","Retired","2026-06-30",0,"retired"
"cmuihvvyc03c9sexpxvqmosjx","Joël Veltman","111195","None (Detached)","Brighton","Without Club","2026-06-30",0,"released"
"cmuihvu4i01e7sexpnmefvzz1","John Ruddy","29712","None (Detached)","Newcastle","Without Club","2026-06-30",0,"released"
"cmuihvy6i05knsexpq100v61h","Jonas Omlin","247915","None (Detached)","Mönchengladbach","Basel","2026-06-30",0,"loan/future"
"cmuihvzw207lvsexpyj3h67s0","Jonas Wind","391004","None (Detached)","Wolfsburg","Without Club","2026-06-30",0,"released"
"cmuihvu4k01fvsexp8gdtr5ak","Jonathan de Guzmán","31067","None (Detached)","Sparta R.","Retired","2026-06-30",0,"retired"
"cmuihw3fa0btysexp464k4rae","Jop Tijink","936604","None (Detached)","Heracles Almelo","Without Club","2026-06-30",0,"released"
"cmuihw4rw0d4xsexp9tbmyfqg","Jordi Danso","1319440","None (Detached)","Girona U19","Girona FC B","2026-06-30",0,"loan/future"
"cmuihvu4n01iksexphxz5ekr6","José Fonte","33829","None (Detached)","Casa Pia","Retired","2026-06-30",0,"retired"
"cmuihvy6l05n5sexpvr364ta9","José Luis Morales","252677","None (Detached)","Levante","Without Club","2026-06-30",0,"released"
"cmuihw0it085bsexp99aa728g","Joshua Kitolano","432694","None (Detached)","Sparta R.","Bodø/Glimt","2026-06-30",0,"loan/future"
"cmuihvy5u050wsexp0a5grwtn","Jota","213510","None (Detached)","Nacional","Without Club","2026-06-30",0,"released"
"cmuihw0j7089hsexpk69y1egf","Jovane Cabral","448466","None (Detached)","Estrela Amadora","Without Club","2026-06-30",0,"released"
"cmuihvxfk04a3sexp2q91lqrh","Juan Cruz","169497","None (Detached)","CA Osasuna","Without Club","2026-06-30",0,"released"
"cmuihvvvx032hsexp8lxrlc5u","Juan Cuadrado","91970","None (Detached)","Pisa","Without Club","2026-06-30",0,"released"
"cmuihvwrc03hjsexpn3we2v9x","Juan Jesus","121985","None (Detached)","Napoli","Without Club","2026-06-30",0,"released"
"cmuihvxfz04kjsexp8jb1q0o4","Julian Brandt","187492","None (Detached)","Dortmund","Without Club","2026-06-30",0,"released"
"cmuihvxfl04aosexpaluoverj","Julien Lopez","170506","None (Detached)","Paris FC","Without Club","2026-06-30",0,"released"
"cmuihw3ep0bebsexpjr1j27pv","Kaden Rodney","860078","None (Detached)","Palace U21","Without Club","2026-06-30",0,"released"
"cmuihvyrb06izsexpz0bv7f19","Kaj Sierhuis","315283","None (Detached)","Fortuna Sittard","Without Club","2026-06-30",0,"released"
"cmuihw0k608prsexpa9blbqws","Karl Hein","493513","None (Detached)","Arsenal","Werder Bremen","2026-06-30",3000000,"loan/future"
"cmuihvwrr03tssexpl0utxazu","Karol Mets","139304","None (Detached)","St. Pauli","Without Club","2026-06-30",0,"released"
"cmuihw4re0cwysexpza3j7qxq","Kenny Quetant","1178695","None (Detached)","Le Havre AC","Werder Bremen","2026-06-30",0,"loan/future"
"cmuihvws4043fsexped9uhox1","Kevin Akpoguma","160241","None (Detached)","Hoffenheim","Without Club","2026-06-30",0,"released"
"cmuihvy6i05kfsexp8vrouexm","Kevin Bonifazi","247377","None (Detached)","Bologna","Without Club","2026-06-30",0,"released"
"cmuihw2ps0anysexpc2pmixby","Kevin Paredes","711517","None (Detached)","Wolfsburg","Without Club","2026-06-30",0,"released"
"cmuihvzwe07t2sexpsda4u9cf","Kevin Van Den Kerkhof","400680","None (Detached)","FC Metz","R Charleroi SC","2026-06-30",0,"loan/future"
"cmuihvvw5035rsexplmx5chxb","Kieran Trippier","95810","None (Detached)","Newcastle","Wolves","2026-06-30",0,"loan/future"
"cmuihw0k108m8sexpb26pb6b6","Koffi Kouao","481513","None (Detached)","FC Metz","Without Club","2026-06-30",0,"released"
"cmuihvzb80714sexpomqhfx0i","Ladislav Krejci","345911","None (Detached)","Girona","Wolves","2026-06-30",7500000,"loan/future"
"cmuihw1dh09f2sexpen7izv6k","Lamine Gueye","568701","None (Detached)","Paris FC","Without Club","2026-06-30",0,"released"
"cmuihw24s0ad6sexpdmkzsfr2","Leo Walta","674054","None (Detached)","Sirius","Swansea","2026-06-30",3400000,"loan/future"
"cmuihvvw20348sexph9bl9grj","Leonardo Bittencourt","93844","None (Detached)","Werder Bremen","Energie Cottbus","2026-06-30",0,"loan/future"
"cmuihvuyd02i6sexpjddh6tze","Leonardo Pavoletti","64793","None (Detached)","Cagliari","Without Club","2026-06-30",0,"released"
"cmuihw0k508oksexpp2fdq7jc","Lorenzo Colombo","487843","None (Detached)","AC Milan","Genoa","2026-06-30",7000000,"loan/future"
"cmuihvzvy07iqsexpmzckcplc","Luca Kilian","384553","None (Detached)","1.FC Köln","Without Club","2026-06-30",0,"released"
"cmuihvzav06s7sexpfzg1kidn","Luca Plogmann","335997","None (Detached)","Go Ahead Eagles","Without Club","2026-06-30",0,"released"
"cmuihvzwq080csexpcf6elvu9","Lucas França","418615","None (Detached)","Nacional","Without Club","2026-06-30",0,"released"
"cmuihw2pf0af0sexpk4rso3nd","Luka Duric","685484","None (Detached)","Hoffenheim","SC Paderborn","2026-06-30",250000,"loan/future"
"cmuihw3eh0b8tsexpostt2cxn","Luka Janes","825971","None (Detached)","Sonnenhof-Gr.","Heidenheim","2026-06-30",0,"loan/future"
"cmuihvu4i01e6sexp7oe9hmqo","Lukasz Fabianski","29692","None (Detached)","West Ham","Without Club","2026-06-30",0,"released"
"cmuihvuys02nisexpxkmk3j4q","Luuk de Jong","72522","None (Detached)","Porto","Without Club","2026-06-30",0,"released"
"cmuihvxg204mwsexp4yzw281u","Mahmoud Dahoud","191422","None (Detached)","Frankfurt","Without Club","2026-06-30",0,"released"
"cmuihw2qf0b5dsexpyl8xhpx6","Makan Aïko","813152","None (Detached)","Tondela","Without Club","2026-06-30",0,"released"
"cmuihvyqt063osexpxnjl0axh","Manuel Akanji","284730","Manchester City","Man City","Inter","2026-06-30",15000000,"loan/future"
"cmuihw24g0a2ysexphohwb3of","Maranhão","642591","None (Detached)","Tondela","Without Club","2026-06-30",0,"released"
"cmuihw0jf08dasexpvscbzdj0","Marco Brescianini","459128","None (Detached)","Atalanta","Fiorentina","2026-06-30",10000000,"loan/future"
"cmuihw0js08icsexplmy1y0tz","Marcos Senesi","469781","None (Detached)","Bournemouth","Tottenham","2026-06-30",0,"loan/future"
"cmuihvzvv07gssexp8qilsqdo","Marius Marin","379163","None (Detached)","Pisa","Without Club","2026-06-30",0,"released"
"cmuihvvst02qcsexpiw9rrul8","Martin Dúbravka","74960","None (Detached)","Burnley","Without Club","2026-06-30",0,"released"
"cmuihvxg604pvsexp50l4hiwb","Marvin Friedrich","196231","FC Schalke 04","Mönchengladbach","Union Berlin","2026-06-30",0,"loan/future"
"cmuihw43j0c3qsexpgi5axaj6","Mats Rots","983677","None (Detached)","FC Twente","Hoffenheim","2026-06-30",12000000,"loan/future"
"cmuihvxg004kxsexpbkaff6tl","Mats Seuntjens","187809","None (Detached)","FC Groningen","Without Club","2026-06-30",0,"released"
"cmuihvxfm04bysexpxea8a7n4","Matt Doherty","171679","None (Detached)","Wolves","Without Club","2026-06-30",0,"released"
"cmuihvy6j05m0sexpkrix7n7q","Matt Targett","250478","None (Detached)","Newcastle","Without Club","2026-06-30",0,"released"
"cmuihvuxm0259sexp9pli3dpw","Matteo Darmian","54906","None (Detached)","Inter","Without Club","2026-06-30",0,"released"
"cmuihvxgg04wosexphra3kan6","Matus Bero","204047","None (Detached)","VfL Bochum","Without Club","2026-06-30",0,"released"
"cmuihvzas06qxsexpnz7diz6y","Maxim Leitsch","334207","None (Detached)","Mainz","Without Club","2026-06-30",0,"released"
"cmuihvwrt03vxsexpllesqmnm","Maximilian Philipp","143891","None (Detached)","Freiburg","Without Club","2026-06-30",0,"released"
"cmuihvy6905ctsexpl6nwl684","Michel Aebischer","237658","None (Detached)","Bologna","Pisa","2026-06-30",4500000,"loan/future"
"cmuihw24709wmsexp48wld9ip","Mihai Popa","623412","None (Detached)","CFR Cluj","Without Club","2026-06-30",0,"released"
"cmuihvwrv03xpsexpoqminlr5","Mohamed Salah","148455","None (Detached)","Liverpool","Without Club","2026-06-30",0,"released"
"cmuihw4sf0d6ksexpyg5e6omb","Nacho Pérez","1371830","None (Detached)","Atl. Levante","Levante","2026-06-30",0,"loan/future"
"cmuihw1d5099csexpb62og9o8","Nahuel Estévez","552472","None (Detached)","Parma","Without Club","2026-06-30",0,"released"
"cmuihvvwl03bysexpo1q0gk9l","Nampalys Mendy","111051","None (Detached)","Watford","Without Club","2026-06-30",0,"released"
"cmuihw2q00avpsexpac9zj6da","Nathan Buayi-Kiala","743523","None (Detached)","AJ Auxerre","Without Club","2026-06-30",0,"released"
"cmuihvuys02nnsexplc7racl7","Nélson Oliveira","72768","None (Detached)","Vit. Guimarães","Without Club","2026-06-30",0,"released"
"cmuihvvsb02pjsexplbczs9cx","Nemanja Gudelj","74294","None (Detached)","Sevilla FC","Without Club","2026-06-30",0,"released"
"cmuihvws2041wsexpz7x6mhrg","Nick Marsman","158104","None (Detached)","Fortuna Sittard","Without Club","2026-06-30",0,"released"
"cmuihvvvz0335sexph03pikmu","Nick Viergever","93081","None (Detached)","Utrecht","Without Club","2026-06-30",0,"released"
"cmuihw0k408nrsexp2346chx2","Nicolas Cozza","485965","None (Detached)","Wolfsburg","Without Club","2026-06-30",0,"released"
"cmuihvuxn025msexpy7h7ddvi","Nicolas Höfler","55099","None (Detached)","Freiburg","SC Freiburg II","2026-06-30",0,"loan/future"
"cmuihw4r60ctwsexpbcsjlvuy","Niels Martens","1148221","None (Detached)","Fortuna Sittard","Without Club","2026-06-30",0,"released"
"cmuihvwsd0485sexpzppb9vun","Niklas Süle","166601","None (Detached)","Dortmund","Retired","2026-06-30",0,"retired"
"cmuihw0js08iusexpu63zqp8v","Niklas Tauer","470815","None (Detached)","Mainz","Without Club","2026-06-30",0,"released"
"cmuihvy6i05kvsexpf8rcrg44","Nikola Vasilj","248454","None (Detached)","St. Pauli","Without Club","2026-06-30",0,"released"
"cmuihw23y09ozsexpne2cb2m8","Nikolas Veratschnig","601143","None (Detached)","Mainz","Salzburg","2026-06-30",3500000,"loan/future"
"cmuihw24r0achsexpxwuqdsbo","Noah Saviolo","671669","None (Detached)","Vit. Guimarães","Trabzonspor","2026-06-30",8500000,"loan/future"
"cmuihw4rt0d31sexp9ncygy9q","Noham Kamara","1275040","None (Detached)","PSG","Lyon","2026-06-30",4100000,"loan/future"
"cmuihw3ez0bmfsexp6w03k27y","Omar Megeed","910582","None (Detached)","Hamburger SV II","Without Club","2026-06-30",0,"released"
"cmuihvuyv02ousexpbxflb0q0","Ørjan Nyland","73517","None (Detached)","Sevilla FC","Without Club","2026-06-30",0,"released"
"cmuihvu4j01eqsexpfpt75wde","Óscar Trejo","30321","None (Detached)","Rayo Vallecano","Without Club","2026-06-30",0,"released"
"cmuihvzvw07hasexpn4lkp2eb","Ozan Kökcü","380118","None (Detached)","FC Volendam","Without Club","2026-06-30",0,"released"
"cmuihvxg504p6sexpm6ecybm7","Pascal Stenzel","195246","None (Detached)","Stuttgart","Without Club","2026-06-30",0,"released"
"cmuihvuxe022rsexpa752lx96","Patrick van Aanholt","52119","None (Detached)","Sparta R.","Without Club","2026-06-30",0,"released"
"cmuihw1bw091qsexpgrg2nmdz","Patrick Wimmer","533295","None (Detached)","Wolfsburg","Hoffenheim","2026-06-30",10000000,"loan/future"
"cmuihvuyd02iisexprcc72bq3","Pedro","65278","None (Detached)","Lazio","Without Club","2026-06-30",0,"released"
"cmuihvzam06l1sexpjkjok3pv","Pedro Amaral","319623","None (Detached)","Estoril","Without Club","2026-06-30",0,"released"
"cmuihvyr506d1sexpgngz57wk","Pelle Clement","297693","None (Detached)","Sparta R.","Without Club","2026-06-30",0,"released"
"cmuihvxgf04w4sexp4n4kt0lc","Pierre-Yves Hamel","203504","None (Detached)","Paris FC","Without Club","2026-06-30",0,"released"
"cmuihvy5v051isexpe83f33ae","Pierrick Capelle","214532","None (Detached)","Angers SCO","Retired","2026-06-30",0,"retired"
"cmuihvuyb02hpsexpmvzmezif","Pizzi","64339","None (Detached)","Estoril","Retired","2026-06-30",0,"retired"
"cmuihvyr606dlsexpenmud29t","Pol Lirola","298975","None (Detached)","Hellas Verona","Without Club","2026-06-30",0,"released"
"cmuihvwrn03rgsexpnf4bu8vl","Raheem Sterling","134425","None (Detached)","Feyenoord","Without Club","2026-06-30",0,"released"
"cmuihw0js08ihsexp0jzhozbg","Ransford Königsdörffer","470038","None (Detached)","Hamburg","Mainz","2026-06-30",0,"loan/future"
"cmuihvxfm04bjsexpaag6cmed","Raphaël Guerreiro","170986","None (Detached)","Bayern Munich","Without Club","2026-06-30",0,"released"
"cmuihvt1g00y2sexp7yx4bqni","Raúl Albiol","15452","None (Detached)","Pisa","Without Club","2026-06-30",0,"released"
"cmuihvuxl024ssexpzrl2a23z","Raúl Fernández","54217","None (Detached)","Alavés","Without Club","2026-06-30",0,"released"
"cmuihvxgh04xtsexpqbptt3n2","Raúl Jiménez","206040","None (Detached)","Fulham","Wolves","2026-06-30",0,"loan/future"
"cmuihvu48019nsexpxm8rjmb3","Remko Pasveer","25520","None (Detached)","Heracles Almelo","Without Club","2026-06-30",0,"released"
"cmuihvt1u011zsexp5l29hwjg","Rémy Riou","18940","None (Detached)","Paris FC","Without Club","2026-06-30",0,"released"
"cmuihw0k908scsexpxj65aivi","Rhys Williams","503679","None (Detached)","Liverpool","Without Club","2026-06-30",0,"released"
"cmuihvxgg04x2sexpkbw60cxx","Rick Karsdorp","205006","None (Detached)","Career break","Without Club","2026-06-30",0,"released"
"cmuihvu5201rwsexpjcykr0xo","Ricky van Wolfswinkel","41355","None (Detached)","FC Twente","Retired","2026-06-30",0,"retired"
"cmuihw1eu09mcsexpy2t4bmp2","Rijk Janse","593163","None (Detached)","NEC Nijmegen","Without Club","2026-06-30",0,"released"
"cmuihvu4v01oesexpk0atvkyt","Robert Lewandowski","38253","None (Detached)","Barcelona","Without Club","2026-06-30",0,"released"
"cmuihvxfy04jhsexpckvov0z6","Robert Mühren","186763","None (Detached)","FC Volendam","Retired","2026-06-30",0,"retired"
"cmuihvxg704qtsexphhz8q15c","Roberto Gagliardini","197471","None (Detached)","Hellas Verona","Without Club","2026-06-30",0,"released"
"cmuihw1bx092fsexp1u2ep9aq","Robin Mantel","535741","None (Detached)","Heracles Almelo","Without Club","2026-06-30",0,"released"
"cmuihw0jq08hhsexpvqmiiz32","Rocco Reitz","467434","None (Detached)","Mönchengladbach","Leipzig","2026-06-30",20000000,"loan/future"
"cmuihvxfo04cwsexpoc4ib77j","Rony Lopes","174694","None (Detached)","Tondela","Without Club","2026-06-30",0,"released"
"cmuihvxgi04ymsexp32guukmv","Ruslan Malinovskyi","207877","None (Detached)","Genoa","Trabzonspor","2026-06-30",0,"loan/future"
"cmuihw3es0bg9sexp618g3cc5","Ryan Trevitt","874538","None (Detached)","Brentford","Without Club","2026-06-30",0,"released"
"cmuihw24k0a6psexpg5lez19e","Saba Sazonov","655456","None (Detached)","Torino","Without Club","2026-06-30",0,"released"
"cmuihw1bp08yqsexp1jf443qh","Saïd Bakari","524687","None (Detached)","Sparta R.","Without Club","2026-06-30",0,"released"
"cmuihvy6h05jhsexpxu9zh4ag","Salih Özcan","244940","None (Detached)","Dortmund","Without Club","2026-06-30",0,"released"
"cmuihw24v0ae6sexpc1mwpj3b","Sam Silvera","680531","None (Detached)","Middlesbrough","Without Club","2026-06-30",0,"released"
"cmuihw2pm0akasexpks012el9","Sambou Soumano","704270","None (Detached)","FC Lorient","Without Club","2026-06-30",0,"released"
"cmuihw1dd09cxsexp7m2oi2ov","Samir Lagsir","564620","None (Detached)","PEC Zwolle","Retired","2026-06-30",0,"retired"
"cmuihw0jo08glsexpmiytxgn4","Sava-Arangel Cestic","464906","None (Detached)","Heracles Almelo","Without Club","2026-06-30",0,"released"
"cmuihvuym02kusexpb71ot1l1","Séamus Coleman","68390","None (Detached)","Everton","Without Club","2026-06-30",0,"released"
"cmuihw1cs0946sexpp9ko6352","Sebastiano Esposito","538918","None (Detached)","Inter","Cagliari","2026-06-30",4000000,"loan/future"
"cmuihw4r00crbsexp6bvreup7","Shafiq Nandja","1125079","None (Detached)","Hamburger SV II","Hamburg","2026-06-30",0,"loan/future"
"cmuihvxg004ldsexpdhem04l5","Sheraldo Becker","188888","None (Detached)","CA Osasuna","Mainz","2026-06-30",500000,"loan/future"
"cmuihw43k0c4lsexprvch5gra","Sidiki Chérif","986288","None (Detached)","Angers SCO","Fenerbahçe","2026-06-30",18000000,"loan/future"
"cmuihw24309sosexpm11a51q1","Sidny Lopes Cabral","611855","None (Detached)","Benfica","Trabzonspor","2026-06-30",7000000,"loan/future"
"cmuihw0iv0869sexp7yaa0qpg","Sofiane Alakouch","434358","None (Detached)","Paris FC","Without Club","2026-06-30",0,"released"
"cmuihvxgj04z5sexpzwi4hw9q","Solly March","209212","None (Detached)","Brighton","Without Club","2026-06-30",0,"released"
"cmuihw2px0at0sexp43ofmtu2","Sota Kawasaki","733371","None (Detached)","Kyoto Sanga","Mainz","2026-06-30",1000000,"loan/future"
"cmuihw1cv095ssexpcrx3z6qy","Souffian El Karouani","541134","None (Detached)","Utrecht","Al-Qadsiah","2026-06-30",0,"loan/future"
"cmuihw0jo08gvsexp83hn76yc","Stefan Bajic","465836","None (Detached)","R. Strasbourg","Alem. Aachen","2026-06-30",0,"loan/future"
"cmuihvvw3034wsexplca7evqt","Stephan El Shaarawy","94529","None (Detached)","Roma","Without Club","2026-06-30",0,"released"
"cmuihvzvx07i1sexpxs2ko3xj","Steven Benda","381469","None (Detached)","Fulham","Without Club","2026-06-30",0,"released"
"cmuihw2pg0afqsexp7l184n9p","Sven Jansen","690624","None (Detached)","Go Ahead Eagles","Without Club","2026-06-30",0,"released"
"cmuihvzar06pmsexpx2cwwq1x","Takehiro Tomiyasu","331560","None (Detached)","Ajax","Without Club","2026-06-30",0,"released"
"cmuihvvwa037psexp6r03oyv9","Thomas Meunier","100986","None (Detached)","Lille","Without Club","2026-06-30",0,"released"
"cmuihvy63059dsexp4sm9xvc1","Thomas Partey","230784","None (Detached)","Villarreal","Without Club","2026-06-30",0,"released"
"cmuihw0k508p0sexpjpg6cnyw","Thórir Jóhann Helgason","488996","None (Detached)","Lecce","Without Club","2026-06-30",0,"released"
"cmuihvvve02wgsexpz5gd8nmz","Timothée Kolodziejczak","84085","None (Detached)","Paris FC","Without Club","2026-06-30",0,"released"
"cmuihvzvq07dgsexpt3gl37yw","Timothy Weah","370846","None (Detached)","Juventus","Marseille","2026-06-30",14400000,"loan/future"
"cmuihvyql05wtsexpziz6vuk4","Tobias Lauritsen","272206","None (Detached)","Sparta R.","Without Club","2026-06-30",0,"released"
"cmuihvzw307n8sexp42dylf24","Tommaso Pobega","392538","None (Detached)","AC Milan","Bologna","2026-06-30",7000000,"loan/future"
"cmuihw4r30cspsexpof6td9ts","Tristan Schenkhuizen","1135967","None (Detached)","Fortuna Sittard","Without Club","2026-06-30",0,"released"
"cmuihw24n0a9bsexp7glulbo1","Tyler Onyango","663225","None (Detached)","Everton","Without Club","2026-06-30",0,"released"
"cmuihvzb006v7sexpx7gv68pu","Tyrell Malacia","339340","None (Detached)","Man Utd","Without Club","2026-06-30",0,"released"
"cmuihvvw5035qsexpo6l02sm3","Václav Hladký","95795","None (Detached)","Burnley","Without Club","2026-06-30",0,"released"
"cmuihvxfy04jasexp48s5nl34","Valentino Lazaro","186368","None (Detached)","Torino","Without Club","2026-06-30",0,"released"
"cmuihw4470ckfsexpdndxxhm7","Viggo Gebel","1074526","None (Detached)","RB Leipzig U19","Leipzig","2026-06-30",0,"loan/future"
"cmuihvy5v051fsexp7jrmv0uv","Virgil Misidjan","214346","None (Detached)","NEC Nijmegen","Without Club","2026-06-30",0,"released"
"cmuihw2qa0b12sexpn9kr9q1j","Warren Kamanzi","794758","None (Detached)","Toulouse","Without Club","2026-06-30",0,"released"
"cmuihvxft04h5sexpvy1l5us5","Wesley Saïd","182916","None (Detached)","Lens","Without Club","2026-06-30",0,"released"
"cmuihvwrt03vgsexp7mdtrjg8","Willy Boly","142310","None (Detached)","Nott'm Forest","Without Club","2026-06-30",0,"released"
"cmuihvy5z055fsexpv4ojj431","Xaver Schlager","223979","None (Detached)","Leipzig","Without Club","2026-06-30",0,"released"
"cmuihvu5301sosexpg69b0tmz","Yann Sommer","42205","None (Detached)","Inter","Without Club","2026-06-30",0,"released"
"cmuihvzwk07wssexpdi6kkcmp","Yves Bissouma","410425","None (Detached)","Tottenham","Without Club","2026-06-30",0,"released"
"cmuihw3f60bqxsexp0l7jqcmb","Zanos Savva","928900","None (Detached)","Torino","Without Club","2026-06-30",0,"released"
"cmuihw24509uksexp144ccu0y","Zé Carlos","617679","None (Detached)","Gil Vicente","Without Club","2026-06-30",0,"released"
"cmuihw43f0c0bsexph3pnv8ie","Abakar Sylla","962555","None (Detached)","FC Nantes","R. Strasbourg","2026-06-29",0,"moved"
"cmuihw4r00crmsexpn068j7ae","Abdoul Koné","1130445","None (Detached)","Stade Reims","Leipzig","2026-06-29",0,"moved"
"cmuihw4rl0d0bsexpv3bq6box","Aboubacar Bassinga","1210422","None (Detached)","AD Ceuta","UD Las Palmas","2026-06-29",0,"moved"
"cmuihw3ew0bjzsexpoo2eg6kc","Adrián Pica","895458","None (Detached)","CD Mirandés","Alavés","2026-06-29",0,"moved"
"cmuihw24109rdsexpjssqxhr7","Adrián Rodríguez","608382","None (Detached)","Real Zaragoza","Alavés","2026-06-29",0,"moved"
"cmuihw2qd0b46sexpumtn0mkc","Adriel","808445","None (Detached)","Avs FS","Grêmio","2026-06-29",0,"moved"
"cmuihw2qf0b53sexphdag1ayt","Agustín Álvarez","812625","None (Detached)","Monza","Sassuolo","2026-06-29",0,"moved"
"cmuihw24n0a8wsexp591xheem","Ahmetcan Kaplan","662131","None (Detached)","NEC Nijmegen","Ajax","2026-06-29",0,"moved"
"cmuihw3eq0begsexpwelcn4d6","Alan Matturro","861981","None (Detached)","Levante","Genoa","2026-06-29",0,"moved"
"cmuihw3f00bmwsexp70n33zz1","Alan Núñez","912703","None (Detached)","Nacional","Cerro Porteño","2026-06-29",0,"moved"
"cmuihvzvy07j0sexp2clawa6g","Alberto Dossena","385394","None (Detached)","Cagliari","Como","2026-06-29",0,"moved"
"cmuihvzwi07v2sexp1wn5x52v","Alec Van Hoorenbeeck","405892","None (Detached)","Heracles Almelo","FC Twente","2026-06-29",0,"moved"
"cmuihw44d0cpksexpjqr9vnj6","Alejandro Gomes Rodríguez","1108478","None (Detached)","FC Annecy","Lyon","2026-06-29",0,"moved"
"cmuihw3ew0bkfsexpi48byqzo","Alessandro Berretta","898356","None (Detached)","Giana Erminio","Monza","2026-06-29",0,"moved"
"cmuihvyr906gisexpd0hv4jld","Alessandro Gabrielloni","311333","None (Detached)","Juve Stabia","Como","2026-06-29",0,"moved"
"cmuihw2pm0ak5sexpe92rxy18","Alessandro Pietrelli","704122","None (Detached)","Venezia","Juve Next Gen","2026-06-29",0,"moved"
"cmuihw3ez0bmhsexp4wnm2vqh","Alessandro Romano","911224","None (Detached)","Spezia Calcio","Roma","2026-06-29",0,"moved"
"cmuihw1cw096asexp3wg9aayp","Alessandro Sorrentino","542588","None (Detached)","Padova","Monza","2026-06-29",0,"moved"
"cmuihw3et0bhpsexpop5jikca","Alessandro Vinciguerra","885228","None (Detached)","Monopoli","Cagliari","2026-06-29",0,"moved"
"cmuihw4rv0d4msexphxkl3kac","Alessio Baralla","1310486","None (Detached)","Como U19","Empoli U20","2026-06-29",0,"moved"
"cmuihw1bg08w7sexpiwv4p2j3","Alexander Lind","514895","None (Detached)","Nordsjaelland","Pisa","2026-06-29",0,"moved"
"cmuihw4420chdsexpw1619lwc","Alexandre Brito","1061568","None (Detached)","Pafos","Sporting","2026-06-29",0,"moved"
"cmuihw24o0aafsexp1h01rbak","Alexandru Borbei","667640","None (Detached)","Foggia","Lecce","2026-06-29",0,"moved"
"cmuihw43d0bzbsexpyqyvgg6l","Alexi Koum","955449","None (Detached)","Valenciennes FC","Marseille B","2026-06-29",0,"moved"
"cmuihw24209s0sexp7s4216qh","Ali Al-Hamadi","610581","None (Detached)","Luton","Ipswich","2026-06-29",0,"moved"
"cmuihw2q60ay0sexphvrdi4nr","Alieu Fadera","749552","None (Detached)","Sassuolo","Como","2026-06-29",0,"moved"
"cmuihw43f0c0isexpj2ajfmp7","Alphadjo Cissè","964087","None (Detached)","Catanzaro","AC Milan","2026-06-29",0,"moved"
"cmuihw24r0acesexp5vae32ef","Álvaro Djaló","671649","None (Detached)","Al-Gharafa","Athletic Club","2026-06-29",0,"moved"
"cmuihw1dn09h4sexpi4r398m4","Alysson","574761","None (Detached)","Farense","Santa Clara","2026-06-29",0,"moved"
"cmuihw4470cknsexpe266vmtl","Amidou Doumbouya","1075574","None (Detached)","Al-Ahli SC","Al-Duhail SC","2026-06-29",0,"moved"
"cmuihvzvs07eisexpbp2dadnx","Amine Harit","372711","FC Schalke 04","Basaksehir","Marseille","2026-06-29",0,"moved"
"cmuihw3ev0bjhsexppo3ks26y","Amir Richardson","893675","None (Detached)","Copenhagen","Fiorentina","2026-06-29",0,"moved"
"cmuihw2po0akpsexp1pqrbxsn","Amourricho van Axel Dongen","704773","None (Detached)","Heerenveen","Ajax","2026-06-29",0,"moved"
"cmuihw0k308ndsexp8ww1h8wt","Anass Salah-Eddine","485584","None (Detached)","PSV","Roma","2026-06-29",0,"moved"
"cmuihw24q0abnsexpbmuuv7x9","André Gomes","670710","None (Detached)","Alverca","Benfica B","2026-06-29",0,"moved"
"cmuihvzaq06ozsexpsgp0qj8q","André Horta","329722","None (Detached)","UD Almería","Braga","2026-06-29",0,"moved"
"cmuihw4400cgisexp12qxvjya","Andrea Natali","1058353","None (Detached)","AZ Alkmaar U21","Leverkusen U19","2026-06-29",0,"moved"
"cmuihvzw407nqsexp3yvhauax","Angel Gomes","392770","None (Detached)","Wolves","Marseille","2026-06-29",0,"moved"
"cmuihw43y0cegsexpr4dhylea","Ank Bølling Asmussen","1051741","None (Detached)","Ghiviborgo","FC Empoli","2026-06-29",0,"moved"
"cmuihw3f30bp8sexpjtqrmmb1","Antal Yaakobishvili","923915","None (Detached)","CD Tenerife","Girona","2026-06-29",0,"moved"
"cmuihw0jn08g2sexpicaixq7c","Antoine Baroan","463666","None (Detached)","Avs FS","FC Rapid 1923","2026-06-29",0,"moved"
"cmuihw43u0cbcsexpzvr71g2v","Antoine Joujou","1028162","None (Detached)","Famalicão","Parma","2026-06-29",0,"moved"
"cmuihvzw407nxsexpxwf2hayb","Antonio Candela","392881","None (Detached)","FC Empoli","Spezia Calcio","2026-06-29",0,"moved"
"cmuihw3ef0b7esexp46sp0s75","Antonio Raimondo","818888","None (Detached)","Frosinone","Bologna","2026-06-29",0,"moved"
"cmuihw3f80bsfsexp3ko6evka","Antonis Papakanellos","933884","None (Detached)","Rio Ave","Olympiacos","2026-06-29",0,"moved"
"cmuihw3f30bp0sexpm5mewahu","Antzelo Sina","923129","None (Detached)","PAS Giannina","Rio Ave","2026-06-29",0,"moved"
"cmuihw1em09kgsexp0yqj35u9","Arnaud Kalimuendo","585959","None (Detached)","Frankfurt","Nott'm Forest","2026-06-29",0,"moved"
"cmuihvzao06nfsexpgagfc5m3","Arnaud Nordin","324811","None (Detached)","Stade Rennais","Mainz","2026-06-29",0,"moved"
"cmuihw3es0bgfsexphximj5ox","Arthur Chaves","875332","None (Detached)","Augsburg","Hoffenheim","2026-06-29",0,"moved"
"cmuihw3f40bq0sexpvt0z9g3v","Arthur Vermeeren","926694","None (Detached)","Marseille","Leipzig","2026-06-29",0,"moved"
"cmuihw0it085psexp1v8hf6bp","Arvin Appiah","433257","None (Detached)","Amiens SC","UD Almería","2026-06-29",0,"moved"
"cmuihw0k908svsexp6zjkah2z","Aster Vranckx","503881","None (Detached)","Sassuolo","Wolfsburg","2026-06-29",0,"moved"
"cmuihw43h0c2hsexpy5rdmff7","Ayanda Sishuba","977877","None (Detached)","Montpellier","Stade Rennais","2026-06-29",0,"moved"
"cmuihw2qd0b3wsexpqepgj6mt","Bamo Meïté","807165","None (Detached)","FC Lorient","Marseille","2026-06-29",0,"moved"
"cmuihw4st0d7wsexpdqcqf3cq","Bara Sapoko Ndiaye","1497653","None (Detached)","Bayern Munich","Gambinos Stars","2026-06-29",0,"moved"
"cmuihvxfy04jysexpi426man5","Bas Kuipers","187188","None (Detached)","Arouca","FC Twente","2026-06-29",0,"moved"
"cmuihvzw607plsexp0pwg7psh","Batista Mendy","395234","None (Detached)","Sevilla FC","Trabzonspor","2026-06-29",0,"moved"
"cmuihw1bj08y1sexp0pko8vhb","Ben Lhassine Kone","522681","None (Detached)","Frosinone","Como","2026-06-29",0,"moved"
"cmuihw43p0c72sexphmivepcq","Benja Cremaschi","999127","None (Detached)","Parma","Miami","2026-06-29",0,"moved"
"cmuihw0iu085wsexp5p9nqcjg","Benjamin Kimpioka","433652","None (Detached)","Tondela","Sivasspor","2026-06-29",0,"moved"
"cmuihvvyd03clsexpskjyvvui","Benjamin Siegrist","111426","None (Detached)","Genoa","FC Rapid 1923","2026-06-29",0,"moved"
"cmuihvy6d05gnsexph8e60fdg","Bilal Ould-Chikh","241324","None (Detached)","FC Volendam","Raja Casablanca","2026-06-29",0,"moved"
"cmuihw1cw096fsexpz186ybwv","Billal Brahimi","543051","None (Detached)","Estrela Amadora","Santos","2026-06-29",0,"moved"
"cmuihw1em09kcsexp1ifqvsj1","Boris Lambert","585711","None (Detached)","KV Kortrijk","Willem II","2026-06-29",0,"moved"
"cmuihw4rh0cy8sexp5qlpo58a","Botche Candé","1187458","None (Detached)","Lusitano Évora","Estrela U23","2026-06-29",0,"moved"
"cmuihw24i0a4rsexpxqs8acxs","Boubacar Traoré","649020","None (Detached)","FC Metz","Wolves","2026-06-29",0,"moved"
"cmuihw2pj0airsexpa44dihy2","Brajan Gruda","700106","None (Detached)","Leipzig","Brighton","2026-06-29",0,"moved"
"cmuihvxgg04wlsexp03o3nb8v","Branco van den Boomen","203938","None (Detached)","Angers SCO","Ajax","2026-06-29",0,"moved"
"cmuihvzw507oisexpmvjlc5q4","Bruno Almeida","393581","None (Detached)","Farense","Santa Clara","2026-06-29",0,"moved"
"cmuihw2qa0b1qsexp2htoulms","Calebe","798114","None (Detached)","Alavés","Fortaleza","2026-06-29",0,"moved"
"cmuihw43c0byhsexpp2io3d0x","Callum Marshall","953135","None (Detached)","VfL Bochum","West Ham","2026-06-29",0,"moved"
"cmuihw0j7089rsexp0x753dev","Cameron Puertas","449592","None (Detached)","Werder Bremen","Al-Qadsiah","2026-06-29",0,"moved"
"cmuihw24609vasexpfdlv1i7u","Carlos Martín","618813","None (Detached)","Rayo Vallecano","Atlético","2026-06-29",0,"moved"
"cmuihw24v0aefsexpbjcqkqwl","Cedric Hatenboer","682568","None (Detached)","Telstar","RSC Anderlecht","2026-06-29",0,"moved"
"cmuihvy6g05iwsexpi40veuf0","Charles Pickel","243879","None (Detached)","Espanyol","Cremonese","2026-06-29",0,"moved"
"cmuihw24d0a0zsexpr1wbes9v","Charlie Setford","635129","None (Detached)","MK Dons","Ajax U21","2026-06-29",0,"moved"
"cmuihvxg504phsexpgiqd3qt5","Charlie Taylor","195633","None (Detached)","West Brom","Southampton","2026-06-29",0,"moved"
"cmuihw3f90btqsexpk03dydsm","Christian Corradi","936183","None (Detached)","Trento","Hellas Verona","2026-06-29",0,"moved"
"cmuihw0k208mdsexpofl6plbm","Christos Mandas","481675","None (Detached)","Bournemouth","Lazio","2026-06-29",0,"moved"
"cmuihvxg704rcsexpe4mnrja6","Chuba Akpom","197642","Hull City","Ipswich","Ajax","2026-06-29",0,"moved"
"cmuihw43o0c6fsexpz2b559eu","Claudio Echeverri","994536","Manchester City","Girona","Man City","2026-06-29",0,"moved"
"cmuihw2pv0aqwsexpsxlt406z","Claudio Turi","724099","None (Detached)","Team Altamura","Napoli","2026-06-29",0,"moved"
"cmuihvzba0733sexp9j865pq8","Conor Chaplin","349503","None (Detached)","Portsmouth","Ipswich","2026-06-29",0,"moved"
"cmuihvwrj03nxsexp1wjchyqp","Conor Coady","128901","None (Detached)","Charlton","Wrexham","2026-06-29",0,"moved"
"cmuihvzb106vfsexpkot1al2r","Cristo","339707","None (Detached)","Umm Salal SC","Al-Sadd","2026-06-29",0,"moved"
"cmuihw1df09e8sexpjc3v4pqv","Cuba","567489","None (Detached)","Coimbra","Farense","2026-06-29",0,"moved"
"cmuihw44a0cmesexpemzbpu85","Dani Borges","1083604","None (Detached)","Leiria","Santa Clara","2026-06-29",0,"moved"
"cmuihw1ct094psexpqcjxb8wx","Daniel Maldini","539134","None (Detached)","Lazio","Atalanta","2026-06-29",0,"moved"
"cmuihw3ef0b7lsexplgdz405i","Daniele Quieto","819207","None (Detached)","Latina Calcio","Inter U23","2026-06-29",0,"moved"
"cmuihw1bi08x3sexpr45x6pur","Danilo","519731","None (Detached)","NEC Nijmegen","Rangers","2026-06-29",0,"moved"
"cmuihw43k0c4osexprv4hoqry","Daouda Traoré","986300","None (Detached)","Bari","Southampton U21","2026-06-29",0,"moved"
"cmuihw3ee0b6psexp9c0gq74j","Dario Daka","816679","None (Detached)","KF Vora","Trapani","2026-06-29",0,"moved"
"cmuihw2qd0b3tsexpfgu6z5q5","Dario Sits","806955","None (Detached)","Atl. Madrileño","Parma","2026-06-29",0,"moved"
"cmuihw0k708r1sexpmekpnyem","David Carmo","498237","None (Detached)","Real Oviedo","Nott'm Forest","2026-06-29",0,"moved"
"cmuihw43r0c95sexpy0yvnixm","David Pejičić","1009633","None (Detached)","NK Maribor","Udinese","2026-06-29",0,"moved"
"cmuihw3f20bo6sexpqaddcv17","Davide Renzetti","918957","None (Detached)","Bra","Lazio","2026-06-29",0,"moved"
"cmuihw2qb0b23sexp72ueuajv","Dennis Seimen","800946","None (Detached)","SC Paderborn","Stuttgart","2026-06-29",0,"moved"
"cmuihw43g0c1asexpvbuats22","Dermane Karim","969447","None (Detached)","FC Lorient","Lommel SK","2026-06-29",0,"moved"
"cmuihw0k708qgsexpnao8uyzd","Devis Vásquez","495722","None (Detached)","Besiktas","Roma","2026-06-29",0,"moved"
"cmuihvzaq06oqsexp94h04phq","Diego Carlos","329145","None (Detached)","Como","Fenerbahçe","2026-06-29",0,"moved"
"cmuihw24m0a8ksexpfkjvacdt","Diego Coppola","660860","None (Detached)","Paris FC","Brighton","2026-06-29",0,"moved"
"cmuihw24n0a8rsexpkbxvotsp","Diego Duarte","661243","None (Detached)","Avs FS","Nacional","2026-06-29",0,"moved"
"cmuihw2q70aylsexpjovzget8","Dies Janse","765743","None (Detached)","FC Groningen","Ajax U21","2026-06-29",0,"moved"
"cmuihw3f20bogsexpe7ugk9a3","Dieu-Merci Michel","921090","None (Detached)","Leiria","Vit. Guimarães","2026-06-29",0,"moved"
"cmuihvzao06mysexp4df4nsu4","Dimitrios Limnios","324344","None (Detached)","Fortuna Sittard","Panathinaikos","2026-06-29",0,"moved"
"cmuihw24q0abysexp6t15xp2q","Divin Mubama","670848","None (Detached)","Stoke City","Man City U21","2026-06-29",0,"moved"
"cmuihw43w0cchsexpktzasoh5","Djibril Soumaré","1041532","None (Detached)","Sheff Utd","Braga","2026-06-29",0,"moved"
"cmuihvxgh04xqsexpd0l9txxz","Dominik Livakovic","205927","None (Detached)","Dinamo Zagreb","Fenerbahçe","2026-06-29",0,"moved"
"cmuihw3ej0baxsexpq9tnlnnu","Dudá","840690","None (Detached)","Belenenses","Portimonense","2026-06-29",0,"moved"
"cmuihvy6905d3sexpwt47vsrj","Duje Caleta-Car","238266","None (Detached)","Real Sociedad","Lyon","2026-06-29",0,"moved"
"cmuihw2qb0b2ksexpad5yzbxz","Ed McJannet","802243","None (Detached)","Ternana","Lecce","2026-06-29",0,"moved"
"cmuihw3fd0bwosexp3h1v8e40","Edhy Zuliani","944427","None (Detached)","Pau FC","Toulouse","2026-06-29",0,"moved"
"cmuihw4490cm1sexpao6gsbgp","Edney","1082539","None (Detached)","Portimonense","Santa Clara","2026-06-29",0,"moved"
"cmuihvzwf07tcsexphwq16tcr","Edson Álvarez","401356","None (Detached)","Fenerbahçe","West Ham","2026-06-29",0,"moved"
"cmuihw2q30axisexppt9act1e","Elijah Campbell","747598","None (Detached)","Port Vale","Everton U21","2026-06-29",0,"moved"
"cmuihvzwe07svsexpps0dvbqo","Eljif Elmas","400489","None (Detached)","Napoli","Leipzig","2026-06-29",0,"moved"
"cmuihw24m0a88sexpno67j7hr","Elye Wahi","659542","None (Detached)","Nice","Frankfurt","2026-06-29",0,"moved"
"cmuihw2q70ayzsexpcup9fz92","Elysée Logbo","770407","None (Detached)","Bourg-en-Bresse","Le Havre AC","2026-06-29",0,"moved"
"cmuihvy6o05p2sexp01p2aq74","Emil Audero","256339","None (Detached)","Cremonese","Como","2026-06-29",0,"moved"
"cmuihw2q90b0ssexp4weq3yc5","Emil Gazdov","790733","None (Detached)","St. Pauli","Montréal","2026-06-29",0,"moved"
"cmuihw0k708qpsexp0k1n4zdj","Emil Holm","496745","None (Detached)","Juventus","Bologna","2026-06-29",0,"moved"
"cmuihw1br08zlsexppum5ar2w","Emilio Kehrer","527279","None (Detached)","FC Ingolstadt","Willem II","2026-06-29",0,"moved"
"cmuihvzwg07u2sexplextu36u","Emir Sahiti","403177","None (Detached)","M. Tel Aviv","Hamburg","2026-06-29",0,"moved"
"cmuihvy6d05gdsexpakqcudtl","Emmanuel Gyasi","241076","None (Detached)","Palermo","FC Empoli","2026-06-29",0,"moved"
"cmuihvzb606z6sexpapjic30f","Enzo Ebosse","342877","None (Detached)","Torino","Udinese","2026-06-29",0,"moved"
"cmuihw44d0cp5sexpm49o6x9g","Enzo Molebe","1106860","None (Detached)","Montpellier","Lyon","2026-06-29",0,"moved"
"cmuihw3eu0bi7sexpai54frr8","Ethan Wheatley","888639","None (Detached)","Bradford","Man Utd","2026-06-29",0,"moved"
"cmuihw2pq0alvsexpe5lxx6uh","Etienne Eto'o","707359","None (Detached)","Villarreal CF B","Rayo Vallecano","2026-06-29",0,"moved"
"cmuihw24i0a4isexp71hiuana","Evan Ferguson","648046","None (Detached)","Roma","Brighton","2026-06-29",0,"moved"
"cmuihw4460cjnsexp09f07zpo","Fabrício Garcia","1070645","None (Detached)","Alverca","Estoril","2026-06-29",0,"moved"
"cmuihw43j0c3vsexpsm73wjdc","Facundo Buonanotte","983989","None (Detached)","Leeds","Brighton","2026-06-29",0,"moved"
"cmuihw0jc08c2sexp59lf70jf","Faride Alidou","456492","None (Detached)","E. Braunschweig","1.FC K'lautern","2026-06-29",0,"moved"
"cmuihw23y09olsexp689m6wm5","Faris Moumbagna","599663","None (Detached)","Cremonese","Marseille","2026-06-29",0,"moved"
"cmuihw0j808a4sexp8h9md96s","Federico Brancolini","451154","None (Detached)","Salernitana","FC Empoli","2026-06-29",0,"moved"
"cmuihw3f80bstsexpa9ra5l2x","Federico Chinetti","934461","None (Detached)","Trento","Como","2026-06-29",0,"moved"
"cmuihw1do09hvsexpgl0lue2o","Federico Viñas","578419","None (Detached)","Real Oviedo","León","2026-06-29",0,"moved"
"cmuihw43r0c8ysexp2ka0licn","Felipe Chávez","1009441","None (Detached)","1.FC Köln","FC Bayern II","2026-06-29",0,"moved"
"cmuihw43q0c84sexp39udztsb","Fellipe Jack","1004723","None (Detached)","Catanzaro","Como","2026-06-29",0,"moved"
"cmuihw4440cihsexpd1bisq6v","Fer López","1064471","None (Detached)","Celta de Vigo","Wolves","2026-06-29",0,"moved"
"cmuihw44d0cppsexpryon8jpl","Filipe Bordon","1110645","None (Detached)","Südtirol","Lazio","2026-06-29",0,"moved"
"cmuihw24o0a9psexph5hl5feq","Finn Stam","665541","None (Detached)","Willem II","AZ Alkmaar U21","2026-06-29",0,"moved"
"cmuihw4r40ct7sexp1yxse7qm","Foe Ondoa","1143375","None (Detached)","Oliveirense","Estoril U23","2026-06-29",0,"moved"
"cmuihw24r0aclsexpndyvv8e7","Fofin Turay","671736","None (Detached)","TOP Oss","FC Groningen","2026-06-29",0,"moved"
"cmuihw3ef0b74sexpva31opje","Fran Pereira","818247","None (Detached)","Lusitano Évora","Estoril","2026-06-29",0,"moved"
"cmuihw3f70brisexpo2dvgcg2","Francis Onyeka","929943","None (Detached)","VfL Bochum","Leverkusen","2026-06-29",0,"moved"
"cmuihw1dd09d3sexp4ffp05h1","Francisco Meixedo","564968","None (Detached)","Feirense","Estrela Amadora","2026-06-29",0,"moved"
"cmuihw44a0cmtsexpd1sy139b","Gabriel Moscardo","1086636","Paris Saint-Germain","Braga","PSG","2026-06-29",0,"moved"
"cmuihw2pl0ajqsexp3kel33n2","Gennaro Iaccarino","703240","None (Detached)","Arezzo","Napoli","2026-06-29",0,"moved"
"cmuihw4rd0cw7sexpas54pqhu","Geo Almeida","1174093","None (Detached)","Mérida AD","Farense","2026-06-29",0,"moved"
"cmuihw24409tqsexphdd3hv8o","Georgios Okkas","614987","None (Detached)","Panionios","Rio Ave","2026-06-29",0,"moved"
"cmuihw3ev0biysexpf3ngb4at","Gerald Alders","891854","None (Detached)","Telstar","Ajax U21","2026-06-29",0,"moved"
"cmuihw3f70brnsexp8m8plgr6","Giacomo De Pieri","930767","None (Detached)","Bari","Inter U23","2026-06-29",0,"moved"
"cmuihw43t0ca7sexp03nxcp1j","Gift Orban","1018259","None (Detached)","Hellas Verona","Hoffenheim","2026-06-29",0,"moved"
"cmuihw2pm0ak2sexpey4d4z6w","Gijs Besselink","704075","None (Detached)","Willem II","FC Twente","2026-06-29",0,"moved"
"cmuihw24u0adnsexpweni8juv","Giorgi Abuashvili","677057","None (Detached)","FC Metz","Kolkheti Poti","2026-06-29",0,"moved"
"cmuihvzwq080ksexp68nd3tfx","Giorgi Tsitaishvili","419067","None (Detached)","FC Metz","Dynamo Kyiv","2026-06-29",0,"moved"
"cmuihvzbh076isexpsz18nfbt","Giorgio Altare","354909","None (Detached)","Pescara","Venezia","2026-06-29",0,"moved"
"cmuihw2qg0b5nsexph2tjd3y1","Giovanni Daffara","814473","None (Detached)","Avellino","Juve Next Gen","2026-06-29",0,"moved"
"cmuihw4410cgssexpoll8ab7g","Giuseppe Mazzaglia","1059730","None (Detached)","Piacenza","Como U19","2026-06-29",0,"moved"
"cmuihw1dn09gwsexp0og5dtc0","Grant-Leon Ranos","574201","None (Detached)","E. Braunschweig","Mönchengladbach","2026-06-29",0,"moved"
"cmuihw2py0au3sexpw36v37ds","Guilherme Liberato","739442","None (Detached)","Torreense","Moreirense","2026-06-29",0,"moved"
"cmuihw1bi08x7sexpe0b4dt72","Guilherme Romão","519879","None (Detached)","Santa Clara","Atlético-GO","2026-06-29",0,"moved"
"cmuihw3f80bs3sexp9q2ihitr","Gustavo Varela","931900","None (Detached)","Gil Vicente","Benfica B","2026-06-29",0,"moved"
"cmuihw4qz0cr4sexpdfr4r1w2","Hamza Bellari","1123335","None (Detached)","Eldense","Valencia B","2026-06-29",0,"moved"
"cmuihvxgf04vosexpmr61geey","Haris Tabakovic","203123","None (Detached)","Mönchengladbach","Hoffenheim","2026-06-29",0,"moved"
"cmuihw3fa0btzsexp7cu9av9m","Harrie Kuster","936605","None (Detached)","RKC Waalwijk","FC Twente U21","2026-06-29",0,"moved"
"cmuihw43s0c9ksexpk7m36h4p","Harry Amass","1011738","None (Detached)","Norwich","Man Utd","2026-06-29",0,"moved"
"cmuihw1bs0903sexp1rkw2vpc","Harry Clarke","528892","None (Detached)","Charlton","Ipswich","2026-06-29",0,"moved"
"cmuihw3eh0b9dsexpfm0eaqzd","Hennes Behrens","829838","None (Detached)","Heidenheim","Hoffenheim","2026-06-29",0,"moved"
"cmuihw1bg08wcsexpcyagwq9n","Henri Koudossou","515624","None (Detached)","1.FC Nuremberg","Augsburg","2026-06-29",0,"moved"
"cmuihw4rr0d2fsexp6o1e9yq8","Henrique Menke","1259706","None (Detached)","Como","Internacional","2026-06-29",0,"moved"
"cmuihw0kb08tzsexp9i5s80e6","Henrique Pereira","505655","None (Detached)","Chaves","Santa Clara","2026-06-29",0,"moved"
"cmuihw2ph0ah0sexprhuy15rg","Hevertton","695121","None (Detached)","Gil Vicente","QPR","2026-06-29",0,"moved"
"cmuihw1bq08z3sexpm28tr8bf","Horațiu Moldovan","525438","None (Detached)","Real Oviedo","Atlético","2026-06-29",0,"moved"
"cmuihw24p0aaysexp9ac69u1k","Hugo Novoa","668276","None (Detached)","CD Mirandés","Alavés","2026-06-29",0,"moved"
"cmuihw3ei0ba1sexpqh8m99sr","Hugo Rincón","834487","None (Detached)","Girona","Athletic Club","2026-06-29",0,"moved"
"cmuihw43i0c39sexple7zoref","Ibrahim Sulemana","982267","None (Detached)","Cagliari","Atalanta","2026-06-29",0,"moved"
"cmuihw2pz0aursexp5ju645ih","Iker Bravo","741292","None (Detached)","UD Las Palmas","Udinese","2026-06-29",0,"moved"
"cmuihw3ei0b9vsexpjpg28rru","Iker Córdoba","834463","None (Detached)","CD Mirandés","Valencia","2026-06-29",0,"moved"
"cmuihw24c0a00sexpqns2qnhb","Iker Losada","632741","None (Detached)","Levante","Real Betis","2026-06-29",0,"moved"
"cmuihw4rb0cuvsexpk1owu0pb","Isaac Cossier","1160753","None (Detached)","Le Mans FC","Lille","2026-06-29",0,"moved"
"cmuihw0j7089ssexpyb8ak0af","Isaac Schmidt","449597","None (Detached)","Werder Bremen","Leeds","2026-06-29",0,"moved"
"cmuihw2pt0aphsexp7eon139b","Ismael Sierra","718195","None (Detached)","Villarreal CF B","Estoril","2026-06-29",0,"moved"
"cmuihw24d0a0usexpdaed3uwr","Israel Salazar","634430","None (Detached)","Eldense","Estoril","2026-06-29",0,"moved"
"cmuihw24i0a4xsexpmdw48ds4","Issa Kaboré","649452","None (Detached)","Wrexham","Man City","2026-06-29",0,"moved"
"cmuihw24c0a0dsexpwid59h1x","Iván Azón","633306","None (Detached)","Ipswich","Como","2026-06-29",0,"moved"
"cmuihvxgf04w0sexpr3q1spks","Jack Grealish","203460","Manchester City","Everton","Man City","2026-06-29",0,"moved"
"cmuihvzwo07zvsexppmdcccp8","Jack Harrison","417346","None (Detached)","Fiorentina","Leeds","2026-06-29",0,"moved"
"cmuihw3fc0bwasexp209c1yjc","Jahmai Simpson-Pusey","942497","None (Detached)","1.FC Köln","Man City U21","2026-06-29",0,"moved"
"cmuihw43d0byrsexp25jb6o64","Jamaldeen Jimoh-Aloba","954105","None (Detached)","West Brom","Aston Villa U21","2026-06-29",0,"moved"
"cmuihw24i0a4hsexpzpgd3lbm","James Abankwah","648032","None (Detached)","Watford","Udinese","2026-06-29",0,"moved"
"cmuihvxfr04fssexphnj4kdx7","James Ward-Prowse","181579","None (Detached)","Burnley","West Ham","2026-06-29",0,"moved"
"cmuihw43w0ccksexpv3xjk8tn","James Wilson","1041600","None (Detached)","Tottenham U21","Heart of Midl.","2026-06-29",0,"moved"
"cmuihw3fe0bxxsexpgfp6mqcz","Jan Faberski","949480","None (Detached)","PEC Zwolle","Ajax U21","2026-06-29",0,"moved"
"cmuihw43v0cbssexprtte3w82","Jarzinho Malanga","1031774","None (Detached)","SV Elversberg","Stuttgart II","2026-06-29",0,"moved"
"cmuihw4420chgsexp4jvz51ab","Jastin Garcia","1061665","None (Detached)","FC Andorra","Girona","2026-06-29",0,"moved"
"cmuihw24l0a71sexp1h3aydgu","Jean Onana","656441","None (Detached)","Genoa","Besiktas","2026-06-29",0,"moved"
"cmuihw0jr08hvsexpn14imq1h","Jens Cajuste","468066","None (Detached)","Ipswich","Napoli","2026-06-29",0,"moved"
"cmuihvy5w052ssexpvfcdryyt","Jérémie Boga","216569","None (Detached)","Juventus","Nice","2026-06-29",0,"moved"
"cmuihw0jl08f6sexpn3v1fl5n","João Silva","461903","None (Detached)","Tondela","Sport Recife","2026-06-29",0,"moved"
"cmuihw2q60ayasexp6bk8f0fo","Joel Ideho","760508","None (Detached)","FC Volendam","Sparta R.","2026-06-29",0,"moved"
"cmuihw3f80bs8sexpi2920ed9","Jonas Harder","932740","None (Detached)","Padova","Fiorentina","2026-06-29",0,"moved"
"cmuihw1d809assexptpzynqex","José Gragera","557147","None (Detached)","Dep. La Coruña","Espanyol","2026-06-29",0,"moved"
"cmuihw44c0coksexpmeg8t7cp","José Silva","1102159","None (Detached)","Arouca","Sporting B","2026-06-29",0,"moved"
"cmuihw3fd0bwisexps8nxxhds","Jovan Milosevic","943795","None (Detached)","Werder Bremen","Stuttgart","2026-06-29",0,"moved"
"cmuihw43m0c5ssexpx95f24v1","Joyeux Masanka Bungi","990146","None (Detached)","New York","Leipzig","2026-06-29",0,"moved"
"cmuihw24h0a3xsexp1gkg7s37","Juan Larios","646738","None (Detached)","Real Zaragoza","Southampton","2026-06-29",0,"moved"
"cmuihw4470ckdsexpytodwtpr","Juanse Rodríguez","1074496","None (Detached)","Tondela","LDU Quito","2026-06-29",0,"moved"
"cmuihw2pz0auxsexpx9jp3t5h","Juho Talvitie","741587","None (Detached)","NAC Breda","Lommel SK","2026-06-29",0,"moved"
"cmuihw24809x4sexpn7bxrkoh","Julen Agirrezabala","625014","None (Detached)","Valencia","Athletic Club","2026-06-29",0,"moved"
"cmuihw2pu0aq8sexpbu0p22hu","Julian Rijkhoff","720799","None (Detached)","Almere City","Ajax U21","2026-06-29",0,"moved"
"cmuihw3ew0bjrsexpw6mopku4","Juliën Mesbahi","895089","None (Detached)","FC Emmen","FC Twente","2026-06-29",0,"moved"
"cmuihw4qz0cqysexpdgvou9d7","Juma Bah","1121298","Manchester City","Nice","Man City","2026-06-29",0,"moved"
"cmuihw43r0c92sexp7tbbiwr5","Junior Diaz","1009596","None (Detached)","Stade Brestois","Troyes","2026-06-29",0,"moved"
"cmuihw1by092wsexptjrjowwk","Junior Dina Ebimbe","536482","None (Detached)","Stade Brestois","Frankfurt","2026-06-29",0,"moved"
"cmuihw43u0cbjsexp84a264b5","Justin Bourgault","1030153","None (Detached)","AS Nancy","Stade Brestois","2026-06-29",0,"moved"
"cmuihvzbj078isexp791yorqq","Justin Lonwijk","357917","None (Detached)","Fortuna Sittard","Dynamo Kyiv","2026-06-29",0,"moved"
"cmuihw3eu0bi3sexp8htw5969","Kadan Young","887433","None (Detached)","Reading","Aston Villa U21","2026-06-29",0,"moved"
"cmuihw3ek0bbfsexpibjx8d3y","Kaelan Casey","845321","None (Detached)","Leyton Orient","West Ham","2026-06-29",0,"moved"
"cmuihvzbb0746sexph6kh7tq2","Kalvin Phillips","351749","Manchester City","Sheff Utd","Man City","2026-06-29",0,"moved"
"cmuihw4420chnsexpbtth32rx","Karlson Nwanege","1062513","None (Detached)","Perugia","Hellas Verona","2026-06-29",0,"moved"
"cmuihw43w0ccrsexpgc79x0p4","Karse","1042715","None (Detached)","Coimbra","Rio Ave U23","2026-06-29",0,"moved"
"cmuihw43q0c7msexpav05j9ky","Keiber Lamadrid","1004203","None (Detached)","West Ham","Dep. La Guaira","2026-06-29",0,"moved"
"cmuihw4rb0cuwsexpq939zphh","Kembo Diliwidi","1160813","None (Detached)","QRM","Lens","2026-06-29",0,"moved"
"cmuihvzwm07ybsexpxi5abnw7","Kenzo Goudmijn","412943","None (Detached)","Go Ahead Eagles","Derby","2026-06-29",0,"moved"
"cmuihvu5601uasexpq2xgye9c","Kevin Müller","43824","FC Schalke 04","FC Schalke 04","Heidenheim","2026-06-29",0,"moved"
"cmuihw3et0bhlsexpujmr3jid","Kjell Wätjen","884810","None (Detached)","VfL Bochum","Dortmund","2026-06-29",0,"moved"
"cmuihw3ew0bjxsexp8folnfkn","Koke Iglesias","895333","None (Detached)","Ponferradina","Valladolid Prom","2026-06-29",0,"moved"
"cmuihw24r0ac9sexp26racvn6","Kota Takai","671108","None (Detached)","Mönchengladbach","Tottenham","2026-06-29",0,"moved"
"cmuihw3f80bscsexpkj8ohibw","Krisztián Lisztes","933217","None (Detached)","Ferencváros","Frankfurt","2026-06-29",0,"moved"
"cmuihvzvv07ghsexpyvg0g1at","Lance Duijvestijn","378316","None (Detached)","Fortuna Sittard","Sparta R.","2026-06-29",0,"moved"
"cmuihw1bh08wvsexpzvegegfr","Largie Ramazani","518644","None (Detached)","Valencia","Leeds","2026-06-29",0,"moved"
"cmuihw2q80azqsexprf26i9uy","Lasse Nordås","781270","None (Detached)","Heerenveen","Luton","2026-06-29",0,"moved"
"cmuihw3eg0b8lsexpufnwdk8x","Leon Opitz","825073","None (Detached)","Karlsruher SC","Werder Bremen","2026-06-29",0,"moved"
"cmuihw3f80bs7sexp4rjis61n","Leonardo Baroncelli","932733","None (Detached)","AS Gubbio","Fiorentina","2026-06-29",0,"moved"
"cmuihw24j0a5wsexpt0net97u","Leonardo Buta","653415","None (Detached)","Rio Ave","Udinese","2026-06-29",0,"moved"
"cmuihw3f70brasexpdecshv94","Leonardo Di Tommaso","929746","None (Detached)","Cerignola","Lazio","2026-06-29",0,"moved"
"cmuihw0kd08uisexpoam2mno7","Leonidas Stergiou","507345","None (Detached)","Heidenheim","Stuttgart","2026-06-29",0,"moved"
"cmuihw3f20borsexpl2oubz28","Lewis Koumas","922462","None (Detached)","Hull City","Liverpool U21","2026-06-29",0,"moved"
"cmuihw3fc0bwcsexpky9i4bwd","Lorenzo Tosto","942814","None (Detached)","Livorno","FC Empoli","2026-06-29",0,"moved"
"cmuihw4420chjsexpynp79112","Lorenzo Venturino","1061820","None (Detached)","Roma","Genoa","2026-06-29",0,"moved"
"cmuihw1er09l8sexp55vbpojs","Luca Everink","588744","None (Detached)","FC Emmen","Go Ahead Eagles","2026-06-29",0,"moved"
"cmuihw43h0c1vsexp5bxccq5w","Luca Lohr","973690","None (Detached)","Arenteiro","FC Cartagena","2026-06-29",0,"moved"
"cmuihvy60056lsexpf9dpfzni","Luca Mazzitelli","226025","None (Detached)","Cagliari","Como","2026-06-29",0,"moved"
"cmuihw24609vlsexpnlx42mab","Lucas Gourna-Douath","620313","None (Detached)","Le Havre AC","Salzburg","2026-06-29",0,"moved"
"cmuihw2qf0b4ysexphl14oakt","Lucas Michal","810909","None (Detached)","FC Metz","Monaco","2026-06-29",0,"moved"
"cmuihw2pk0ajnsexp0gm8g4zr","Luis Asué","702911","None (Detached)","CD Leganés","SH Shenhua","2026-06-29",0,"moved"
"cmuihw3ev0bj6sexpjxnpjiqz","Luka Vuskovic","892160","None (Detached)","Hamburg","Tottenham","2026-06-29",0,"moved"
"cmuihvzws0812sexpe7wrl4if","Lutsharel Geertruida","420210","None (Detached)","Sunderland","Leipzig","2026-06-29",0,"moved"
"cmuihvzbh076gsexpedvswg1p","M'Bala Nzola","354814","None (Detached)","Sassuolo","Fiorentina","2026-06-29",0,"moved"
"cmuihw43o0c6msexp0xsbwle6","Maat Daniel Caprini","996453","None (Detached)","Mantova","Fiorentina","2026-06-29",0,"moved"
"cmuihvzwa07r2sexpq4lznsmn","Manor Solomon","396638","None (Detached)","Fiorentina","Tottenham","2026-06-29",0,"moved"
"cmuihw4r60cu2sexp8qa4vh64","Manu","1152644","None (Detached)","União Santarém","Estrela U23","2026-06-29",0,"moved"
"cmuihvzvr07dtsexp8126ez9g","Marash Kumbulla","371371","None (Detached)","RCD Mallorca","Roma","2026-06-29",0,"moved"
"cmuihw24q0abjsexpd41vp0lx","Marco Cruz","670682","None (Detached)","Marítimo","Vit. Guimarães","2026-06-29",0,"moved"
"cmuihw3es0bh1sexps5s1oevc","Marco Dalla Vecchia","879868","None (Detached)","Virtus Entella","Torino","2026-06-29",0,"moved"
"cmuihw3ew0bk2sexpckwsp9gl","Marco Palestra","895937","None (Detached)","Cagliari","Atalanta","2026-06-29",0,"moved"
"cmuihvyqp060csexpi3yucyy1","Marco Richter","279009","None (Detached)","Darmstadt 98","Mainz","2026-06-29",0,"moved"
"cmuihw43e0c01sexppvk4u5zq","Marcos Fernández","961948","None (Detached)","AD Ceuta","Espanyol","2026-06-29",0,"moved"
"cmuihvy6r05rksexpshemljpd","Marcus Rashford","258923","Manchester United","Barcelona","Man Utd","2026-06-29",0,"moved"
"cmuihw3ej0bapsexpxtqeh7gk","Marin Ljubicic","838236","None (Detached)","F. Düsseldorf","Union Berlin","2026-06-29",0,"moved"
"cmuihvzwn07yzsexpszh72u3o","Marshall Munetsi","414908","None (Detached)","Paris FC","Wolves","2026-06-29",0,"moved"
"cmuihw1d709agsexppxwevf3j","Martín Payero","555820","None (Detached)","Cremonese","Udinese","2026-06-29",0,"moved"
"cmuihw4420ch9sexposxfbjyi","Mateo Flores","1061283","None (Detached)","Arouca","Real Betis","2026-06-29",0,"moved"
"cmuihw3ei0ba6sexpihfi9nwn","Mateo Joseph","834742","None (Detached)","RCD Mallorca","Leeds","2026-06-29",0,"moved"
"cmuihw43h0c2jsexpwng52vld","Mateus Pivô","978615","None (Detached)","Avs FS","Brusque","2026-06-29",0,"moved"
"cmuihw4480ckpsexp2rf74xid","Mathys Niflore","1075580","None (Detached)","USL Dunkerque","Toulouse","2026-06-29",0,"moved"
"cmuihw4r50ctfsexp8e9s39ki","Matías Moreno","1144700","None (Detached)","Levante","Fiorentina","2026-06-29",0,"moved"
"cmuihw3fa0buesexps698m3w6","Matteo Motta","937342","None (Detached)","Lumezzane","Inter U23","2026-06-29",0,"moved"
"cmuihw4400cgjsexp7ngg8v2q","Matteo Palma","1058354","None (Detached)","Sampdoria","Udinese","2026-06-29",0,"moved"
"cmuihw3es0bglsexp5dnk30fi","Matteo Prati","876298","None (Detached)","Torino","Cagliari","2026-06-29",0,"moved"
"cmuihw0k508opsexpzslgh90f","Matthias Braunöder","488052","None (Detached)","Bari","Como","2026-06-29",0,"moved"
"cmuihw3eh0b99sexpzfdvjjxp","Maurice Krattenmacher","829316","None (Detached)","Hertha BSC","Bayern Munich","2026-06-29",0,"moved"
"cmuihw0jt08j6sexpmav4oepb","Max Geschwill","471890","None (Detached)","1.FC Magdeburg","Holstein Kiel","2026-06-29",0,"moved"
"cmuihw3fa0bujsexpxaya7xja","Max Schmitt","937713","None (Detached)","SSV Ulm 1846","FC Bayern II","2026-06-29",0,"moved"
"cmuihw2po0akysexpf3bqtijr","Max Svensson","705808","None (Detached)","UD Ibiza","Casa Pia","2026-06-29",0,"moved"
"cmuihvzw007kusexpygad95uf","Maximilian Bauer","388363","None (Detached)","Arm. Bielefeld","Augsburg","2026-06-29",0,"moved"
"cmuihw1el09k2sexpthyhof92","Maximilian Breunig","584254","None (Detached)","1.FC Magdeburg","Heidenheim","2026-06-29",0,"moved"
"cmuihvyqf05tbsexpicwix01b","Maximilian Wöber","263361","None (Detached)","Werder Bremen","Leeds","2026-06-29",0,"moved"
"cmuihvy6505avsexp6yzq6iz3","Maxwel Cornet","234781","None (Detached)","Genoa","West Ham","2026-06-29",0,"moved"
"cmuihvvzg03ggsexp9ce0iae1","Michael Gregoritsch","120205","FC Schalke 04","Augsburg","Bröndby IF","2026-06-29",0,"moved"
"cmuihw3eu0bi5sexpufqyluum","Michel","887834","None (Detached)","Moreirense","Palmeiras","2026-06-29",0,"moved"
"cmuihw0k108lzsexp02ut8fu4","Miguel de la Fuente","480883","None (Detached)","UD Almería","CD Leganés","2026-06-29",0,"moved"
"cmuihw3ev0bj4sexpycf4u0f4","Mike Aidoo","892101","None (Detached)","Pergolettese","Inter U23","2026-06-29",0,"moved"
"cmuihw3ek0bbmsexpmyziud4a","Milos Lukovic","845872","None (Detached)","Preston","R. Strasbourg","2026-06-29",0,"moved"
"cmuihw44d0cpcsexpbw7pi6u6","Min-su Kim","1108203","None (Detached)","FC Andorra","Girona","2026-06-29",0,"moved"
"cmuihw3ez0bmisexp8chgvoju","Mohamed Kaba","911328","None (Detached)","FC Nantes","Lecce","2026-06-29",0,"moved"
"cmuihw0kd08unsexphx0q7c7a","Naci Ünüvar","508639","None (Detached)","Heracles Almelo","FC Twente","2026-06-29",0,"moved"
"cmuihw43z0cewsexp7mcp6shv","Naoufel El Hannach","1053148","None (Detached)","Montpellier","PSG","2026-06-29",0,"moved"
"cmuihvy5x0531sexpkbz8h328","Neal Maupay","217115","None (Detached)","Sevilla FC","Marseille","2026-06-29",0,"moved"
"cmuihw3ev0biusexpjisgcfla","Nick Verschuren","891835","None (Detached)","FC Volendam","Ajax U21","2026-06-29",0,"moved"
"cmuihvvsu02qzsexp5ft4uluj","Niclas Füllkrug","75489","None (Detached)","AC Milan","West Ham","2026-06-29",0,"moved"
"cmuihw3et0bhqsexp23ff8mri","Nicola Pintus","885230","None (Detached)","Cosenza","Cagliari","2026-06-29",0,"moved"
"cmuihw0jl08fcsexptonsmkka","Nicolás Fonseca","462070","None (Detached)","Real Oviedo","León","2026-06-29",0,"moved"
"cmuihw3ep0becsexp5v00gtbq","Nicolás Valentini","860992","None (Detached)","Hellas Verona","Fiorentina","2026-06-29",0,"moved"
"cmuihvzw307mnsexp1jrffknu","Nicolò Zaniolo","392085","None (Detached)","Udinese","Galatasaray","2026-06-29",0,"moved"
"cmuihw1es09lmsexpoc43atdk","Niels Nkounkou","591193","None (Detached)","Torino","Frankfurt","2026-06-29",0,"moved"
"cmuihw24709wlsexpezv0hmxb","Nikolaos Athanasiou","623072","None (Detached)","OFI Crete","Olympiacos","2026-06-29",0,"moved"
"cmuihw4ri0cz1sexpk0e6qefg","Nils Zätterström","1191520","None (Detached)","Genoa","Sheff Utd","2026-06-29",0,"moved"
"cmuihw43c0bybsexp0utmuwbn","Noah Fenyő","951957","None (Detached)","Újpest FC","Frankfurt","2026-06-29",0,"moved"
"cmuihw2pi0ah8sexppufb9dko","Noah Pesch","696028","None (Detached)","1.FC Magdeburg","Mönchengladbach","2026-06-29",0,"moved"
"cmuihw3ey0bldsexpizgf6vcw","Noel Aseko","904974","None (Detached)","Hannover 96","FC Bayern II","2026-06-29",0,"moved"
"cmuihvzvx07hysexpx7fq052f","Nökkvi Thórisson","381349","None (Detached)","Telstar","Sparta R.","2026-06-29",0,"moved"
"cmuihvwre03j7sexp8rxy9dnn","Odysseas Vlachodimos","124419","None (Detached)","Sevilla FC","Newcastle","2026-06-29",0,"moved"
"cmuihw43o0c6isexpkshl2ixk","Oluwaseun Ogbemudia","995520","None (Detached)","W. Mannheim","Union Berlin","2026-06-29",0,"moved"
"cmuihw43v0cc6sexpqyba2e9g","Omar Fayed","1036405","None (Detached)","Arouca","Fenerbahçe","2026-06-29",0,"moved"
"cmuihvzwv082zsexpoe397i9k","Omar Richards","424881","None (Detached)","Rio Ave","Nott'm Forest","2026-06-29",0,"moved"
"cmuihw24409tmsexpt93aoj34","Onur Demir","614630","None (Detached)","FC Petrzalka","Fortuna Sittard","2026-06-29",0,"moved"
"cmuihw3fe0by3sexpisfuzujg","Or Israelov","950442","None (Detached)","Estoril","Hapoel Tel Aviv","2026-06-29",0,"moved"
"cmuihw43s0c9ysexpdyb4zqh9","Óscar Perea","1015624","None (Detached)","Avs FS","R. Strasbourg","2026-06-29",0,"moved"
"cmuihw1bu090ssexp5cklmzcn","Oussama El Azzouzi","531065","None (Detached)","AJ Auxerre","Bologna","2026-06-29",0,"moved"
"cmuihw43p0c7bsexpncp4xog3","Pablo López","1000630","None (Detached)","CD Mirandés","Valencia B","2026-06-29",0,"moved"
"cmuihw3fe0bxvsexpklfxl6eh","Pape Demba Diop","949113","None (Detached)","Toulouse","R. Strasbourg","2026-06-29",0,"moved"
"cmuihw4rf0cxhsexp7vavtfsc","Pape Diong","1183575","None (Detached)","USL Dunkerque","R. Strasbourg","2026-06-29",0,"moved"
"cmuihw4rm0d11sexpysny5su0","Pape Sissoko","1228320","None (Detached)","AS Nancy","Stade Reims","2026-06-29",0,"moved"
"cmuihvyqg05ubsexpbydmnw2r","Patrick Cutrone","265078","None (Detached)","Monza","Como","2026-06-29",0,"moved"
"cmuihw43i0c2ssexp611h2768","Paulo Vitor","979625","None (Detached)","Avs FS","Akron Tolyatti","2026-06-29",0,"moved"
"cmuihw4490cm2sexpn1gqw3rr","Pedro Felipe","1082581","None (Detached)","Sassuolo","Juve Next Gen","2026-06-29",0,"moved"
"cmuihw24u0adzsexpbv6cye1n","Philip Otele","678655","None (Detached)","Hamburg","Basel","2026-06-29",0,"moved"
"cmuihw4rx0d66sexpsny3txja","Precious Benjamin","1363814","None (Detached)","SCR Altach","Hoffenheim","2026-06-29",0,"moved"
"cmuihvy6b05elsexp09fth116","Przemyslaw Frankowski","239743","None (Detached)","Stade Rennais","Galatasaray","2026-06-29",0,"moved"
"cmuihw4460cjasexphxrf5gw4","Rabby Nzingoula","1068110","None (Detached)","1.FC Nuremberg","R. Strasbourg","2026-06-29",0,"moved"
"cmuihvzb9071isexpp47colbf","Radoslaw Majecki","346546","None (Detached)","Stade Brestois","Monaco","2026-06-29",0,"moved"
"cmuihw24f0a1wsexph0531ruy","Rafael Luís","637803","None (Detached)","R. Strasbourg","Benfica B","2026-06-29",0,"moved"
"cmuihw0k508oosexppdzg9fdq","Randal Kolo Muani","487969","Paris Saint-Germain","Tottenham","PSG","2026-06-29",0,"moved"
"cmuihw2px0asqsexpmqj3q07i","Rareș Burnete","731525","None (Detached)","Juve Stabia","Lecce","2026-06-29",0,"moved"
"cmuihw2qf0b54sexpl4ddl4qy","Rareș Ilie","812654","None (Detached)","FC Empoli","Nice","2026-06-29",0,"moved"
"cmuihw24e0a1csexpbdzqyqps","Raúl Blanco","636096","None (Detached)","AD Alcorcón","Casa Pia","2026-06-29",0,"moved"
"cmuihvws6044nsexp4lm9hbg8","Raúl de Tomás","162038","None (Detached)","Al-Wakrah SC","Rayo Vallecano","2026-06-29",0,"moved"
"cmuihw24f0a21sexpdozg1m9q","Rhaldney","638269","None (Detached)","Alverca","Göztepe","2026-06-29",0,"moved"
"cmuihw1cw096hsexpiggbunqu","Rhys Norrington-Davies","543164","None (Detached)","QPR","Sheff Utd","2026-06-29",0,"moved"
"cmuihvzvz07jlsexpu6fulj1c","Riccardo Sottil","386455","None (Detached)","Lecce","Fiorentina","2026-06-29",0,"moved"
"cmuihw2qb0b20sexpkk8sedxg","Rildo","800177","None (Detached)","Levski Sofia","Santa Clara","2026-06-29",0,"moved"
"cmuihw43y0cefsexpzzerd9bb","Rodrigo Duarte","1050219","None (Detached)","Paços Ferreira","Guimarães B","2026-06-29",0,"moved"
"cmuihw1cw096gsexpyfdutm2l","Rodrigo Moura","543103","None (Detached)","Casa Pia","Chaves","2026-06-29",0,"moved"
"cmuihw2pq0am7sexpikgvy7wl","Romano Floriani Mussolini","708086","None (Detached)","Cremonese","Lazio","2026-06-29",0,"moved"
"cmuihw4rk0czusexp1101wlhn","Rony Mimb Baheng","1203035","None (Detached)","Aubagne Air Bel","Marseille B","2026-06-29",0,"moved"
"cmuihw1cs094csexp53g17fb3","Ruben Roosken","538963","None (Detached)","Oxford United","Huddersfield","2026-06-29",0,"moved"
"cmuihw24s0acosexpkkp73m8e","Rui Modesto","671799","None (Detached)","Palermo","Udinese","2026-06-29",0,"moved"
"cmuihw3fa0bu0sexptlrz5y33","Saad El Haddad","936684","None (Detached)","Pineto","Venezia","2026-06-29",0,"moved"
"cmuihw3ey0blosexpfbi0tijo","Saba Goglichidze","906160","None (Detached)","Watford","Udinese","2026-06-29",0,"moved"
"cmuihw2qd0b3vsexpudofiu2n","Saïdou Sow","807128","None (Detached)","Clermont Foot","R. Strasbourg","2026-06-29",0,"moved"
"cmuihw2pf0aewsexptv2rqaul","Samuel Bamba","684318","None (Detached)","Willem II","VfL Bochum","2026-06-29",0,"moved"
"cmuihw0ip0845sexpjhxhydx4","Samuel Granada","428996","None (Detached)","North District","Fluminense U23","2026-06-29",0,"moved"
"cmuihvyqh05vesexpxxvjq0x9","Sandi Lovrić","268429","None (Detached)","Hellas Verona","Udinese","2026-06-29",0,"moved"
"cmuihvzw607phsexp63ztjw0z","Santiago Colombatto","395122","None (Detached)","Real Oviedo","León","2026-06-29",0,"moved"
"cmuihvzw007kssexpylfka5lx","Sayfallah Ltaief","388220","None (Detached)","Greuther Fürth","FC Twente","2026-06-29",0,"moved"
"cmuihw1d909b3sexp07gdhs9g","Sékou Mara","557612","None (Detached)","AJ Auxerre","R. Strasbourg","2026-06-29",0,"moved"
"cmuihw4420chfsexp8k88szw3","Selvi Clua","1061660","None (Detached)","CD Mirandés","UD Almería","2026-06-29",0,"moved"
"cmuihw3f40bpzsexp1ko8cs34","Sem van Duijn","926491","None (Detached)","Telstar","AZ Alkmaar U21","2026-06-29",0,"moved"
"cmuihw4rf0cx4sexpw59hfbiv","Sergio Ruiz","1179293","None (Detached)","UM Escobedo","Las Palmas Atl.","2026-06-29",0,"moved"
"cmuihw4470ckasexp8qqftx1l","Shio Fukuda","1073997","None (Detached)","Karlsruher SC","Mönchengladbach","2026-06-29",0,"moved"
"cmuihw24f0a2fsexpah3x1rup","Shola Shoretire","640026","None (Detached)","PEC Zwolle","PAOK","2026-06-29",0,"moved"
"cmuihw4ro0d1esexpdze5w6tr","Sidoine Fogning","1234104","None (Detached)","Slo. Bratislava","Boavista","2026-06-29",0,"moved"
"cmuihw24h0a3tsexpt01p0i8f","Sil Swinkels","646710","None (Detached)","Chesterfield","Aston Villa U21","2026-06-29",0,"moved"
"cmuihw0kd08ujsexpx8zntn6s","Simon Sohm","507486","None (Detached)","Bologna","Fiorentina","2026-06-29",0,"moved"
"cmuihw3es0bgmsexpt1sgv33d","Simone Pafundi","876400","None (Detached)","Sampdoria","Udinese","2026-06-29",0,"moved"
"cmuihw3en0bd1sexpc4u79wpg","Skelly Alvero","855134","None (Detached)","Amiens SC","Werder Bremen","2026-06-29",0,"moved"
"cmuihw2pq0am0sexpgsu4nila","Sofiane Et-Taïbi","707622","None (Detached)","KFC Houtvenne","Westerlo U21","2026-06-29",0,"moved"
"cmuihw4rb0cutsexpfc31u6b6","Souleymane Sagnan","1160378","None (Detached)","SM Caen","Lens","2026-06-29",0,"moved"
"cmuihw24m0a83sexp4wpk7jvs","Soumaïla Coulibaly","659513","None (Detached)","Stade Brestois","R. Strasbourg","2026-06-29",0,"moved"
"cmuihvzvq07dmsexpsesb7qan","Stanley Nsoki","371141","None (Detached)","Union Berlin","Hoffenheim","2026-06-29",0,"moved"
"cmuihw2qa0b1nsexppvvtbefe","Stefan Lekovic","797572","None (Detached)","Estrela Amadora","Red Star","2026-06-29",0,"moved"
"cmuihvy5z055dsexpe0aljot3","Stefan Posch","223974","None (Detached)","Mainz","Como","2026-06-29",0,"moved"
"cmuihw3f90btusexpujcx6a5n","Stijn Bultman","936571","None (Detached)","De Graafschap","Heracles Almelo","2026-06-29",0,"moved"
"cmuihw1d6099zsexpu5uxt5b9","Szymon Wlodarczyk","554282","None (Detached)","Excelsior","Sturm Graz","2026-06-29",0,"moved"
"cmuihvzwh07uosexp7qenuh42","Taisei Miyashiro","405395","None (Detached)","UD Las Palmas","Vissel Kobe","2026-06-29",0,"moved"
"cmuihw2q00aw7sexpswg6tdpy","Tarek Buchmann","744729","None (Detached)","1.FC Nuremberg","Bayern Munich","2026-06-29",0,"moved"
"cmuihw2q90b0msexp1gdusggv","Teddy Boulhendi","789419","None (Detached)","Bourg-en-Bresse","Nice","2026-06-29",0,"moved"
"cmuihw1cs0945sexpb7nf33tb","Terem Moffi","538874","None (Detached)","Porto","Nice","2026-06-29",0,"moved"
"cmuihw2q00avwsexpk6obv3nt","Thiago Borbas","743951","None (Detached)","Real Oviedo","RB Bragantino","2026-06-29",0,"moved"
"cmuihw43p0c6vsexpzhpmu08t","Thiago Helguera","997827","None (Detached)","CD Mirandés","Braga","2026-06-29",0,"moved"
"cmuihw0k408nlsexpp87umyhr","Thomas Keller","485747","None (Detached)","Dynamo Dresden","Heidenheim","2026-06-29",0,"moved"
"cmuihvxgh04xjsexpdrehfq59","Thomas Lemar","205562","None (Detached)","Girona","Atlético","2026-06-29",0,"moved"
"cmuihw43u0carsexpsrbohi48","Tiago Brito","1020686","None (Detached)","Oliveirense","Estoril","2026-06-29",0,"moved"
"cmuihw2qg0b6csexpm7bxhitd","Tiago Morais","815652","None (Detached)","Casa Pia","Lille","2026-06-29",0,"moved"
"cmuihw3f40bpnsexp9ujnbzua","Tiago Parente","925417","None (Detached)","Felgueiras","Estoril","2026-06-29",0,"moved"
"cmuihw4ru0d3jsexpkrtc1hdy","Tim","1293517","None (Detached)","Marco 09","Rio Ave U23","2026-06-29",0,"moved"
"cmuihw1dk09flsexpwv4jq30f","Tim Breithaupt","569457","None (Detached)","F. Düsseldorf","Augsburg","2026-06-29",0,"moved"
"cmuihw24j0a61sexpvath1inn","Toby Collyer","654253","Hull City","Hull City","Man Utd","2026-06-29",0,"moved"
"cmuihw24c0a0csexpv7yhcnl2","Tomas Kalinauskas","633258","None (Detached)","Roda JC","Burton Albion","2026-06-29",0,"moved"
"cmuihw24h0a3vsexpymzjz4pw","Tomás Mendes","646734","None (Detached)","Alverca","Alavés","2026-06-29",0,"moved"
"cmuihw24g0a2tsexpbrpbdeh2","Tommaso Baldanzi","641537","None (Detached)","Genoa","Roma","2026-06-29",0,"moved"
"cmuihvzwm07xwsexp0mwucr2l","Tommaso Cassandro","412649","None (Detached)","Catanzaro","Como","2026-06-29",0,"moved"
"cmuihw3ef0b7csexp9sqvz2ou","Tommaso Corazza","818880","None (Detached)","Cesena","Bologna","2026-06-29",0,"moved"
"cmuihw3f80bsmsexp15b7byzg","Tommaso Martinelli","934159","None (Detached)","Sampdoria","Fiorentina","2026-06-29",0,"moved"
"cmuihw3f90bt0sexp29o7b86v","Tommaso Pittino","934863","None (Detached)","Dolomiti","Genoa","2026-06-29",0,"moved"
"cmuihw3eq0bf8sexpt0snu46b","Tommaso Rubino","866247","None (Detached)","Carrarese","Fiorentina","2026-06-29",0,"moved"
"cmuihw3es0bgasexpzgulqhb6","Travis Patterson","874902","None (Detached)","FC Annecy","Aston Villa U21","2026-06-29",0,"moved"
"cmuihw43s0c9gsexpxcmi3jbz","Trevan Sanusi","1011152","None (Detached)","FC Lorient","Newcastle U21","2026-06-29",0,"moved"
"cmuihw24l0a73sexpbb5onut5","Tristan Gooijer","656800","None (Detached)","PEC Zwolle","Ajax U21","2026-06-29",0,"moved"
"cmuihw43j0c42sexpuihv2zr6","Triston Rowe","984593","None (Detached)","FC Annecy","Aston Villa U21","2026-06-29",0,"moved"
"cmuihw43r0c8nsexpvhpvkm0f","Tyler Bindon","1007720","None (Detached)","Sheff Utd","Nott'm Forest","2026-06-29",0,"moved"
"cmuihvzbl07agsexpef26405w","Tymoteusz Puchacz","361575","None (Detached)","Sabah FK","Holstein Kiel","2026-06-29",0,"moved"
"cmuihw2pp0aljsexp0qo1ig60","Ugo Raghouber","707230","None (Detached)","Levante","Lille","2026-06-29",0,"moved"
"cmuihvxg304nosexp50dynk7b","Ulisses Garcia","192616","None (Detached)","Sassuolo","Marseille","2026-06-29",0,"moved"
"cmuihw1dh09f6sexpv6nhdyrx","Umut Tohumcu","569031","None (Detached)","Holstein Kiel","Hoffenheim","2026-06-29",0,"moved"
"cmuihw24209rrsexpod5yhbhi","Unai Vencedor","610083","None (Detached)","Levante","Athletic Club","2026-06-29",0,"moved"
"cmuihw2pj0aiasexplzzp69cj","Vanja Vlahović","698546","None (Detached)","Spezia Calcio","Atalanta U23","2026-06-29",0,"moved"
"cmuihw3f50bqjsexp38avg11j","Velizar-Iliya Iliev","927933","None (Detached)","Cerignola","Cagliari","2026-06-29",0,"moved"
"cmuihvzwr080qsexpsyz75fum","Veljko Birmancevic","419648","None (Detached)","Getafe","Sparta Prague","2026-06-29",0,"moved"
"cmuihvzwu082asexpy7ayujtc","Victor Nelsson","422951","None (Detached)","Hellas Verona","Galatasaray","2026-06-29",0,"moved"
"cmuihw3f20bofsexpc2nkh9zj","Vincent Burlet","920939","None (Detached)","US Boulogne","Lille","2026-06-29",0,"moved"
"cmuihw43r0c8asexpdnd8thz1","Vitor Reis","1005575","Manchester City","Girona","Man City","2026-06-29",0,"moved"
"cmuihw3ez0bmdsexp70olvk47","Wilson Samaké","910192","None (Detached)","Arda Kardzhali","Bandirma Spor","2026-06-29",0,"moved"
"cmuihvyr306atsexpg5l1w7gw","Wout Faes","292808","None (Detached)","Monaco","Leicester","2026-06-29",0,"moved"
"cmuihw1et09m8sexpvn04hysu","Woyo Coulibaly","592975","None (Detached)","Sassuolo","Leicester","2026-06-29",0,"moved"
"cmuihw2q80azlsexp682961n8","Xander Severina","778540","None (Detached)","Casa Pia","Maccabi Haifa","2026-06-29",0,"moved"
"cmuihw2pr0an4sexpcfhg3e1z","Xavi Moreno","709971","None (Detached)","CE Sabadell","Real Valladolid","2026-06-29",0,"moved"
"cmuihw3eh0b9csexpxy3t8gau","Yann Sturm","829820","None (Detached)","FC Ingolstadt","SC Freiburg II","2026-06-29",0,"moved"
"cmuihvzwh07ussexpm88evtdf","Yannik Engelhardt","405670","None (Detached)","Mönchengladbach","Como","2026-06-29",0,"moved"
"cmuihvzb506ygsexpf1qhsc01","Yannik Keitel","342039","None (Detached)","Augsburg","Stuttgart","2026-06-29",0,"moved"
"cmuihw3f30bp5sexpm8ax3cb9","Ylies Aradj","923758","None (Detached)","Stade Lavallois","Toulouse","2026-06-29",0,"moved"
"cmuihw43k0c52sexpbmepaduh","Yoni Gomis","988272","None (Detached)","SK Beveren","R. Strasbourg","2026-06-29",0,"moved"
"cmuihw3er0bfbsexp35gpeh8i","Younes Taha","866328","None (Detached)","FC Groningen","FC Twente","2026-06-29",0,"moved"
"cmuihw1bu0912sexpg0l84j7t","Youri Schoonderwaldt","531712","None (Detached)","VVV-Venlo","Sparta R.","2026-06-29",0,"moved"
"cmuihvzao06n0sexpoo04wyqg","Youssef Maleh","324377","None (Detached)","Cremonese","Lecce","2026-06-29",0,"moved"
"cmuihw3f90btrsexprxp1zzch","Yu Hirakawa","936237","Hull City","Hull City","Bristol City","2026-06-29",0,"moved"
"cmuihvxfq04ensexpnrglyqnf","Yusupha Njie","177964","None (Detached)","Al-Wakrah SC","Al-Markhiya SC","2026-06-29",0,"moved"
"cmuihw4ro0d1xsexprpqr8ef2","Zakaria Kassary","1245251","None (Detached)","Alverca","Union Touarga","2026-06-29",0,"moved"
"cmuihw24o0a9xsexpklzwq8hn","Zito Luvumbo","666547","None (Detached)","RCD Mallorca","Cagliari","2026-06-29",0,"moved"
"cmuihw43y0ceasexpbqmoxqs7","Aidan Borland","1049905","None (Detached)","Swindon Town","Aston Villa U21","2026-05-30",0,"moved"
"cmuihw3eg0b85sexp6a4fllgp","Alfie Pond","821522","None (Detached)","Crewe Alexandra","Wolves U21","2026-05-30",0,"moved"
"cmuihw3es0bgssexp54npie8f","Amario Cozier-Duberry","878150","None (Detached)","Bolton","Brighton","2026-05-30",0,"moved"
"cmuihw43f0c0hsexpqtohcfsg","Archie Harris","963879","None (Detached)","Eastleigh","Bournemouth U21","2026-05-30",0,"moved"
"cmuihw3ep0be6sexpyrp3rhdw","Ashley Phillips","859951","None (Detached)","Stoke City","Tottenham","2026-05-30",0,"moved"
"cmuihw24h0a3lsexpo4u07nrp","Carl Rushworth","646353","Hull City","Coventry","Brighton","2026-05-30",0,"moved"
"cmuihvzw307nhsexpvrcqq5zy","Chiedozie Ogbene","392591","None (Detached)","Sheff Utd","Ipswich","2026-05-30",0,"moved"
"cmuihw24o0aadsexpcrlh8mmf","Chris Popov","667508","None (Detached)","Morecambe FC","Leicester U21","2026-05-30",0,"moved"
"cmuihw24709w9sexpgfjt3tvq","Cieran Slicker","621997","None (Detached)","Barnet","Ipswich","2026-05-30",0,"moved"
"cmuihvzap06ofsexp6q2u8l44","Derek Cornelius","328609","None (Detached)","Rangers","Marseille","2026-05-30",0,"moved"
"cmuihw1dq09issexpg6aj6hii","Eiran Cashin","581330","None (Detached)","Blackburn","Brighton","2026-05-30",0,"moved"
"cmuihw1d909b8sexphoa019wa","Harrison Ashby","559130","None (Detached)","Bradford","Newcastle","2026-05-30",0,"moved"
"cmuihw44d0cpnsexp8on3v5ys","Ibrahim Osman","1110406","None (Detached)","Birmingham","Brighton","2026-05-30",0,"moved"
"cmuihw24q0abvsexpbu7dn5f5","Isaac Mabaya","670843","None (Detached)","Wigan","Liverpool U21","2026-05-30",0,"moved"
"cmuihw3f20boysexps6xwqded","Ishé Samuels-Smith","922698","None (Detached)","Swansea","Chelsea U21","2026-05-30",0,"moved"
"cmuihw43f0c0nsexpcq1fbq1y","Ismeal Kabia","964561","None (Detached)","Shrewsbury","Arsenal U21","2026-05-30",0,"moved"
"cmuihw3en0bcrsexpga13eo20","Jacob Slater","854930","None (Detached)","Harrogate Town","Brighton U21","2026-05-30",0,"moved"
"cmuihw24q0ac2sexpqmkmmh90","James Beadle","670860","None (Detached)","Birmingham","Brighton","2026-05-30",0,"moved"
"cmuihw2pp0alasexpsjkdgjcb","Jaydon Banel","706889","None (Detached)","Derby","Burnley U21","2026-05-30",0,"moved"
"cmuihw1df09eesexpj3vn3e3w","Jeremy Sarmiento","568005","None (Detached)","Middlesbrough","Brighton","2026-05-30",0,"moved"
"cmuihw24409tosexptsornrjv","Joe White","614811","None (Detached)","Bradford","Newcastle","2026-05-30",0,"moved"
"cmuihw24q0abusexpbeqr22dt","Joe Whitworth","670840","None (Detached)","Exeter City","Palace U21","2026-05-30",0,"moved"
"cmuihw0k308ncsexp6nxn0iv6","Ki-Jana Hoever","485583","None (Detached)","Sheff Utd","Wolves","2026-05-30",0,"moved"
"cmuihw24j0a5ssexpubqdwks0","Luke Butterfield","652635","None (Detached)","Accrington","Chesterfield","2026-05-30",0,"moved"
"cmuihw4rf0cx1sexpi97p09gn","Malick Yalcouyé","1178758","None (Detached)","Swansea","Brighton","2026-05-30",0,"moved"
"cmuihw3fd0bwfsexpirem2nav","Mark O'Mahony","943549","None (Detached)","Reading","Brighton U21","2026-05-30",0,"moved"
"cmuihw3fb0bvksexpwdg02iff","Max Kinsey","939615","None (Detached)","Truro City FC","Bournemouth U21","2026-05-30",0,"moved"
"cmuihw3f40bpvsexpctb4nus1","Omari Kellyman","926135","None (Detached)","Cardiff","Chelsea U21","2026-05-30",0,"moved"
"cmuihw3eo0bdjsexpk07rai4n","Roman Dixon","856479","None (Detached)","Stockport","Everton U21","2026-05-30",0,"moved"
"cmuihw43m0c5vsexpl44s09or","Romeo Akachukwu","990836","None (Detached)","Colchester Utd.","Southampton U21","2026-05-30",0,"moved"
"cmuihw2pv0arasexppb6bzl6k","Tawanda Chirewa","724783","None (Detached)","Barnsley","Wolves","2026-05-30",0,"moved"
"cmuihw3ep0bdssexpv7lmqqjz","Ted Curd","857792","None (Detached)","Boreham Wood","Chelsea U21","2026-05-30",0,"moved"
"cmuihw3f80bsasexp2j4xt2zr","Tom Watson","933018","None (Detached)","Millwall","Brighton","2026-05-30",0,"moved"
"cmuihw0it085lsexpcumn10qy","Tommy Doyle","433183","None (Detached)","Birmingham","Wolves","2026-05-30",0,"moved"
"cmuihw0ka08tdsexpprlzbfcu","Tariq Lamptey","504148","None (Detached)","Fiorentina","Without Club","2026-05-10",0,"released"
"cmuihw43f0c0xsexpsmcl6rku","Iwan Morgan","966671","None (Detached)","Shrewsbury","Brentford B","2026-05-02",0,"moved"
"cmuihw3f90btasexp1a7hyi8t","Aitor Mañas","935232","None (Detached)","Alavés B","Alavés","2026-04-30",0,"moved"
"cmuihw4r40ct8sexpmzerds05","Ryan Metu","1143430","None (Detached)","Groningen U19","FC Groningen","2026-04-30",0,"moved"
"cmuihw4rw0d5esexp0sj5a0el","Luisinho","1333915","None (Detached)","Braga B","Braga","2026-03-31",0,"moved"
"cmuihw3ez0bmjsexp6zsi8vz8","Tyler Fredricson","911424","Manchester United","Man Utd U21","Man Utd","2026-03-31",0,"moved"
"cmuihw3f80bsvsexpucxads11","Riccardo Braschi","934514","None (Detached)","Fiorentina U20","Fiorentina","2026-03-07",0,"moved"
"cmuihvzak06kbsexpgi1v7heb","Marko Rog","317482","None (Detached)","Without Club","NK Lokomotiva","2026-03-04",0,"moved"
"cmuihw4sf0d6jsexprux72fpx","Paul Mendy","1371793","None (Detached)","Cagliari U20","Cagliari","2026-03-04",0,"moved"
"cmuihw3fd0bwlsexpfms3gqjo","Trent Koné-Doherty","944140","None (Detached)","Liverpool U21","Molde FK","2026-02-26",750000,"moved"
"cmuihw2q80azksexp0pq42ouq","Zain Silcott-Duberry","777308","None (Detached)","Olympiacos B","Sheff Wed","2026-02-25",0,"moved"
"cmuihvyr806frsexpwf118jk5","Ado Onaiwu","308133","None (Detached)","1.FC Magdeburg","Urawa Reds","2026-02-22",0,"moved"
"cmuihvy5y0541sexprydwt9md","André Gomes","221025","None (Detached)","Lille","Columbus","2026-02-18",0,"moved"
"cmuihw4rt0d35sexpyssixfg9","Benno Kaltefleiter","1279157","None (Detached)","RB Leipzig U19","Leipzig","2026-02-18",0,"moved"
"cmuihvzwk07wksexp7ov4u51x","Úmaro Embaló","409886","None (Detached)","Without Club","NK Kustosija","2026-02-17",0,"moved"
"cmuihw1es09lfsexpxq5zd3td","Hamdi Akujobi","590773","None (Detached)","Without Club","Excelsior","2026-02-16",0,"moved"
"cmuihw43x0cdlsexplb0c68as","Tidiane Diallo","1047100","None (Detached)","R. Strasbourg B","Luzern U21","2026-02-16",0,"moved"
"cmuihw0ir084tsexphuji3k1r","Pierre Bolchini","431417","None (Detached)","Without Club","San Marino","2026-02-15",0,"moved"
"cmuihw3fa0buasexpi8wzd10a","Dominic Sadi","936901","None (Detached)","Bournemouth U21","Novi Pazar","2026-02-12",0,"moved"
"cmuihw44d0cp4sexpb91xlhw5","Donte Apinsa","1106642","None (Detached)","Go Ahead U21","Almere City U23","2026-02-12",0,"moved"
"cmuihvzb406xdsexp5gy46kl2","Jaume Grau","340864","None (Detached)","Avs FS","TJ Jinmen Tiger","2026-02-12",0,"moved"
"cmuihw2q80b01sexppt0v7pds","Alan Do Marcolino","783635","None (Detached)","Lus. Lourosa","Viagem Usti n/L","2026-02-11",0,"moved"
"cmuihvwrh03ltsexp4t85o3iv","Juan Bernat","126719","None (Detached)","Without Club","SD Eibar","2026-02-11",0,"moved"
"cmuihvzvw07gusexp2osndq0j","Matheus Reis","379249","None (Detached)","Sporting","CSKA Moscow","2026-02-11",0,"moved"
"cmuihw24o0aa5sexpmnfzjecm","André Ferreira","667120","None (Detached)","Braga B","Zalaegerszeg","2026-02-10",0,"moved"
"cmuihvxgk0505sexpplep4c0p","Jhonatan","212216","None (Detached)","Without Club","Athletic","2026-02-10",0,"moved"
"cmuihw4490cm5sexp4l7xl59t","Ryan Carlos","1082832","None (Detached)","Estrela Amadora","Without Club","2026-02-10",0,"released"
"cmuihw43p0c6ysexpw87nh2zf","Alessio Chiesa","997906","None (Detached)","Varesina","FC Lugano II","2026-02-08",0,"moved"
"cmuihw43d0bzfsexp4v0dj317","Naj Razi","957295","None (Detached)","Without Club","Shamrock Rovers","2026-02-06",0,"moved"
"cmuihvzbg076asexpwgj1r9t2","Amir Murillo","354482","None (Detached)","Marseille","Besiktas","2026-02-05",5000000,"moved"
"cmuihvzay06txsexpiqcv95pr","Christian Kouamé","337725","None (Detached)","Fiorentina","Aris Saloniki","2026-02-05",0,"moved"
"cmuihw1dg09f0sexpvp5e8756","Cheikh Sabaly","568696","None (Detached)","FC Metz","Vancouver","2026-02-04",1000000,"moved"
"cmuihvwrv03x2sexpqilh8sxf","Marco van Ginkel","147034","None (Detached)","Without Club","Retired","2026-02-04",0,"retired"
"cmuihw2pf0afesexp5vaj8710","Adriano Firmino","687743","None (Detached)","Santa Clara","WH Three Towns","2026-02-03",0,"moved"
"cmuihw3f90btcsexpgr8oc9yk","Mauro Zijlstra","935250","None (Detached)","FC Volendam","Persija","2026-02-03",0,"moved"
"cmuihw2pg0ag5sexpfvvn53x3","Joshua Mukeh","691975","None (Detached)","Utrecht U21","FC Emmen","2026-02-02",0,"moved"
"cmuihw4rb0cv2sexpe0qammrv","Maher Carrizo","1162160","None (Detached)","Vélez Sarsfield","Ajax","2026-02-02",6000000,"moved"
"cmuihw3ef0b76sexpgve5ft82","Milan Zonneveld","818445","None (Detached)","Telstar","Sparta R.","2026-02-02",0,"moved"
"cmuihvy6j05lvsexpb3j6wf3c","Adam Armstrong","250426","None (Detached)","Southampton","Wolves","2026-02-01",8100000,"moved"
"cmuihvyqv0654sexpi5m8svha","Adam Masina","286949","None (Detached)","Torino","Without Club","2026-02-01",0,"released"
"cmuihvzwi07v4sexpmq710sni","Ademola Lookman","406040","None (Detached)","Atalanta","Atlético","2026-02-01",35000000,"moved"
"cmuihw4rn0d19sexpq76swssd","Adrian Lahdo","1231993","None (Detached)","Hammarby","Como","2026-02-01",11940000,"moved"
"cmuihvxg104m9sexpjdie87j1","Alan Ruiz","190442","None (Detached)","Without Club","Nueva Chicago","2026-02-01",0,"moved"
"cmuihw24k0a6xsexpzvqh1iyt","Andi Hoti","656095","None (Detached)","1.FC Magdeburg","E. Braunschweig","2026-02-01",250000,"moved"
"cmuihw43p0c6osexpedvoey3u","Andrey","997076","None (Detached)","Avaí FC","Santa Clara","2026-02-01",0,"moved"
"cmuihw24u0ae2sexpq9e8vpgo","Antonio Satriano","679414","None (Detached)","Heracles Almelo","Pro Vercelli","2026-02-01",0,"moved"
"cmuihw2q60ayesexplxce2lzq","Ayodele Thomas","763948","None (Detached)","PSV U21","Leipzig","2026-02-01",400000,"moved"
"cmuihw0j808a2sexpowp0ci3y","Benny","450790","None (Detached)","Moreirense","Kifisia","2026-02-01",0,"moved"
"cmuihw4ru0d3zsexpdvews06r","Branimir Mlacic","1300966","None (Detached)","Hajduk Split","Udinese","2026-02-01",4500000,"moved"
"cmuihw1dl09fzsexpzl9pzj7x","Darlan","570582","None (Detached)","WH Three Towns","Santa Clara","2026-02-01",0,"moved"
"cmuihw4rc0cvosexpom1at2zg","Darryl Bakola","1170286","None (Detached)","Marseille","Sassuolo","2026-02-01",10000000,"moved"
"cmuihvzwj07vqsexpwoe33qbu","Emil Bohinen","406806","None (Detached)","Genoa","Venezia","2026-02-01",1000000,"moved"
"cmuihw44b0cnnsexpifvsdhni","Fernando","1091608","None (Detached)","Cruzeiro U20","Santa Clara","2026-02-01",0,"moved"
"cmuihw1bk08yasexprphm1t8p","Gabrielzinho","523850","None (Detached)","Moreirense","SH Port","2026-02-01",600000,"moved"
"cmuihvzbf075jsexpqabxgp87","Gaëtan Perrin","353404","None (Detached)","Krasnodar","Lille","2026-02-01",5000000,"moved"
"cmuihvyr706eisexpskb8tbma","Gaetano Castrovilli","303116","None (Detached)","Bari","Cesena","2026-02-01",0,"moved"
"cmuihvxg004lksexpqms6t11i","Gianluca Di Chiara","189340","None (Detached)","Catanzaro","Arezzo","2026-02-01",0,"moved"
"cmuihw1et09m9sexpy6ivhtd3","Himad Abdelli","592979","None (Detached)","Angers SCO","Marseille","2026-02-01",2750000,"moved"
"cmuihw1d5098zsexp07m6a40e","Hyeok-kyu Kwon","550957","None (Detached)","FC Nantes","Karlsruher SC","2026-02-01",0,"moved"
"cmuihw3f20bonsexpop91b4va","Ismaël Koné","921655","None (Detached)","Marseille","Sassuolo","2026-02-01",10000000,"moved"
"cmuihw43d0bynsexpom1zswtm","Jack Moorhouse","953933","None (Detached)","Leyton Orient","Man Utd U21","2026-02-01",0,"moved"
"cmuihvxfv04hpsexpt8r16kda","Jamaal Lascelles","183318","None (Detached)","Newcastle","Leicester","2026-02-01",0,"moved"
"cmuihw3ek0bbesexpcvzn5nsf","James McConnell","845289","None (Detached)","Ajax","Liverpool U21","2026-02-01",0,"moved"
"cmuihvzw407nvsexpb3vfylqe","Jonathan Panzo","392777","None (Detached)","Rio Ave","Birmingham","2026-02-01",0,"moved"
"cmuihw43s0c9hsexpfu8polvj","Junior Mwanga","1011200","None (Detached)","FC Nantes","R. Strasbourg","2026-02-01",0,"moved"
"cmuihw1dn09h8sexp2ygitk5o","Kandet Diawara","575319","None (Detached)","1.FC Magdeburg","Troyes","2026-02-01",0,"moved"
"cmuihw1bk08yisexpjs3ukgkc","Luca Netz","524285","None (Detached)","Mönchengladbach","Nott'm Forest","2026-02-01",2500000,"moved"
"cmuihw4qy0cq8sexp2wkibjek","Luis Engelns","1116191","None (Detached)","SC Paderborn","Hoffenheim","2026-02-01",3000000,"moved"
"cmuihvwrm03qbsexp1y2goa0q","Luís Rocha","131658","None (Detached)","Santa Clara","Vizela","2026-02-01",0,"moved"
"cmuihvzw907qdsexpexpmv13s","Maarten Paes","396077","None (Detached)","Dallas","Ajax","2026-02-01",1500000,"moved"
"cmuihw2pp0alesexpvrsdqsgp","Malick Mbaye","707063","None (Detached)","FC Metz","Zulte Waregem","2026-02-01",200000,"moved"
"cmuihw43w0cd0sexp5qyj5jqi","Marten-Chris Paalberg","1044395","None (Detached)","Pärnu Vaprus","Saint-Étienne","2026-02-01",900000,"moved"
"cmuihvzwj07vjsexpevjikyvm","Matt O'Riley","406634","None (Detached)","Marseille","Brighton","2026-02-01",0,"moved"
"cmuihvyr806fqsexpw61lkccu","Mergim Berisha","307924","None (Detached)","Hoffenheim","1.FC K'lautern","2026-02-01",0,"moved"
"cmuihvy610571sexpm2kmzvzt","Morten Thorsby","226524","None (Detached)","Genoa","Cremonese","2026-02-01",2200000,"moved"
"cmuihvzbm07b2sexpejlkzijh","Nik Tzanev","363901","None (Detached)","Newport County","Huddersfield","2026-02-01",0,"moved"
"cmuihw4480cl9sexp566xrf5y","Noah Edjouma","1078326","None (Detached)","Toulouse","Lille","2026-02-01",5000000,"moved"
"cmuihw3eu0bidsexpn138fhqj","Obed Vargas","889435","None (Detached)","Seattle","Atlético","2026-02-01",3000000,"moved"
"cmuihw4410cgqsexpof0hlbc1","Otto Stange","1058520","None (Detached)","SV Elversberg","Hamburg","2026-02-01",0,"moved"
"cmuihw2pi0ahdsexpg7rm0mla","Pedro Rosas","696504","None (Detached)","Felgueiras","Casa Pia","2026-02-01",0,"moved"
"cmuihvy60055wsexpr17b4k72","Rafael Barbosa","225151","None (Detached)","Avs FS","Leixões","2026-02-01",0,"moved"
"cmuihw43e0bzxsexpwqyb1c0n","Rodrigo Mendoza","961297","None (Detached)","Elche CF","Atlético","2026-02-01",16000000,"moved"
"cmuihvyqp0603sexpdff1zp2j","Sebastiano Luperto","278531","None (Detached)","Cagliari","Cremonese","2026-02-01",4600000,"moved"
"cmuihw4rs0d2wsexpq5dhuaga","Sérgio Malé","1271379","None (Detached)","Estrela U23","1º Dezembro","2026-02-01",0,"moved"
"cmuihw3ez0bmlsexpk658e1si","Sverre Nypan","911736","Manchester City","Middlesbrough","Man City","2026-02-01",0,"moved"
"cmuihw3f20boesexpmlifp8sm","Tochukwu Nnadi","920470","None (Detached)","Zulte Waregem","Marseille","2026-02-01",6000000,"moved"
"cmuihw43p0c6zsexpgn5wa6ew","Tommaso Ravaglioli","997909","None (Detached)","Campobasso","Bologna U20","2026-02-01",0,"moved"
"cmuihw2qa0b1jsexpwoa05q1i","Vitinho","796742","None (Detached)","Palmeiras","Santa Clara","2026-02-01",0,"moved"
"cmuihw2ps0ao8sexpw3dpsyzl","Warmed Omari","711996","None (Detached)","Stade Rennais","Hamburg","2026-02-01",2000000,"moved"
"cmuihw44c0coesexpq1ry2zpl","Yael Trepy","1099924","None (Detached)","Cagliari U20","Cagliari","2026-02-01",0,"moved"
"cmuihw3f70brvsexpka88ak4h","Yannick Eduardo","930998","None (Detached)","FC Dordrecht","Hoffenheim","2026-02-01",2600000,"moved"
"cmuihw1de09dvsexprv7rbik0","Yassin Oukili","566911","None (Detached)","Casa Pia","Fortuna Sittard","2026-02-01",0,"moved"
"cmuihw4r40ct4sexpffhgk8vv","Kader Meïté","1141560","None (Detached)","Stade Rennais","Al-Hilal","2026-01-31",30000000,"moved"
"cmuihvxgg04whsexp26tqj457","Oleksandr Zinchenko","203853","None (Detached)","Arsenal","Ajax","2026-01-31",1500000,"moved"
"cmuihvvvm02z9sexprow0bqre","Stefan Ortega","85941","Manchester City","Man City","Nott'm Forest","2026-01-31",580000,"moved"
"cmuihw43t0ca8sexps740q03y","Adrian Przyborek","1018395","None (Detached)","Pogon Szczecin","Lazio","2026-01-30",4500000,"moved"
"cmuihvyr406c6sexp21jfc7eq","Arne Maier","296397","None (Detached)","Augsburg","Újpest FC","2026-01-30",0,"moved"
"cmuihvy64059osexpche5knwm","Braydon Manu","231590","None (Detached)","PEC Zwolle","Akritas Chlor.","2026-01-30",0,"moved"
"cmuihvzb406x2sexpn4m34skb","Gui Ramos","340521","None (Detached)","Hamburg","BJ Guoan","2026-01-30",100000,"moved"
"cmuihw43h0c2ksexp5vsevdqt","Joe Knight","978668","None (Detached)","Brighton U21","Stevenage","2026-01-30",0,"moved"
"cmuihvzvo07c7sexpkylndxnx","Leo Østigård","367284","None (Detached)","Stade Rennais","Genoa","2026-01-30",2500000,"moved"
"cmuihw3f50bqesexpacjyfkja","Afonso Rodrigues","927644","None (Detached)","Tondela","KF Egnatia","2026-01-29",0,"moved"
"cmuihw2pw0arqsexpvzvwiumm","Gonçalo Esteves","726721","None (Detached)","Udinese","Catanzaro","2026-01-29",0,"moved"
"cmuihw43r0c8xsexp3hhwvnrv","Jan Bürger","1009440","None (Detached)","Wolfsburg U19","Wolfsburg","2026-01-29",0,"moved"
"cmuihw2qf0b4wsexpk6fjzmlf","Mayssam Benama","810894","None (Detached)","FC Annecy","Valencia B","2026-01-29",0,"moved"
"cmuihw1en09kwsexpqgf9g24l","Miguel Sousa","587107","None (Detached)","Casa Pia","Leixões","2026-01-29",0,"moved"
"cmuihw3eq0bensexphwulb02p","Nesta Elphege","862606","None (Detached)","Grenoble","Parma","2026-01-29",2000000,"moved"
"cmuihw43p0c6rsexpfbvu041b","Othniël Raterink","997478","None (Detached)","De Graafschap","Cagliari","2026-01-29",1100000,"moved"
"cmuihw24309t6sexpdg6f2wen","Rickson van Hees","613449","None (Detached)","Without Club","CT United FC","2026-01-29",0,"moved"
"cmuihw44c0cousexpwl02tdr8","Semeu Commey","1104233","None (Detached)","Estrela Amadora","Leixões","2026-01-29",0,"moved"
"cmuihw0je08clsexpj30kbaiw","Alessandro Di Pardo","457674","None (Detached)","Cagliari","Sampdoria","2026-01-28",200000,"moved"
"cmuihw4490cm4sexpg78sz5hy","Amorim","1082774","None (Detached)","Alverca","Genoa","2026-01-28",7500000,"moved"
"cmuihvwrv03xnsexptds5f4gz","Nicolae Stanciu","148372","None (Detached)","Genoa","DL Yingbo","2026-01-28",0,"moved"
"cmuihvxfl04awsexpuesl4jmj","Timo Werner","170527","None (Detached)","Leipzig","SJ Earthquakes","2026-01-28",0,"moved"
"cmuihw4r00cr8sexp3z7rlb4y","Ángel Pérez","1124136","None (Detached)","SD Huesca","Alavés","2026-01-27",1000000,"moved"
"cmuihw1bu090rsexpv4ijrku0","Fabio González","531062","None (Detached)","Without Club","Racing Ferrol","2026-01-27",0,"moved"
"cmuihw0j5088ksexpgg33a8ew","Lucas Paquetá","444523","None (Detached)","West Ham","Flamengo","2026-01-27",42000000,"moved"
"cmuihw43t0capsexpeac6gbvu","Pedro Gomes","1020649","None (Detached)","Kapaz PFK","Valencia B","2026-01-27",0,"moved"
"cmuihw44c0cossexphtej6reg","Agustín Albarracín","1104206","None (Detached)","Boston River","Cagliari","2026-01-26",2000000,"moved"
"cmuihw3f10bnlsexpjax5szlm","Edoardo Motta","916430","None (Detached)","Reggiana","Lazio","2026-01-26",1200000,"moved"
"cmuihvvvw0320sexpdgxba31n","Eliaquim Mangala","90681","None (Detached)","Without Club","Oriente P.","2026-01-26",0,"moved"
"cmuihvxfr04fqsexpb47x9esm","Gonçalo Paciência","181547","FC Schalke 04","Sport Recife","Santa Clara","2026-01-26",0,"moved"
"cmuihvzvw07hdsexpydngrxgd","Igor Julio","380350","None (Detached)","West Ham","Brighton","2026-01-26",0,"moved"
"cmuihw0jc08bvsexp26bdwpyv","Jan Olschowsky","455922","None (Detached)","Alem. Aachen","Mönchengladbach","2026-01-26",0,"moved"
"cmuihvuyl02kdsexpge5x2f1x","Milan Djuric","67556","None (Detached)","Parma","Cremonese","2026-01-26",1100000,"moved"
"cmuihw4460cjqsexpxtzjjfug","Dro Fernández","1071596","Paris Saint-Germain","Barcelona","PSG","2026-01-25",8200000,"moved"
"cmuihw1dn09hdsexpcdjb1tv4","Guilherme Montóia","575717","None (Detached)","Estrela Amadora","Jagiellonia","2026-01-25",0,"moved"
"cmuihvwri03mcsexppkeuu7r0","Jérôme Roussillon","127076","None (Detached)","Charlton","Amiens SC","2026-01-25",0,"moved"
"cmuihw24v0aecsexp15onwh0q","Nilton","681829","None (Detached)","Without Club","Beerschot VA","2026-01-25",0,"moved"
"cmuihvy6i05kusexpzki8n2co","Pawel Bochniewicz","248395","None (Detached)","Heerenveen","Górnik Zabrze","2026-01-25",0,"moved"
"cmuihw1d909besexpgce6tmiv","Salah Oulad","559330","Hull City","Without Club","Riga","2026-01-25",0,"moved"
"cmuihvwrh03lrsexpdtyiaedx","Layvin Kurzawa","126710","None (Detached)","Without Club","PERSIB","2026-01-24",0,"moved"
"cmuihvu4m01i8sexp3yvwchm4","Nani","33706","None (Detached)","Career break","Aktobe","2026-01-24",0,"moved"
"cmuihvu4l01h0sexpulikf97q","Armando Izzo","32113","None (Detached)","Monza","Avellino","2026-01-22",0,"moved"
"cmuihvzbj078psexp7d64wa8h","Davide Bettella","357995","None (Detached)","Catanzaro","Pescara","2026-01-22",0,"moved"
"cmuihvzvq07dqsexpiagiu4ph","Guilherme Schettine","371245","None (Detached)","Moreirense","TJ Jinmen Tiger","2026-01-22",700000,"moved"
"cmuihvzaq06pisexpw9gtthn5","Jordi Mboula","331498","None (Detached)","CyD Leonesa","HN FC","2026-01-22",100000,"moved"
"cmuihw3et0bhesexp2ss7irz5","Matteo Duțu","883055","None (Detached)","Milan Futuro","FC Dinamo","2026-01-22",200000,"moved"
"cmuihvzws0813sexp5p0wz39k","Quinten Timber","420213","None (Detached)","Feyenoord","Marseille","2026-01-22",4500000,"moved"
"cmuihvuyb02htsexpw5onzrkm","Vicente Guaita","64399","None (Detached)","Parma","Without Club","2026-01-22",0,"released"
"cmuihw0jl08fdsexpims09a2i","Arjen van der Heide","462087","None (Detached)","De Graafschap","Tondela","2026-01-21",250000,"moved"
"cmuihvyr406casexp3osi5lpa","Max O'Leary","296582","None (Detached)","Bristol City","West Brom","2026-01-21",0,"moved"
"cmuihw1d4098osexpgtrs3mt8","Sander Tangvik","549378","None (Detached)","Rosenborg BK","Hamburg","2026-01-21",2600000,"moved"
"cmuihw44a0cmpsexpzs86disn","Souza","1086258","None (Detached)","Santos","Tottenham","2026-01-21",15000000,"moved"
"cmuihw1dc09cfsexpcivxunzk","Talys","562671","None (Detached)","Without Club","Tehnicar 1974","2026-01-21",0,"moved"
"cmuihvy6a05dosexpeea0drso","Théo Pellenard","238716","None (Detached)","Stade Lavallois","MZ Hakka","2026-01-21",0,"moved"
"cmuihw23y09p1sexpequhs2zz","André Anderson","601577","None (Detached)","Without Club","Pouso Alegre","2026-01-20",0,"moved"
"cmuihw1da09c2sexpqsdhggih","Edoardo Bove","562049","None (Detached)","Roma","Watford","2026-01-20",0,"moved"
"cmuihw0j4087xsexpj28ymp6e","Houboulang Mendes","442552","None (Detached)","Fortuna Sittard","Servette FC","2026-01-20",0,"moved"
"cmuihvzvy07iosexpx7wxkhfb","Kikas","383807","None (Detached)","Estrela Amadora","KAS Eupen","2026-01-20",0,"moved"
"cmuihw4rx0d6gsexpgb24a8nd","Naziru Shuabiu","1367976","None (Detached)","Rio Ave U23","Tirsense","2026-01-20",0,"moved"
"cmuihw4rc0cvcsexpc7sx1yuy","Raphaël Le Guen","1166473","None (Detached)","Brest B","Stade Brestois","2026-01-20",0,"moved"
"cmuihw3f20boisexpy3ghf3u3","Tay Abed","921345","None (Detached)","PSV U21","Levante","2026-01-20",200000,"moved"
"cmuihw24p0abfsexpm3wle53d","Alwande Roaldsøy","670105","None (Detached)","Molde FK","Sparta R.","2026-01-19",0,"moved"
"cmuihw24r0acisexpbw38exiu","Chris Lokesa","671675","None (Detached)","RKC Waalwijk","SK Beveren","2026-01-19",0,"moved"
"cmuihvyqf05tosexp3qw1hnrz","Gastón Pereiro","264116","None (Detached)","Bari","Without Club","2026-01-19",0,"released"
"cmuihvyrb06ijsexpl7df228o","Justin Bijlow","315121","None (Detached)","Feyenoord","Genoa","2026-01-19",200000,"moved"
"cmuihw4r50ctesexp262tecyj","Kento Shiogai","1144627","None (Detached)","NEC Nijmegen","Wolfsburg","2026-01-19",9500000,"moved"
"cmuihw2qf0b5fsexpcra0iems","Mohammed Tolba","813730","None (Detached)","Without Club","VfL Bochum II","2026-01-19",0,"moved"
"cmuihvzvy07jesexpj42g77p4","Silvester van der Water","386164","None (Detached)","Panionios","Without Club","2026-01-19",0,"released"
"cmuihw2pm0ak1sexptapm0rdn","Ties Oostra","703822","None (Detached)","FC Emmen","ACV","2026-01-19",0,"moved"
"cmuihvzar06q6sexpra3srfat","Adi Nalic","332875","None (Detached)","Without Club","Zrinjski Mostar","2026-01-18",0,"moved"
"cmuihvuyo02lqsexpndtrt7dp","David Simão","70359","None (Detached)","Arouca","Without Club","2026-01-18",0,"released"
"cmuihvzw407nlsexptztq8avw","Marc Guéhi","392757","Manchester City","Crystal Palace","Man City","2026-01-18",23000000,"moved"
"cmuihw2qb0b2lsexp9rbyxf8d","Noah Nartey","802515","None (Detached)","Bröndby IF","Lyon","2026-01-18",7500000,"moved"
"cmuihw0iq084jsexpr3md6a46","Andrew Irving","430310","None (Detached)","West Ham","Sparta Prague","2026-01-17",1500000,"moved"
"cmuihw1by092nsexp49gyl6th","Lawrence Ofori","536081","None (Detached)","Moreirense","Casa Pia","2026-01-17",0,"moved"
"cmuihvzw607pksexpqm905oqt","Till Cissokho","395228","None (Detached)","Without Club","HJK Helsinki","2026-01-17",0,"moved"
"cmuihw4r60cu0sexphryitydi","Gessime Yassine","1151929","None (Detached)","USL Dunkerque","R. Strasbourg","2026-01-16",7000000,"moved"
"cmuihw1en09ktsexp6rw75ofp","Hubert Graczyk","587018","None (Detached)","Enfield Town","Berkhamsted FC","2026-01-16",0,"moved"
"cmuihvzao06musexpas4tt917","James Bree","324223","None (Detached)","Charlton","Southampton","2026-01-16",0,"moved"
"cmuihw4r00crhsexpsiryk5o5","Eivind Helland","1129198","None (Detached)","SK Brann","Bologna","2026-01-15",7000000,"moved"
"cmuihw23w09o0sexpn5lss51d","Lucas Áfrico","597087","None (Detached)","Van Spor FK","Kairat Almaty","2026-01-15",0,"moved"
"cmuihvxg104m0sexppdfp6dbz","Marcelo","190185","None (Detached)","Moreirense","Leiria","2026-01-15",0,"moved"
"cmuihw43s0c9qsexpeuwwo613","Elyh Harrison","1013690","None (Detached)","Shrewsbury","Man Utd U21","2026-01-14",0,"moved"
"cmuihvzwi07v1sexpy08i9vgs","Giacomo Raspadori","405885","None (Detached)","Atlético","Atalanta","2026-01-14",22000000,"moved"
"cmuihw43s0c9osexph8fppbym","Luis Balbo","1012731","None (Detached)","Fiorentina U20","Fiorentina","2026-01-14",0,"moved"
"cmuihw4r60ctysexpmq8weurd","Pharell Hensel","1150105","None (Detached)","Wolfsburg U19","Wolfsburg","2026-01-14",0,"moved"
"cmuihw24g0a38sexpbb9dfpow","Sadik Fofana","644613","None (Detached)","Grazer AK 1902","Lecce","2026-01-14",600000,"moved"
"cmuihw0k508ossexpwiadlptn","Conor Gallagher","488362","None (Detached)","Atlético","Tottenham","2026-01-13",40000000,"moved"
"cmuihw3ew0bkbsexpmib4shv8","Eric da Silva Moreira","897481","None (Detached)","Rio Ave","Nott'm Forest","2026-01-13",0,"moved"
"cmuihw3eq0bezsexpzwa4pqgg","Habeeb Ogunneye","864788","None (Detached)","Newport County","Man Utd U21","2026-01-13",0,"moved"
"cmuihw4r10crtsexpwnkizxs4","Robinio Vaz","1131161","None (Detached)","Marseille","Roma","2026-01-13",22000000,"moved"
"cmuihvy5w052tsexparvmcsny","Domen Crnigoj","216599","None (Detached)","Triestina","Südtirol","2026-01-12",0,"moved"
"cmuihvvzg03gbsexpbakwmmq5","José Campaña","120095","None (Detached)","Without Club","AD Ceuta","2026-01-12",0,"moved"
"cmuihw43y0ceksexpdvmk3hw1","Maedine Makhloufi","1052285","None (Detached)","Saint-Étienne B","USL Dunkerque","2026-01-12",0,"moved"
"cmuihw24309stsexpfmkqjppg","Marcos Paulo","612496","None (Detached)","Boavista","Juventude","2026-01-12",0,"moved"
"cmuihw3fb0bv9sexpl2a3dm5o","Marko Kerkez","938431","None (Detached)","Fortuna Sittard","Aris Saloniki","2026-01-12",0,"moved"
"cmuihw43i0c2zsexpvh7a33o9","Oumar Ngom","980575","None (Detached)","Estrela Amadora","Lecce","2026-01-12",2000000,"moved"
"cmuihw24i0a53sexpdma0g3v8","Riccardo Turicchia","650249","None (Detached)","Juve Next Gen","Virtus Entella","2026-01-12",0,"moved"
"cmuihw1bk08y3sexpt0o2a446","Samuel Obeng","522719","None (Detached)","AD Ceuta","Albacete","2026-01-12",0,"moved"
"cmuihw4ro0d1isexphb5nxnjj","Suleman Sani","1235583","None (Detached)","AS Trencin","Leipzig","2026-01-12",5000000,"moved"
"cmuihw4rm0d0vsexpeqhueb89","Brian Madjo","1226357","None (Detached)","FC Metz","Aston Villa U21","2026-01-11",12000000,"moved"
"cmuihw1bt090lsexp9xu0b225","Christian Conteh","530298","None (Detached)","E. Braunschweig","Heidenheim","2026-01-11",1500000,"moved"
"cmuihw24p0aawsexp88k2f0mg","Rodrigo Varanda","668237","None (Detached)","Sitra Club","Al-Ahli Club","2026-01-11",0,"moved"
"cmuihw43v0cbnsexpwzxdchm4","Bradley Moonan","1031258","None (Detached)","Prescot Cables","Everton U21","2026-01-09",0,"moved"
"cmuihw43h0c25sexp3dvabilz","Aaron Malouda","974996","None (Detached)","LOSC Lille B","Sabah FK","2026-01-08",250000,"moved"
"cmuihw1ej09jpsexpxhomtx4s","Antoine Semenyo","583255","Manchester City","Bournemouth","Man City","2026-01-08",72000000,"moved"
"cmuihvxfr04fzsexpg52up4c4","Hernani","181768","None (Detached)","Parma","Monza","2026-01-08",0,"moved"
"cmuihvvvy032wsexp8clide2q","Joel Ward","92572","None (Detached)","Without Club","Swansea","2026-01-08",0,"moved"
"cmuihw0js08ilsexppfym2346","Kenneth Taylor","470394","None (Detached)","Ajax","Lazio","2026-01-08",16850000,"moved"
"cmuihw1en09krsexpg288lft3","Myles Peart-Harris","587002","None (Detached)","Brentford","Oxford United","2026-01-08",0,"moved"
"cmuihw2q80azosexpsf5h23ya","Omri Gandelman","780548","None (Detached)","KAA Gent","Lecce","2026-01-08",3000000,"moved"
"cmuihw2px0aswsexp7x814h77","Ronnie Edwards","732165","None (Detached)","Southampton","QPR","2026-01-08",5200000,"moved"
"cmuihw43p0c6tsexp0vs7wjw1","Simon Kalambayi","997566","None (Detached)","Hoffenheim II","Without Club","2026-01-08",0,"released"
"cmuihvxfm04bbsexpf91pwej6","Thomas Delaine","170961","None (Detached)","Le Havre AC","Without Club","2026-01-08",0,"released"
"cmuihvyqe05stsexp3nox5d06","Àlex Carbonell","262389","None (Detached)","CD Lugo","Penafiel","2026-01-07",0,"moved"
"cmuihvvvq030nsexp4myy93ts","Luca Caldirola","88680","None (Detached)","Caratese","Benevento","2026-01-07",0,"moved"
"cmuihw0jo08gusexpwa7ecpgd","Mattéo Guendouzi","465830","None (Detached)","Lazio","Fenerbahçe","2026-01-07",28000000,"moved"
"cmuihw4rn0d1asexpu73xp9lb","Paco Cortés","1232057","None (Detached)","CyD Leonesa","Levante","2026-01-07",0,"moved"
"cmuihw3ek0bbnsexp0nqehfwc","Petar Ratkov","846254","None (Detached)","Salzburg","Lazio","2026-01-07",13000000,"moved"
"cmuihw3f90btlsexp9n4ccwfk","Rafiu Durosinmi","935760","None (Detached)","Viktoria Plzeň","Pisa","2026-01-07",9000000,"moved"
"cmuihvyrb06j1sexpsrkbe10p","Aymen Barkok","315332","FC Schalke 04","Without Club","Raja Casablanca","2026-01-06",0,"moved"
"cmuihw43f0c10sexpkjwce79k","Naïm Byar","967148","None (Detached)","Bologna","Wydad AC","2026-01-06",0,"moved"
"cmuihw3ez0bm3sexp75r6nvci","Oriol Comas","908234","None (Detached)","Ourense CF","Girona FC B","2026-01-06",0,"moved"
"cmuihw4qy0cqfsexpxjzrpsgx","Juan Arizala","1118347","None (Detached)","Indep. Medellín","Udinese","2026-01-05",3000000,"moved"
"cmuihw3ek0bbasexpm5jfxo1v","Max Alleyne","843595","Manchester City","Man City U21","Man City","2026-01-05",0,"moved"
"cmuihw0k408njsexpkmj9utud","Max de Waal","485592","None (Detached)","Willem II","Without Club","2026-01-05",0,"released"
"cmuihw2pv0ardsexphbka8p1f","Roni","725049","None (Detached)","Mirassol-SP","Avs FS","2026-01-05",0,"moved"
"cmuihw3f00bnfsexpl4y0qo3h","Ronny Seibt","915071","None (Detached)","Without Club","SC Weiche 08","2026-01-05",0,"moved"
"cmuihw24309t1sexpaw7vwup5","Silas","612826","None (Detached)","Stuttgart","Mainz","2026-01-05",150000,"moved"
"cmuihw4490cmasexpxs4lo0ro","Carlos Ventura","1083084","None (Detached)","Without Club","North EC-MG","2026-01-04",0,"moved"
"cmuihvyqo05z3sexpff4i64p5","Emil Hansson","276002","None (Detached)","Birmingham","Excelsior","2026-01-04",0,"moved"
"cmuihw1bk08y4sexpaxymbe4u","Taty Castellanos","522784","None (Detached)","Lazio","West Ham","2026-01-04",29000000,"moved"
"cmuihw4r20cs4sexpzpfrgqdj","Yaya Diémé","1133733","None (Detached)","Diambars FC","R. Strasbourg B","2026-01-04",0,"moved"
"cmuihvyr706eysexpi4j0hst8","Alen Sherri","304144","None (Detached)","Frosinone","Cagliari","2026-01-03",0,"moved"
"cmuihw43d0byssexpbqennq9c","Kiano Dyer","954125","None (Detached)","FC Volendam","Chelsea U21","2026-01-03",0,"moved"
"cmuihw4rx0d62sexpc5fjxzn8","Arthur Borghi","1355285","None (Detached)","Corinthians U20","Hellas Verona","2026-01-02",0,"moved"
"cmuihw43h0c23sexpecc6lkbv","David Mokwa","974894","None (Detached)","Hoffenheim","SV Elversberg","2026-01-02",1500000,"moved"
"cmuihw43x0cdesexp2c1zyjnx","Jordi Paulina","1045762","None (Detached)","B. Dortmund II","F. Düsseldorf","2026-01-02",350000,"moved"
"cmuihw2qb0b1ysexp6trqsjjw","Ayoube Amaimouni-Echghouyab","799993","None (Detached)","Hoffenheim II","Frankfurt","2026-01-01",200000,"moved"
"cmuihw43g0c1ksexpn85zyg41","Jeremy Arévalo","971663","None (Detached)","Racing","Stuttgart","2026-01-01",7500000,"moved"
"cmuihvzw307ndsexpdhsow9ha","Marco Sala","392570","None (Detached)","Como","Avellino","2026-01-01",0,"moved"
"cmuihw24209rwsexpaitgphda","Oscar Fraulo","610428","None (Detached)","Mönchengladbach","Derby","2026-01-01",400000,"moved"
"cmuihw3ef0b6zsexpnj1s9xde","Pablo","817665","None (Detached)","Gil Vicente","West Ham","2026-01-01",23000000,"moved"
"cmuihvvva02vtsexpntmxisij","Pascal Groß","82873","None (Detached)","Dortmund","Brighton","2026-01-01",2000000,"moved"
"cmuihvyqw066msexp1o3t37rw","Phillip Tietz","288340","None (Detached)","Augsburg","Mainz","2026-01-01",4000000,"moved"
"cmuihvwrd03ijsexp4tu83ob5","Sam Morsy","123551","None (Detached)","Without Club","Bristol City","2026-01-01",0,"moved"
"cmuihvwrl03pdsexpkd8okxv5","Simone Verdi","130360","None (Detached)","Como","Südtirol","2026-01-01",0,"moved"
"cmuihw3et0bhhsexpg6om6zrh","Charlie Crew","883539","None (Detached)","Doncaster","Leeds","2025-12-31",0,"moved"
"cmuihw3fd0bwesexpj590stbj","Cleiton","943237","None (Detached)","Flamengo","Wolfsburg","2025-12-31",0,"moved"
"cmuihw4490clhsexppi2brd2e","Daan van Reeuwijk","1078945","None (Detached)","NAC Breda","Retired","2025-12-31",0,"retired"
"cmuihw2pu0apwsexp5exv3ktj","David Argüelles","719720","None (Detached)","FC Ordino","CD Lealtad","2025-12-31",0,"moved"
"cmuihw1dn09gvsexpmfi373hw","David Lelle","574199","None (Detached)","B. Dortmund II","Aris Limassol","2025-12-31",0,"moved"
"cmuihw4qy0cqgsexp0m9y3k0d","David Santos Daiber","1118495","None (Detached)","FC Bayern U19","FC Bayern II","2025-12-31",0,"moved"
"cmuihvvw2034gsexp8gvhmtc9","Denis Thomalla","94030","None (Detached)","AEL Limassol","Without Club","2025-12-31",0,"released"
"cmuihw43h0c2gsexpykvslmei","Denivys","977858","None (Detached)","Santa Clara","Betim Futebol","2025-12-31",0,"moved"
"cmuihw3f70bs1sexpio2d5j5j","Elias Benkara","931668","None (Detached)","B. Dortmund U19","B. Dortmund II","2025-12-31",0,"moved"
"cmuihw4ri0cyxsexpfld2vlgb","Everton","1191473","None (Detached)","Nizza U19","Nice","2025-12-31",0,"moved"
"cmuihw2qe0b4esexpvyswujeq","Florian Micheler","808664","None (Detached)","Hoffenheim","Hoffenheim II","2025-12-31",0,"moved"
"cmuihw24r0acfsexpst3synci","Gustavo Henrique","671652","None (Detached)","Without Club","Anápolis","2025-12-31",0,"moved"
"cmuihvvyi03f8sexpd6kzhq4o","Ivan Ordets","118850","None (Detached)","Without Club","Aktobe","2025-12-31",0,"moved"
"cmuihw24509v2sexp5bb0zkwd","James Norris","618495","None (Detached)","Liverpool U21","Shelbourne","2025-12-31",0,"moved"
"cmuihw43k0c4nsexpzgurl6zq","Joachim Kayi Sanda","986298","None (Detached)","Red Star FC","Southampton","2025-12-31",0,"moved"
"cmuihw4470ck8sexp9s0ofo5b","Kacper Potulski","1073748","None (Detached)","FSV Mainz 05 II","Mainz","2025-12-31",0,"moved"
"cmuihw44c0co6sexpdujwducf","Kaïl Boudache","1097113","None (Detached)","Nice Espoir","Nice","2025-12-31",0,"moved"
"cmuihw4430chzsexphrbtkeho","Kareem Tunde","1063340","None (Detached)","Atl. Levante","Levante","2025-12-31",0,"moved"
"cmuihw4r60ctusexpyielgruk","Keita Kosugi","1146988","None (Detached)","Djurgården","Frankfurt","2025-12-31",6500000,"moved"
"cmuihw43d0byysexpdr9z7981","Kévin Pedro","955263","None (Detached)","Saint-Étienne B","Saint-Étienne","2025-12-31",0,"moved"
"cmuihw4si0d6msexpvwco1272","Linus Güther","1378338","None (Detached)","U. Berlin U17","U. Berlin U19","2025-12-31",0,"moved"
"cmuihw4rg0cxssexpb0ayj2qj","Love Arrhov","1184986","None (Detached)","Brommapojkarna","Frankfurt","2025-12-31",4600000,"moved"
"cmuihw4rr0d2bsexpfd64db48","Lushendry Martes","1255744","None (Detached)","Sparta U21","Sparta R.","2025-12-31",0,"moved"
"cmuihw4rx0d63sexpbj0cjxhu","Martín Cuéllar","1360962","None (Detached)","Getafe U19","Getafe CF B","2025-12-31",0,"moved"
"cmuihw4rj0cz3sexp2noh4mjh","Mathis Albert","1193849","None (Detached)","B. Dortmund U19","B. Dortmund II","2025-12-31",0,"moved"
"cmuihw2q70az7sexpnykitqoj","Omar Mohamedhoesein","775048","None (Detached)","NEC U21","Barendrecht","2025-12-31",0,"moved"
"cmuihw4ra0cuisexp0864le56","Peixinho","1159044","None (Detached)","Estoril U23","Estoril","2025-12-31",0,"moved"
"cmuihw4rk0czmsexpcrtgdrjc","Rémi Himbert","1200423","None (Detached)","Olymp. Lyon B","Lyon","2025-12-31",0,"moved"
"cmuihw43c0byasexpsqsiznn6","Saël Kumbedi","951579","None (Detached)","Lyon","Wolfsburg","2025-12-31",6000000,"moved"
"cmuihw43r0c8isexpyfakjz3v","Sandro Vidigal","1006448","None (Detached)","Braga","Braga B","2025-12-31",0,"moved"
"cmuihw4rf0cxlsexpr93zd63t","Soriba Diaoune","1184007","None (Detached)","LOSC Lille B","Lille","2025-12-31",0,"moved"
"cmuihw4rs0d2vsexpvgzpszv5","Valentín Pezzolesi","1271065","None (Detached)","UD Las Palmas","Las Palmas Atl.","2025-12-31",0,"moved"
"cmuihw24n0a96sexp8lctoy43","Vicente Reyes","662744","None (Detached)","Peterborough","Norwich","2025-12-31",0,"moved"
"cmuihw2pf0afasexptq44ehi7","Welinton Torrão","687361","None (Detached)","Athletic","Santa Clara","2025-12-31",0,"moved"
"cmuihw24f0a20sexppgka7vrw","Yair Mena","638218","None (Detached)","Atl. Nacional","Ferroviário","2025-12-31",0,"moved"
"cmuihw2ph0agesexpo7wzb7ij","Younes Ebnoutalib","692368","None (Detached)","SV Elversberg","Frankfurt","2025-12-31",8000000,"moved"
"cmuihw4rh0cyjsexp4w2021ud","Amadou Cissé","1189317","None (Detached)","Le Mans FC","R. Strasbourg B","2025-12-30",0,"moved"
"cmuihw24109qrsexpql67jni9","Gustavo Klismahn","606719","None (Detached)","Vissel Kobe","Santa Clara","2025-12-30",0,"moved"
"cmuihw2px0asisexp1tsa6b39","Noel Törnqvist","730531","None (Detached)","Mjällby AIF","Como","2025-12-30",0,"moved"
"cmuihw44e0cpusexp3saqyvih","Owen Panneflek","1111569","None (Detached)","RKC Waalwijk","FC Twente U21","2025-12-30",0,"moved"
"cmuihw4rj0cz4sexp920ej50k","Pedro Lima","1193867","None (Detached)","FC Porto B","Wolves","2025-12-30",0,"moved"
"cmuihw43q0c88sexpm7eao2t2","Philippe Lanquetin","1005239","None (Detached)","ADO Den Haag","Estoril U23","2025-12-30",0,"moved"
"cmuihvu4f01cisexph1b68znt","Denis Petric","28356","None (Detached)","Without Club","Retired","2025-12-15",0,"retired"
"cmuihvvwd038tsexpgyn6j1oa","Wahbi Khazri","103565","None (Detached)","Without Club","Retired","2025-12-12",0,"retired"
"cmuihw0in083gsexpo4ziwh4p","Rodrigo Conceição","426213","None (Detached)","Without Club","Tondela","2025-12-11",0,"moved"
"cmuihw43x0cdhsexp5znz0rmo","Mick Schmetgens","1045986","None (Detached)","W. Bremen II","Werder Bremen","2025-12-09",0,"moved"
"cmuihvu5b01wcsexp97ey8cd2","Rui Patrício","45026","None (Detached)","Without Club","Retired","2025-12-09",0,"retired"
"cmuihw43y0ce4sexpsjsb6usu","Ben Viadere","1048496","None (Detached)","Without Club","FC La Ville","2025-12-07",0,"moved"
"cmuihw23x09ohsexpymse867b","Matheus Teixeira","598975","None (Detached)","Without Club","Capivariano","2025-11-30",0,"moved"
"cmuihw3ek0bblsexpfz8lh4l1","Lewis Orford","845809","None (Detached)","Stevenage","West Ham U21","2025-11-26",0,"moved"
"cmuihvvvk02y9sexpvf3vog7o","Nicolas Viola","85393","None (Detached)","Without Club","Ravenna","2025-11-25",0,"moved"
"cmuihw2pf0af7sexp87njzh4l","Zidane Iqbal","686845","None (Detached)","Utrecht","Utrecht U21","2025-11-20",0,"moved"
"cmuihvuyr02n7sexplbbm5hb2","Geoffrey Lembet","72414","None (Detached)","Without Club","AS Nancy","2025-11-10",0,"moved"
"cmuihw44a0cmxsexpa99uzk04","Vincenzo Di Leva","1086916","None (Detached)","Without Club","Savoia","2025-11-06",0,"moved"
"cmuihvuye02ixsexpi1nj9mgk","Oriol Romeu","66100","None (Detached)","Without Club","Southampton","2025-11-05",0,"moved"
"cmuihvzb506yasexpdvvyyoq1","Ponck","341516","None (Detached)","Without Club","Avs FS","2025-11-03",0,"moved"
"cmuihw4490cmbsexpao1cse78","Henrique Silva","1083239","None (Detached)","Santa Clara U23","Santa Clara","2025-10-31",0,"moved"
"cmuihw4rn0d1csexp0u8vjcds","José Neto","1233701","None (Detached)","Benfica U23","Benfica B","2025-10-31",0,"moved"
"cmuihw4rv0d4osexpwpx9zo63","Selton Sánchez","1312698","None (Detached)","CD Basconia","Athletic Club","2025-10-31",0,"moved"
"cmuihvzaw06sosexphryq0896","Joe Lumley","336367","None (Detached)","Sheff Wed","Bristol City","2025-10-27",0,"moved"
"cmuihw4r40csysexpegkw8fqs","Demyan Yesin","1138724","None (Detached)","Torino U18","Calvi Noale","2025-10-26",0,"moved"
"cmuihw4490clxsexpuomwroyj","Mohamadou Kanté","1081995","None (Detached)","West Ham U21","West Ham","2025-10-26",0,"moved"
"cmuihvvvn02zgsexp6mjf74z7","Richard Marcone","86083","None (Detached)","Without Club","Picerno","2025-10-26",0,"moved"
"cmuihvt1f00xjsexpabntzlwr","Scott Carson","14555","None (Detached)","Without Club","Retired","2025-10-22",0,"retired"
"cmuihw4r20csgsexp5x7880qa","Joseph Liteta","1134304","None (Detached)","Cagliari U20","Cagliari","2025-10-18",0,"moved"
"cmuihvxg704r8sexpa3paos5d","Rúben Semedo","197602","None (Detached)","Without Club","Avs FS","2025-10-13",0,"moved"
"cmuihw1bh08wnsexpth8gocgt","Manuel Namora","517705","None (Detached)","Differdange 03","Without Club","2025-10-11",0,"released"
"cmuihw2qa0b1esexphv9bsupn","Owen Barker","796302","None (Detached)","Without Club","Bury","2025-10-09",0,"moved"
"cmuihvuxw02cfsexp9v0gv1e7","Rúben Lima","58965","None (Detached)","Estrela Amadora","Without Club","2025-10-06",0,"released"
"cmuihw3f40bposexp5qpzpzg3","Axel Guessand","925584","None (Detached)","Kristiansund","Pafos","2025-10-01",0,"moved"
"cmuihvzvv07g5sexpphprmtm7","Selim Amallah","377219","None (Detached)","Real Valladolid","Khor Fakkan","2025-10-01",0,"moved"
"cmuihw4440ciasexppeuwuob1","Ayoni Santos","1064184","None (Detached)","Sparta U21","Sparta R.","2025-09-30",0,"moved"
"cmuihw4re0cwusexp9rszmyiu","Federico Steffanoni","1178213","None (Detached)","Atalanta U20","Atalanta U23","2025-09-30",0,"moved"
"cmuihw4r90cu8sexpz4vzpkdd","Luís Pires","1153785","None (Detached)","Without Club","Vizela U23","2025-09-30",0,"moved"
"cmuihvy5w052ksexpndsfkc67","Stefano Sensi","216179","None (Detached)","Without Club","Anorthosis","2025-09-29",0,"moved"
"cmuihw4ru0d3msexpcuf1za67","João Barros","1294052","None (Detached)","Without Club","Vizela U23","2025-09-28",0,"moved"
"cmuihw0jz08l0sexpxtvta4qu","Miguel Reisinho","478366","None (Detached)","Boavista","Sundowns","2025-09-25",0,"moved"
"cmuihw3ei0bacsexp299mlabb","Darío Serra","834768","None (Detached)","Without Club","NK Kustosija","2025-09-22",0,"moved"
"cmuihw24c0a06sexp9i428yiv","Pere García","632913","None (Detached)","Without Club","Valencia B","2025-09-22",0,"moved"
"cmuihw2py0atwsexplfluan7t","Emmanuel van de Blaak","738481","None (Detached)","Without Club","Almere City","2025-09-21",0,"moved"
"cmuihvzvo07cbsexp4wryojq2","Nuno Santos","367468","None (Detached)","Vit. Guimarães","Sundowns","2025-09-21",1000000,"moved"
"cmuihw3ej0bahsexpg147wjta","Boubacar Fall","836132","None (Detached)","Without Club","ASC Jaraaf","2025-09-16",0,"moved"
"cmuihvxgg04x5sexp1w8lc95w","Talocha","205116","None (Detached)","Tondela","Varzim","2025-09-15",0,"moved"
"cmuihvwri03mksexpaaid84e6","Jonas Martin","127142","None (Detached)","Without Club","US Boulogne","2025-09-13",0,"moved"
"cmuihw24s0acvsexp217svjq8","Bertuğ Yıldırım","672803","None (Detached)","Stade Rennais","Basaksehir","2025-09-11",2200000,"moved"
"cmuihw2qe0b4fsexpazt6ug74","Bilal Mazhar","808907","None (Detached)","PAS Lamia","Olympiacos B","2025-09-11",0,"moved"
"cmuihw1do09hisexpm2iga5dh","Doğan Alemdar","576033","None (Detached)","Stade Rennais","Basaksehir","2025-09-11",1200000,"moved"
"cmuihvwrv03xosexp0zdchrqy","Abdoulay Diaby","148396","None (Detached)","Boavista","Al-Batin","2025-09-10",0,"moved"
"cmuihw0jy08kqsexpj10e68dr","Connor van den Berg","477476","None (Detached)","Without Club","Vitesse","2025-09-10",0,"moved"
"cmuihw0k508owsexpy44lmi6c","Ilias Takidine","488768","None (Detached)","Without Club","Roda JC","2025-09-10",0,"moved"
"cmuihvxgd04uxsexp8d24u7pq","Mickaël Tirpan","201248","None (Detached)","Willem II","Retired","2025-09-10",0,"retired"
"cmuihw43w0ccysexpnkx500nz","Miro","1043831","None (Detached)","Tondela","Dinamo Makhach.","2025-09-10",1500000,"moved"
"cmuihvwrd03i4sexpqdla9xw6","Andy Delort","122797","None (Detached)","Without Club","AC Ajaccio","2025-09-09",0,"moved"
"cmuihvuyn02lesexplvqcw7ok","Christian Eriksen","69633","None (Detached)","Without Club","Wolfsburg","2025-09-09",0,"moved"
"cmuihvu45017ysexpprl3jodo","Steve Mandanda","23951","None (Detached)","Without Club","Retired","2025-09-09",0,"retired"
"cmuihw1bs08zwsexpgotapbpx","Mourad El Ghezouani","527972","None (Detached)","Elche CF","Club Tijuana","2025-09-08",1500000,"moved"
"cmuihvuy302f8sexp7atc6krx","Wes Foderingham","61697","None (Detached)","West Ham","Aris Limassol","2025-09-08",0,"moved"
"cmuihw3et0bhfsexp67wfeb75","Anas Haj Mohamed","883122","None (Detached)","Parma","Beerschot VA","2025-09-07",0,"moved"
"cmuihw43w0ccvsexpjcn3vamb","Augusto Dabó","1043471","None (Detached)","Boavista","Beroe","2025-09-07",0,"moved"
"cmuihvxfy04jksexp75mqts1e","Giorgi Aburjania","186848","None (Detached)","Avs FS","Jeddah SC","2025-09-07",0,"moved"
"cmuihvy62058dsexpnaee1qa6","João Novais","228940","None (Detached)","Rio Ave","Al-Jabalain","2025-09-07",0,"moved"
"cmuihw0k308n4sexp1bc92edc","Théo Barbet","484987","None (Detached)","Almere City","StadeLO","2025-09-07",0,"moved"
"cmuihvyqr061nsexpw3j1hcg1","Presnel Kimpembe","282041","None (Detached)","PSG","Qatar SC","2025-09-06",0,"moved"
"cmuihw1dm09gfsexpu1k2zg6y","Christopher Wooh","572326","None (Detached)","Stade Rennais","Spartak Moscow","2025-09-04",0,"moved"
"cmuihvvyh03evsexp5c8fh1hl","Rachid Ghezzal","118287","None (Detached)","Without Club","Lyon","2025-09-04",0,"moved"
"cmuihvvw5035msexpwb24ng52","Darko Brasanac","95641","None (Detached)","Without Club","Málaga CF","2025-09-03",0,"moved"
"cmuihw1as08vfsexpasd2rkfs","Malcolm Ebiowei","512354","None (Detached)","Blackpool","Without Club","2025-09-03",0,"released"
"cmuihvy6h05k0sexpw7pm2ize","Salvi Sánchez","246204","None (Detached)","Without Club","AD Ceuta","2025-09-03",0,"moved"
"cmuihw2pz0av7sexpr7wx0wii","Michał Rosiak","742943","None (Detached)","Arsenal U21","Slask Wroclaw","2025-09-02",0,"moved"
"cmuihvy6805cbsexpvt3sd6ds","Tiago Silva","236997","None (Detached)","Vit. Guimarães","Al-Rayyan","2025-09-02",0,"moved"
"cmuihw3fe0bxusexpfmmmz4cs","Aliou Thiaré","949111","None (Detached)","Le Havre AC","Dynamo Kyiv","2025-09-01",1000000,"moved"
"cmuihw2qf0b5hsexpohsdgqba","Cauê","814268","None (Detached)","Lommel SK","Criciúma","2025-09-01",0,"moved"
"cmuihvyqr062dsexp61p95y6l","Dani Morer","282726","None (Detached)","Famalicão","Makedonikos","2025-09-01",0,"moved"
"cmuihvy6905d2sexpmbu5a4c1","Ederson","238223","None (Detached)","Man City","Fenerbahçe","2025-09-01",11000000,"moved"
"cmuihw3el0bbzsexp03qs7jie","Finn Dicke","848483","None (Detached)","Estoril","MVV Maastricht","2025-09-01",0,"moved"
"cmuihw3fe0bxisexpricehveg","Francesco Plaia","948047","None (Detached)","Spezia U19","Al-Waab SC","2025-09-01",0,"moved"
"cmuihvuxi024dsexp3zhfzf43","İlkay Gündoğan","53622","None (Detached)","Man City","Galatasaray","2025-09-01",0,"moved"
"cmuihvxgh04xssexpc8d0usx2","Marko Pjaca","205940","FC Schalke 04","Dinamo Zagreb","FC Twente","2025-09-01",0,"moved"
"cmuihvyqt0641sexplnrtb9eu","Óscar Rodríguez","284884","None (Detached)","CD Leganés","Al-Diraiyah FC","2025-09-01",0,"moved"
"cmuihvzb506y0sexpr6dyc1q9","Sergio Lozano","341277","None (Detached)","Levante","Jagiellonia","2025-09-01",0,"moved"
"cmuihw24g0a3dsexpfmi4oulw","Tomás Händel","645588","None (Detached)","Vit. Guimarães","Red Star","2025-09-01",3100000,"moved"
"cmuihw43k0c4wsexpd75om1sq","Aaron Bouwman","987366","None (Detached)","Ajax U21","Ajax","2025-08-31",0,"moved"
"cmuihvzvx07i6sexp14mj4u9l","Albert Sambi Lokonga","381967","None (Detached)","Arsenal","Hamburg","2025-08-31",300000,"moved"
"cmuihvxfi048rsexp08edj6lo","Andrea Belotti","167727","None (Detached)","Como","Cagliari","2025-08-31",0,"moved"
"cmuihw3f40bpqsexp0j7p3b0x","Andrei Florea","925843","None (Detached)","Juventus U20","MSK Zilina","2025-08-31",350000,"moved"
"cmuihw0k908sssexp5f6th7hu","Antef Tsoungui","503858","None (Detached)","Feyenoord","Estoril","2025-08-31",0,"moved"
"cmuihw23z09p5sexpxhi3v365","Antony","602105","None (Detached)","Man Utd","Real Betis","2025-08-31",22000000,"moved"
"cmuihvxfp04dusexphnt1w7m7","Aymeric Laporte","176553","None (Detached)","Al-Nassr","Athletic Club","2025-08-31",10000000,"moved"
"cmuihvzaj06jusexp6r3qyhcf","Ben Chilwell","316125","None (Detached)","Chelsea","R. Strasbourg","2025-08-31",0,"moved"
"cmuihw2q00avxsexpo24nt0i3","Bica","743987","None (Detached)","Vit. Guimarães","Leixões","2025-08-31",300000,"moved"
"cmuihvy6r05qysexp54y9fjzw","Calvin Verdonk","258364","None (Detached)","NEC Nijmegen","Lille","2025-08-31",3000000,"moved"
"cmuihvxgf04vvsexpqzyv67ul","Chancel Mbemba","203348","None (Detached)","Marseille","Lille","2025-08-31",0,"moved"
"cmuihw2qd0b3zsexpo0th1cwz","Conrad Harder","807386","None (Detached)","Sporting","Leipzig","2025-08-31",24000000,"moved"
"cmuihw24n0a91sexpj1t2m4kq","Cristian","662335","None (Detached)","Alverca","Santa Clara","2025-08-31",0,"moved"
"cmuihw2qd0b4bsexpsrpsp85r","Daouda Weidmann","808578","None (Detached)","RKC Waalwijk","FC Twente","2025-08-31",1100000,"moved"
"cmuihvxgi04yqsexpp84lfeir","Dele Alli","207929","None (Detached)","Como","Without Club","2025-08-31",0,"released"
"cmuihw2pr0andsexp80ses6d1","Diego Llorente","710131","None (Detached)","CD Huétor Tájar","Penya Encarnada","2025-08-31",0,"moved"
"cmuihw1cu095dsexpeefo1ewh","Dilane Bakwa","540664","None (Detached)","R. Strasbourg","Nott'm Forest","2025-08-31",35000000,"moved"