playerId,fullName,transfermarktId,assignedClubId,assignedClubName,sourceCurrentClubId,sourceCurrentClubName,discrepancyType,action,rule,transferType,transferDate,contractUntil,isSenior
"cmuihvzws081asexpvoy277oz","George Hirst","420808","cmuihqdak00bdh29e51a0c9yd","Ipswich Town","NONE","Unassigned","WE_SHOW_SOURCE_DOES_NOT","detach","detach: Absent from FotMob declared squad for Ipswich Town.","none","2023-07-12","N/A",true
"cmuihw0it085qsexpo3tii9ja","Corrie Ndaba","433329","cmuihqdak00bdh29e51a0c9yd","Ipswich Town","cmuihnki5000fb23fj5zntsyp","US Lecce","WE_SHOW_SOURCE_DOES_NOT","reassign","reassign: Player is registered in US Lecce current FotMob squad (shirt #3).","none","2025-07-27","N/A",true
"FM_1904519","Charlie Compton","N/A","NONE","Unassigned","cmuihqdak00bdh29e51a0c9yd","Ipswich Town","SOURCE_SHOWS_WE_DO_NOT","create new player","create new player: Ingest new academy player from FotMob squad (shirt #none).","none","N/A","N/A",false
"cmuihvyrb06irsexplk9z8s74","Azor Matusiwa","315145","NONE","Unassigned","cmuihqdak00bdh29e51a0c9yd","Ipswich Town","SOURCE_SHOWS_WE_DO_NOT","attach","attach: Present in Ipswich Town FotMob squad (shirt #5); attach detached player.","none","N/A","N/A",true
"cmuihw24m0a8lsexppwooop7w","Julio Enciso","660867","NONE","Unassigned","cmuihqdak00bdh29e51a0c9yd","Ipswich Town","SOURCE_SHOWS_WE_DO_NOT","attach","attach: Present in Ipswich Town FotMob squad (shirt #10); attach detached player.","none","N/A","N/A",true
"cmuihvzbi077tsexp36r49mwy","Florentino","357162","cmuihq4q6006lh29eutf0qltf","SL Benfica","cmuihqdak00bdh29e51a0c9yd","Ipswich Town","SOURCE_SHOWS_WE_DO_NOT","reassign","reassign: Present in Ipswich Town FotMob senior squad (shirt #12); previously at SL Benfica.","none","2026-06-29","N/A",true
"cmuihw2ps0aolsexpqbaq6wg7","Marcelino Núñez","715558","NONE","Unassigned","cmuihqdak00bdh29e51a0c9yd","Ipswich Town","SOURCE_SHOWS_WE_DO_NOT","attach","attach: Present in Ipswich Town FotMob squad (shirt #32); attach detached player.","none","N/A","N/A",true
"cmuihvzwl07xesexp1pi8iwpc","Zian Flemming","411537","cmuihoaiv001rb23fn6cviuyz","Burnley FC","cmuihqdak00bdh29e51a0c9yd","Ipswich Town","SOURCE_SHOWS_WE_DO_NOT","reassign","reassign: Present in Ipswich Town FotMob senior squad (shirt #9); previously at Burnley FC.","none","2025-06-30","N/A",true
"cmuihw24709vzsexpoyk7vt21","Kasey McAteer","621193","NONE","Unassigned","cmuihqdak00bdh29e51a0c9yd","Ipswich Town","SOURCE_SHOWS_WE_DO_NOT","attach","attach: Present in Ipswich Town FotMob squad (shirt #20); attach detached player.","none","N/A","N/A",true
"cmuihvxg704rcsexpe4mnrja6","Chuba Akpom","197642","cmuihq56p006vh29efww9bqgh","Hull City","cmuihqdak00bdh29e51a0c9yd","Ipswich Town","SOURCE_SHOWS_WE_DO_NOT","reassign","reassign: Present in Ipswich Town FotMob senior squad (shirt #29); previously at Hull City.","none","2026-06-29","N/A",true
"cmuihvwrt03vssexpca6t71oi","Matija Nastasić","143559","cmuihq5qq0075h29elabq5hjd","FC Schalke 04","NONE","Unassigned","WE_SHOW_SOURCE_DOES_NOT","detach","detach: Player contract expired / released (Without Club).","none","2024-06-30","N/A",true
"cmuihvyrb06j1sexpsrkbe10p","Aymen Barkok","315332","cmuihq5qq0075h29elabq5hjd","FC Schalke 04","NONE","Unassigned","WE_SHOW_SOURCE_DOES_NOT","detach","detach: Absent from FotMob declared squad for FC Schalke 04.","none","2026-01-06","N/A",true
"cmunpe9sg001nqkd3cp7m8pa4","Soufiane El-Faouzi","697740","cmuihq5qq0075h29elabq5hjd","FC Schalke 04","NONE","Unassigned","WE_SHOW_SOURCE_DOES_NOT","detach","detach: Absent from FotMob declared squad for FC Schalke 04.","none","N/A","N/A",true
"cmuihw0jj08ecsexpyolmtkgf","Moussa Sylla","460655","cmuihq5qq0075h29elabq5hjd","FC Schalke 04","NONE","Unassigned","WE_SHOW_SOURCE_DOES_NOT","detach","detach: Absent from FotMob declared squad for FC Schalke 04.","none","N/A","N/A",true
"cmuihvyr506ccsexpkx5vdlub","Markus Schubert","296741","cmuihq5qq0075h29elabq5hjd","FC Schalke 04","cmuihor87002jb23f3u8w2hsf","SC Paderborn 07","WE_SHOW_SOURCE_DOES_NOT","reassign","reassign: Player is registered in SC Paderborn 07 current FotMob squad (shirt #1).","none","2024-06-30","N/A",true
"cmuihvvyf03dgsexp9n2cefct","Mark Uth","112935","cmuihq5qq0075h29elabq5hjd","FC Schalke 04","NONE","Unassigned","WE_SHOW_SOURCE_DOES_NOT","detach","detach: Absent from FotMob declared squad for FC Schalke 04.","none","2021-06-30","N/A",true
"cmuihvvv902v8sexpm3ni8zb7","Joel Matip","82105","cmuihq5qq0075h29elabq5hjd","FC Schalke 04","NONE","Unassigned","WE_SHOW_SOURCE_DOES_NOT","detach","detach: Player contract expired / released (Without Club).","none","2024-06-30","N/A",true
"cmuihvvvt0310sexpm8spepn5","Jeffrey Bruma","88721","cmuihq5qq0075h29elabq5hjd","FC Schalke 04","NONE","Unassigned","WE_SHOW_SOURCE_DOES_NOT","detach","detach: Player contract expired / released (Without Club).","none","2024-06-30","N/A",true
"cmuihvvyj03fesexprg64w5hy","Philipp Hofmann","119037","cmuihq5qq0075h29elabq5hjd","FC Schalke 04","NONE","Unassigned","WE_SHOW_SOURCE_DOES_NOT","detach","detach: Absent from FotMob declared squad for FC Schalke 04.","none","2022-06-30","N/A",true
"cmuihvvzg03ggsexp9ce0iae1","Michael Gregoritsch","120205","cmuihq5qq0075h29elabq5hjd","FC Schalke 04","cmuihq0jy004bh29e4vb2kecf","FC Augsburg","WE_SHOW_SOURCE_DOES_NOT","reassign","reassign: Player is registered in FC Augsburg current FotMob squad (shirt #11).","none","2026-06-29","N/A",true
"cmuihvxfi048vsexpr82o0duc","Pierre-Emile Højbjerg","167799","cmuihq5qq0075h29elabq5hjd","FC Schalke 04","cmuihq2sw005jh29e5ugg799e","Olympique Marseille","WE_SHOW_SOURCE_DOES_NOT","reassign","reassign: Player is registered in Olympique Marseille current FotMob squad (shirt #23).","none","2025-06-30","N/A",true
"cmuihvxfr04fqsexpb47x9esm","Gonçalo Paciência","181547","cmuihq5qq0075h29elabq5hjd","FC Schalke 04","cmuihq2dd005bh29e4dnqmt8q","CD Santa Clara","WE_SHOW_SOURCE_DOES_NOT","reassign","reassign: Player is registered in CD Santa Clara current FotMob squad (shirt #9).","none","2026-01-26","N/A",true
"cmuihvxg604pvsexp50l4hiwb","Marvin Friedrich","196231","cmuihq5qq0075h29elabq5hjd","FC Schalke 04","cmuihqfy300cth29ewu9xjg4l","1.FC Union Berlin","WE_SHOW_SOURCE_DOES_NOT","reassign","reassign: Player is registered in 1.FC Union Berlin current FotMob squad (shirt #5).","none","2026-06-30","N/A",true
"cmuihvxgh04xssexpc8d0usx2","Marko Pjaca","205940","cmuihq5qq0075h29elabq5hjd","FC Schalke 04","cmuihq5k60071h29e42akmqnf","FC Twente Enschede","WE_SHOW_SOURCE_DOES_NOT","reassign","reassign: Player is registered in FC Twente Enschede current FotMob squad (shirt #7).","none","2025-09-01","N/A",true
"cmuihvzbi0773sexp4ongha72","Ko Itakura","355816","cmuihq5qq0075h29elabq5hjd","FC Schalke 04","cmuihq0qz004fh29e00fpn7fy","Borussia Mönchengladbach","WE_SHOW_SOURCE_DOES_NOT","reassign","reassign: Player is registered in Borussia Mönchengladbach current FotMob squad (shirt #6).","none","2025-08-07","N/A",true
"cmuihvzvs07eisexpbp2dadnx","Amine Harit","372711","cmuihq5qq0075h29elabq5hjd","FC Schalke 04","cmuihq2sw005jh29e5ugg799e","Olympique Marseille","WE_SHOW_SOURCE_DOES_NOT","reassign","reassign: Player is registered in Olympique Marseille current FotMob squad (shirt #77).","none","2026-06-29","N/A",true
"cmuihw0ja08aosexp5gcyiytr","Junior Adamu","452477","cmuihq5qq0075h29elabq5hjd","FC Schalke 04","NONE","Unassigned","WE_SHOW_SOURCE_DOES_NOT","detach","detach: Absent from FotMob declared squad for FC Schalke 04.","none","2026-06-30","N/A",true
"cmuihw0ji08e4sexpik4v03hm","Moritz Jenz","460245","cmuihq5qq0075h29elabq5hjd","FC Schalke 04","NONE","Unassigned","WE_SHOW_SOURCE_DOES_NOT","detach","detach: Absent from FotMob declared squad for FC Schalke 04.","none","2025-06-29","N/A",true
"cmuihw1bj08xusexp07ekcady","Malick Thiaw","521964","cmuihq5qq0075h29elabq5hjd","FC Schalke 04","cmuihqepp00c5h29e6dizfj3r","Newcastle United","WE_SHOW_SOURCE_DOES_NOT","reassign","reassign: Player is registered in Newcastle United current FotMob squad (shirt #12).","none","2025-08-11","N/A",true
"cmuihw23z09pusexpqddfd5oe","Jean-Clair Todibo","605184","cmuihq5qq0075h29elabq5hjd","FC Schalke 04","cmuihqfi000cjh29exp3khwxc","RC Lens","WE_SHOW_SOURCE_DOES_NOT","reassign","reassign: Player is registered in RC Lens current FotMob squad (shirt #20).","none","2025-06-30","N/A",true
"FM_1738299","Faaris Yusufu","N/A","NONE","Unassigned","cmuihq5qq0075h29elabq5hjd","FC Schalke 04","SOURCE_SHOWS_WE_DO_NOT","create new player","create new player: Ingest new academy player from FotMob squad (shirt #none).","none","N/A","N/A",false
"FM_1684959","Steve Noode","N/A","NONE","Unassigned","cmuihq5qq0075h29elabq5hjd","FC Schalke 04","SOURCE_SHOWS_WE_DO_NOT","create new player","create new player: Ingest new academy player from FotMob squad (shirt #none).","none","N/A","N/A",false
"FM_1669831","Tidiane Touré","N/A","NONE","Unassigned","cmuihq5qq0075h29elabq5hjd","FC Schalke 04","SOURCE_SHOWS_WE_DO_NOT","create new player","create new player: Ingest new academy player from FotMob squad (shirt #none).","none","N/A","N/A",false
"cmuihvwrw03xvsexpekf4hxhd","Tomas Kalas","148657","NONE","Unassigned","cmuihq5qq0075h29elabq5hjd","FC Schalke 04","SOURCE_SHOWS_WE_DO_NOT","attach","attach: Present in FC Schalke 04 FotMob squad (shirt #N/A); attach detached player.","none","N/A","N/A",false
"cmuihvyqm05xssexplf9lfefl","Robin Gosens","273132","NONE","Unassigned","cmuihq5qq0075h29elabq5hjd","FC Schalke 04","SOURCE_SHOWS_WE_DO_NOT","attach","attach: Present in FC Schalke 04 FotMob squad (shirt #8); attach detached player.","none","N/A","N/A",true
"FM_788496","Anton Donkor","N/A","NONE","Unassigned","cmuihq5qq0075h29elabq5hjd","FC Schalke 04","SOURCE_SHOWS_WE_DO_NOT","create new player","create new player: Ingest new senior player from FotMob squad (shirt #30).","none","N/A","N/A",true
"cmuihvyqf05tbsexpicwix01b","Maximilian Wöber","263361","NONE","Unassigned","cmuihq5qq0075h29elabq5hjd","FC Schalke 04","SOURCE_SHOWS_WE_DO_NOT","attach","attach: Present in FC Schalke 04 FotMob squad (shirt #39); attach detached player.","none","N/A","N/A",true
"FM_840426","Yassin Ben Balla","N/A","NONE","Unassigned","cmuihq5qq0075h29elabq5hjd","FC Schalke 04","SOURCE_SHOWS_WE_DO_NOT","create new player","create new player: Ingest new academy player from FotMob squad (shirt #none).","none","N/A","N/A",false
"FM_1249185","Soufian El-Faouzi","N/A","NONE","Unassigned","cmuihq5qq0075h29elabq5hjd","FC Schalke 04","SOURCE_SHOWS_WE_DO_NOT","create new player","create new player: Ingest new senior player from FotMob squad (shirt #23).","none","N/A","N/A",true
"FM_1659450","Max Grüger","N/A","NONE","Unassigned","cmuihq5qq0075h29elabq5hjd","FC Schalke 04","SOURCE_SHOWS_WE_DO_NOT","create new player","create new player: Ingest new senior player from FotMob squad (shirt #37).","none","N/A","N/A",true
"FM_1717550","Zaid Amoussou-Tchibara","N/A","NONE","Unassigned","cmuihq5qq0075h29elabq5hjd","FC Schalke 04","SOURCE_SHOWS_WE_DO_NOT","create new player","create new player: Ingest new academy player from FotMob squad (shirt #none).","none","N/A","N/A",false
"FM_882163","Chukwubuike Adamu","N/A","NONE","Unassigned","cmuihq5qq0075h29elabq5hjd","FC Schalke 04","SOURCE_SHOWS_WE_DO_NOT","create new player","create new player: Ingest new senior player from FotMob squad (shirt #20).","none","N/A","N/A",true
"cmuihw1by092wsexptjrjowwk","Junior Dina Ebimbe","536482","NONE","Unassigned","cmuihq5qq0075h29elabq5hjd","FC Schalke 04","SOURCE_SHOWS_WE_DO_NOT","attach","attach: Present in FC Schalke 04 FotMob squad (shirt #29); attach detached player.","none","N/A","N/A",true
"cmuihvy5v051wsexpnvl6kwe0","Jordy de Wijs","215096","cmuihq56p006vh29efww9bqgh","Hull City","NONE","Unassigned","WE_SHOW_SOURCE_DOES_NOT","detach","detach: Absent from FotMob declared squad for Hull City.","none","2025-06-29","N/A",true
"cmuihw1d909besexpgce6tmiv","Salah Oulad","559330","cmuihq56p006vh29efww9bqgh","Hull City","NONE","Unassigned","WE_SHOW_SOURCE_DOES_NOT","detach","detach: Absent from FotMob declared squad for Hull City.","none","2026-01-25","N/A",true
"cmuihw24j0a61sexpvath1inn","Toby Collyer","654253","cmuihq56p006vh29efww9bqgh","Hull City","NONE","Unassigned","WE_SHOW_SOURCE_DOES_NOT","detach","detach: Absent from FotMob declared squad for Hull City.","none","2026-06-29","N/A",true
"cmuihvyqf05tssexptjryclzk","Reece Burke","264220","cmuihq56p006vh29efww9bqgh","Hull City","NONE","Unassigned","WE_SHOW_SOURCE_DOES_NOT","detach","detach: Absent from FotMob declared squad for Hull City.","none","2021-06-30","N/A",true
"cmuihw1dr09j2sexp9jmp2vk2","Harvey Vale","581675","cmuihq56p006vh29efww9bqgh","Hull City","NONE","Unassigned","WE_SHOW_SOURCE_DOES_NOT","detach","detach: Absent from FotMob declared squad for Hull City.","none","2025-02-02","N/A",true
"cmuihvxg704rcsexpe4mnrja6","Chuba Akpom","197642","cmuihq56p006vh29efww9bqgh","Hull City","cmuihqdak00bdh29e51a0c9yd","Ipswich Town","WE_SHOW_SOURCE_DOES_NOT","reassign","reassign: Player is registered in Ipswich Town current FotMob squad (shirt #29).","none","2026-06-29","N/A",true
"cmuihvyr806fesexpp0eo1pbz","Benjamin Tetteh","306382","cmuihq56p006vh29efww9bqgh","Hull City","NONE","Unassigned","WE_SHOW_SOURCE_DOES_NOT","detach","detach: Absent from FotMob declared squad for Hull City.","none","2023-08-09","N/A",true
"cmuihvu4n01ihsexpjhvf9u4f","Vito Mannone","33781","cmuihq56p006vh29efww9bqgh","Hull City","NONE","Unassigned","WE_SHOW_SOURCE_DOES_NOT","detach","detach: Absent from FotMob declared squad for Hull City.","none","2023-08-28","N/A",true
"cmuihw0kc08u8sexpjhz0pedh","Josh Bowler","506470","cmuihq56p006vh29efww9bqgh","Hull City","NONE","Unassigned","WE_SHOW_SOURCE_DOES_NOT","detach","detach: Absent from FotMob declared squad for Hull City.","none","2025-08-31","N/A",true
"cmuihw0iu085ysexp5ho0h61h","Scott Twine","433818","cmuihq56p006vh29efww9bqgh","Hull City","NONE","Unassigned","WE_SHOW_SOURCE_DOES_NOT","detach","detach: Absent from FotMob declared squad for Hull City.","none","2024-05-30","N/A",true
"cmuihvwru03wqsexpjtqv2i47","Conor Townsend","146509","cmuihq56p006vh29efww9bqgh","Hull City","NONE","Unassigned","WE_SHOW_SOURCE_DOES_NOT","detach","detach: Absent from FotMob declared squad for Hull City.","none","2024-07-31","N/A",true
"cmuihvy6505aysexpks3e6nyy","Andrew Robertson","234803","cmuihq56p006vh29efww9bqgh","Hull City","cmuihpzs8003vh29eyrxt8nk5","Tottenham Hotspur","WE_SHOW_SOURCE_DOES_NOT","reassign","reassign: Player is registered in Tottenham Hotspur current FotMob squad (shirt #3).","none","2026-06-30","N/A",true
"cmuihw24h0a3lsexpo4u07nrp","Carl Rushworth","646353","cmuihq56p006vh29efww9bqgh","Hull City","cmundu5xu0001zjoe1l91im6d","Coventry City","WE_SHOW_SOURCE_DOES_NOT","reassign","reassign: Player is registered in Coventry City current FotMob squad (shirt #19).","none","2026-05-30","N/A",true
"cmuihw0k508o8sexpa4oz3jgv","Liam Millar","487417","cmuihq56p006vh29efww9bqgh","Hull City","NONE","Unassigned","WE_SHOW_SOURCE_DOES_NOT","detach","detach: Absent from FotMob declared squad for Hull City.","none","N/A","N/A",true
"cmuihw24509v1sexpc0523j1p","Tyler Morton","618494","cmuihq56p006vh29efww9bqgh","Hull City","cmuihnsd9000tb23f30w9l9tm","Olympique Lyon","WE_SHOW_SOURCE_DOES_NOT","reassign","reassign: Player is registered in Olympique Lyon current FotMob squad (shirt #23).","none","2025-08-04","N/A",true
"cmuihw3f90btrsexprxp1zzch","Yu Hirakawa","936237","cmuihq56p006vh29efww9bqgh","Hull City","NONE","Unassigned","WE_SHOW_SOURCE_DOES_NOT","detach","detach: Absent from FotMob declared squad for Hull City.","none","2026-06-29","N/A",true
"cmuihvy6j05m0sexpkrix7n7q","Matt Targett","250478","NONE","Unassigned","cmuihq56p006vh29efww9bqgh","Hull City","SOURCE_SHOWS_WE_DO_NOT","attach","attach: Present in Hull City FotMob squad (shirt #23); attach detached player.","none","N/A","N/A",true
"cmuihw43v0cbzsexpdcgjpip7","Nobel Mendy","1034853","cmuihq7gc0083h29exnlti38f","Rayo Vallecano","cmuihq56p006vh29efww9bqgh","Hull City","SOURCE_SHOWS_WE_DO_NOT","reassign","reassign: Present in Hull City FotMob senior squad (shirt #32); previously at Rayo Vallecano.","none","2026-06-30","N/A",true
"cmuihw43v0cc3sexpri0j5icd","Ilyas Ansah","1035765","NONE","Unassigned","cmuihq56p006vh29efww9bqgh","Hull City","SOURCE_SHOWS_WE_DO_NOT","attach","attach: Present in Hull City FotMob squad (shirt #N/A); attach detached player.","none","N/A","N/A",false
"cmuihw1bn08yksexp3tqsz6nd","Hidemasa Morita","524315","NONE","Unassigned","cmuihq56p006vh29efww9bqgh","Hull City","SOURCE_SHOWS_WE_DO_NOT","attach","attach: Present in Hull City FotMob squad (shirt #5); attach detached player.","none","N/A","N/A",true
"cmuihw24609vlsexpnlx42mab","Lucas Gourna-Douath","620313","NONE","Unassigned","cmuihq56p006vh29efww9bqgh","Hull City","SOURCE_SHOWS_WE_DO_NOT","attach","attach: Present in Hull City FotMob squad (shirt #29); attach detached player.","none","N/A","N/A",true
"cmuihw0jv08k2sexp53djm7jq","Sorba Thomas","475416","cmuihqbom00abh29eeqdmk8ig","Stoke City","cmuihq56p006vh29efww9bqgh","Hull City","SOURCE_SHOWS_WE_DO_NOT","reassign","reassign: Present in Hull City FotMob senior squad (shirt #7); previously at Stoke City.","none","2025-06-30","N/A",true
"cmuihw4r10crtsexpwnkizxs4","Robinio Vaz","1131161","NONE","Unassigned","cmuihq56p006vh29efww9bqgh","Hull City","SOURCE_SHOWS_WE_DO_NOT","attach","attach: Present in Hull City FotMob squad (shirt #47); attach detached player.","none","N/A","N/A",true
"FM_1662399","Alessandro Longoni","N/A","NONE","Unassigned","cmuihqbws00ajh29e1ujz5fht","Paris Saint-Germain","SOURCE_SHOWS_WE_DO_NOT","create new player","create new player: Ingest new senior player from FotMob squad (shirt #16).","none","N/A","N/A",true
"cmuihvwrh03lhsexp8k88o4a2","Lucas Digne","126664","cmuihq8vi008xh29edz4vg4xw","Aston Villa","cmuihqbws00ajh29e1ujz5fht","Paris Saint-Germain","SOURCE_SHOWS_WE_DO_NOT","reassign","reassign: Present in Paris Saint-Germain FotMob senior squad (shirt #12); previously at Aston Villa.","none","2022-01-12","N/A",true
"cmuihvzwd07s5sexp8vx1qdul","Ferran Torres","398184","cmuihoy3o002vb23f8egwo6vd","FC Barcelona","cmuihqbws00ajh29e1ujz5fht","Paris Saint-Germain","SOURCE_SHOWS_WE_DO_NOT","reassign","reassign: Present in Paris Saint-Germain FotMob senior squad (shirt #9); previously at FC Barcelona.","none","2021-12-31","N/A",true
"cmuihw2q10awesexpv53xk4f1","Maghnes Akliouche","745200","cmuihq0az0047h29ew2gfpbqj","AS Monaco","cmuihqbws00ajh29e1ujz5fht","Paris Saint-Germain","SOURCE_SHOWS_WE_DO_NOT","reassign","reassign: Present in Paris Saint-Germain FotMob senior squad (shirt #11); previously at AS Monaco.","none","2022-06-30","N/A",true
"cmuihw2q50axzsexpinqc05sf","Mika Godts","748804","cmuihqce400ath29e227zx42b","Ajax Amsterdam","cmuihqbws00ajh29e1ujz5fht","Paris Saint-Germain","SOURCE_SHOWS_WE_DO_NOT","reassign","reassign: Present in Paris Saint-Germain FotMob senior squad (shirt #22); previously at Ajax Amsterdam.","none","2023-12-31","N/A",true
"cmuihvzaz06uasexpb1537mqf","Jairo Izquierdo","337946","cmuihq03y0041h29ezh2jdh2h","Elche CF","NONE","Unassigned","WE_SHOW_SOURCE_DOES_NOT","detach","detach: Absent from FotMob declared squad for Elche CF.","none","N/A","N/A",true
"cmuihw24909y1sexpdx9ifctv","John Donald","627290","cmuihq03y0041h29ezh2jdh2h","Elche CF","NONE","Unassigned","WE_SHOW_SOURCE_DOES_NOT","detach","detach: Absent from FotMob declared squad for Elche CF.","none","2022-06-30","N/A",true
"cmuihw4450cimsexp3us24ju3","Nordin Al Lal","1064543","cmuihq03y0041h29ezh2jdh2h","Elche CF","NONE","Unassigned","WE_SHOW_SOURCE_DOES_NOT","detach","detach: Absent from FotMob declared squad for Elche CF.","none","N/A","N/A",true
"cmuihw4rf0cxgsexptj65envo","Bema Sina","1183198","cmuihq03y0041h29ezh2jdh2h","Elche CF","NONE","Unassigned","WE_SHOW_SOURCE_DOES_NOT","detach","detach: Absent from FotMob declared squad for Elche CF.","none","N/A","N/A",true
"cmuihvzwm07y1sexpwfzn24ef","Léo Pétrot","412829","cmuihq03y0041h29ezh2jdh2h","Elche CF","NONE","Unassigned","WE_SHOW_SOURCE_DOES_NOT","detach","detach: Absent from FotMob declared squad for Elche CF.","none","2025-07-10","N/A",true
"cmuihw0ja08apsexp8b1mkcuj","David Affengruber","452483","cmuihq03y0041h29ezh2jdh2h","Elche CF","cmuihqg9600cxh29echnkyx9e","Fulham FC","WE_SHOW_SOURCE_DOES_NOT","reassign","reassign: Player is registered in Fulham FC current FotMob squad (shirt #22).","none","2024-08-27","N/A",true
"cmuihw3fe0bxpsexpynyq9i52","Álvaro Rodríguez","948275","cmuihq03y0041h29ezh2jdh2h","Elche CF","cmuihqh6y00dfh29eokvzxktp","AFC Bournemouth","WE_SHOW_SOURCE_DOES_NOT","reassign","reassign: Player is registered in AFC Bournemouth current FotMob squad (shirt #30).","none","2025-07-21","N/A",true
"cmuihw4410cgysexphwje5ozn","Juan Piera","1060657","cmuihq03y0041h29ezh2jdh2h","Elche CF","NONE","Unassigned","WE_SHOW_SOURCE_DOES_NOT","detach","detach: Absent from FotMob declared squad for Elche CF.","none","N/A","N/A",true
"cmuihw4qy0cqhsexpz13vdya0","Pablo Felipe","1118682","cmuihq03y0041h29ezh2jdh2h","Elche CF","NONE","Unassigned","WE_SHOW_SOURCE_DOES_NOT","detach","detach: Absent from FotMob declared squad for Elche CF.","none","N/A","N/A",true
"FM_1206583","Kevin Lomónaco","N/A","NONE","Unassigned","cmuihq03y0041h29ezh2jdh2h","Elche CF","SOURCE_SHOWS_WE_DO_NOT","create new player","create new player: Ingest new academy player from FotMob squad (shirt #none).","none","N/A","N/A",false
"FM_1337914","Roy Revivo","N/A","NONE","Unassigned","cmuihq03y0041h29ezh2jdh2h","Elche CF","SOURCE_SHOWS_WE_DO_NOT","create new player","create new player: Ingest new senior player from FotMob squad (shirt #3).","none","N/A","N/A",true
"cmuihw2po0al0sexpzow48xwo","Rubén Sánchez","705813","NONE","Unassigned","cmuihq03y0041h29ezh2jdh2h","Elche CF","SOURCE_SHOWS_WE_DO_NOT","attach","attach: Present in Elche CF FotMob squad (shirt #22); attach detached player.","none","N/A","N/A",true
"cmuihw0k708qbsexpu1nmiipa","Víctor Chust","495625","cmuihq3dw005yh29eacylgkht","Cádiz CF","cmuihq03y0041h29ezh2jdh2h","Elche CF","SOURCE_SHOWS_WE_DO_NOT","reassign","reassign: Present in Elche CF FotMob senior squad (shirt #23); previously at Cádiz CF.","none","2026-06-29","N/A",true
"FM_1670276","Matia Barzić","N/A","NONE","Unassigned","cmuihq03y0041h29ezh2jdh2h","Elche CF","SOURCE_SHOWS_WE_DO_NOT","create new player","create new player: Ingest new senior player from FotMob squad (shirt #26).","none","N/A","N/A",true
"cmuihw4rj0czbsexp4c90qlzt","Albert Niculăesei","1196497","NONE","Unassigned","cmuihq03y0041h29ezh2jdh2h","Elche CF","SOURCE_SHOWS_WE_DO_NOT","attach","attach: Present in Elche CF FotMob squad (shirt #27); attach detached player.","none","N/A","N/A",true
"cmuihw43j0c3vsexpsm73wjdc","Facundo Buonanotte","983989","NONE","Unassigned","cmuihq03y0041h29ezh2jdh2h","Elche CF","SOURCE_SHOWS_WE_DO_NOT","attach","attach: Present in Elche CF FotMob squad (shirt #10); attach detached player.","none","N/A","N/A",true
"FM_881773","Gonzalo Villar","N/A","NONE","Unassigned","cmuihq03y0041h29ezh2jdh2h","Elche CF","SOURCE_SHOWS_WE_DO_NOT","create new player","create new player: Ingest new senior player from FotMob squad (shirt #12).","none","N/A","N/A",true
"cmuihvxgh04xjsexpdrehfq59","Thomas Lemar","205562","NONE","Unassigned","cmuihq03y0041h29ezh2jdh2h","Elche CF","SOURCE_SHOWS_WE_DO_NOT","attach","attach: Present in Elche CF FotMob squad (shirt #18); attach detached player.","none","N/A","N/A",true
"cmuihw4rg0cy3sexp1kxc51ax","Álex Sánchez","1186244","NONE","Unassigned","cmuihq03y0041h29ezh2jdh2h","Elche CF","SOURCE_SHOWS_WE_DO_NOT","attach","attach: Present in Elche CF FotMob squad (shirt #38); attach detached player.","none","N/A","N/A",true
"cmuihw4st0d7rsexpg62ajiow","Alex Herráiz","1483854","NONE","Unassigned","cmuihq03y0041h29ezh2jdh2h","Elche CF","SOURCE_SHOWS_WE_DO_NOT","attach","attach: Present in Elche CF FotMob squad (shirt #43); attach detached player.","none","N/A","N/A",true
"cmuihw4rp0d23sexpnosozxrj","Javi Morcillo","1250522","NONE","Unassigned","cmuihq03y0041h29ezh2jdh2h","Elche CF","SOURCE_SHOWS_WE_DO_NOT","attach","attach: Present in Elche CF FotMob squad (shirt #47); attach detached player.","none","N/A","N/A",true
"FM_493216","Ezequiel Ponce","N/A","NONE","Unassigned","cmuihq03y0041h29ezh2jdh2h","Elche CF","SOURCE_SHOWS_WE_DO_NOT","create new player","create new player: Ingest new senior player from FotMob squad (shirt #9).","none","N/A","N/A",true
"cmuihw24909y2sexpsapzanmg","Fer Niño","627294","NONE","Unassigned","cmuihq03y0041h29ezh2jdh2h","Elche CF","SOURCE_SHOWS_WE_DO_NOT","attach","attach: Present in Elche CF FotMob squad (shirt #14); attach detached player.","none","N/A","N/A",true
"FM_1343195","Abiel Osorio","N/A","NONE","Unassigned","cmuihq03y0041h29ezh2jdh2h","Elche CF","SOURCE_SHOWS_WE_DO_NOT","create new player","create new player: Ingest new senior player from FotMob squad (shirt #24).","none","N/A","N/A",true
"cmuihw3f40bpssexpifkiosof","Lorenzo Anghelè","925848","cmuihqb7i00a9h29e7t17vakf","Juventus FC","NONE","Unassigned","WE_SHOW_SOURCE_DOES_NOT","detach","detach: Absent from FotMob declared squad for Juventus FC.","none","N/A","N/A",true
"cmuihw3f40bpusexpt076mb5k","Matteo Fuscaldo","925864","cmuihqb7i00a9h29e7t17vakf","Juventus FC","NONE","Unassigned","WE_SHOW_SOURCE_DOES_NOT","detach","detach: Absent from FotMob declared squad for Juventus FC.","none","N/A","N/A",true
"cmuihw3fc0bw3sexpix4g3gfc","Stefano Mangiapoco","942058","cmuihqb7i00a9h29e7t17vakf","Juventus FC","NONE","Unassigned","WE_SHOW_SOURCE_DOES_NOT","detach","detach: Absent from FotMob declared squad for Juventus FC.","none","N/A","N/A",true
"cmuihvyr006a1sexp5f5vw3ry","Neto","291968","NONE","Unassigned","cmuihqb7i00a9h29e7t17vakf","Juventus FC","SOURCE_SHOWS_WE_DO_NOT","attach","attach: Present in Juventus FC FotMob squad (shirt #N/A); attach detached player.","none","N/A","N/A",false
"cmuihvzb9071jsexpi984dqda","Kamil Grabara","346551","cmuihqf7s00chh29ehfr98rx6","VfL Wolfsburg","cmuihqb7i00a9h29e7t17vakf","Juventus FC","SOURCE_SHOWS_WE_DO_NOT","reassign","reassign: Present in Juventus FC FotMob senior squad (shirt #1); previously at VfL Wolfsburg.","none","2024-06-30","N/A",true
"cmuihvyqu064ksexp6ttb66ol","Guglielmo Vicario","286047","cmuihpzs8003vh29eyrxt8nk5","Tottenham Hotspur","cmuihqb7i00a9h29e7t17vakf","Juventus FC","SOURCE_SHOWS_WE_DO_NOT","reassign","reassign: Present in Juventus FC FotMob senior squad (shirt #25); previously at Tottenham Hotspur.","none","2023-06-30","N/A",true
"FM_857269","Gleison Bremer","N/A","NONE","Unassigned","cmuihqb7i00a9h29e7t17vakf","Juventus FC","SOURCE_SHOWS_WE_DO_NOT","create new player","create new player: Ingest new senior player from FotMob squad (shirt #3).","none","N/A","N/A",true
"cmuihvzwn07yvsexpu0yz6zl6","Jhon Lucumí","413565","cmuihnmx8000jb23fowusi2kw","Bologna Football Club 1909","cmuihqb7i00a9h29e7t17vakf","Juventus FC","SOURCE_SHOWS_WE_DO_NOT","reassign","reassign: Present in Juventus FC FotMob senior squad (shirt #26); previously at Bologna Football Club 1909.","none","2022-08-17","N/A",true
"cmuihvy6k05mdsexp1not9wrd","Zeki Çelik","251075","cmuihoj9l0025b23fj4mplye4","Associazione Sportiva Roma","cmuihqb7i00a9h29e7t17vakf","Juventus FC","SOURCE_SHOWS_WE_DO_NOT","reassign","reassign: Present in Juventus FC FotMob senior squad (shirt #2); previously at Associazione Sportiva Roma.","none","2022-07-04","N/A",true
"FM_1107280","Pape Sarr","N/A","NONE","Unassigned","cmuihqb7i00a9h29e7t17vakf","Juventus FC","SOURCE_SHOWS_WE_DO_NOT","create new player","create new player: Ingest new senior player from FotMob squad (shirt #29).","none","N/A","N/A",true
"cmuihw3f40bprsexptl4xml7r","Augusto Owusu","925845","NONE","Unassigned","cmuihqb7i00a9h29e7t17vakf","Juventus FC","SOURCE_SHOWS_WE_DO_NOT","attach","attach: Present in Juventus FC FotMob squad (shirt #41); attach detached player.","none","N/A","N/A",true
"cmuihw0k508oosexppdzg9fdq","Randal Kolo Muani","487969","NONE","Unassigned","cmuihqb7i00a9h29e7t17vakf","Juventus FC","SOURCE_SHOWS_WE_DO_NOT","attach","attach: Present in Juventus FC FotMob squad (shirt #9); attach detached player.","none","N/A","N/A",true
"cmuihvy5w052ssexpvfcdryyt","Jérémie Boga","216569","NONE","Unassigned","cmuihqb7i00a9h29e7t17vakf","Juventus FC","SOURCE_SHOWS_WE_DO_NOT","attach","attach: Present in Juventus FC FotMob squad (shirt #13); attach detached player.","none","N/A","N/A",true
"FM_1684401","Kerim Alajbegović","N/A","NONE","Unassigned","cmuihqb7i00a9h29e7t17vakf","Juventus FC","SOURCE_SHOWS_WE_DO_NOT","create new player","create new player: Ingest new senior player from FotMob squad (shirt #17).","none","N/A","N/A",true
"cmuihw3f90bt2sexpxwkdu85l","Jeff Ekhator","934878","cmuihq3ak005th29eolz9qqct","Genoa CFC","cmuihqb7i00a9h29e7t17vakf","Juventus FC","SOURCE_SHOWS_WE_DO_NOT","reassign","reassign: Present in Juventus FC FotMob senior squad (shirt #18); previously at Genoa CFC.","none","2024-06-30","N/A",true
"cmuihw0jb08btsexpbui71i83","Nick Woltemade","455661","NONE","Unassigned","cmuihqb7i00a9h29e7t17vakf","Juventus FC","SOURCE_SHOWS_WE_DO_NOT","attach","attach: Present in Juventus FC FotMob squad (shirt #27); attach detached player.","none","N/A","N/A",true
"cmuihw43x0cdvsexp3pa7ja9f","Yusuf Akhamrich","1047345","cmuihpzs8003vh29eyrxt8nk5","Tottenham Hotspur","NONE","Unassigned","WE_SHOW_SOURCE_DOES_NOT","detach","detach: Absent from FotMob declared squad for Tottenham Hotspur.","none","N/A","N/A",true
"cmuihw3eu0bi6sexppo7k8vr8","Luca Gunter","888637","cmuihpzs8003vh29eyrxt8nk5","Tottenham Hotspur","NONE","Unassigned","WE_SHOW_SOURCE_DOES_NOT","detach","detach: Absent from FotMob declared squad for Tottenham Hotspur.","none","N/A","N/A",true
"cmuihvvst02qcsexpiw9rrul8","Martin Dúbravka","74960","NONE","Unassigned","cmuihpzs8003vh29eyrxt8nk5","Tottenham Hotspur","SOURCE_SHOWS_WE_DO_NOT","attach","attach: Present in Tottenham Hotspur FotMob squad (shirt #39); attach detached player.","none","N/A","N/A",true
"cmuihvy6505aysexpks3e6nyy","Andrew Robertson","234803","cmuihq56p006vh29efww9bqgh","Hull City","cmuihpzs8003vh29eyrxt8nk5","Tottenham Hotspur","SOURCE_SHOWS_WE_DO_NOT","reassign","reassign: Present in Tottenham Hotspur FotMob senior squad (shirt #3); previously at Hull City.","none","2026-06-30","N/A",true
"cmuihvy6r05rbsexp75hxke37","Tosin Adarabioyo","258878","cmuihqcpo00b1h29edf8q9ksb","Chelsea FC","cmuihpzs8003vh29eyrxt8nk5","Tottenham Hotspur","SOURCE_SHOWS_WE_DO_NOT","reassign","reassign: Present in Tottenham Hotspur FotMob senior squad (shirt #4); previously at Chelsea FC.","none","2024-06-30","N/A",true
"cmuihw0js08icsexplmy1y0tz","Marcos Senesi","469781","NONE","Unassigned","cmuihpzs8003vh29eyrxt8nk5","Tottenham Hotspur","SOURCE_SHOWS_WE_DO_NOT","attach","attach: Present in Tottenham Hotspur FotMob squad (shirt #5); attach detached player.","none","N/A","N/A",true
"cmuihw1do09hlsexpowo1wzpq","Jan Paul van Hecke","576314","cmuihomne002bb23fq0sdhdrm","Brighton & Hove Albion","cmuihpzs8003vh29eyrxt8nk5","Tottenham Hotspur","SOURCE_SHOWS_WE_DO_NOT","reassign","reassign: Present in Tottenham Hotspur FotMob senior squad (shirt #6); previously at Brighton & Hove Albion.","none","2022-05-30","N/A",true
"cmuihw1de09dxsexpi52ye6t2","Xavi Simons","566931","NONE","Unassigned","cmuihpzs8003vh29eyrxt8nk5","Tottenham Hotspur","SOURCE_SHOWS_WE_DO_NOT","attach","attach: Present in Tottenham Hotspur FotMob squad (shirt #7); attach detached player.","none","N/A","N/A",true
"cmuihw0k508ossexpwiadlptn","Conor Gallagher","488362","NONE","Unassigned","cmuihpzs8003vh29eyrxt8nk5","Tottenham Hotspur","SOURCE_SHOWS_WE_DO_NOT","attach","attach: Present in Tottenham Hotspur FotMob squad (shirt #8); attach detached player.","none","N/A","N/A",true
"cmuihvzwb07rasexpbq3bnvry","Sandro Tonali","397033","cmuihqepp00c5h29e6dizfj3r","Newcastle United","cmuihpzs8003vh29eyrxt8nk5","Tottenham Hotspur","SOURCE_SHOWS_WE_DO_NOT","reassign","reassign: Present in Tottenham Hotspur FotMob senior squad (shirt #16); previously at Newcastle United.","none","2023-07-02","N/A",true
"cmuihw3et0bh3sexpmyuk69lh","Mateus Fernandes","880245","NONE","Unassigned","cmuihpzs8003vh29eyrxt8nk5","Tottenham Hotspur","SOURCE_SHOWS_WE_DO_NOT","attach","attach: Present in Tottenham Hotspur FotMob squad (shirt #18); attach detached player.","none","N/A","N/A",true
"cmuihw2qb0b2gsexpi6m11gzd","Mathys Tel","801734","NONE","Unassigned","cmuihpzs8003vh29eyrxt8nk5","Tottenham Hotspur","SOURCE_SHOWS_WE_DO_NOT","attach","attach: Present in Tottenham Hotspur FotMob squad (shirt #11); attach detached player.","none","N/A","N/A",true
"cmuihw24109qxsexp9nlpypdx","Sávio","607093","NONE","Unassigned","cmuihpzs8003vh29eyrxt8nk5","Tottenham Hotspur","SOURCE_SHOWS_WE_DO_NOT","attach","attach: Present in Tottenham Hotspur FotMob squad (shirt #17); attach detached player.","none","N/A","N/A",true
"cmuihw1cw096msexphjyubv7o","Mohammed Kudus","543499","NONE","Unassigned","cmuihpzs8003vh29eyrxt8nk5","Tottenham Hotspur","SOURCE_SHOWS_WE_DO_NOT","attach","attach: Present in Tottenham Hotspur FotMob squad (shirt #20); attach detached player.","none","N/A","N/A",true
"cmuihw0j5088ssexptzb6o1qd","Omar Marmoush","445939","cmuihq3vs0069h29ebm5xqhye","Manchester City","cmuihpzs8003vh29eyrxt8nk5","Tottenham Hotspur","SOURCE_SHOWS_WE_DO_NOT","reassign","reassign: Present in Tottenham Hotspur FotMob senior squad (shirt #22); previously at Manchester City.","none","2025-01-22","N/A",true
"cmuihw1c0093wsexpvdfoji1h","Mykhaylo Mudryk","537860","cmuihqcpo00b1h29edf8q9ksb","Chelsea FC","cmuihpzs8003vh29eyrxt8nk5","Tottenham Hotspur","SOURCE_SHOWS_WE_DO_NOT","reassign","reassign: Present in Tottenham Hotspur FotMob senior squad (shirt #27); previously at Chelsea FC.","none","2023-01-14","N/A",true
"cmuihw3f90bt5sexprfs9h01f","Danylo Krevsun","935019","cmuihq09e0045h29ednnt1hkq","Borussia Dortmund","NONE","Unassigned","WE_SHOW_SOURCE_DOES_NOT","detach","detach: Absent from FotMob declared squad for Borussia Dortmund.","none","N/A","N/A",true
"FM_1845215","Jan-Luca Riedl","N/A","NONE","Unassigned","cmuihq09e0045h29ednnt1hkq","Borussia Dortmund","SOURCE_SHOWS_WE_DO_NOT","create new player","create new player: Ingest new academy player from FotMob squad (shirt #none).","none","N/A","N/A",false
"FM_1845223","Miguel Adje","N/A","NONE","Unassigned","cmuihq09e0045h29ednnt1hkq","Borussia Dortmund","SOURCE_SHOWS_WE_DO_NOT","create new player","create new player: Ingest new academy player from FotMob squad (shirt #none).","none","N/A","N/A",false
"FM_1845220","Roméo Ritter","N/A","NONE","Unassigned","cmuihq09e0045h29ednnt1hkq","Borussia Dortmund","SOURCE_SHOWS_WE_DO_NOT","create new player","create new player: Ingest new academy player from FotMob squad (shirt #none).","none","N/A","N/A",false
"FM_1479742","Joane Gadou","N/A","NONE","Unassigned","cmuihq09e0045h29ednnt1hkq","Borussia Dortmund","SOURCE_SHOWS_WE_DO_NOT","create new player","create new player: Ingest new senior player from FotMob squad (shirt #22).","none","N/A","N/A",true
"FM_1750565","Kauã Prates","N/A","NONE","Unassigned","cmuihq09e0045h29ednnt1hkq","Borussia Dortmund","SOURCE_SHOWS_WE_DO_NOT","create new player","create new player: Ingest new senior player from FotMob squad (shirt #36).","none","N/A","N/A",true
"cmuihw3eu0bimsexpjujsn1l7","Ethan Nwaneri","890719","cmuiho5do001hb23froc57owj","Arsenal FC","cmuihq09e0045h29ednnt1hkq","Borussia Dortmund","SOURCE_SHOWS_WE_DO_NOT","reassign","reassign: Present in Borussia Dortmund FotMob senior squad (shirt #18); previously at Arsenal FC.","none","2026-06-29","N/A",true
"cmuihvzwk07w7sexpz23543nr","Joey Veerman","408574","cmuihq7yg008dh29eacwmi5po","PSV Eindhoven","cmuihq09e0045h29ednnt1hkq","Borussia Dortmund","SOURCE_SHOWS_WE_DO_NOT","reassign","reassign: Present in Borussia Dortmund FotMob senior squad (shirt #25); previously at PSV Eindhoven.","none","2022-01-03","N/A",true
"FM_1636870","Justin Lerma","N/A","NONE","Unassigned","cmuihq09e0045h29ednnt1hkq","Borussia Dortmund","SOURCE_SHOWS_WE_DO_NOT","create new player","create new player: Ingest new senior player from FotMob squad (shirt #28).","none","N/A","N/A",true
"FM_1729839","Enzo Duarte","N/A","NONE","Unassigned","cmuihq09e0045h29ednnt1hkq","Borussia Dortmund","SOURCE_SHOWS_WE_DO_NOT","create new player","create new player: Ingest new senior player from FotMob squad (shirt #44).","none","N/A","N/A",true
"FM_1215014","Giannis Konstantelias","N/A","NONE","Unassigned","cmuihq09e0045h29ednnt1hkq","Borussia Dortmund","SOURCE_SHOWS_WE_DO_NOT","create new player","create new player: Ingest new senior player from FotMob squad (shirt #45).","none","N/A","N/A",true
"cmuihw4r40ct3sexpz47owj4s","Mussa Kaba","1141179","NONE","Unassigned","cmuihq09e0045h29ednnt1hkq","Borussia Dortmund","SOURCE_SHOWS_WE_DO_NOT","attach","attach: Present in Borussia Dortmund FotMob squad (shirt #48); attach detached player.","none","N/A","N/A",true
"FM_1845228","Marwan-Omir Mirza","N/A","NONE","Unassigned","cmuihq09e0045h29ednnt1hkq","Borussia Dortmund","SOURCE_SHOWS_WE_DO_NOT","create new player","create new player: Ingest new academy player from FotMob squad (shirt #none).","none","N/A","N/A",false
"FM_1536436","Konstantinos Karetsas","N/A","NONE","Unassigned","cmuihq09e0045h29ednnt1hkq","Borussia Dortmund","SOURCE_SHOWS_WE_DO_NOT","create new player","create new player: Ingest new senior player from FotMob squad (shirt #19).","none","N/A","N/A",true
"cmuihw4rj0cz3sexp2noh4mjh","Mathis Albert","1193849","NONE","Unassigned","cmuihq09e0045h29ednnt1hkq","Borussia Dortmund","SOURCE_SHOWS_WE_DO_NOT","attach","attach: Present in Borussia Dortmund FotMob squad (shirt #41); attach detached player.","none","N/A","N/A",true
"cmuihvvwg03a3sexpsg5kyu8e","Frederik Rönnow","107775","cmuihqfy300cth29ewu9xjg4l","1.FC Union Berlin","NONE","Unassigned","WE_SHOW_SOURCE_DOES_NOT","detach","detach: Absent from FotMob declared squad for 1.FC Union Berlin.","none","2021-07-19","N/A",true
"cmuihw2q10awasexpiq8not1r","David Preu","745075","cmuihqfy300cth29ewu9xjg4l","1.FC Union Berlin","NONE","Unassigned","WE_SHOW_SOURCE_DOES_NOT","detach","detach: Absent from FotMob declared squad for 1.FC Union Berlin.","none","2024-06-29","N/A",true
"FM_186557","Frederik Rønnow","N/A","NONE","Unassigned","cmuihqfy300cth29ewu9xjg4l","1.FC Union Berlin","SOURCE_SHOWS_WE_DO_NOT","create new player","create new player: Ingest new senior player from FotMob squad (shirt #1).","none","N/A","N/A",true
"cmuihvzvz07jvsexpjqmjj5wx","Matheo Raab","386685","NONE","Unassigned","cmuihqfy300cth29ewu9xjg4l","1.FC Union Berlin","SOURCE_SHOWS_WE_DO_NOT","attach","attach: Present in 1.FC Union Berlin FotMob squad (shirt #31); attach detached player.","none","N/A","N/A",true
"FM_767800","Felix Uduokhai","N/A","NONE","Unassigned","cmuihqfy300cth29ewu9xjg4l","1.FC Union Berlin","SOURCE_SHOWS_WE_DO_NOT","create new player","create new player: Ingest new senior player from FotMob squad (shirt #2).","none","N/A","N/A",true
"cmuihw43u0cb9sexpvsvhwh5h","Andrik Markgraf","1027870","NONE","Unassigned","cmuihqfy300cth29ewu9xjg4l","1.FC Union Berlin","SOURCE_SHOWS_WE_DO_NOT","attach","attach: Present in 1.FC Union Berlin FotMob squad (shirt #3); attach detached player.","none","N/A","N/A",true
"FM_1231677","Zeno Van Den Bosch","N/A","NONE","Unassigned","cmuihqfy300cth29ewu9xjg4l","1.FC Union Berlin","SOURCE_SHOWS_WE_DO_NOT","create new player","create new player: Ingest new senior player from FotMob squad (shirt #4).","none","N/A","N/A",true
"cmuihvxg604pvsexp50l4hiwb","Marvin Friedrich","196231","cmuihq5qq0075h29elabq5hjd","FC Schalke 04","cmuihqfy300cth29ewu9xjg4l","1.FC Union Berlin","SOURCE_SHOWS_WE_DO_NOT","reassign","reassign: Present in 1.FC Union Berlin FotMob senior squad (shirt #5); previously at FC Schalke 04.","none","2026-06-30","N/A",true
"FM_907495","Stanley N'Soki","N/A","NONE","Unassigned","cmuihqfy300cth29ewu9xjg4l","1.FC Union Berlin","SOURCE_SHOWS_WE_DO_NOT","create new player","create new player: Ingest new senior player from FotMob squad (shirt #34).","none","N/A","N/A",true
"cmuihvyr506ctsexpcvqzqacx","Woo-yeong Jeong","297583","NONE","Unassigned","cmuihqfy300cth29ewu9xjg4l","1.FC Union Berlin","SOURCE_SHOWS_WE_DO_NOT","attach","attach: Present in 1.FC Union Berlin FotMob squad (shirt #11); attach detached player.","none","N/A","N/A",true
"cmuihvzw207mgsexpxur38cwo","Derrick Köhn","391780","NONE","Unassigned","cmuihqfy300cth29ewu9xjg4l","1.FC Union Berlin","SOURCE_SHOWS_WE_DO_NOT","attach","attach: Present in 1.FC Union Berlin FotMob squad (shirt #17); attach detached player.","none","N/A","N/A",true
"cmuihvy6905ctsexpl6nwl684","Michel Aebischer","237658","NONE","Unassigned","cmuihqfy300cth29ewu9xjg4l","1.FC Union Berlin","SOURCE_SHOWS_WE_DO_NOT","attach","attach: Present in 1.FC Union Berlin FotMob squad (shirt #20); attach detached player.","none","N/A","N/A",true
"FM_852049","Kastriot Imeri","N/A","NONE","Unassigned","cmuihqfy300cth29ewu9xjg4l","1.FC Union Berlin","SOURCE_SHOWS_WE_DO_NOT","create new player","create new player: Ingest new senior player from FotMob squad (shirt #30).","none","N/A","N/A",true
"FM_1555056","Julien Friedrich","N/A","NONE","Unassigned","cmuihqfy300cth29ewu9xjg4l","1.FC Union Berlin","SOURCE_SHOWS_WE_DO_NOT","create new player","create new player: Ingest new senior player from FotMob squad (shirt #38).","none","N/A","N/A",true
"FM_1958812","Linus Guether","N/A","NONE","Unassigned","cmuihqfy300cth29ewu9xjg4l","1.FC Union Berlin","SOURCE_SHOWS_WE_DO_NOT","create new player","create new player: Ingest new senior player from FotMob squad (shirt #49).","none","N/A","N/A",true
"cmuihvzb506y2sexp3i6pgptb","Oliver Burke","341317","NONE","Unassigned","cmuihqfy300cth29ewu9xjg4l","1.FC Union Berlin","SOURCE_SHOWS_WE_DO_NOT","attach","attach: Present in 1.FC Union Berlin FotMob squad (shirt #7); attach detached player.","none","N/A","N/A",true
"cmuihw1bi08x6sexpyyl1br6c","Livan Burcu","519872","NONE","Unassigned","cmuihqfy300cth29ewu9xjg4l","1.FC Union Berlin","SOURCE_SHOWS_WE_DO_NOT","attach","attach: Present in 1.FC Union Berlin FotMob squad (shirt #9); attach detached player.","none","N/A","N/A",true
"cmuihw1ej09jvsexpt8u8b3bm","Andrej Ilic","583699","NONE","Unassigned","cmuihqfy300cth29ewu9xjg4l","1.FC Union Berlin","SOURCE_SHOWS_WE_DO_NOT","attach","attach: Present in 1.FC Union Berlin FotMob squad (shirt #23); attach detached player.","none","N/A","N/A",true
"cmuihw3ej0bapsexpxtqeh7gk","Marin Ljubicic","838236","NONE","Unassigned","cmuihqfy300cth29ewu9xjg4l","1.FC Union Berlin","SOURCE_SHOWS_WE_DO_NOT","attach","attach: Present in 1.FC Union Berlin FotMob squad (shirt #27); attach detached player.","none","N/A","N/A",true
"FM_783585","Emmanuel Latte Lath","N/A","NONE","Unassigned","cmuihqfy300cth29ewu9xjg4l","1.FC Union Berlin","SOURCE_SHOWS_WE_DO_NOT","create new player","create new player: Ingest new senior player from FotMob squad (shirt #29).","none","N/A","N/A",true
"FM_2062767","Mekhi Gray","N/A","NONE","Unassigned","cmuihqfy300cth29ewu9xjg4l","1.FC Union Berlin","SOURCE_SHOWS_WE_DO_NOT","create new player","create new player: Ingest new senior player from FotMob squad (shirt #32).","none","N/A","N/A",true
"cmuihw24h0a3lsexpo4u07nrp","Carl Rushworth","646353","cmuihq56p006vh29efww9bqgh","Hull City","cmundu5xu0001zjoe1l91im6d","Coventry City","SOURCE_SHOWS_WE_DO_NOT","reassign","reassign: Present in Coventry City FotMob senior squad (shirt #19); previously at Hull City.","none","2026-05-30","N/A",true
"cmuihw1br08zosexp7cjuf5xk","Luke Woolfenden","527425","NONE","Unassigned","cmundu5xu0001zjoe1l91im6d","Coventry City","SOURCE_SHOWS_WE_DO_NOT","attach","attach: Present in Coventry City FotMob squad (shirt #26); attach detached player.","none","N/A","N/A",true
"cmuihvzws081csexp5ea0tthe","Frank Onyeka","421637","cmuihocpq001vb23fu3cm5yh8","Brentford FC","cmundu5xu0001zjoe1l91im6d","Coventry City","SOURCE_SHOWS_WE_DO_NOT","reassign","reassign: Present in Coventry City FotMob senior squad (shirt #16); previously at Brentford FC.","none","2026-05-30","N/A",true
"cmuihw24109r5sexppsa3qrr8","Loum Tchaouna","607226","cmuihoaiv001rb23fn6cviuyz","Burnley FC","cmundu5xu0001zjoe1l91im6d","Coventry City","SOURCE_SHOWS_WE_DO_NOT","reassign","reassign: Present in Coventry City FotMob senior squad (shirt #17); previously at Burnley FC.","none","2025-07-01","N/A",true
"cmuihw43k0c4lsexprvch5gra","Sidiki Chérif","986288","NONE","Unassigned","cmundu5xu0001zjoe1l91im6d","Coventry City","SOURCE_SHOWS_WE_DO_NOT","attach","attach: Present in Coventry City FotMob squad (shirt #49); attach detached player.","none","N/A","N/A",true
"cmuihvvvm02z9sexprow0bqre","Stefan Ortega","85941","cmuihq3vs0069h29ebm5xqhye","Manchester City","NONE","Unassigned","WE_SHOW_SOURCE_DOES_NOT","detach","detach: Absent from FotMob declared squad for Manchester City.","none","2026-01-31","N/A",true
"cmuihvyqt063osexpxnjl0axh","Manuel Akanji","284730","cmuihq3vs0069h29ebm5xqhye","Manchester City","cmuihqald009th29eqj2x21un","Inter Milan","WE_SHOW_SOURCE_DOES_NOT","reassign","reassign: Player is registered in Inter Milan current FotMob squad (shirt #25).","none","2026-06-30","N/A",true
"cmuihw43e0bzysexpn253umvg","Jaden Heskey","961833","cmuihq3vs0069h29ebm5xqhye","Manchester City","NONE","Unassigned","WE_SHOW_SOURCE_DOES_NOT","detach","detach: Absent from FotMob declared squad for Manchester City.","none","N/A","N/A",true
"cmuihvy63058psexp5iw8bj2r","Gerónimo Rulli","229604","cmuihq2sw005jh29e5ugg799e","Olympique Marseille","cmuihq3vs0069h29ebm5xqhye","Manchester City","SOURCE_SHOWS_WE_DO_NOT","reassign","reassign: Present in Manchester City FotMob senior squad (shirt #28); previously at Olympique Marseille.","none","2024-08-10","N/A",true
"FM_1187225","Josh Wilson-Esbrand","N/A","NONE","Unassigned","cmuihq3vs0069h29ebm5xqhye","Manchester City","SOURCE_SHOWS_WE_DO_NOT","create new player","create new player: Ingest new senior player from FotMob squad (shirt #97).","none","N/A","N/A",true
"cmuihw44c0co7sexp82u7eq1j","Ayyoub Bouaddi","1097139","cmuihnzfj0017b23f7qeka8w7","LOSC Lille","cmuihq3vs0069h29ebm5xqhye","Manchester City","SOURCE_SHOWS_WE_DO_NOT","reassign","reassign: Present in Manchester City FotMob senior squad (shirt #32); previously at LOSC Lille.","none","2023-06-30","N/A",true
"cmuihw24809wrsexpkfdthel9","Iliman Ndiaye","623570","cmuihq4bo006fh29ef9sfod5p","Everton FC","cmuihq3vs0069h29ebm5xqhye","Manchester City","SOURCE_SHOWS_WE_DO_NOT","reassign","reassign: Present in Manchester City FotMob senior squad (shirt #7); previously at Everton FC.","none","2024-07-02","N/A",true
"FM_1721789","Allan","N/A","NONE","Unassigned","cmuihq3vs0069h29ebm5xqhye","Manchester City","SOURCE_SHOWS_WE_DO_NOT","create new player","create new player: Ingest new senior player from FotMob squad (shirt #37).","none","N/A","N/A",true
"cmuihw4rh0cyasexpqeyidjcy","Ryan McAidoo","1187640","NONE","Unassigned","cmuihq3vs0069h29ebm5xqhye","Manchester City","SOURCE_SHOWS_WE_DO_NOT","attach","attach: Present in Manchester City FotMob squad (shirt #56); attach detached player.","none","N/A","N/A",true
"cmuihw44a0cn1sexp3vuis005","Rayan Lucas","1087842","cmuihq6jo007lh29e9jpaabxs","Sporting CP","cmuihq3b2005vh29e4cxx0zua","FC Alverca","WE_SHOW_SOURCE_DOES_NOT","reassign","reassign: Player is registered in FC Alverca current FotMob squad (shirt #35).","none","N/A","N/A",true
"cmuihw24q0ablsexp0yj2bov8","Lucas Anjos","670686","cmuihq6jo007lh29e9jpaabxs","Sporting CP","NONE","Unassigned","WE_SHOW_SOURCE_DOES_NOT","detach","detach: Absent from FotMob declared squad for Sporting CP.","none","N/A","N/A",true
"FM_1320169","Kaique Pereira","N/A","NONE","Unassigned","cmuihq6jo007lh29e9jpaabxs","Sporting CP","SOURCE_SHOWS_WE_DO_NOT","create new player","create new player: Ingest new senior player from FotMob squad (shirt #30).","none","N/A","N/A",true
"FM_1755850","Moncef Zekri","N/A","NONE","Unassigned","cmuihq6jo007lh29e9jpaabxs","Sporting CP","SOURCE_SHOWS_WE_DO_NOT","create new player","create new player: Ingest new academy player from FotMob squad (shirt #none).","none","N/A","N/A",false
"cmuihw4ri0cyusexp1vez4sym","Ibrahima Ba","1191154","cmuihq66x007fh29elwopl3td","FC Famalicão","cmuihq6jo007lh29e9jpaabxs","Sporting CP","SOURCE_SHOWS_WE_DO_NOT","reassign","reassign: Present in Sporting CP FotMob senior squad (shirt #55); previously at FC Famalicão.","none","2025-06-30","N/A",true
"cmuihw4ru0d3nsexp57y0kq1f","Salvador Blopa","1294105","NONE","Unassigned","cmuihq6jo007lh29e9jpaabxs","Sporting CP","SOURCE_SHOWS_WE_DO_NOT","attach","attach: Present in Sporting CP FotMob squad (shirt #70); attach detached player.","none","N/A","N/A",true
"FM_1425101","Silas Andersen","N/A","NONE","Unassigned","cmuihq6jo007lh29e9jpaabxs","Sporting CP","SOURCE_SHOWS_WE_DO_NOT","create new player","create new player: Ingest new senior player from FotMob squad (shirt #4).","none","N/A","N/A",true
"cmuihw0jp08h5sexp3bxvky53","Sergi Altimira","466801","cmuihpzzw003zh29esiigzvql","Real Betis Balompié","cmuihq6jo007lh29e9jpaabxs","Sporting CP","SOURCE_SHOWS_WE_DO_NOT","reassign","reassign: Present in Sporting CP FotMob senior squad (shirt #5); previously at Real Betis Balompié.","none","2023-08-10","N/A",true
"cmuihw43d0bzdsexp0knz5cwt","Nestory Irankunda","956920","cmuihnlvh000hb23fzna6vhfo","Watford FC","cmuihq6jo007lh29e9jpaabxs","Sporting CP","SOURCE_SHOWS_WE_DO_NOT","reassign","reassign: Present in Sporting CP FotMob senior squad (shirt #19); previously at Watford FC.","none","2025-07-17","N/A",true
"cmuihw3f30bpcsexp407u69pq","Issa Doumbia","924349","NONE","Unassigned","cmuihq6jo007lh29e9jpaabxs","Sporting CP","SOURCE_SHOWS_WE_DO_NOT","attach","attach: Present in Sporting CP FotMob squad (shirt #77); attach detached player.","none","N/A","N/A",true
"FM_1918387","Delcio Aurelio","N/A","NONE","Unassigned","cmuihq6jo007lh29e9jpaabxs","Sporting CP","SOURCE_SHOWS_WE_DO_NOT","create new player","create new player: Ingest new academy player from FotMob squad (shirt #none).","none","N/A","N/A",false
"cmuihw4rw0d5fsexpja1zpd3l","Rodrigo Rodrigues","1333982","cmuihq2ed005dh29erzb2qsjl","Gil Vicente FC","cmuihq6jo007lh29e9jpaabxs","Sporting CP","SOURCE_SHOWS_WE_DO_NOT","reassign","reassign: Present in Sporting CP FotMob senior squad (shirt #null); previously at Gil Vicente FC.","none","2025-10-31","N/A",false
"cmuihw4r30csmsexplugkr1dd","Jesse Derry","1135611","NONE","Unassigned","cmuihq6jo007lh29e9jpaabxs","Sporting CP","SOURCE_SHOWS_WE_DO_NOT","attach","attach: Present in Sporting CP FotMob squad (shirt #28); attach detached player.","none","N/A","N/A",true
"cmuihw4ru0d3osexpgo4t8mrf","Flávio Gonçalves","1294120","NONE","Unassigned","cmuihq6jo007lh29e9jpaabxs","Sporting CP","SOURCE_SHOWS_WE_DO_NOT","attach","attach: Present in Sporting CP FotMob squad (shirt #58); attach detached player.","none","N/A","N/A",true
"cmuihw43u0caqsexpzjrpmhx0","Chico Gonçalves","1020652","cmuihqgr500d7h29e04mjd6zg","CD Nacional","NONE","Unassigned","WE_SHOW_SOURCE_DOES_NOT","detach","detach: Absent from FotMob declared squad for CD Nacional.","none","2023-06-30","N/A",true
"cmuihw4re0cwqsexp763gkvzt","Motez Nourani","1176866","cmuihqgr500d7h29e04mjd6zg","CD Nacional","NONE","Unassigned","WE_SHOW_SOURCE_DOES_NOT","detach","detach: Absent from FotMob declared squad for CD Nacional.","none","2024-01-10","N/A",true
"cmuihw1cx0970sexp9bf3n6dz","Paulinho Bóia","544895","cmuihqgr500d7h29e04mjd6zg","CD Nacional","NONE","Unassigned","WE_SHOW_SOURCE_DOES_NOT","detach","detach: Absent from FotMob declared squad for CD Nacional.","none","2025-01-05","N/A",true
"cmuihw24u0ae1sexpx1txksyt","Ulisses","678991","cmuihqgr500d7h29e04mjd6zg","CD Nacional","NONE","Unassigned","WE_SHOW_SOURCE_DOES_NOT","detach","detach: Absent from FotMob declared squad for CD Nacional.","none","2024-07-15","N/A",true
"cmuihw44a0cmjsexp8wq0n5by","Josué Souza","1084815","cmuihqgr500d7h29e04mjd6zg","CD Nacional","NONE","Unassigned","WE_SHOW_SOURCE_DOES_NOT","detach","detach: Absent from FotMob declared squad for CD Nacional.","none","N/A","N/A",true
"cmuihw43w0cclsexps6jqg39p","Renato Marin","1041614","cmuihqbws00ajh29e1ujz5fht","Paris Saint-Germain","cmuihqgr500d7h29e04mjd6zg","CD Nacional","SOURCE_SHOWS_WE_DO_NOT","reassign","reassign: Present in CD Nacional FotMob senior squad (shirt #1); previously at Paris Saint-Germain.","none","2025-07-16","N/A",true
"cmuihvuy902h2sexp2iluamfu","João Gonçalves","63308","NONE","Unassigned","cmuihqgr500d7h29e04mjd6zg","CD Nacional","SOURCE_SHOWS_WE_DO_NOT","attach","attach: Present in CD Nacional FotMob squad (shirt #13); attach detached player.","none","N/A","N/A",true
"cmuihw4qy0cqbsexpmwby4oc5","Kevyn","1116638","NONE","Unassigned","cmuihqgr500d7h29e04mjd6zg","CD Nacional","SOURCE_SHOWS_WE_DO_NOT","attach","attach: Present in CD Nacional FotMob squad (shirt #50); attach detached player.","none","N/A","N/A",true
"FM_1477415","Daniel de la Cruz","N/A","NONE","Unassigned","cmuihqgr500d7h29e04mjd6zg","CD Nacional","SOURCE_SHOWS_WE_DO_NOT","create new player","create new player: Ingest new senior player from FotMob squad (shirt #2).","none","N/A","N/A",true
"FM_1060794","Ulisses Rocha","N/A","NONE","Unassigned","cmuihqgr500d7h29e04mjd6zg","CD Nacional","SOURCE_SHOWS_WE_DO_NOT","create new player","create new player: Ingest new senior player from FotMob squad (shirt #4).","none","N/A","N/A",true
"FM_1523092","Francisco Gonçalves","N/A","NONE","Unassigned","cmuihqgr500d7h29e04mjd6zg","CD Nacional","SOURCE_SHOWS_WE_DO_NOT","create new player","create new player: Ingest new senior player from FotMob squad (shirt #33).","none","N/A","N/A",true
"cmuihw43f0c0psexp32oabd8n","Wesley","964580","NONE","Unassigned","cmuihqgr500d7h29e04mjd6zg","CD Nacional","SOURCE_SHOWS_WE_DO_NOT","attach","attach: Present in CD Nacional FotMob squad (shirt #52); attach detached player.","none","N/A","N/A",true
"cmuihvy6q05qlsexpdkogctct","Pedro Silva","258029","NONE","Unassigned","cmuihqgr500d7h29e04mjd6zg","CD Nacional","SOURCE_SHOWS_WE_DO_NOT","attach","attach: Present in CD Nacional FotMob squad (shirt #55); attach detached player.","none","N/A","N/A",true
"cmuihvuxg023lsexp002rg5qf","Josué","52910","NONE","Unassigned","cmuihqgr500d7h29e04mjd6zg","CD Nacional","SOURCE_SHOWS_WE_DO_NOT","attach","attach: Present in CD Nacional FotMob squad (shirt #N/A); attach detached player.","none","N/A","N/A",false
"cmuihw2qg0b5zsexpd6zhsaws","Matheus Dias","815384","NONE","Unassigned","cmuihqgr500d7h29e04mjd6zg","CD Nacional","SOURCE_SHOWS_WE_DO_NOT","attach","attach: Present in CD Nacional FotMob squad (shirt #6); attach detached player.","none","N/A","N/A",true
"FM_1069628","Matchoi","N/A","NONE","Unassigned","cmuihqgr500d7h29e04mjd6zg","CD Nacional","SOURCE_SHOWS_WE_DO_NOT","create new player","create new player: Ingest new senior player from FotMob squad (shirt #20).","none","N/A","N/A",true
"FM_982245","William Kokolo","N/A","NONE","Unassigned","cmuihqgr500d7h29e04mjd6zg","CD Nacional","SOURCE_SHOWS_WE_DO_NOT","create new player","create new player: Ingest new senior player from FotMob squad (shirt #21).","none","N/A","N/A",true
"cmuihvzbi077usexpwr9s3xqg","Filipe Soares","357163","NONE","Unassigned","cmuihqgr500d7h29e04mjd6zg","CD Nacional","SOURCE_SHOWS_WE_DO_NOT","attach","attach: Present in CD Nacional FotMob squad (shirt #22); attach detached player.","none","N/A","N/A",true
"FM_1804860","Mateus Iseppe","N/A","NONE","Unassigned","cmuihqgr500d7h29e04mjd6zg","CD Nacional","SOURCE_SHOWS_WE_DO_NOT","create new player","create new player: Ingest new senior player from FotMob squad (shirt #23).","none","N/A","N/A",true
"FM_1393748","Joel da Silva","N/A","NONE","Unassigned","cmuihqgr500d7h29e04mjd6zg","CD Nacional","SOURCE_SHOWS_WE_DO_NOT","create new player","create new player: Ingest new senior player from FotMob squad (shirt #26).","none","N/A","N/A",true
"cmuihvzwf07tdsexpvhb27se3","Liziero","401526","NONE","Unassigned","cmuihqgr500d7h29e04mjd6zg","CD Nacional","SOURCE_SHOWS_WE_DO_NOT","attach","attach: Present in CD Nacional FotMob squad (shirt #28); attach detached player.","none","N/A","N/A",true
"FM_1431813","Martim Watts","N/A","NONE","Unassigned","cmuihqgr500d7h29e04mjd6zg","CD Nacional","SOURCE_SHOWS_WE_DO_NOT","create new player","create new player: Ingest new senior player from FotMob squad (shirt #30).","none","N/A","N/A",true
"FM_1393659","Danel Dongmo","N/A","NONE","Unassigned","cmuihqgr500d7h29e04mjd6zg","CD Nacional","SOURCE_SHOWS_WE_DO_NOT","create new player","create new player: Ingest new senior player from FotMob squad (shirt #31).","none","N/A","N/A",true
"cmuihw4rs0d2jsexpiuht7d92","Deivison","1261642","NONE","Unassigned","cmuihqgr500d7h29e04mjd6zg","CD Nacional","SOURCE_SHOWS_WE_DO_NOT","attach","attach: Present in CD Nacional FotMob squad (shirt #88); attach detached player.","none","N/A","N/A",true
"FM_1623143","Njoya Kader","N/A","NONE","Unassigned","cmuihqgr500d7h29e04mjd6zg","CD Nacional","SOURCE_SHOWS_WE_DO_NOT","create new player","create new player: Ingest new academy player from FotMob squad (shirt #none).","none","N/A","N/A",false
"FM_1367941","Markus Gustav Jensen","N/A","NONE","Unassigned","cmuihqgr500d7h29e04mjd6zg","CD Nacional","SOURCE_SHOWS_WE_DO_NOT","create new player","create new player: Ingest new senior player from FotMob squad (shirt #7).","none","N/A","N/A",true
"FM_1482775","Allen Obando","N/A","NONE","Unassigned","cmuihqgr500d7h29e04mjd6zg","CD Nacional","SOURCE_SHOWS_WE_DO_NOT","create new player","create new player: Ingest new senior player from FotMob squad (shirt #9).","none","N/A","N/A",true
"cmuihvvvy032nsexpr59bjujl","Daniel","92117","NONE","Unassigned","cmuihqgr500d7h29e04mjd6zg","CD Nacional","SOURCE_SHOWS_WE_DO_NOT","attach","attach: Present in CD Nacional FotMob squad (shirt #10); attach detached player.","none","N/A","N/A",true
"FM_1178054","Stavros Gavriel","N/A","NONE","Unassigned","cmuihqgr500d7h29e04mjd6zg","CD Nacional","SOURCE_SHOWS_WE_DO_NOT","create new player","create new player: Ingest new senior player from FotMob squad (shirt #11).","none","N/A","N/A",true
"FM_927102","Min-Kyu Song","N/A","NONE","Unassigned","cmuihqgr500d7h29e04mjd6zg","CD Nacional","SOURCE_SHOWS_WE_DO_NOT","create new player","create new player: Ingest new senior player from FotMob squad (shirt #12).","none","N/A","N/A",true
"FM_1535424","Fernando Nava","N/A","NONE","Unassigned","cmuihqgr500d7h29e04mjd6zg","CD Nacional","SOURCE_SHOWS_WE_DO_NOT","create new player","create new player: Ingest new senior player from FotMob squad (shirt #17).","none","N/A","N/A",true
"cmuihw4490cm8sexpnjnyc0nb","Pablo Ruan","1083068","NONE","Unassigned","cmuihqgr500d7h29e04mjd6zg","CD Nacional","SOURCE_SHOWS_WE_DO_NOT","attach","attach: Present in CD Nacional FotMob squad (shirt #99); attach detached player.","none","N/A","N/A",true
"cmuihvwru03wksexpeuvcfqfs","Jasper Cillessen","146227","cmuihqali009vh29e33t7l1kw","NEC Nijmegen","NONE","Unassigned","WE_SHOW_SOURCE_DOES_NOT","detach","detach: Absent from FotMob declared squad for NEC Nijmegen.","none","2025-07-31","N/A",true
"cmuihvy6e05gxsexphe6g29x9","Thomas Ouwejan","241477","cmuihqali009vh29e33t7l1kw","NEC Nijmegen","NONE","Unassigned","WE_SHOW_SOURCE_DOES_NOT","detach","detach: Absent from FotMob declared squad for NEC Nijmegen.","none","2024-08-13","N/A",true
"cmuihvyr906gxsexpej6bvjsq","Vito van Crooij","312493","cmuihqali009vh29e33t7l1kw","NEC Nijmegen","cmuihq8us008vh29erfb05jp3","Willem II Tilburg","WE_SHOW_SOURCE_DOES_NOT","reassign","reassign: Player is registered in Willem II Tilburg current FotMob squad (shirt #32).","none","2026-06-29","N/A",true
"cmuihvzbb0742sexp2e3zoio6","Koki Ogawa","351567","cmuihqali009vh29e33t7l1kw","NEC Nijmegen","NONE","Unassigned","WE_SHOW_SOURCE_DOES_NOT","detach","detach: Absent from FotMob declared squad for NEC Nijmegen.","none","2024-06-30","N/A",true
"cmuihw1do09hjsexpmbw2ftdo","Yousri Sbai","576096","cmuihqali009vh29e33t7l1kw","NEC Nijmegen","NONE","Unassigned","WE_SHOW_SOURCE_DOES_NOT","detach","detach: Absent from FotMob declared squad for NEC Nijmegen.","none","2026-06-29","N/A",true
"cmuihw3eq0beusexpdvr79tc9","Başar Önal","864112","cmuihqali009vh29e33t7l1kw","NEC Nijmegen","cmuihnzfj0017b23f7qeka8w7","LOSC Lille","WE_SHOW_SOURCE_DOES_NOT","reassign","reassign: Player is registered in LOSC Lille current FotMob squad (shirt #19).","none","2024-07-04","N/A",true
"cmuihw43d0bzgsexpzwsik4l3","Kodai Sano","957544","cmuihqali009vh29e33t7l1kw","NEC Nijmegen","cmuihq7yg008dh29eacwmi5po","PSV Eindhoven","WE_SHOW_SOURCE_DOES_NOT","reassign","reassign: Player is registered in PSV Eindhoven current FotMob squad (shirt #24).","none","2023-08-16","N/A",true
"cmuihw0j5088jsexp8caj4rz0","Youssef El Kachati","444380","cmuihqali009vh29e33t7l1kw","NEC Nijmegen","NONE","Unassigned","WE_SHOW_SOURCE_DOES_NOT","detach","detach: Absent from FotMob declared squad for NEC Nijmegen.","none","2025-06-30","N/A",true
"cmuihw0k308nbsexpm1qx4kzf","Sontje Hansen","485582","cmuihqali009vh29e33t7l1kw","NEC Nijmegen","NONE","Unassigned","WE_SHOW_SOURCE_DOES_NOT","detach","detach: Absent from FotMob declared squad for NEC Nijmegen.","none","2023-06-30","N/A",true
"cmuihw0k308ngsexpa1vhx1a5","Dirk Proper","485587","cmuihqali009vh29e33t7l1kw","NEC Nijmegen","cmuihq5gp006xh29ew3zgy2a2","SC Heerenveen","WE_SHOW_SOURCE_DOES_NOT","reassign","reassign: Player is registered in SC Heerenveen current FotMob squad (shirt #6).","none","2020-01-05","N/A",true
"cmuihw0kc08u2sexpvncuskmb","Rober González","505675","cmuihqali009vh29e33t7l1kw","NEC Nijmegen","NONE","Unassigned","WE_SHOW_SOURCE_DOES_NOT","detach","detach: Absent from FotMob declared squad for NEC Nijmegen.","none","2024-06-30","N/A",true
"cmuihw24609vosexpn2hmc4al","Brayann Pereira","620317","cmuihqali009vh29e33t7l1kw","NEC Nijmegen","NONE","Unassigned","WE_SHOW_SOURCE_DOES_NOT","detach","detach: Absent from FotMob declared squad for NEC Nijmegen.","none","2024-06-30","N/A",true
"cmuihw2q20axcsexpsum25mf2","Sami Ouaissa","747016","cmuihqali009vh29e33t7l1kw","NEC Nijmegen","cmuihq7yg008dh29eacwmi5po","PSV Eindhoven","WE_SHOW_SOURCE_DOES_NOT","reassign","reassign: Player is registered in PSV Eindhoven current FotMob squad (shirt #11).","none","2024-06-29","N/A",true
"cmuihw2qg0b5qsexp4582x083","Argyris Darelas","814533","cmuihqali009vh29e33t7l1kw","NEC Nijmegen","NONE","Unassigned","WE_SHOW_SOURCE_DOES_NOT","detach","detach: Absent from FotMob declared squad for NEC Nijmegen.","none","N/A","N/A",true
"cmuihw43c0bylsexpbo0swyob","Martijn Overmars","953861","NONE","Unassigned","cmuihqali009vh29e33t7l1kw","NEC Nijmegen","SOURCE_SHOWS_WE_DO_NOT","attach","attach: Present in NEC Nijmegen FotMob squad (shirt #N/A); attach detached player.","none","N/A","N/A",false
"FM_1184793","Nikolas Polster","N/A","NONE","Unassigned","cmuihqali009vh29e33t7l1kw","NEC Nijmegen","SOURCE_SHOWS_WE_DO_NOT","create new player","create new player: Ingest new senior player from FotMob squad (shirt #12).","none","N/A","N/A",true
"cmuihw43c0byksexppuwvrxkl","Freek Entius","953858","NONE","Unassigned","cmuihqali009vh29e33t7l1kw","NEC Nijmegen","SOURCE_SHOWS_WE_DO_NOT","attach","attach: Present in NEC Nijmegen FotMob squad (shirt #36); attach detached player.","none","N/A","N/A",true
"FM_1681829","Joep Geneste","N/A","NONE","Unassigned","cmuihqali009vh29e33t7l1kw","NEC Nijmegen","SOURCE_SHOWS_WE_DO_NOT","create new player","create new player: Ingest new senior player from FotMob squad (shirt #38).","none","N/A","N/A",true
"cmuihvzwq0809sexpktxpn9rx","Perr Schuurs","418543","NONE","Unassigned","cmuihqali009vh29e33t7l1kw","NEC Nijmegen","SOURCE_SHOWS_WE_DO_NOT","attach","attach: Present in NEC Nijmegen FotMob squad (shirt #4); attach detached player.","none","N/A","N/A",true
"FM_1386070","Tobias Storm","N/A","NONE","Unassigned","cmuihqali009vh29e33t7l1kw","NEC Nijmegen","SOURCE_SHOWS_WE_DO_NOT","create new player","create new player: Ingest new senior player from FotMob squad (shirt #21).","none","N/A","N/A",true
"cmuihw24n0a8wsexp591xheem","Ahmetcan Kaplan","662131","NONE","Unassigned","cmuihqali009vh29e33t7l1kw","NEC Nijmegen","SOURCE_SHOWS_WE_DO_NOT","attach","attach: Present in NEC Nijmegen FotMob squad (shirt #22); attach detached player.","none","N/A","N/A",true
"cmuihw4ro0d1hsexpz2wghypc","Yassin Moslih","1235502","NONE","Unassigned","cmuihqali009vh29e33t7l1kw","NEC Nijmegen","SOURCE_SHOWS_WE_DO_NOT","attach","attach: Present in NEC Nijmegen FotMob squad (shirt #42); attach detached player.","none","N/A","N/A",true
"cmuihw4st0d7vsexprh9dozu9","Mees Rensen","1493738","NONE","Unassigned","cmuihqali009vh29e33t7l1kw","NEC Nijmegen","SOURCE_SHOWS_WE_DO_NOT","attach","attach: Present in NEC Nijmegen FotMob squad (shirt #44); attach detached player.","none","N/A","N/A",true
"cmuihw24q0abqsexpx3c4e09l","Gabriel Brás","670715","cmuihqe6h00brh29ew01veugs","FC Porto","cmuihqali009vh29e33t7l1kw","NEC Nijmegen","SOURCE_SHOWS_WE_DO_NOT","reassign","reassign: Present in NEC Nijmegen FotMob senior squad (shirt #73); previously at FC Porto.","none","2022-06-30","N/A",true
"FM_683333","Emre Mor","N/A","NONE","Unassigned","cmuihqali009vh29e33t7l1kw","NEC Nijmegen","SOURCE_SHOWS_WE_DO_NOT","create new player","create new player: Ingest new senior player from FotMob squad (shirt #7).","none","N/A","N/A",true
"FM_94267","Dušan Tadić","N/A","NONE","Unassigned","cmuihqali009vh29e33t7l1kw","NEC Nijmegen","SOURCE_SHOWS_WE_DO_NOT","create new player","create new player: Ingest new senior player from FotMob squad (shirt #10).","none","N/A","N/A",true
"FM_784495","Dennis Geiger","N/A","NONE","Unassigned","cmuihqali009vh29e33t7l1kw","NEC Nijmegen","SOURCE_SHOWS_WE_DO_NOT","create new player","create new player: Ingest new senior player from FotMob squad (shirt #18).","none","N/A","N/A",true
"FM_1667708","Adam Tahaui","N/A","NONE","Unassigned","cmuihqali009vh29e33t7l1kw","NEC Nijmegen","SOURCE_SHOWS_WE_DO_NOT","create new player","create new player: Ingest new senior player from FotMob squad (shirt #19).","none","N/A","N/A",true
"cmuihvyqm05xksexpf65zae2i","Jamiro Monteiro","272930","NONE","Unassigned","cmuihqali009vh29e33t7l1kw","NEC Nijmegen","SOURCE_SHOWS_WE_DO_NOT","attach","attach: Present in NEC Nijmegen FotMob squad (shirt #35); attach detached player.","none","N/A","N/A",true
"cmuihw3et0bhnsexp4vr12aas","Almugera Kabar","884820","cmuihq09e0045h29ednnt1hkq","Borussia Dortmund","cmuihqali009vh29e33t7l1kw","NEC Nijmegen","SOURCE_SHOWS_WE_DO_NOT","reassign","reassign: Present in NEC Nijmegen FotMob senior squad (shirt #66); previously at Borussia Dortmund.","none","2024-08-06","N/A",true
"FM_1436850","Clement Bischoff","N/A","NONE","Unassigned","cmuihqali009vh29e33t7l1kw","NEC Nijmegen","SOURCE_SHOWS_WE_DO_NOT","create new player","create new player: Ingest new senior player from FotMob squad (shirt #99).","none","N/A","N/A",true
"cmuihvyrb06izsexpz0bv7f19","Kaj Sierhuis","315283","NONE","Unassigned","cmuihqali009vh29e33t7l1kw","NEC Nijmegen","SOURCE_SHOWS_WE_DO_NOT","attach","attach: Present in NEC Nijmegen FotMob squad (shirt #14); attach detached player.","none","N/A","N/A",true
"cmuihw3f70brssexp3pscjp76","Kevin Kers","930985","NONE","Unassigned","cmuihqali009vh29e33t7l1kw","NEC Nijmegen","SOURCE_SHOWS_WE_DO_NOT","attach","attach: Present in NEC Nijmegen FotMob squad (shirt #34); attach detached player.","none","N/A","N/A",true
"cmuihw2q60ayesexplxce2lzq","Ayodele Thomas","763948","NONE","Unassigned","cmuihqali009vh29e33t7l1kw","NEC Nijmegen","SOURCE_SHOWS_WE_DO_NOT","attach","attach: Present in NEC Nijmegen FotMob squad (shirt #77); attach detached player.","none","N/A","N/A",true
"cmuihvyr606ddsexpod2s5t8w","Kike Barja","298575","cmuihq61m0079h29efscx2qh5","CA Osasuna","NONE","Unassigned","WE_SHOW_SOURCE_DOES_NOT","detach","detach: Absent from FotMob declared squad for CA Osasuna.","none","2017-12-31","N/A",true
"cmuihw0j7089ksexpw97k7fom","Javi Galán","448628","cmuihq61m0079h29efscx2qh5","CA Osasuna","cmuihqg9e00czh29eqgxwp7l7","Celta de Vigo","WE_SHOW_SOURCE_DOES_NOT","reassign","reassign: Player is registered in Celta de Vigo current FotMob squad (shirt #22).","none","2025-12-31","N/A",true
"cmuihw1cv095ysexp1kv9kuev","Enzo Boyomo","541555","cmuihq61m0079h29efscx2qh5","CA Osasuna","NONE","Unassigned","WE_SHOW_SOURCE_DOES_NOT","detach","detach: Absent from FotMob declared squad for CA Osasuna.","none","2024-08-28","N/A",true
"cmuihw2po0al2sexpswfjzxcl","Mikel Serrano","705881","cmuihq61m0079h29efscx2qh5","CA Osasuna","NONE","Unassigned","WE_SHOW_SOURCE_DOES_NOT","detach","detach: Absent from FotMob declared squad for CA Osasuna.","none","N/A","N/A",true
"cmuihw2pr0anksexplbgqy2s1","Iker Benito","710679","cmuihq61m0079h29efscx2qh5","CA Osasuna","NONE","Unassigned","WE_SHOW_SOURCE_DOES_NOT","detach","detach: Absent from FotMob declared squad for CA Osasuna.","none","2025-06-29","N/A",true
"cmuihw4rb0cv6sexp1a5julbj","Martin Pedroarena","1164330","cmuihq61m0079h29efscx2qh5","CA Osasuna","NONE","Unassigned","WE_SHOW_SOURCE_DOES_NOT","detach","detach: Absent from FotMob declared squad for CA Osasuna.","none","N/A","N/A",true
"cmuihw3ei0ba0sexp8vyr7qni","Raúl Chasco","834486","cmuihq61m0079h29efscx2qh5","CA Osasuna","NONE","Unassigned","WE_SHOW_SOURCE_DOES_NOT","detach","detach: Absent from FotMob declared squad for CA Osasuna.","none","N/A","N/A",true
"cmuihw3eu0biosexpgmnmmphh","Dimitrios Stamatakis","890817","cmuihq61m0079h29efscx2qh5","CA Osasuna","NONE","Unassigned","WE_SHOW_SOURCE_DOES_NOT","detach","detach: Absent from FotMob declared squad for CA Osasuna.","none","2023-07-16","N/A",true
"cmuihw3f60bqvsexpbpskm9xc","Roberto Arroyo","928726","cmuihq61m0079h29efscx2qh5","CA Osasuna","NONE","Unassigned","WE_SHOW_SOURCE_DOES_NOT","detach","detach: Absent from FotMob declared squad for CA Osasuna.","none","N/A","N/A",true
"cmuihw3f90bt9sexpzyhu00fv","Víctor Muñoz","935231","cmuihq61m0079h29efscx2qh5","CA Osasuna","cmuihq5k0006zh29erp4cykkk","Liverpool FC","WE_SHOW_SOURCE_DOES_NOT","reassign","reassign: Player is registered in Liverpool FC current FotMob squad (shirt #23).","none","2025-07-10","N/A",true
"cmuihw3fc0bvwsexprgkticc1","Jon García","941080","cmuihq61m0079h29efscx2qh5","CA Osasuna","NONE","Unassigned","WE_SHOW_SOURCE_DOES_NOT","detach","detach: Absent from FotMob declared squad for CA Osasuna.","none","2023-06-30","N/A",true
"cmuihw4450cissexpwh762rl6","Mauro Echegoyen","1065440","cmuihq61m0079h29efscx2qh5","CA Osasuna","NONE","Unassigned","WE_SHOW_SOURCE_DOES_NOT","detach","detach: Absent from FotMob declared squad for CA Osasuna.","none","N/A","N/A",true
"cmuihw3f70brbsexprqipbd2g","Rafa Fernández","929864","NONE","Unassigned","cmuihq61m0079h29efscx2qh5","CA Osasuna","SOURCE_SHOWS_WE_DO_NOT","attach","attach: Present in CA Osasuna FotMob squad (shirt #31); attach detached player.","none","N/A","N/A",true
"cmuihvy6j05lisexp0j9axxjg","Diego Rico","249513","cmuihq7jc0087h29e9nzoxp6q","Getafe CF","cmuihq61m0079h29efscx2qh5","CA Osasuna","SOURCE_SHOWS_WE_DO_NOT","reassign","reassign: Present in CA Osasuna FotMob senior squad (shirt #15); previously at Getafe CF.","none","2024-07-15","N/A",true
"FM_1187734","Flavien Boyomo","N/A","NONE","Unassigned","cmuihq61m0079h29efscx2qh5","CA Osasuna","SOURCE_SHOWS_WE_DO_NOT","create new player","create new player: Ingest new senior player from FotMob squad (shirt #22).","none","N/A","N/A",true
"FM_1603025","Rockson Yeboah","N/A","NONE","Unassigned","cmuihq61m0079h29efscx2qh5","CA Osasuna","SOURCE_SHOWS_WE_DO_NOT","create new player","create new player: Ingest new senior player from FotMob squad (shirt #48).","none","N/A","N/A",true
"FM_1205430","Ander Yoldi","N/A","NONE","Unassigned","cmuihq61m0079h29efscx2qh5","CA Osasuna","SOURCE_SHOWS_WE_DO_NOT","create new player","create new player: Ingest new academy player from FotMob squad (shirt #none).","none","N/A","N/A",false
"FM_574624","Enrique Barja","N/A","NONE","Unassigned","cmuihq61m0079h29efscx2qh5","CA Osasuna","SOURCE_SHOWS_WE_DO_NOT","create new player","create new player: Ingest new senior player from FotMob squad (shirt #11).","none","N/A","N/A",true
"cmuihvzbf075hsexpdf18aley","Romain Del Castillo","353399","cmuihq8e9008lh29ed3170t61","Stade Brestois 29","cmuihq61m0079h29efscx2qh5","CA Osasuna","SOURCE_SHOWS_WE_DO_NOT","reassign","reassign: Present in CA Osasuna FotMob senior squad (shirt #20); previously at Stade Brestois 29.","none","2021-08-30","N/A",true
"FM_1242139","Jonathan Dubasin","N/A","NONE","Unassigned","cmuihq61m0079h29efscx2qh5","CA Osasuna","SOURCE_SHOWS_WE_DO_NOT","create new player","create new player: Ingest new senior player from FotMob squad (shirt #21).","none","N/A","N/A",true
"cmuihw2px0asisexp1tsa6b39","Noel Törnqvist","730531","NONE","Unassigned","cmuihq4hx006hh29enfwx58cb","AC Monza","SOURCE_SHOWS_WE_DO_NOT","attach","attach: Present in AC Monza FotMob squad (shirt #1); attach detached player.","none","N/A","N/A",true
"cmuihw0j1086nsexpylorzdy6","Demba Thiam","435406","NONE","Unassigned","cmuihq4hx006hh29enfwx58cb","AC Monza","SOURCE_SHOWS_WE_DO_NOT","attach","attach: Present in AC Monza FotMob squad (shirt #20); attach detached player.","none","N/A","N/A",true
"FM_1804416","Aljaž Strajnar","N/A","NONE","Unassigned","cmuihq4hx006hh29enfwx58cb","AC Monza","SOURCE_SHOWS_WE_DO_NOT","create new player","create new player: Ingest new senior player from FotMob squad (shirt #43).","none","N/A","N/A",true
"cmuihw3ey0blosexpfbi0tijo","Saba Goglichidze","906160","NONE","Unassigned","cmuihq4hx006hh29enfwx58cb","AC Monza","SOURCE_SHOWS_WE_DO_NOT","attach","attach: Present in AC Monza FotMob squad (shirt #2); attach detached player.","none","N/A","N/A",true
"cmuihw1df09e3sexp56xl1e75","Lorenzo Lucchesi","567454","NONE","Unassigned","cmuihq4hx006hh29enfwx58cb","AC Monza","SOURCE_SHOWS_WE_DO_NOT","attach","attach: Present in AC Monza FotMob squad (shirt #3); attach detached player.","none","N/A","N/A",true
"cmuihw43x0cdjsexpechep6t2","Jan Ziolkowski","1046867","NONE","Unassigned","cmuihq4hx006hh29enfwx58cb","AC Monza","SOURCE_SHOWS_WE_DO_NOT","attach","attach: Present in AC Monza FotMob squad (shirt #4); attach detached player.","none","N/A","N/A",true
"FM_1830551","Yvan Kouadio Maye","N/A","NONE","Unassigned","cmuihq4hx006hh29enfwx58cb","AC Monza","SOURCE_SHOWS_WE_DO_NOT","create new player","create new player: Ingest new senior player from FotMob squad (shirt #5).","none","N/A","N/A",true
"FM_824655","Ricardo Mangas","N/A","NONE","Unassigned","cmuihq4hx006hh29enfwx58cb","AC Monza","SOURCE_SHOWS_WE_DO_NOT","create new player","create new player: Ingest new senior player from FotMob squad (shirt #7).","none","N/A","N/A",true
"cmuihw0k208mgsexp3f6sm1pw","Andrea Carboni","481834","NONE","Unassigned","cmuihq4hx006hh29enfwx58cb","AC Monza","SOURCE_SHOWS_WE_DO_NOT","attach","attach: Present in AC Monza FotMob squad (shirt #44); attach detached player.","none","N/A","N/A",true
"cmuihw43e0bzksexpcw0yan1i","Eddy Kouadio","957822","NONE","Unassigned","cmuihq4hx006hh29enfwx58cb","AC Monza","SOURCE_SHOWS_WE_DO_NOT","attach","attach: Present in AC Monza FotMob squad (shirt #60); attach detached player.","none","N/A","N/A",true
"cmuihw4r40ct7sexp1yxse7qm","Foe Ondoa","1143375","NONE","Unassigned","cmuihq4hx006hh29enfwx58cb","AC Monza","SOURCE_SHOWS_WE_DO_NOT","attach","attach: Present in AC Monza FotMob squad (shirt #8); attach detached player.","none","N/A","N/A",true
"cmuihw24q0abwsexpdwo4moet","Omari Forson","670845","NONE","Unassigned","cmuihq4hx006hh29enfwx58cb","AC Monza","SOURCE_SHOWS_WE_DO_NOT","attach","attach: Present in AC Monza FotMob squad (shirt #11); attach detached player.","none","N/A","N/A",true
"cmuihw43g0c19sexpb83x7nwr","Ebenezer Akinsanmiro","969192","cmuihqald009th29eqj2x21un","Inter Milan","cmuihq4hx006hh29enfwx58cb","AC Monza","SOURCE_SHOWS_WE_DO_NOT","reassign","reassign: Present in AC Monza FotMob senior squad (shirt #14); previously at Inter Milan.","none","2026-06-29","N/A",true
"cmuihvy6a05drsexpnoeu3cr4","Keita Baldé","238752","NONE","Unassigned","cmuihq4hx006hh29enfwx58cb","AC Monza","SOURCE_SHOWS_WE_DO_NOT","attach","attach: Present in AC Monza FotMob squad (shirt #17); attach detached player.","none","N/A","N/A",true
"cmuihw0jk08ejsexp2h6pfy3t","Samuele Birindelli","461019","NONE","Unassigned","cmuihq4hx006hh29enfwx58cb","AC Monza","SOURCE_SHOWS_WE_DO_NOT","attach","attach: Present in AC Monza FotMob squad (shirt #19); attach detached player.","none","N/A","N/A",true
"cmuihw3ev0bizsexpyau6bbt3","Leonardo Colombo","891869","NONE","Unassigned","cmuihq4hx006hh29enfwx58cb","AC Monza","SOURCE_SHOWS_WE_DO_NOT","attach","attach: Present in AC Monza FotMob squad (shirt #21); attach detached player.","none","N/A","N/A",true
"FM_1425693","Adam Bakoune","N/A","NONE","Unassigned","cmuihq4hx006hh29enfwx58cb","AC Monza","SOURCE_SHOWS_WE_DO_NOT","create new player","create new player: Ingest new senior player from FotMob squad (shirt #24).","none","N/A","N/A",true
"cmuihvy6n05onsexpyix4g3h4","Patrick Ciurria","255838","NONE","Unassigned","cmuihq4hx006hh29enfwx58cb","AC Monza","SOURCE_SHOWS_WE_DO_NOT","attach","attach: Present in AC Monza FotMob squad (shirt #26); attach detached player.","none","N/A","N/A",true
"cmuihvzau06rusexpqoek20d9","Idrissa Touré","335516","cmuihq9qz009fh29erhvyqmi9","Pisa Sporting Club","cmuihq4hx006hh29enfwx58cb","AC Monza","SOURCE_SHOWS_WE_DO_NOT","reassign","reassign: Present in AC Monza FotMob senior squad (shirt #27); previously at Pisa Sporting Club.","none","2021-07-14","N/A",true
"cmuihvzw407o4sexpocok8to5","Andrea Colpani","392959","NONE","Unassigned","cmuihq4hx006hh29enfwx58cb","AC Monza","SOURCE_SHOWS_WE_DO_NOT","attach","attach: Present in AC Monza FotMob squad (shirt #28); attach detached player.","none","N/A","N/A",true
"cmuihvzar06pusexpts72oakl","Matteo Pessina","332179","NONE","Unassigned","cmuihq4hx006hh29enfwx58cb","AC Monza","SOURCE_SHOWS_WE_DO_NOT","attach","attach: Present in AC Monza FotMob squad (shirt #32); attach detached player.","none","N/A","N/A",true
"cmuihw43x0cdasexp7w4o2uwe","Jay Robinson","1045124","NONE","Unassigned","cmuihq4hx006hh29enfwx58cb","AC Monza","SOURCE_SHOWS_WE_DO_NOT","attach","attach: Present in AC Monza FotMob squad (shirt #46); attach detached player.","none","N/A","N/A",true
"FM_1879542","Mathis Mout","N/A","NONE","Unassigned","cmuihq4hx006hh29enfwx58cb","AC Monza","SOURCE_SHOWS_WE_DO_NOT","create new player","create new player: Ingest new senior player from FotMob squad (shirt #80).","none","N/A","N/A",true
"cmuihvzvv07g2sexpb0qsatqf","Michael Folorunsho","377042","cmuihqcp500axh29eqi1p52xi","SSC Napoli","cmuihq4hx006hh29enfwx58cb","AC Monza","SOURCE_SHOWS_WE_DO_NOT","reassign","reassign: Present in AC Monza FotMob senior squad (shirt #90); previously at SSC Napoli.","none","2026-06-29","N/A",true
"cmuihw3f80bs3sexp9q2ihitr","Gustavo Varela","931900","NONE","Unassigned","cmuihq4hx006hh29enfwx58cb","AC Monza","SOURCE_SHOWS_WE_DO_NOT","attach","attach: Present in AC Monza FotMob squad (shirt #9); attach detached player.","none","N/A","N/A",true
"cmuihvyqg05ubsexpbydmnw2r","Patrick Cutrone","265078","NONE","Unassigned","cmuihq4hx006hh29enfwx58cb","AC Monza","SOURCE_SHOWS_WE_DO_NOT","attach","attach: Present in AC Monza FotMob squad (shirt #10); attach detached player.","none","N/A","N/A",true
"cmuihvzbj078wsexpmjzrty1n","Cyril Ngonge","358032","cmuihqcp500axh29eqi1p52xi","SSC Napoli","cmuihq4hx006hh29enfwx58cb","AC Monza","SOURCE_SHOWS_WE_DO_NOT","reassign","reassign: Present in AC Monza FotMob senior squad (shirt #16); previously at SSC Napoli.","none","2026-06-29","N/A",true
"FM_1110044","Exequiel Zeballos","N/A","NONE","Unassigned","cmuihq4hx006hh29enfwx58cb","AC Monza","SOURCE_SHOWS_WE_DO_NOT","create new player","create new player: Ingest new senior player from FotMob squad (shirt #22).","none","N/A","N/A",true
"cmuihvzb90726sexpzcpdb448","Dany Mota","347253","NONE","Unassigned","cmuihq4hx006hh29enfwx58cb","AC Monza","SOURCE_SHOWS_WE_DO_NOT","attach","attach: Present in AC Monza FotMob squad (shirt #47); attach detached player.","none","N/A","N/A",true
"cmuihw2pv0aqvsexp73suskot","Kevin Martins","724069","NONE","Unassigned","cmuihq4hx006hh29enfwx58cb","AC Monza","SOURCE_SHOWS_WE_DO_NOT","attach","attach: Present in AC Monza FotMob squad (shirt #70); attach detached player.","none","N/A","N/A",true
"cmuihvxft04gwsexpywhsdwpc","Seko Fofana","182893","cmuihq3s40065h29eahz6rosv","Stade Rennais FC","cmuihqe6h00brh29ew01veugs","FC Porto","WE_SHOW_SOURCE_DOES_NOT","reassign","reassign: Player is registered in FC Porto current FotMob squad (shirt #42).","none","2026-06-29","N/A",true
"cmuihvy6905cusexpq2x5a2hl","Breel Embolo","237662","cmuihq3s40065h29eahz6rosv","Stade Rennais FC","NONE","Unassigned","WE_SHOW_SOURCE_DOES_NOT","detach","detach: Absent from FotMob declared squad for Stade Rennais FC.","none","2025-08-31","N/A",true
"cmuihvy6f05i1sexpndcoow6f","Glen Kamara","242632","cmuihq3s40065h29eahz6rosv","Stade Rennais FC","NONE","Unassigned","WE_SHOW_SOURCE_DOES_NOT","detach","detach: Absent from FotMob declared squad for Stade Rennais FC.","none","2025-06-29","N/A",true
"cmuihvyqo05yssexpuuu14pgo","Hans Hateboer","275303","cmuihq3s40065h29eahz6rosv","Stade Rennais FC","cmuihq181004ph29eat3v78na","FC Groningen","WE_SHOW_SOURCE_DOES_NOT","reassign","reassign: Player is registered in FC Groningen current FotMob squad (shirt #33).","none","2026-06-29","N/A",true
"cmuihw0k408nnsexpdkhr4z7m","Lilian Brassier","485960","cmuihq3s40065h29eahz6rosv","Stade Rennais FC","cmuihq2b80057h29e0r17uj2f","Eintracht Frankfurt","WE_SHOW_SOURCE_DOES_NOT","reassign","reassign: Player is registered in Eintracht Frankfurt current FotMob squad (shirt #3).","none","2025-06-30","N/A",true
"cmuihw24o0aaesexp87vdoyr1","Jordan James","667517","cmuihq3s40065h29eahz6rosv","Stade Rennais FC","NONE","Unassigned","WE_SHOW_SOURCE_DOES_NOT","detach","detach: Absent from FotMob declared squad for Stade Rennais FC.","none","2026-06-29","N/A",true
"cmuihw24o0aa1sexp3sjiepk8","Mikayil Faye","666974","cmuihq3s40065h29eahz6rosv","Stade Rennais FC","NONE","Unassigned","WE_SHOW_SOURCE_DOES_NOT","detach","detach: Absent from FotMob declared squad for Stade Rennais FC.","none","2026-06-29","N/A",true
"cmuihw4r90cu3sexpsbv322v0","Yassir Zabiri","1153105","cmuihq3s40065h29eahz6rosv","Stade Rennais FC","cmundu78o0003zjoefys30gje","Racing Santander","WE_SHOW_SOURCE_DOES_NOT","reassign","reassign: Player is registered in Racing Santander current FotMob squad (shirt #21).","none","2026-02-01","N/A",true
"cmuihw2qa0b1rsexp6tk95efq","Alidu Seidu","798404","cmuihq3s40065h29eahz6rosv","Stade Rennais FC","cmuihq9ie009bh29e4ay5p2yp","OGC Nice","WE_SHOW_SOURCE_DOES_NOT","reassign","reassign: Player is registered in OGC Nice current FotMob squad (shirt #36).","none","2024-01-28","N/A",true
"cmuihw43i0c2usexp02npvr7t","Mathys Silistrie","979761","cmuihq3s40065h29eahz6rosv","Stade Rennais FC","NONE","Unassigned","WE_SHOW_SOURCE_DOES_NOT","detach","detach: Absent from FotMob declared squad for Stade Rennais FC.","none","2025-06-30","N/A",true
"cmuihw43j0c4jsexpo0banu3u","Nordan Mukiele","986285","cmuihq3s40065h29eahz6rosv","Stade Rennais FC","NONE","Unassigned","WE_SHOW_SOURCE_DOES_NOT","detach","detach: Absent from FotMob declared squad for Stade Rennais FC.","none","2025-06-30","N/A",true
"cmuihw43q0c86sexphm082ezw","Paolo Limon","1005076","cmuihq3s40065h29eahz6rosv","Stade Rennais FC","NONE","Unassigned","WE_SHOW_SOURCE_DOES_NOT","detach","detach: Absent from FotMob declared squad for Stade Rennais FC.","none","N/A","N/A",true
"cmuihw4rm0d0ysexppzr4rwbh","Elías Legendre Quiñónez","1227106","cmuihq3s40065h29eahz6rosv","Stade Rennais FC","NONE","Unassigned","WE_SHOW_SOURCE_DOES_NOT","detach","detach: Absent from FotMob declared squad for Stade Rennais FC.","none","2025-12-02","N/A",true
"cmuihvzvt07evsexpl5incxx2","Nicolas Lemaître","373939","NONE","Unassigned","cmuihq3s40065h29eahz6rosv","Stade Rennais FC","SOURCE_SHOWS_WE_DO_NOT","attach","attach: Present in Stade Rennais FC FotMob squad (shirt #16); attach detached player.","none","N/A","N/A",true
"cmuihw4rc0cvmsexpppvhh8i7","Kilian Belazzoug","1169721","NONE","Unassigned","cmuihq3s40065h29eahz6rosv","Stade Rennais FC","SOURCE_SHOWS_WE_DO_NOT","attach","attach: Present in Stade Rennais FC FotMob squad (shirt #60); attach detached player.","none","N/A","N/A",true
"cmuihw23w09o5sexpb7dsomqz","Charlie Cresswell","597659","cmuihq9dj0097h29elsved1su","FC Toulouse","cmuihq3s40065h29eahz6rosv","Stade Rennais FC","SOURCE_SHOWS_WE_DO_NOT","reassign","reassign: Present in Stade Rennais FC FotMob senior squad (shirt #4); previously at FC Toulouse.","none","2024-07-07","N/A",true
"cmuihw4480clgsexpkqnkdimc","Gonçalo Oliveira","1078918","NONE","Unassigned","cmuihq3s40065h29eahz6rosv","Stade Rennais FC","SOURCE_SHOWS_WE_DO_NOT","attach","attach: Present in Stade Rennais FC FotMob squad (shirt #5); attach detached player.","none","N/A","N/A",true
"FM_924446","Bryan Reynolds","N/A","NONE","Unassigned","cmuihq3s40065h29eahz6rosv","Stade Rennais FC","SOURCE_SHOWS_WE_DO_NOT","create new player","create new player: Ingest new senior player from FotMob squad (shirt #14).","none","N/A","N/A",true
"cmuihw43h0c2hsexpy5rdmff7","Ayanda Sishuba","977877","NONE","Unassigned","cmuihq3s40065h29eahz6rosv","Stade Rennais FC","SOURCE_SHOWS_WE_DO_NOT","attach","attach: Present in Stade Rennais FC FotMob squad (shirt #N/A); attach detached player.","none","N/A","N/A",false
"FM_402419","Przemysław Frankowski","N/A","NONE","Unassigned","cmuihq3s40065h29eahz6rosv","Stade Rennais FC","SOURCE_SHOWS_WE_DO_NOT","create new player","create new player: Ingest new senior player from FotMob squad (shirt #95).","none","N/A","N/A",true
"cmuihw43g0c15sexpjzcvyrj0","Eliezer Mayenda","967346","cmuihq47i006bh29e3kejf8oh","Sunderland AFC","cmuihq3s40065h29eahz6rosv","Stade Rennais FC","SOURCE_SHOWS_WE_DO_NOT","reassign","reassign: Present in Stade Rennais FC FotMob senior squad (shirt #12); previously at Sunderland AFC.","none","2024-05-30","N/A",true
"cmuihw24909xmsexpi6k6pyvr","Boulaye Dia","626913","NONE","Unassigned","cmuihq3s40065h29eahz6rosv","Stade Rennais FC","SOURCE_SHOWS_WE_DO_NOT","attach","attach: Present in Stade Rennais FC FotMob squad (shirt #22); attach detached player.","none","N/A","N/A",true
"FM_1858591","Elías Legendre","N/A","NONE","Unassigned","cmuihq3s40065h29eahz6rosv","Stade Rennais FC","SOURCE_SHOWS_WE_DO_NOT","create new player","create new player: Ingest new senior player from FotMob squad (shirt #35).","none","N/A","N/A",true
"cmuihw4rc0cvnsexpm7plhj9s","Henrick Do Marcolino","1170001","NONE","Unassigned","cmuihq3s40065h29eahz6rosv","Stade Rennais FC","SOURCE_SHOWS_WE_DO_NOT","attach","attach: Present in Stade Rennais FC FotMob squad (shirt #65); attach detached player.","none","N/A","N/A",true
"cmuihvzao06nfsexpgagfc5m3","Arnaud Nordin","324811","NONE","Unassigned","cmuihq3s40065h29eahz6rosv","Stade Rennais FC","SOURCE_SHOWS_WE_DO_NOT","attach","attach: Present in Stade Rennais FC FotMob squad (shirt #70); attach detached player.","none","N/A","N/A",true
"cmuihw1dh09f1sexpjwjtpws6","Issa Soumaré","568698","cmuihqelr00bzh29ek4d30ziu","Le Havre AC","cmuihq3s40065h29eahz6rosv","Stade Rennais FC","SOURCE_SHOWS_WE_DO_NOT","reassign","reassign: Present in Stade Rennais FC FotMob senior squad (shirt #90); previously at Le Havre AC.","none","2024-06-29","N/A",true
"cmuihvzvx07igsexprkd6gk5r","Gonçalo Costa","383014","cmuihpzrk003th29ed2012pii","GD Estoril Praia","NONE","Unassigned","WE_SHOW_SOURCE_DOES_NOT","detach","detach: Absent from FotMob declared squad for GD Estoril Praia.","none","2024-07-30","N/A",true
"cmuihvzw107l0sexpk2njt2ss","Jandro Orellana","388548","cmuihpzrk003th29ed2012pii","GD Estoril Praia","NONE","Unassigned","WE_SHOW_SOURCE_DOES_NOT","detach","detach: Absent from FotMob declared squad for GD Estoril Praia.","none","2024-07-07","N/A",true
"cmuihvzw507otsexp4xt7uh8s","Felix Bacher","394134","cmuihpzrk003th29ed2012pii","GD Estoril Praia","cmuihnsd9000tb23f30w9l9tm","Olympique Lyon","WE_SHOW_SOURCE_DOES_NOT","reassign","reassign: Player is registered in Olympique Lyon current FotMob squad (shirt #20).","none","2024-07-24","N/A",true
"cmuihw2pr0amxsexpit6rcyra","Kévin Boma","709727","cmuihpzrk003th29ed2012pii","GD Estoril Praia","NONE","Unassigned","WE_SHOW_SOURCE_DOES_NOT","detach","detach: Absent from FotMob declared squad for GD Estoril Praia.","none","2024-06-30","N/A",true
"cmuihw3eu0bicsexpcii2amvc","Bernardo Lourenço","889257","cmuihpzrk003th29ed2012pii","GD Estoril Praia","NONE","Unassigned","WE_SHOW_SOURCE_DOES_NOT","detach","detach: Absent from FotMob declared squad for GD Estoril Praia.","none","N/A","N/A",true
"cmuihw43w0cd1sexpokl0aqq1","Diogo Brasido","1044429","cmuihpzrk003th29ed2012pii","GD Estoril Praia","NONE","Unassigned","WE_SHOW_SOURCE_DOES_NOT","detach","detach: Absent from FotMob declared squad for GD Estoril Praia.","none","N/A","N/A",true
"cmuihw2pj0aiysexp322x67p7","Martin Turk","700643","NONE","Unassigned","cmuihpzrk003th29ed2012pii","GD Estoril Praia","SOURCE_SHOWS_WE_DO_NOT","attach","attach: Present in GD Estoril Praia FotMob squad (shirt #16); attach detached player.","none","N/A","N/A",true
"cmuihw3ey0blqsexp1zmarzrh","Diogo Dias","906307","NONE","Unassigned","cmuihpzrk003th29ed2012pii","GD Estoril Praia","SOURCE_SHOWS_WE_DO_NOT","attach","attach: Present in GD Estoril Praia FotMob squad (shirt #23); attach detached player.","none","N/A","N/A",true
"FM_1791789","Fletcher Lowe","N/A","NONE","Unassigned","cmuihpzrk003th29ed2012pii","GD Estoril Praia","SOURCE_SHOWS_WE_DO_NOT","create new player","create new player: Ingest new senior player from FotMob squad (shirt #43).","none","N/A","N/A",true
"cmuihvzw107kzsexpbffksu5g","Ricard Sánchez","388545","NONE","Unassigned","cmuihpzrk003th29ed2012pii","GD Estoril Praia","SOURCE_SHOWS_WE_DO_NOT","attach","attach: Present in GD Estoril Praia FotMob squad (shirt #2); attach detached player.","none","N/A","N/A",true
"cmuihw0jk08eusexpyu82knl0","Fernando Medrano","461619","NONE","Unassigned","cmuihpzrk003th29ed2012pii","GD Estoril Praia","SOURCE_SHOWS_WE_DO_NOT","attach","attach: Present in GD Estoril Praia FotMob squad (shirt #3); attach detached player.","none","N/A","N/A",true
"cmuihvyr306bdsexpejspyaza","Ferro","294321","NONE","Unassigned","cmuihpzrk003th29ed2012pii","GD Estoril Praia","SOURCE_SHOWS_WE_DO_NOT","attach","attach: Present in GD Estoril Praia FotMob squad (shirt #4); attach detached player.","none","N/A","N/A",true
"cmuihw0k908sssexp5f6th7hu","Antef Tsoungui","503858","NONE","Unassigned","cmuihpzrk003th29ed2012pii","GD Estoril Praia","SOURCE_SHOWS_WE_DO_NOT","attach","attach: Present in GD Estoril Praia FotMob squad (shirt #5); attach detached player.","none","N/A","N/A",true
"cmuihw1dl09fqsexpois0icke","Xavi Sintes","569876","NONE","Unassigned","cmuihpzrk003th29ed2012pii","GD Estoril Praia","SOURCE_SHOWS_WE_DO_NOT","attach","attach: Present in GD Estoril Praia FotMob squad (shirt #6); attach detached player.","none","N/A","N/A",true
"cmuihw2pt0aphsexp7eon139b","Ismael Sierra","718195","NONE","Unassigned","cmuihpzrk003th29ed2012pii","GD Estoril Praia","SOURCE_SHOWS_WE_DO_NOT","attach","attach: Present in GD Estoril Praia FotMob squad (shirt #15); attach detached player.","none","N/A","N/A",true
"cmuihw3f40bpnsexp9ujnbzua","Tiago Parente","925417","NONE","Unassigned","cmuihpzrk003th29ed2012pii","GD Estoril Praia","SOURCE_SHOWS_WE_DO_NOT","attach","attach: Present in GD Estoril Praia FotMob squad (shirt #19); attach detached player.","none","N/A","N/A",true
"FM_1202918","Roko Jurišić","N/A","NONE","Unassigned","cmuihpzrk003th29ed2012pii","GD Estoril Praia","SOURCE_SHOWS_WE_DO_NOT","create new player","create new player: Ingest new senior player from FotMob squad (shirt #21).","none","N/A","N/A",true
"FM_1110862","Stélios Andreou","N/A","NONE","Unassigned","cmuihpzrk003th29ed2012pii","GD Estoril Praia","SOURCE_SHOWS_WE_DO_NOT","create new player","create new player: Ingest new senior player from FotMob squad (shirt #25).","none","N/A","N/A",true
"FM_1441892","Samuel Amissah","N/A","NONE","Unassigned","cmuihpzrk003th29ed2012pii","GD Estoril Praia","SOURCE_SHOWS_WE_DO_NOT","create new player","create new player: Ingest new senior player from FotMob squad (shirt #35).","none","N/A","N/A",true
"FM_2129387","Jordan Arnolin","N/A","NONE","Unassigned","cmuihpzrk003th29ed2012pii","GD Estoril Praia","SOURCE_SHOWS_WE_DO_NOT","create new player","create new player: Ingest new senior player from FotMob squad (shirt #42).","none","N/A","N/A",true
"cmuihw4rc0cvdsexpa5axjbsp","Longin Bimai","1166516","NONE","Unassigned","cmuihpzrk003th29ed2012pii","GD Estoril Praia","SOURCE_SHOWS_WE_DO_NOT","attach","attach: Present in GD Estoril Praia FotMob squad (shirt #57); attach detached player.","none","N/A","N/A",true
"FM_1359270","Milan Robin","N/A","NONE","Unassigned","cmuihpzrk003th29ed2012pii","GD Estoril Praia","SOURCE_SHOWS_WE_DO_NOT","create new player","create new player: Ingest new senior player from FotMob squad (shirt #44).","none","N/A","N/A",true
"cmuihw3eh0b8xsexprku8q1jh","Luís Gomes","826490","NONE","Unassigned","cmuihpzrk003th29ed2012pii","GD Estoril Praia","SOURCE_SHOWS_WE_DO_NOT","attach","attach: Present in GD Estoril Praia FotMob squad (shirt #80); attach detached player.","none","N/A","N/A",true
"cmuihw43u0carsexpsrbohi48","Tiago Brito","1020686","NONE","Unassigned","cmuihpzrk003th29ed2012pii","GD Estoril Praia","SOURCE_SHOWS_WE_DO_NOT","attach","attach: Present in GD Estoril Praia FotMob squad (shirt #90); attach detached player.","none","N/A","N/A",true
"cmuihw24d0a0usexpdaed3uwr","Israel Salazar","634430","NONE","Unassigned","cmuihpzrk003th29ed2012pii","GD Estoril Praia","SOURCE_SHOWS_WE_DO_NOT","attach","attach: Present in GD Estoril Praia FotMob squad (shirt #N/A); attach detached player.","none","N/A","N/A",false
"cmuihw3f30bpfsexpg0rt7sp5","Axel Camblan","924800","cmuihq8e9008lh29ed3170t61","Stade Brestois 29","cmuihpzrk003th29ed2012pii","GD Estoril Praia","SOURCE_SHOWS_WE_DO_NOT","reassign","reassign: Present in GD Estoril Praia FotMob senior squad (shirt #9); previously at Stade Brestois 29.","none","2023-06-29","N/A",true
"FM_1510990","Nail Omerović","N/A","NONE","Unassigned","cmuihpzrk003th29ed2012pii","GD Estoril Praia","SOURCE_SHOWS_WE_DO_NOT","create new player","create new player: Ingest new senior player from FotMob squad (shirt #11).","none","N/A","N/A",true
"cmuihw4ra0cuisexp0864le56","Peixinho","1159044","NONE","Unassigned","cmuihpzrk003th29ed2012pii","GD Estoril Praia","SOURCE_SHOWS_WE_DO_NOT","attach","attach: Present in GD Estoril Praia FotMob squad (shirt #17); attach detached player.","none","N/A","N/A",true
"cmuihw4460cjnsexp09f07zpo","Fabrício Garcia","1070645","NONE","Unassigned","cmuihpzrk003th29ed2012pii","GD Estoril Praia","SOURCE_SHOWS_WE_DO_NOT","attach","attach: Present in GD Estoril Praia FotMob squad (shirt #98); attach detached player.","none","N/A","N/A",true
"cmuihvwri03musexprsxgoxpk","Maxime Dupé","127188","cmuihq9ie009bh29e4ay5p2yp","OGC Nice","NONE","Unassigned","WE_SHOW_SOURCE_DOES_NOT","detach","detach: Absent from FotMob declared squad for OGC Nice.","none","2024-01-27","N/A",true
"cmuihw0j808a3sexp1lovhg94","Tanguy Ndombélé","450936","cmuihq9ie009bh29e4ay5p2yp","OGC Nice","NONE","Unassigned","WE_SHOW_SOURCE_DOES_NOT","detach","detach: Absent from FotMob declared squad for OGC Nice.","none","2024-07-03","N/A",true
"cmuihw43i0c3isexpxvuzud1c","Laurenzo Monteiro","982858","cmuihq9ie009bh29e4ay5p2yp","OGC Nice","NONE","Unassigned","WE_SHOW_SOURCE_DOES_NOT","detach","detach: Absent from FotMob declared squad for OGC Nice.","none","2024-06-30","N/A",true
"cmuihw0k608pusexpbasx45ul","Mattia Viti","493702","cmuihq9ie009bh29e4ay5p2yp","OGC Nice","NONE","Unassigned","WE_SHOW_SOURCE_DOES_NOT","detach","detach: Absent from FotMob declared squad for OGC Nice.","none","2025-06-29","N/A",true
"cmuihw1bv091esexpig2cqnz6","Melvin Bard","532775","cmuihq9ie009bh29e4ay5p2yp","OGC Nice","cmuihq8hv008ph29ejwdrv7xd","Leeds United","WE_SHOW_SOURCE_DOES_NOT","reassign","reassign: Player is registered in Leeds United current FotMob squad (shirt #26).","none","2021-07-15","N/A",true
"cmuihw2q60ay5sexpsyfd33p3","Tom Louchet","750904","cmuihq9ie009bh29e4ay5p2yp","OGC Nice","NONE","Unassigned","WE_SHOW_SOURCE_DOES_NOT","detach","detach: Absent from FotMob declared squad for OGC Nice.","none","2023-06-30","N/A",true
"cmuihw0j7089lsexpzz91vvlt","Yehvann Diouf","448632","NONE","Unassigned","cmuihq9ie009bh29e4ay5p2yp","OGC Nice","SOURCE_SHOWS_WE_DO_NOT","attach","attach: Present in OGC Nice FotMob squad (shirt #23); attach detached player.","none","N/A","N/A",true
"cmuihw2q90b0msexp1gdusggv","Teddy Boulhendi","789419","NONE","Unassigned","cmuihq9ie009bh29e4ay5p2yp","OGC Nice","SOURCE_SHOWS_WE_DO_NOT","attach","attach: Present in OGC Nice FotMob squad (shirt #77); attach detached player.","none","N/A","N/A",true
"FM_2116938","Xavier Mandza","N/A","NONE","Unassigned","cmuihq9ie009bh29e4ay5p2yp","OGC Nice","SOURCE_SHOWS_WE_DO_NOT","create new player","create new player: Ingest new senior player from FotMob squad (shirt #35).","none","N/A","N/A",true
"cmuihw2qa0b1rsexp6tk95efq","Alidu Seidu","798404","cmuihq3s40065h29eahz6rosv","Stade Rennais FC","cmuihq9ie009bh29e4ay5p2yp","OGC Nice","SOURCE_SHOWS_WE_DO_NOT","reassign","reassign: Present in OGC Nice FotMob senior squad (shirt #36); previously at Stade Rennais FC.","none","2024-01-28","N/A",true
"cmuihw4r20csesexppf7vxthr","Hamza Koutoune","1134250","NONE","Unassigned","cmuihq9ie009bh29e4ay5p2yp","OGC Nice","SOURCE_SHOWS_WE_DO_NOT","attach","attach: Present in OGC Nice FotMob squad (shirt #84); attach detached player.","none","N/A","N/A",true
"cmuihvzb8070hsexpbzy3w7cx","Gauthier Hein","344892","cmuihq6mo007ph29enroholtq","FC Metz","cmuihq9ie009bh29e4ay5p2yp","OGC Nice","SOURCE_SHOWS_WE_DO_NOT","reassign","reassign: Present in OGC Nice FotMob senior squad (shirt #7); previously at FC Metz.","none","2024-08-14","N/A",true
"cmuihvy6a05dfsexpmkhkau0l","Laurent Abergel","238626","cmuihodrf001xb23fkcn0k6ut","FC Lorient","cmuihq9ie009bh29e4ay5p2yp","OGC Nice","SOURCE_SHOWS_WE_DO_NOT","reassign","reassign: Present in OGC Nice FotMob senior squad (shirt #19); previously at FC Lorient.","none","2019-07-25","N/A",true
"cmuihw1es09lmsexpoc43atdk","Niels Nkounkou","591193","NONE","Unassigned","cmuihq9ie009bh29e4ay5p2yp","OGC Nice","SOURCE_SHOWS_WE_DO_NOT","attach","attach: Present in OGC Nice FotMob squad (shirt #27); attach detached player.","none","N/A","N/A",true
"cmuihvu4p01kisexpj3jtgg8w","Axel Witsel","35047","cmuiholli0029b23fvytgha8z","Girona FC","cmuihq9ie009bh29e4ay5p2yp","OGC Nice","SOURCE_SHOWS_WE_DO_NOT","reassign","reassign: Present in OGC Nice FotMob senior squad (shirt #28); previously at Girona FC.","none","2025-08-11","N/A",true
"FM_2117308","Aboulaye Camara","N/A","NONE","Unassigned","cmuihq9ie009bh29e4ay5p2yp","OGC Nice","SOURCE_SHOWS_WE_DO_NOT","create new player","create new player: Ingest new senior player from FotMob squad (shirt #38).","none","N/A","N/A",true
"FM_1644329","Issiaga Camara","N/A","NONE","Unassigned","cmuihq9ie009bh29e4ay5p2yp","OGC Nice","SOURCE_SHOWS_WE_DO_NOT","create new player","create new player: Ingest new senior player from FotMob squad (shirt #38).","none","N/A","N/A",true
"cmuihw4rl0d06sexpzuh2qbko","Djibril Coulibaly","1208968","NONE","Unassigned","cmuihq9ie009bh29e4ay5p2yp","OGC Nice","SOURCE_SHOWS_WE_DO_NOT","attach","attach: Present in OGC Nice FotMob squad (shirt #39); attach detached player.","none","N/A","N/A",true
"cmuihw4ri0cyxsexpfld2vlgb","Everton","1191473","NONE","Unassigned","cmuihq9ie009bh29e4ay5p2yp","OGC Nice","SOURCE_SHOWS_WE_DO_NOT","attach","attach: Present in OGC Nice FotMob squad (shirt #87); attach detached player.","none","N/A","N/A",true
"cmuihw2pg0afgsexprw3fcbel","Salis Abdul Samed","688707","NONE","Unassigned","cmuihq9ie009bh29e4ay5p2yp","OGC Nice","SOURCE_SHOWS_WE_DO_NOT","attach","attach: Present in OGC Nice FotMob squad (shirt #99); attach detached player.","none","N/A","N/A",true
"cmuihw2q20ax8sexpa32md8yy","Mohamed Amoura","746910","NONE","Unassigned","cmuihq9ie009bh29e4ay5p2yp","OGC Nice","SOURCE_SHOWS_WE_DO_NOT","attach","attach: Present in OGC Nice FotMob squad (shirt #9); attach detached player.","none","N/A","N/A",true
"cmuihw24m0a88sexpno67j7hr","Elye Wahi","659542","NONE","Unassigned","cmuihq9ie009bh29e4ay5p2yp","OGC Nice","SOURCE_SHOWS_WE_DO_NOT","attach","attach: Present in OGC Nice FotMob squad (shirt #11); attach detached player.","none","N/A","N/A",true
"cmuihw1bx092gsexph7zm03n8","Isak Jansson","535820","NONE","Unassigned","cmuihq9ie009bh29e4ay5p2yp","OGC Nice","SOURCE_SHOWS_WE_DO_NOT","attach","attach: Present in OGC Nice FotMob squad (shirt #21); attach detached player.","none","N/A","N/A",true
"FM_979759","Nathan N'Goumou","N/A","NONE","Unassigned","cmuihq9ie009bh29e4ay5p2yp","OGC Nice","SOURCE_SHOWS_WE_DO_NOT","create new player","create new player: Ingest new senior player from FotMob squad (shirt #29).","none","N/A","N/A",true
"FM_2140393","Djelan Morana","N/A","NONE","Unassigned","cmuihq9ie009bh29e4ay5p2yp","OGC Nice","SOURCE_SHOWS_WE_DO_NOT","create new player","create new player: Ingest new senior player from FotMob squad (shirt #41).","none","N/A","N/A",true
"cmuihw43q0c7tsexp0825npee","Zoumana Diallo","1004479","NONE","Unassigned","cmuihq9ie009bh29e4ay5p2yp","OGC Nice","SOURCE_SHOWS_WE_DO_NOT","attach","attach: Present in OGC Nice FotMob squad (shirt #44); attach detached player.","none","N/A","N/A",true
"cmuihw2pz0aunsexptd6junw4","Javier Boñar","741253","cmuihotfm002nb23fe7004xbm","Atlético de Madrid","NONE","Unassigned","WE_SHOW_SOURCE_DOES_NOT","detach","detach: Absent from FotMob declared squad for Atlético de Madrid.","none","2023-06-30","N/A",true
"cmuihw3fd0bwysexptv4n9f4s","Julio Díaz","945753","cmuihotfm002nb23fe7004xbm","Atlético de Madrid","cmuihq7is0085h29ez260bgnc","Sevilla FC","WE_SHOW_SOURCE_DOES_NOT","reassign","reassign: Player is registered in Sevilla FC current FotMob squad (shirt #3).","none","N/A","N/A",true
"cmuihw24409trsexp5uycayhm","Ilias Kostis","614988","cmuihotfm002nb23fe7004xbm","Atlético de Madrid","NONE","Unassigned","WE_SHOW_SOURCE_DOES_NOT","detach","detach: Absent from FotMob declared squad for Atlético de Madrid.","none","2022-06-30","N/A",true
"cmuihw24p0aansexppg36p6bm","Javi Serrano","668177","cmuihotfm002nb23fe7004xbm","Atlético de Madrid","NONE","Unassigned","WE_SHOW_SOURCE_DOES_NOT","detach","detach: Absent from FotMob declared squad for Atlético de Madrid.","none","2024-06-30","N/A",true
"cmuihw2pt0ap7sexpyfoe8u8y","Mario de Luis","717952","cmuihotfm002nb23fe7004xbm","Atlético de Madrid","NONE","Unassigned","WE_SHOW_SOURCE_DOES_NOT","detach","detach: Absent from FotMob declared squad for Atlético de Madrid.","none","2022-06-29","N/A",true
"cmuihw4r90cugsexpmobpdv8j","Gerónimo Spina","1158985","cmuihotfm002nb23fe7004xbm","Atlético de Madrid","NONE","Unassigned","WE_SHOW_SOURCE_DOES_NOT","detach","detach: Absent from FotMob declared squad for Atlético de Madrid.","none","2024-06-30","N/A",true
"cmuihw3fd0bwusexpfbtxk1ro","Rayane Belaid","945500","cmuihotfm002nb23fe7004xbm","Atlético de Madrid","cmuihq7gc0083h29exnlti38f","Rayo Vallecano","WE_SHOW_SOURCE_DOES_NOT","reassign","reassign: Player is registered in Rayo Vallecano current FotMob squad (shirt #37).","none","2024-06-30","N/A",true
"cmuihw4rf0cx6sexpl6tqduhh","Iker Luque","1179482","cmuihotfm002nb23fe7004xbm","Atlético de Madrid","cmundu78o0003zjoefys30gje","Racing Santander","WE_SHOW_SOURCE_DOES_NOT","reassign","reassign: Player is registered in Racing Santander current FotMob squad (shirt #19).","none","N/A","N/A",true
"cmuihvy6f05hosexpgb5xq0e0","Juan Musso","242359","NONE","Unassigned","cmuihotfm002nb23fe7004xbm","Atlético de Madrid","SOURCE_SHOWS_WE_DO_NOT","attach","attach: Present in Atlético de Madrid FotMob squad (shirt #1); attach detached player.","none","N/A","N/A",true
"cmuihw3f90btjsexp13phl158","Álvaro Moreno","935486","NONE","Unassigned","cmuihotfm002nb23fe7004xbm","Atlético de Madrid","SOURCE_SHOWS_WE_DO_NOT","attach","attach: Present in Atlético de Madrid FotMob squad (shirt #51); attach detached player.","none","N/A","N/A",true
"cmuihvzwg07ucsexp2c86h4tf","Dávid Hancko","404418","NONE","Unassigned","cmuihotfm002nb23fe7004xbm","Atlético de Madrid","SOURCE_SHOWS_WE_DO_NOT","attach","attach: Present in Atlético de Madrid FotMob squad (shirt #17); attach detached player.","none","N/A","N/A",true
"cmuihw3ek0bbdsexphs6pydgv","Marc Pubill","844637","NONE","Unassigned","cmuihotfm002nb23fe7004xbm","Atlético de Madrid","SOURCE_SHOWS_WE_DO_NOT","attach","attach: Present in Atlético de Madrid FotMob squad (shirt #18); attach detached player.","none","N/A","N/A",true
"cmuihvzbi0776sexp57a41jij","Cristian Romero","355915","cmuihpzs8003vh29eyrxt8nk5","Tottenham Hotspur","cmuihotfm002nb23fe7004xbm","Atlético de Madrid","SOURCE_SHOWS_WE_DO_NOT","reassign","reassign: Present in Atlético de Madrid FotMob senior squad (shirt #21); previously at Tottenham Hotspur.","none","2022-08-29","N/A",true
"cmuihw3eu0bidsexpn138fhqj","Obed Vargas","889435","NONE","Unassigned","cmuihotfm002nb23fe7004xbm","Atlético de Madrid","SOURCE_SHOWS_WE_DO_NOT","attach","attach: Present in Atlético de Madrid FotMob squad (shirt #3); attach detached player.","none","N/A","N/A",true
"cmuihw43e0bzxsexpwqyb1c0n","Rodrigo Mendoza","961297","NONE","Unassigned","cmuihotfm002nb23fe7004xbm","Atlético de Madrid","SOURCE_SHOWS_WE_DO_NOT","attach","attach: Present in Atlético de Madrid FotMob squad (shirt #4); attach detached player.","none","N/A","N/A",true
"cmuihw2pg0afjsexpjncw125t","Johnny Cardoso","689505","NONE","Unassigned","cmuihotfm002nb23fe7004xbm","Atlético de Madrid","SOURCE_SHOWS_WE_DO_NOT","attach","attach: Present in Atlético de Madrid FotMob squad (shirt #5); attach detached player.","none","N/A","N/A",true
"cmuihw1d0097usexp6sfpu5k0","Álex Baena","548111","NONE","Unassigned","cmuihotfm002nb23fe7004xbm","Atlético de Madrid","SOURCE_SHOWS_WE_DO_NOT","attach","attach: Present in Atlético de Madrid FotMob squad (shirt #10); attach detached player.","none","N/A","N/A",true
"cmuihvzwi07v4sexpmq710sni","Ademola Lookman","406040","NONE","Unassigned","cmuihotfm002nb23fe7004xbm","Atlético de Madrid","SOURCE_SHOWS_WE_DO_NOT","attach","attach: Present in Atlético de Madrid FotMob squad (shirt #11); attach detached player.","none","N/A","N/A",true
"cmuihvxg304o0sexpa3b2wd89","Alejandro Grimaldo","193082","cmuihpzti003xh29ejh2oa78u","Bayer 04 Leverkusen","cmuihotfm002nb23fe7004xbm","Atlético de Madrid","SOURCE_SHOWS_WE_DO_NOT","reassign","reassign: Present in Atlético de Madrid FotMob senior squad (shirt #22); previously at Bayer 04 Leverkusen.","none","2023-06-30","N/A",true
"cmuihw0jk08elsexpa48tpb2h","Morten Hjulmand","461496","cmuihq6jo007lh29e9jpaabxs","Sporting CP","cmuihotfm002nb23fe7004xbm","Atlético de Madrid","SOURCE_SHOWS_WE_DO_NOT","reassign","reassign: Present in Atlético de Madrid FotMob senior squad (shirt #23); previously at Sporting CP.","none","2023-08-12","N/A",true
"cmuihw1d809atsexp00037bvb","Kang-in Lee","557149","cmuihqbws00ajh29e1ujz5fht","Paris Saint-Germain","cmuihotfm002nb23fe7004xbm","Atlético de Madrid","SOURCE_SHOWS_WE_DO_NOT","reassign","reassign: Present in Atlético de Madrid FotMob senior squad (shirt #7); previously at Paris Saint-Germain.","none","2023-07-07","N/A",true
"cmuihw1bw091wsexpvxy4owd9","Jonathan David","533738","cmuihqb7i00a9h29e7t17vakf","Juventus FC","cmuihotfm002nb23fe7004xbm","Atlético de Madrid","SOURCE_SHOWS_WE_DO_NOT","reassign","reassign: Present in Atlético de Madrid FotMob senior squad (shirt #15); previously at Juventus FC.","none","2025-07-03","N/A",true
"FM_1297989","Arnau Ortiz","N/A","NONE","Unassigned","cmuihotfm002nb23fe7004xbm","Atlético de Madrid","SOURCE_SHOWS_WE_DO_NOT","create new player","create new player: Ingest new senior player from FotMob squad (shirt #16).","none","N/A","N/A",true
"cmuihvzw407o2sexpteozer1s","Enrico Delprato","392956","cmuihouiw002pb23fjq3m9qng","Parma Calcio 1913","NONE","Unassigned","WE_SHOW_SOURCE_DOES_NOT","detach","detach: Absent from FotMob declared squad for Parma Calcio 1913.","none","2022-06-30","N/A",true
"cmuihw3ep0be3sexp6xzsgjjw","Peter Amoran","858677","cmuihouiw002pb23fjq3m9qng","Parma Calcio 1913","NONE","Unassigned","WE_SHOW_SOURCE_DOES_NOT","detach","detach: Absent from FotMob declared squad for Parma Calcio 1913.","none","N/A","N/A",true
"cmuihw0is0857sexpky0i4v42","Zion Suzuki","432298","cmuihouiw002pb23fjq3m9qng","Parma Calcio 1913","cmuihq8vi008xh29edz4vg4xw","Aston Villa","WE_SHOW_SOURCE_DOES_NOT","reassign","reassign: Player is registered in Aston Villa current FotMob squad (shirt #1).","none","2024-07-14","N/A",true
"cmuihw24n0a9csexpis8y8yti","Jacob Ondrejka","663237","cmuihouiw002pb23fjq3m9qng","Parma Calcio 1913","cmuihq181004ph29eat3v78na","FC Groningen","WE_SHOW_SOURCE_DOES_NOT","reassign","reassign: Player is registered in FC Groningen current FotMob squad (shirt #11).","none","2025-01-22","N/A",true
"cmuihw2pq0am8sexpoorsijh1","Tjas Begic","708186","cmuihouiw002pb23fjq3m9qng","Parma Calcio 1913","NONE","Unassigned","WE_SHOW_SOURCE_DOES_NOT","detach","detach: Absent from FotMob declared squad for Parma Calcio 1913.","none","N/A","N/A",true
"cmuihw3eo0bdksexpo1w91szg","Mateo Pellegrino","856530","cmuihouiw002pb23fjq3m9qng","Parma Calcio 1913","cmuihqa6q009nh29eeao6masx","ACF Fiorentina","WE_SHOW_SOURCE_DOES_NOT","reassign","reassign: Player is registered in ACF Fiorentina current FotMob squad (shirt #32).","none","2025-02-02","N/A",true
"cmuihw3er0bfisexpqqs6l0c0","Alessandro Circati","867137","cmuihouiw002pb23fjq3m9qng","Parma Calcio 1913","cmuihq4q6006lh29eutf0qltf","SL Benfica","WE_SHOW_SOURCE_DOES_NOT","reassign","reassign: Player is registered in SL Benfica current FotMob squad (shirt #3).","none","2022-06-30","N/A",true
"cmuihw3f90bt3sexpnf9ffq0v","Marlon Mena Martinez","934974","cmuihouiw002pb23fjq3m9qng","Parma Calcio 1913","NONE","Unassigned","WE_SHOW_SOURCE_DOES_NOT","detach","detach: Absent from FotMob declared squad for Parma Calcio 1913.","none","2024-06-30","N/A",true
"cmuihw44a0cmlsexp1e9vh9yg","Elia Plicco","1085031","cmuihouiw002pb23fjq3m9qng","Parma Calcio 1913","NONE","Unassigned","WE_SHOW_SOURCE_DOES_NOT","detach","detach: Absent from FotMob declared squad for Parma Calcio 1913.","none","2024-06-30","N/A",true
"cmuihvzbj078lsexpmvvz74mt","Simone Ghidotti","357983","NONE","Unassigned","cmuihouiw002pb23fjq3m9qng","Parma Calcio 1913","SOURCE_SHOWS_WE_DO_NOT","attach","attach: Present in Parma Calcio 1913 FotMob squad (shirt #22); attach detached player.","none","N/A","N/A",true
"cmuihw2qg0b5nsexph2tjd3y1","Giovanni Daffara","814473","NONE","Unassigned","cmuihouiw002pb23fjq3m9qng","Parma Calcio 1913","SOURCE_SHOWS_WE_DO_NOT","attach","attach: Present in Parma Calcio 1913 FotMob squad (shirt #30); attach detached player.","none","N/A","N/A",true
"cmuihw4rx0d6isexp539yybe9","Alessandro Mazzocchi","1371019","NONE","Unassigned","cmuihouiw002pb23fjq3m9qng","Parma Calcio 1913","SOURCE_SHOWS_WE_DO_NOT","attach","attach: Present in Parma Calcio 1913 FotMob squad (shirt #75); attach detached player.","none","N/A","N/A",true
"cmuihw24s0ad5sexp391vasg3","Abdoulaye Ndiaye","673514","NONE","Unassigned","cmuihouiw002pb23fjq3m9qng","Parma Calcio 1913","SOURCE_SHOWS_WE_DO_NOT","attach","attach: Present in Parma Calcio 1913 FotMob squad (shirt #3); attach detached player.","none","N/A","N/A",true
"FM_935380","Enrico Del Prato","N/A","NONE","Unassigned","cmuihouiw002pb23fjq3m9qng","Parma Calcio 1913","SOURCE_SHOWS_WE_DO_NOT","create new player","create new player: Ingest new senior player from FotMob squad (shirt #15).","none","N/A","N/A",true
"cmuihvzaq06oqsexp94h04phq","Diego Carlos","329145","NONE","Unassigned","cmuihouiw002pb23fjq3m9qng","Parma Calcio 1913","SOURCE_SHOWS_WE_DO_NOT","attach","attach: Present in Parma Calcio 1913 FotMob squad (shirt #34); attach detached player.","none","N/A","N/A",true
"cmuihw4ra0cuosexp9zrzplpo","Mariano Troilo","1159864","NONE","Unassigned","cmuihouiw002pb23fjq3m9qng","Parma Calcio 1913","SOURCE_SHOWS_WE_DO_NOT","attach","attach: Present in Parma Calcio 1913 FotMob squad (shirt #37); attach detached player.","none","N/A","N/A",true
"cmuihw43r0c93sexp4md7ol98","Dominik Drobnic","1009616","NONE","Unassigned","cmuihouiw002pb23fjq3m9qng","Parma Calcio 1913","SOURCE_SHOWS_WE_DO_NOT","attach","attach: Present in Parma Calcio 1913 FotMob squad (shirt #72); attach detached player.","none","N/A","N/A",true
"FM_634310","Vincent Sierro","N/A","NONE","Unassigned","cmuihouiw002pb23fjq3m9qng","Parma Calcio 1913","SOURCE_SHOWS_WE_DO_NOT","create new player","create new player: Ingest new senior player from FotMob squad (shirt #4).","none","N/A","N/A",true
"FM_1354177","Benjamín Cremaschi","N/A","NONE","Unassigned","cmuihouiw002pb23fjq3m9qng","Parma Calcio 1913","SOURCE_SHOWS_WE_DO_NOT","create new player","create new player: Ingest new senior player from FotMob squad (shirt #8).","none","N/A","N/A",true
"FM_1693531","Sascha Britschgi","N/A","NONE","Unassigned","cmuihouiw002pb23fjq3m9qng","Parma Calcio 1913","SOURCE_SHOWS_WE_DO_NOT","create new player","create new player: Ingest new senior player from FotMob squad (shirt #27).","none","N/A","N/A",true
"cmuihw2px0aspsexpf4atzb8y","Franco Carboni","731491","cmuihqald009th29eqj2x21un","Inter Milan","cmuihouiw002pb23fjq3m9qng","Parma Calcio 1913","SOURCE_SHOWS_WE_DO_NOT","reassign","reassign: Present in Parma Calcio 1913 FotMob senior squad (shirt #29); previously at Inter Milan.","none","2026-06-29","N/A",true
"cmuihw43w0ccxsexpsrydpq61","Christian Ordóñez","1043646","NONE","Unassigned","cmuihouiw002pb23fjq3m9qng","Parma Calcio 1913","SOURCE_SHOWS_WE_DO_NOT","attach","attach: Present in Parma Calcio 1913 FotMob squad (shirt #32); attach detached player.","none","N/A","N/A",true
"cmuihw0iq084isexpvz5k7fhg","Hans Nicolussi Caviglia","430280","NONE","Unassigned","cmuihouiw002pb23fjq3m9qng","Parma Calcio 1913","SOURCE_SHOWS_WE_DO_NOT","attach","attach: Present in Parma Calcio 1913 FotMob squad (shirt #41); attach detached player.","none","N/A","N/A",true
"cmuihw44a0cmzsexp25hha16u","Abdou-Salam Konate","1087009","NONE","Unassigned","cmuihouiw002pb23fjq3m9qng","Parma Calcio 1913","SOURCE_SHOWS_WE_DO_NOT","attach","attach: Present in Parma Calcio 1913 FotMob squad (shirt #47); attach detached player.","none","N/A","N/A",true
"cmuihw24d0a0lsexpewyxuzsy","Giovanni Fabbian","633668","NONE","Unassigned","cmuihouiw002pb23fjq3m9qng","Parma Calcio 1913","SOURCE_SHOWS_WE_DO_NOT","attach","attach: Present in Parma Calcio 1913 FotMob squad (shirt #80); attach detached player.","none","N/A","N/A",true
"FM_1684415","Ousmane Diallo","N/A","NONE","Unassigned","cmuihouiw002pb23fjq3m9qng","Parma Calcio 1913","SOURCE_SHOWS_WE_DO_NOT","create new player","create new player: Ingest new senior player from FotMob squad (shirt #7).","none","N/A","N/A",true
"FM_1233748","David Romero","N/A","NONE","Unassigned","cmuihouiw002pb23fjq3m9qng","Parma Calcio 1913","SOURCE_SHOWS_WE_DO_NOT","create new player","create new player: Ingest new senior player from FotMob squad (shirt #9).","none","N/A","N/A",true
"FM_1054114","El Bilal Touré","N/A","NONE","Unassigned","cmuihouiw002pb23fjq3m9qng","Parma Calcio 1913","SOURCE_SHOWS_WE_DO_NOT","create new player","create new player: Ingest new senior player from FotMob squad (shirt #19).","none","N/A","N/A",true
"FM_1190371","Matija Frigan","N/A","NONE","Unassigned","cmuihouiw002pb23fjq3m9qng","Parma Calcio 1913","SOURCE_SHOWS_WE_DO_NOT","create new player","create new player: Ingest new senior player from FotMob squad (shirt #20).","none","N/A","N/A",true
"cmuihw3eq0bensexphwulb02p","Nesta Elphege","862606","NONE","Unassigned","cmuihouiw002pb23fjq3m9qng","Parma Calcio 1913","SOURCE_SHOWS_WE_DO_NOT","attach","attach: Present in Parma Calcio 1913 FotMob squad (shirt #23); attach detached player.","none","N/A","N/A",true
"FM_1797278","Thomás de Martis","N/A","NONE","Unassigned","cmuihouiw002pb23fjq3m9qng","Parma Calcio 1913","SOURCE_SHOWS_WE_DO_NOT","create new player","create new player: Ingest new senior player from FotMob squad (shirt #25).","none","N/A","N/A",true
"FM_1843609","Simone Lontani","N/A","NONE","Unassigned","cmuihouiw002pb23fjq3m9qng","Parma Calcio 1913","SOURCE_SHOWS_WE_DO_NOT","create new player","create new player: Ingest new senior player from FotMob squad (shirt #76).","none","N/A","N/A",true
"cmuihvvv602udsexp1hsj3a7b","Lukasz Skorupski","80894","cmuihnmx8000jb23fowusi2kw","Bologna Football Club 1909","NONE","Unassigned","WE_SHOW_SOURCE_DOES_NOT","detach","detach: Absent from FotMob declared squad for Bologna Football Club 1909.","none","2018-06-30","N/A",true
"cmuihvwrv03xjsexp3v53ee25","Remo Freuler","148252","cmuihnmx8000jb23fowusi2kw","Bologna Football Club 1909","NONE","Unassigned","WE_SHOW_SOURCE_DOES_NOT","detach","detach: Absent from FotMob declared squad for Bologna Football Club 1909.","none","2024-06-30","N/A",true
"cmuihvzw107ljsexpebjwapng","Federico Ravaglia","390304","cmuihnmx8000jb23fowusi2kw","Bologna Football Club 1909","NONE","Unassigned","WE_SHOW_SOURCE_DOES_NOT","detach","detach: Absent from FotMob declared squad for Bologna Football Club 1909.","none","2023-01-12","N/A",true
"cmuihvzwn07yvsexpu0yz6zl6","Jhon Lucumí","413565","cmuihnmx8000jb23fowusi2kw","Bologna Football Club 1909","cmuihqb7i00a9h29e7t17vakf","Juventus FC","WE_SHOW_SOURCE_DOES_NOT","reassign","reassign: Player is registered in Juventus FC current FotMob squad (shirt #26).","none","2022-08-17","N/A",true
"cmuihw1cs094dsexpo8yt1gwk","Thijs Dallinga","538964","cmuihnmx8000jb23fowusi2kw","Bologna Football Club 1909","cmuihq50l006th29e3bm3uces","1.FC Köln","WE_SHOW_SOURCE_DOES_NOT","reassign","reassign: Player is registered in 1.FC Köln current FotMob squad (shirt #27).","none","2024-07-22","N/A",true
"cmuihw3em0bc9sexppmg615pj","Santiago Castro","849520","cmuihnmx8000jb23fowusi2kw","Bologna Football Club 1909","cmuihoj9l0025b23fj4mplye4","Associazione Sportiva Roma","WE_SHOW_SOURCE_DOES_NOT","reassign","reassign: Player is registered in Associazione Sportiva Roma current FotMob squad (shirt #9).","none","2024-01-29","N/A",true
"cmuihw3ev0bjlsexpd4nd2wdt","Davide Baroncioni","894470","cmuihnmx8000jb23fowusi2kw","Bologna Football Club 1909","NONE","Unassigned","WE_SHOW_SOURCE_DOES_NOT","detach","detach: Absent from FotMob declared squad for Bologna Football Club 1909.","none","N/A","N/A",true
"cmuihw43e0bzusexp4z0opun0","Benja Domínguez","961022","cmuihnmx8000jb23fowusi2kw","Bologna Football Club 1909","cmuihqd7y00b9h29e7s5ob4n6","US Sassuolo","WE_SHOW_SOURCE_DOES_NOT","reassign","reassign: Player is registered in US Sassuolo current FotMob squad (shirt #25).","none","2024-08-27","N/A",true
"cmuihw3fa0bupsexpc5r37fnm","Francesco Raffaelli","937891","NONE","Unassigned","cmuihnmx8000jb23fowusi2kw","Bologna Football Club 1909","SOURCE_SHOWS_WE_DO_NOT","attach","attach: Present in Bologna Football Club 1909 FotMob squad (shirt #N/A); attach detached player.","none","N/A","N/A",false
"FM_178732","Łukasz Skorupski","N/A","NONE","Unassigned","cmuihnmx8000jb23fowusi2kw","Bologna Football Club 1909","SOURCE_SHOWS_WE_DO_NOT","create new player","create new player: Ingest new senior player from FotMob squad (shirt #1).","none","N/A","N/A",true
"cmuihw43n0c68sexpxkstsb1v","Massimo Pessina","992569","NONE","Unassigned","cmuihnmx8000jb23fowusi2kw","Bologna Football Club 1909","SOURCE_SHOWS_WE_DO_NOT","attach","attach: Present in Bologna Football Club 1909 FotMob squad (shirt #25); attach detached player.","none","N/A","N/A",true
"cmuihw43t0ca6sexptonktr7u","Ukko Happonen","1018026","NONE","Unassigned","cmuihnmx8000jb23fowusi2kw","Bologna Football Club 1909","SOURCE_SHOWS_WE_DO_NOT","attach","attach: Present in Bologna Football Club 1909 FotMob squad (shirt #72); attach detached player.","none","N/A","N/A",true
"cmuihw0k708qpsexp0k1n4zdj","Emil Holm","496745","NONE","Unassigned","cmuihnmx8000jb23fowusi2kw","Bologna Football Club 1909","SOURCE_SHOWS_WE_DO_NOT","attach","attach: Present in Bologna Football Club 1909 FotMob squad (shirt #2); attach detached player.","none","N/A","N/A",true
"cmuihvzvp07cosexpppijmg4l","Arthur Theate","368891","cmuihq2b80057h29e0r17uj2f","Eintracht Frankfurt","cmuihnmx8000jb23fowusi2kw","Bologna Football Club 1909","SOURCE_SHOWS_WE_DO_NOT","reassign","reassign: Present in Bologna Football Club 1909 FotMob senior squad (shirt #3); previously at Eintracht Frankfurt.","none","2025-02-01","N/A",true
"cmuihw4r00crhsexpsiryk5o5","Eivind Helland","1129198","NONE","Unassigned","cmuihnmx8000jb23fowusi2kw","Bologna Football Club 1909","SOURCE_SHOWS_WE_DO_NOT","attach","attach: Present in Bologna Football Club 1909 FotMob squad (shirt #5); attach detached player.","none","N/A","N/A",true
"cmuihw0jo08gesexptz6vnery","Torbjørn Heggem","464469","NONE","Unassigned","cmuihnmx8000jb23fowusi2kw","Bologna Football Club 1909","SOURCE_SHOWS_WE_DO_NOT","attach","attach: Present in Bologna Football Club 1909 FotMob squad (shirt #14); attach detached player.","none","N/A","N/A",true
"cmuihvzw107lcsexplsf6zien","Nicolò Casale","389837","NONE","Unassigned","cmuihnmx8000jb23fowusi2kw","Bologna Football Club 1909","SOURCE_SHOWS_WE_DO_NOT","attach","attach: Present in Bologna Football Club 1909 FotMob squad (shirt #16); attach detached player.","none","N/A","N/A",true
"cmuihvzw407o7sexpp96fq7dh","Nadir Zortea","392966","NONE","Unassigned","cmuihnmx8000jb23fowusi2kw","Bologna Football Club 1909","SOURCE_SHOWS_WE_DO_NOT","attach","attach: Present in Bologna Football Club 1909 FotMob squad (shirt #20); attach detached player.","none","N/A","N/A",true
"FM_1333066","Rahim Bonkano","N/A","NONE","Unassigned","cmuihnmx8000jb23fowusi2kw","Bologna Football Club 1909","SOURCE_SHOWS_WE_DO_NOT","create new player","create new player: Ingest new senior player from FotMob squad (shirt #23).","none","N/A","N/A",true
"cmuihw24j0a5nsexp6hsiotny","Martin Vitík","652054","NONE","Unassigned","cmuihnmx8000jb23fowusi2kw","Bologna Football Club 1909","SOURCE_SHOWS_WE_DO_NOT","attach","attach: Present in Bologna Football Club 1909 FotMob squad (shirt #41); attach detached player.","none","N/A","N/A",true
"cmuihvzw307n8sexp42dylf24","Tommaso Pobega","392538","NONE","Unassigned","cmuihnmx8000jb23fowusi2kw","Bologna Football Club 1909","SOURCE_SHOWS_WE_DO_NOT","attach","attach: Present in Bologna Football Club 1909 FotMob squad (shirt #4); attach detached player.","none","N/A","N/A",true
"FM_1661207","Mikel Amondarain","N/A","NONE","Unassigned","cmuihnmx8000jb23fowusi2kw","Bologna Football Club 1909","SOURCE_SHOWS_WE_DO_NOT","create new player","create new player: Ingest new senior player from FotMob squad (shirt #8).","none","N/A","N/A",true
"cmuihw1bu090ssexp5cklmzcn","Oussama El Azzouzi","531065","NONE","Unassigned","cmuihnmx8000jb23fowusi2kw","Bologna Football Club 1909","SOURCE_SHOWS_WE_DO_NOT","attach","attach: Present in Bologna Football Club 1909 FotMob squad (shirt #17); attach detached player.","none","N/A","N/A",true
"FM_2008804","Marco Libra","N/A","NONE","Unassigned","cmuihnmx8000jb23fowusi2kw","Bologna Football Club 1909","SOURCE_SHOWS_WE_DO_NOT","create new player","create new player: Ingest new senior player from FotMob squad (shirt #18).","none","N/A","N/A",true
"cmuihvzb706zisexpqbwmb7v8","Artem Dovbyk","343537","cmuihoj9l0025b23fj4mplye4","Associazione Sportiva Roma","cmuihnmx8000jb23fowusi2kw","Bologna Football Club 1909","SOURCE_SHOWS_WE_DO_NOT","reassign","reassign: Present in Bologna Football Club 1909 FotMob senior squad (shirt #9); previously at Associazione Sportiva Roma.","none","2024-08-01","N/A",true
"cmuihvxg704qpsexpgzkbidbo","Federico Bernardeschi","197300","NONE","Unassigned","cmuihnmx8000jb23fowusi2kw","Bologna Football Club 1909","SOURCE_SHOWS_WE_DO_NOT","attach","attach: Present in Bologna Football Club 1909 FotMob squad (shirt #10); attach detached player.","none","N/A","N/A",true
"cmuihw24k0a6fsexpdnyckwwj","Samuel Mbangula","654991","NONE","Unassigned","cmuihnmx8000jb23fowusi2kw","Bologna Football Club 1909","SOURCE_SHOWS_WE_DO_NOT","attach","attach: Present in Bologna Football Club 1909 FotMob squad (shirt #11); attach detached player.","none","N/A","N/A",true
"FM_1344246","Jay Enem","N/A","NONE","Unassigned","cmuihnmx8000jb23fowusi2kw","Bologna Football Club 1909","SOURCE_SHOWS_WE_DO_NOT","create new player","create new player: Ingest new senior player from FotMob squad (shirt #22).","none","N/A","N/A",true
"cmuihw4430ci5sexpzhsqyxym","Simone Negri","1064038","NONE","Unassigned","cmuihnmx8000jb23fowusi2kw","Bologna Football Club 1909","SOURCE_SHOWS_WE_DO_NOT","attach","attach: Present in Bologna Football Club 1909 FotMob squad (shirt #74); attach detached player.","none","N/A","N/A",true
"cmuihw0is0850sexpilvxigxz","Roberto Piccoli","432092","NONE","Unassigned","cmuihnmx8000jb23fowusi2kw","Bologna Football Club 1909","SOURCE_SHOWS_WE_DO_NOT","attach","attach: Present in Bologna Football Club 1909 FotMob squad (shirt #91); attach detached player.","none","N/A","N/A",true
"cmuihvwrr03tusexp6s6bi0r6","Paulo Oliveira","139336","cmuihnyer0015b23fholjonq1","SC Braga","NONE","Unassigned","WE_SHOW_SOURCE_DOES_NOT","detach","detach: Absent from FotMob declared squad for SC Braga.","none","2021-06-30","N/A",true
"cmuihvxg504pmsexp88le02ob","Florian Grillitsch","195736","cmuihnyer0015b23fholjonq1","SC Braga","cmuihqgcj00d1h29e5nz2aiov","Frosinone Calcio","WE_SHOW_SOURCE_DOES_NOT","reassign","reassign: Player is registered in Frosinone Calcio current FotMob squad (shirt #27).","none","2025-08-28","N/A",true
"cmuihw24o0aaksexpe228hcrv","Alaa Bellaarouch","667991","cmuihnyer0015b23fholjonq1","SC Braga","NONE","Unassigned","WE_SHOW_SOURCE_DOES_NOT","detach","detach: Absent from FotMob declared squad for SC Braga.","none","2025-06-30","N/A",true
"cmuihw3ev0bj1sexpnyjhyori","João Marques","891971","cmuihnyer0015b23fholjonq1","SC Braga","NONE","Unassigned","WE_SHOW_SOURCE_DOES_NOT","detach","detach: Absent from FotMob declared squad for SC Braga.","none","2026-06-29","N/A",true
"cmuihw43i0c3dsexpatk0y4x2","Nuno Matos","982559","cmuihnyer0015b23fholjonq1","SC Braga","NONE","Unassigned","WE_SHOW_SOURCE_DOES_NOT","detach","detach: Absent from FotMob declared squad for SC Braga.","none","2022-06-30","N/A",true
"cmuihw4470ck3sexp4sy1eara","Yanis da Rocha","1073115","cmuihnyer0015b23fholjonq1","SC Braga","NONE","Unassigned","WE_SHOW_SOURCE_DOES_NOT","detach","detach: Absent from FotMob declared squad for SC Braga.","none","2024-06-30","N/A",true
"cmuihw1d6099isexpwtuzsgo4","Vítor Carvalho","553062","cmuihnyer0015b23fholjonq1","SC Braga","NONE","Unassigned","WE_SHOW_SOURCE_DOES_NOT","detach","detach: Absent from FotMob declared squad for SC Braga.","none","2023-06-30","N/A",true
"cmuihw24a09z3sexph5e0wb6e","Lukas Hornicek","629773","cmuihnyer0015b23fholjonq1","SC Braga","cmuihqepp00c5h29e6dizfj3r","Newcastle United","WE_SHOW_SOURCE_DOES_NOT","reassign","reassign: Player is registered in Newcastle United current FotMob squad (shirt #21).","none","2023-06-30","N/A",true
"cmuihw24b09zjsexph67j2j6n","Gorby","631404","cmuihnyer0015b23fholjonq1","SC Braga","NONE","Unassigned","WE_SHOW_SOURCE_DOES_NOT","detach","detach: Absent from FotMob declared squad for SC Braga.","none","2024-06-29","N/A",true
"cmuihw24p0abcsexp7398g0aw","Leonardo Lelo","669956","cmuihnyer0015b23fholjonq1","SC Braga","NONE","Unassigned","WE_SHOW_SOURCE_DOES_NOT","detach","detach: Absent from FotMob declared squad for SC Braga.","none","2025-06-30","N/A",true
"cmuihw3ew0bkgsexpem5stx7i","Vasconcelos","898715","cmuihnyer0015b23fholjonq1","SC Braga","cmuihq2dd005bh29e4dnqmt8q","CD Santa Clara","WE_SHOW_SOURCE_DOES_NOT","reassign","reassign: Player is registered in CD Santa Clara current FotMob squad (shirt #17).","none","2023-05-31","N/A",true
"cmuihw2py0atbsexprnetwvfi","Amine El Ouazzani","735051","cmuihnyer0015b23fholjonq1","SC Braga","cmuihpysp003bh29eh8ctgbgf","Angers SCO","WE_SHOW_SOURCE_DOES_NOT","reassign","reassign: Player is registered in Angers SCO current FotMob squad (shirt #19).","none","2024-06-30","N/A",true
"cmuihw4470ckcsexp7un63076","Mordomo","1074179","cmuihnyer0015b23fholjonq1","SC Braga","NONE","Unassigned","WE_SHOW_SOURCE_DOES_NOT","detach","detach: Absent from FotMob declared squad for SC Braga.","none","N/A","N/A",true
"cmuihw2qe0b4nsexp7dibzht8","Ismaël Gharbi","810096","cmuihnyer0015b23fholjonq1","SC Braga","NONE","Unassigned","WE_SHOW_SOURCE_DOES_NOT","detach","detach: Absent from FotMob declared squad for SC Braga.","none","2026-06-29","N/A",true
"cmuihw3ex0bkhsexp4qwlynug","Chissumba","898721","cmuihnyer0015b23fholjonq1","SC Braga","NONE","Unassigned","WE_SHOW_SOURCE_DOES_NOT","detach","detach: Absent from FotMob declared squad for SC Braga.","none","2026-06-29","N/A",true
"cmuihw3f70brdsexpvatkie3b","João Carvalho","929868","cmuihnyer0015b23fholjonq1","SC Braga","cmuihpzrk003th29ed2012pii","GD Estoril Praia","WE_SHOW_SOURCE_DOES_NOT","reassign","reassign: Player is registered in GD Estoril Praia current FotMob squad (shirt #12).","none","2024-06-30","N/A",true
"cmuihw4420chcsexpk2skvtom","Jonatás Noro","1061378","cmuihnyer0015b23fholjonq1","SC Braga","NONE","Unassigned","WE_SHOW_SOURCE_DOES_NOT","detach","detach: Absent from FotMob declared squad for SC Braga.","none","2024-06-30","N/A",true
"cmuihw4rc0cvvsexpypj2w8m4","Fodé Pascoal","1172179","cmuihnyer0015b23fholjonq1","SC Braga","NONE","Unassigned","WE_SHOW_SOURCE_DOES_NOT","detach","detach: Absent from FotMob declared squad for SC Braga.","none","N/A","N/A",true
"FM_1362439","Bernardo Fontes","N/A","NONE","Unassigned","cmuihnyer0015b23fholjonq1","SC Braga","SOURCE_SHOWS_WE_DO_NOT","create new player","create new player: Ingest new senior player from FotMob squad (shirt #31).","none","N/A","N/A",true
"FM_816001","Carvalho","N/A","NONE","Unassigned","cmuihnyer0015b23fholjonq1","SC Braga","SOURCE_SHOWS_WE_DO_NOT","create new player","create new player: Ingest new senior player from FotMob squad (shirt #6).","none","N/A","N/A",true
"FM_1203886","Sergio Barcia","N/A","NONE","Unassigned","cmuihnyer0015b23fholjonq1","SC Braga","SOURCE_SHOWS_WE_DO_NOT","create new player","create new player: Ingest new senior player from FotMob squad (shirt #22).","none","N/A","N/A",true
"FM_1242261","Adrian Barišić","N/A","NONE","Unassigned","cmuihnyer0015b23fholjonq1","SC Braga","SOURCE_SHOWS_WE_DO_NOT","create new player","create new player: Ingest new senior player from FotMob squad (shirt #37).","none","N/A","N/A",true
"FM_1348741","Adrian Bajrami","N/A","NONE","Unassigned","cmuihnyer0015b23fholjonq1","SC Braga","SOURCE_SHOWS_WE_DO_NOT","create new player","create new player: Ingest new senior player from FotMob squad (shirt #44).","none","N/A","N/A",true
"FM_1777474","Tomás Marqués","N/A","NONE","Unassigned","cmuihnyer0015b23fholjonq1","SC Braga","SOURCE_SHOWS_WE_DO_NOT","create new player","create new player: Ingest new senior player from FotMob squad (shirt #16).","none","N/A","N/A",true
"FM_1292369","Jean-Baptiste Gorby","N/A","NONE","Unassigned","cmuihnyer0015b23fholjonq1","SC Braga","SOURCE_SHOWS_WE_DO_NOT","create new player","create new player: Ingest new senior player from FotMob squad (shirt #29).","none","N/A","N/A",true
"FM_1300653","Demir Tıknaz","N/A","NONE","Unassigned","cmuihnyer0015b23fholjonq1","SC Braga","SOURCE_SHOWS_WE_DO_NOT","create new player","create new player: Ingest new senior player from FotMob squad (shirt #34).","none","N/A","N/A",true
"cmuihw24909xusexpyug5tfl2","Gabriel Silva","627224","cmuihq2dd005bh29e4dnqmt8q","CD Santa Clara","cmuihnyer0015b23fholjonq1","SC Braga","SOURCE_SHOWS_WE_DO_NOT","reassign","reassign: Present in SC Braga FotMob senior squad (shirt #11); previously at CD Santa Clara.","none","2023-07-31","N/A",true
"cmuihw3fd0bwisexps8nxxhds","Jovan Milosevic","943795","NONE","Unassigned","cmuihnyer0015b23fholjonq1","SC Braga","SOURCE_SHOWS_WE_DO_NOT","attach","attach: Present in SC Braga FotMob squad (shirt #17); attach detached player.","none","N/A","N/A",true
"cmuihvzw207lvsexpyj3h67s0","Jonas Wind","391004","NONE","Unassigned","cmuihnyer0015b23fholjonq1","SC Braga","SOURCE_SHOWS_WE_DO_NOT","attach","attach: Present in SC Braga FotMob squad (shirt #19); attach detached player.","none","N/A","N/A",true
"cmuihw4480cktsexpqfwyo4e3","João Aragão","1075884","NONE","Unassigned","cmuihnyer0015b23fholjonq1","SC Braga","SOURCE_SHOWS_WE_DO_NOT","attach","attach: Present in SC Braga FotMob squad (shirt #72); attach detached player.","none","N/A","N/A",true
"cmuihw3ei0b9xsexpphvmn1r4","Dani Rodríguez","834470","cmuihoy3o002vb23f8egwo6vd","FC Barcelona","NONE","Unassigned","WE_SHOW_SOURCE_DOES_NOT","detach","detach: Absent from FotMob declared squad for FC Barcelona.","none","N/A","N/A",true
"cmuihw3f30bpesexpsugmlemu","Álvaro Cortés","924610","cmuihoy3o002vb23f8egwo6vd","FC Barcelona","NONE","Unassigned","WE_SHOW_SOURCE_DOES_NOT","detach","detach: Absent from FotMob declared squad for FC Barcelona.","none","N/A","N/A",true
"cmuihvxgh04xqsexpd0l9txxz","Dominik Livakovic","205927","NONE","Unassigned","cmuihoy3o002vb23f8egwo6vd","FC Barcelona","SOURCE_SHOWS_WE_DO_NOT","attach","attach: Present in FC Barcelona FotMob squad (shirt #25); attach detached player.","none","N/A","N/A",true
"cmuihw4460cj4sexpja4dbqjy","Eder Aller","1066202","NONE","Unassigned","cmuihoy3o002vb23f8egwo6vd","FC Barcelona","SOURCE_SHOWS_WE_DO_NOT","attach","attach: Present in FC Barcelona FotMob squad (shirt #31); attach detached player.","none","N/A","N/A",true
"FM_361757","João Cancelo","N/A","NONE","Unassigned","cmuihoy3o002vb23f8egwo6vd","FC Barcelona","SOURCE_SHOWS_WE_DO_NOT","create new player","create new player: Ingest new senior player from FotMob squad (shirt #2).","none","N/A","N/A",true
"FM_1821727","Brian Fariñas","N/A","NONE","Unassigned","cmuihoy3o002vb23f8egwo6vd","FC Barcelona","SOURCE_SHOWS_WE_DO_NOT","create new player","create new player: Ingest new senior player from FotMob squad (shirt #4).","none","N/A","N/A",true
"cmuihw0k708qksexp8tdco483","Karim Adeyemi","496094","cmuihq09e0045h29ednnt1hkq","Borussia Dortmund","cmuihoy3o002vb23f8egwo6vd","FC Barcelona","SOURCE_SHOWS_WE_DO_NOT","reassign","reassign: Present in FC Barcelona FotMob senior squad (shirt #14); previously at Borussia Dortmund.","none","2022-06-30","N/A",true
"cmuihvzbl07avsexpvwmvzxom","Gabriel Jesus","363205","cmuiho5do001hb23froc57owj","Arsenal FC","cmuihoy3o002vb23f8egwo6vd","FC Barcelona","SOURCE_SHOWS_WE_DO_NOT","reassign","reassign: Present in FC Barcelona FotMob senior squad (shirt #9); previously at Arsenal FC.","none","2022-07-03","N/A",true
"FM_1656591","Jesse Bisiwu","N/A","NONE","Unassigned","cmuihoy3o002vb23f8egwo6vd","FC Barcelona","SOURCE_SHOWS_WE_DO_NOT","create new player","create new player: Ingest new senior player from FotMob squad (shirt #27).","none","N/A","N/A",true
"FM_1708842","Hamza Abdelkarim","N/A","NONE","Unassigned","cmuihoy3o002vb23f8egwo6vd","FC Barcelona","SOURCE_SHOWS_WE_DO_NOT","create new player","create new player: Ingest new senior player from FotMob squad (shirt #29).","none","N/A","N/A",true
"cmuihw2pz0aussexputczawdm","Pol Fortuny","741293","cmuihq9wg009hh29ermlar2c7","Real Madrid","NONE","Unassigned","WE_SHOW_SOURCE_DOES_NOT","detach","detach: Absent from FotMob declared squad for Real Madrid.","none","N/A","N/A",true
"cmuihw43z0cfisexp46vrxl8z","Fran González","1055220","cmuihq9wg009hh29ermlar2c7","Real Madrid","cmuihq7is0085h29ez260bgnc","Sevilla FC","WE_SHOW_SOURCE_DOES_NOT","reassign","reassign: Player is registered in Sevilla FC current FotMob squad (shirt #13).","none","2024-06-30","N/A",true
"cmuihw24h0a45sexph08poude","Manuel Ángel","646824","cmuihq9wg009hh29ermlar2c7","Real Madrid","cmuihqg9600cxh29echnkyx9e","Fulham FC","WE_SHOW_SOURCE_DOES_NOT","reassign","reassign: Player is registered in Fulham FC current FotMob squad (shirt #20).","none","2023-06-30","N/A",true
"cmuihw3es0bgesexp340ax4ts","Álvaro Leiva","875306","cmuihq9wg009hh29ermlar2c7","Real Madrid","NONE","Unassigned","WE_SHOW_SOURCE_DOES_NOT","detach","detach: Absent from FotMob declared squad for Real Madrid.","none","N/A","N/A",true
"cmuihw3fc0bvrsexptddeqmv8","Manu Serrano","940464","cmuihq9wg009hh29ermlar2c7","Real Madrid","NONE","Unassigned","WE_SHOW_SOURCE_DOES_NOT","detach","detach: Absent from FotMob declared squad for Real Madrid.","none","N/A","N/A",true
"cmuihw3f90btdsexpjl2v7w3s","David Jiménez","935281","cmuihq9wg009hh29ermlar2c7","Real Madrid","NONE","Unassigned","WE_SHOW_SOURCE_DOES_NOT","detach","detach: Absent from FotMob declared squad for Real Madrid.","none","2024-06-30","N/A",true
"cmuihw3fe0bxlsexpr6favxlq","Daniel Mesonero","948259","cmuihq9wg009hh29ermlar2c7","Real Madrid","NONE","Unassigned","WE_SHOW_SOURCE_DOES_NOT","detach","detach: Absent from FotMob declared squad for Real Madrid.","none","N/A","N/A",true
"cmuihw3fe0bxnsexpy31sv3ml","César Palacios","948272","cmuihq9wg009hh29ermlar2c7","Real Madrid","cmuihqg9600cxh29echnkyx9e","Fulham FC","WE_SHOW_SOURCE_DOES_NOT","reassign","reassign: Player is registered in Fulham FC current FotMob squad (shirt #8).","none","2023-06-30","N/A",true
"cmuihvzbi077nsexpqrljo0za","Ibrahima Konaté","357119","NONE","Unassigned","cmuihq9wg009hh29ermlar2c7","Real Madrid","SOURCE_SHOWS_WE_DO_NOT","attach","attach: Present in Real Madrid FotMob squad (shirt #16); attach detached player.","none","N/A","N/A",true
"cmuihvyqt063xsexpykxnnplj","Marc Cucurella","284857","cmuihqcpo00b1h29edf8q9ksb","Chelsea FC","cmuihq9wg009hh29ermlar2c7","Real Madrid","SOURCE_SHOWS_WE_DO_NOT","reassign","reassign: Present in Real Madrid FotMob senior squad (shirt #17); previously at Chelsea FC.","none","2022-08-04","N/A",true
"cmuihvzan06m0sexpp59ts6kv","Denzel Dumfries","321528","cmuihqald009th29eqj2x21un","Inter Milan","cmuihq9wg009hh29ermlar2c7","Real Madrid","SOURCE_SHOWS_WE_DO_NOT","reassign","reassign: Present in Real Madrid FotMob senior squad (shirt #24); previously at Inter Milan.","none","2021-08-13","N/A",true
"cmuihvy6e05h6sexpky15f0wx","Bernardo Silva","241641","NONE","Unassigned","cmuihq9wg009hh29ermlar2c7","Real Madrid","SOURCE_SHOWS_WE_DO_NOT","attach","attach: Present in Real Madrid FotMob squad (shirt #20); attach detached player.","none","N/A","N/A",true
"cmuihw4rg0cy1sexpsbeoumzp","Jorge Cestero","1186235","NONE","Unassigned","cmuihq9wg009hh29ermlar2c7","Real Madrid","SOURCE_SHOWS_WE_DO_NOT","attach","attach: Present in Real Madrid FotMob squad (shirt #29); attach detached player.","none","N/A","N/A",true
"cmuihw4430chysexpewvi9ldh","Carlos Espí","1063338","cmuihq6me007nh29ezmai1c1u","Levante UD","cmuihq9wg009hh29ermlar2c7","Real Madrid","SOURCE_SHOWS_WE_DO_NOT","reassign","reassign: Present in Real Madrid FotMob senior squad (shirt #19); previously at Levante UD.","none","2024-06-30","N/A",true
"cmuihw4ss0d6wsexpwdfjs85p","Yan Diomande","1390649","NONE","Unassigned","cmuihq9wg009hh29ermlar2c7","Real Madrid","SOURCE_SHOWS_WE_DO_NOT","attach","attach: Present in Real Madrid FotMob squad (shirt #25); attach detached player.","none","N/A","N/A",true
"FM_1313190","Kilian Nikièma","N/A","NONE","Unassigned","cmuihop03002fb23ffjr299x3","ADO Den Haag","SOURCE_SHOWS_WE_DO_NOT","create new player","create new player: Ingest new senior player from FotMob squad (shirt #1).","none","N/A","N/A",true
"FM_1794163","Caleb Kramer","N/A","NONE","Unassigned","cmuihop03002fb23ffjr299x3","ADO Den Haag","SOURCE_SHOWS_WE_DO_NOT","create new player","create new player: Ingest new senior player from FotMob squad (shirt #20).","none","N/A","N/A",true
"cmuihvzba072vsexpsq2juyxb","Niclas Thiede","348778","NONE","Unassigned","cmuihop03002fb23ffjr299x3","ADO Den Haag","SOURCE_SHOWS_WE_DO_NOT","attach","attach: Present in ADO Den Haag FotMob squad (shirt #23); attach detached player.","none","N/A","N/A",true
"FM_1695692","Sky Heesen","N/A","NONE","Unassigned","cmuihop03002fb23ffjr299x3","ADO Den Haag","SOURCE_SHOWS_WE_DO_NOT","create new player","create new player: Ingest new academy player from FotMob squad (shirt #none).","none","N/A","N/A",false
"cmuihw43p0c6rsexpfbvu041b","Othniël Raterink","997478","NONE","Unassigned","cmuihop03002fb23ffjr299x3","ADO Den Haag","SOURCE_SHOWS_WE_DO_NOT","attach","attach: Present in ADO Den Haag FotMob squad (shirt #2); attach detached player.","none","N/A","N/A",true
"FM_1585703","Pascal Mulder","N/A","NONE","Unassigned","cmuihop03002fb23ffjr299x3","ADO Den Haag","SOURCE_SHOWS_WE_DO_NOT","create new player","create new player: Ingest new senior player from FotMob squad (shirt #3).","none","N/A","N/A",true
"FM_1182584","Matteo Waem","N/A","NONE","Unassigned","cmuihop03002fb23ffjr299x3","ADO Den Haag","SOURCE_SHOWS_WE_DO_NOT","create new player","create new player: Ingest new senior player from FotMob squad (shirt #4).","none","N/A","N/A",true
"FM_1243931","Jonas Jensen-Abbew","N/A","NONE","Unassigned","cmuihop03002fb23ffjr299x3","ADO Den Haag","SOURCE_SHOWS_WE_DO_NOT","create new player","create new player: Ingest new senior player from FotMob squad (shirt #5).","none","N/A","N/A",true
"cmuihw0k608pxsexphu97u4fu","Mees Kreekels","494282","NONE","Unassigned","cmuihop03002fb23ffjr299x3","ADO Den Haag","SOURCE_SHOWS_WE_DO_NOT","attach","attach: Present in ADO Den Haag FotMob squad (shirt #5); attach detached player.","none","N/A","N/A",true
"FM_1553389","Milan Hokke","N/A","NONE","Unassigned","cmuihop03002fb23ffjr299x3","ADO Den Haag","SOURCE_SHOWS_WE_DO_NOT","create new player","create new player: Ingest new senior player from FotMob squad (shirt #15).","none","N/A","N/A",true
"cmuihw1en09l0sexpr03lerhh","Sekou Sylla","587333","NONE","Unassigned","cmuihop03002fb23ffjr299x3","ADO Den Haag","SOURCE_SHOWS_WE_DO_NOT","attach","attach: Present in ADO Den Haag FotMob squad (shirt #18); attach detached player.","none","N/A","N/A",true
"cmuihw2pg0ag6sexp2lgfhv0g","Lasse Wilhelm","692020","NONE","Unassigned","cmuihop03002fb23ffjr299x3","ADO Den Haag","SOURCE_SHOWS_WE_DO_NOT","attach","attach: Present in ADO Den Haag FotMob squad (shirt #22); attach detached player.","none","N/A","N/A",true
"FM_1641227","Devyn Payne","N/A","NONE","Unassigned","cmuihop03002fb23ffjr299x3","ADO Den Haag","SOURCE_SHOWS_WE_DO_NOT","create new player","create new player: Ingest new senior player from FotMob squad (shirt #31).","none","N/A","N/A",true
"FM_1737699","Sanyika Bergtop","N/A","NONE","Unassigned","cmuihop03002fb23ffjr299x3","ADO Den Haag","SOURCE_SHOWS_WE_DO_NOT","create new player","create new player: Ingest new senior player from FotMob squad (shirt #35).","none","N/A","N/A",true
"cmuihw0k508onsexpvebvo84a","Jan Zamburek","487924","cmuihowzw002tb23f16afl5ce","Heracles Almelo","cmuihop03002fb23ffjr299x3","ADO Den Haag","SOURCE_SHOWS_WE_DO_NOT","reassign","reassign: Present in ADO Den Haag FotMob senior squad (shirt #8); previously at Heracles Almelo.","none","2024-07-02","N/A",true
"cmuihw1d3098dsexpyaptfj8z","Evan Rottier","548937","NONE","Unassigned","cmuihop03002fb23ffjr299x3","ADO Den Haag","SOURCE_SHOWS_WE_DO_NOT","attach","attach: Present in ADO Den Haag FotMob squad (shirt #11); attach detached player.","none","N/A","N/A",true
"FM_1243243","Mylian Jiménez","N/A","NONE","Unassigned","cmuihop03002fb23ffjr299x3","ADO Den Haag","SOURCE_SHOWS_WE_DO_NOT","create new player","create new player: Ingest new senior player from FotMob squad (shirt #14).","none","N/A","N/A",true
"FM_1599289","Finn de Bruin","N/A","NONE","Unassigned","cmuihop03002fb23ffjr299x3","ADO Den Haag","SOURCE_SHOWS_WE_DO_NOT","create new player","create new player: Ingest new senior player from FotMob squad (shirt #16).","none","N/A","N/A",true
"FM_1159196","Jalen Hawkings","N/A","NONE","Unassigned","cmuihop03002fb23ffjr299x3","ADO Den Haag","SOURCE_SHOWS_WE_DO_NOT","create new player","create new player: Ingest new senior player from FotMob squad (shirt #17).","none","N/A","N/A",true
"FM_1300344","Juho Kilo","N/A","NONE","Unassigned","cmuihop03002fb23ffjr299x3","ADO Den Haag","SOURCE_SHOWS_WE_DO_NOT","create new player","create new player: Ingest new senior player from FotMob squad (shirt #25).","none","N/A","N/A",true
"FM_1698689","Joey Brandt","N/A","NONE","Unassigned","cmuihop03002fb23ffjr299x3","ADO Den Haag","SOURCE_SHOWS_WE_DO_NOT","create new player","create new player: Ingest new senior player from FotMob squad (shirt #30).","none","N/A","N/A",true
"FM_1335046","Matěj Sín","N/A","NONE","Unassigned","cmuihop03002fb23ffjr299x3","ADO Den Haag","SOURCE_SHOWS_WE_DO_NOT","create new player","create new player: Ingest new senior player from FotMob squad (shirt #33).","none","N/A","N/A",true
"FM_785855","Alex Pozo","N/A","NONE","Unassigned","cmuihop03002fb23ffjr299x3","ADO Den Haag","SOURCE_SHOWS_WE_DO_NOT","create new player","create new player: Ingest new academy player from FotMob squad (shirt #none).","none","N/A","N/A",false
"FM_1698688","Jaynilson Geoffery","N/A","NONE","Unassigned","cmuihop03002fb23ffjr299x3","ADO Den Haag","SOURCE_SHOWS_WE_DO_NOT","create new player","create new player: Ingest new academy player from FotMob squad (shirt #none).","none","N/A","N/A",false
"cmuihvxfp04edsexpzseggs65","Daryl van Mieghem","177821","NONE","Unassigned","cmuihop03002fb23ffjr299x3","ADO Den Haag","SOURCE_SHOWS_WE_DO_NOT","attach","attach: Present in ADO Den Haag FotMob squad (shirt #7); attach detached player.","none","N/A","N/A",true
"cmuihw43c0byjsexp4c87pjqk","Jesse Bal","953857","NONE","Unassigned","cmuihop03002fb23ffjr299x3","ADO Den Haag","SOURCE_SHOWS_WE_DO_NOT","attach","attach: Present in ADO Den Haag FotMob squad (shirt #9); attach detached player.","none","N/A","N/A",true
"FM_1690581","Illaijh de Ruijter","N/A","NONE","Unassigned","cmuihop03002fb23ffjr299x3","ADO Den Haag","SOURCE_SHOWS_WE_DO_NOT","create new player","create new player: Ingest new senior player from FotMob squad (shirt #10).","none","N/A","N/A",true
"FM_1189519","Luka Reischl","N/A","NONE","Unassigned","cmuihop03002fb23ffjr299x3","ADO Den Haag","SOURCE_SHOWS_WE_DO_NOT","create new player","create new player: Ingest new senior player from FotMob squad (shirt #19).","none","N/A","N/A",true
"cmuihw2pl0ajvsexpnjwwtlxp","Cameron Peupion","703626","NONE","Unassigned","cmuihop03002fb23ffjr299x3","ADO Den Haag","SOURCE_SHOWS_WE_DO_NOT","attach","attach: Present in ADO Den Haag FotMob squad (shirt #21); attach detached player.","none","N/A","N/A",true
"cmuihvzwm07ygsexp64w9sykx","Nigel Thomas","412952","NONE","Unassigned","cmuihop03002fb23ffjr299x3","ADO Den Haag","SOURCE_SHOWS_WE_DO_NOT","attach","attach: Present in ADO Den Haag FotMob squad (shirt #27); attach detached player.","none","N/A","N/A",true
"FM_1874101","Dani van Leonen","N/A","NONE","Unassigned","cmuihop03002fb23ffjr299x3","ADO Den Haag","SOURCE_SHOWS_WE_DO_NOT","create new player","create new player: Ingest new senior player from FotMob squad (shirt #32).","none","N/A","N/A",true
"FM_1667956","Issac Dijkhuizen","N/A","NONE","Unassigned","cmuihop03002fb23ffjr299x3","ADO Den Haag","SOURCE_SHOWS_WE_DO_NOT","create new player","create new player: Ingest new senior player from FotMob squad (shirt #33).","none","N/A","N/A",true
"cmuihw3f70brvsexpka88ak4h","Yannick Eduardo","930998","NONE","Unassigned","cmuihop03002fb23ffjr299x3","ADO Den Haag","SOURCE_SHOWS_WE_DO_NOT","attach","attach: Present in ADO Den Haag FotMob squad (shirt #46); attach detached player.","none","N/A","N/A",true
"FM_1179041","Donat Barany","N/A","NONE","Unassigned","cmuihop03002fb23ffjr299x3","ADO Den Haag","SOURCE_SHOWS_WE_DO_NOT","create new player","create new player: Ingest new senior player from FotMob squad (shirt #77).","none","N/A","N/A",true
"FM_94840","Frank Lehmann","N/A","NONE","Unassigned","cmundu7yx0005zjoeub3xwq73","SV 07 Elversberg","SOURCE_SHOWS_WE_DO_NOT","create new player","create new player: Ingest new senior player from FotMob squad (shirt #1).","none","N/A","N/A",true
"FM_2155059","Elias Etringer","N/A","NONE","Unassigned","cmundu7yx0005zjoeub3xwq73","SV 07 Elversberg","SOURCE_SHOWS_WE_DO_NOT","create new player","create new player: Ingest new senior player from FotMob squad (shirt #12).","none","N/A","N/A",true
"FM_1285926","Nicolas Kristof","N/A","NONE","Unassigned","cmundu7yx0005zjoeub3xwq73","SV 07 Elversberg","SOURCE_SHOWS_WE_DO_NOT","create new player","create new player: Ingest new senior player from FotMob squad (shirt #20).","none","N/A","N/A",true
"FM_659051","Tim Boss","N/A","NONE","Unassigned","cmundu7yx0005zjoeub3xwq73","SV 07 Elversberg","SOURCE_SHOWS_WE_DO_NOT","create new player","create new player: Ingest new senior player from FotMob squad (shirt #28).","none","N/A","N/A",true
"FM_633721","Nicholas Mickelson","N/A","NONE","Unassigned","cmundu7yx0005zjoeub3xwq73","SV 07 Elversberg","SOURCE_SHOWS_WE_DO_NOT","create new player","create new player: Ingest new senior player from FotMob squad (shirt #2).","none","N/A","N/A",true
"FM_594886","Florian Le Joncour","N/A","NONE","Unassigned","cmundu7yx0005zjoeub3xwq73","SV 07 Elversberg","SOURCE_SHOWS_WE_DO_NOT","create new player","create new player: Ingest new senior player from FotMob squad (shirt #3).","none","N/A","N/A",true
"FM_1400774","Luis Seifert","N/A","NONE","Unassigned","cmundu7yx0005zjoeub3xwq73","SV 07 Elversberg","SOURCE_SHOWS_WE_DO_NOT","create new player","create new player: Ingest new senior player from FotMob squad (shirt #4).","none","N/A","N/A",true
"FM_1280560","Lukas Pinckert","N/A","NONE","Unassigned","cmundu7yx0005zjoeub3xwq73","SV 07 Elversberg","SOURCE_SHOWS_WE_DO_NOT","create new player","create new player: Ingest new senior player from FotMob squad (shirt #19).","none","N/A","N/A",true
"cmuihw1bj08xzsexpp219xjti","Lasse Günther","522245","NONE","Unassigned","cmundu7yx0005zjoeub3xwq73","SV 07 Elversberg","SOURCE_SHOWS_WE_DO_NOT","attach","attach: Present in SV 07 Elversberg FotMob squad (shirt #21); attach detached player.","none","N/A","N/A",true
"FM_1097361","Luca Sirch","N/A","NONE","Unassigned","cmundu7yx0005zjoeub3xwq73","SV 07 Elversberg","SOURCE_SHOWS_WE_DO_NOT","create new player","create new player: Ingest new senior player from FotMob squad (shirt #26).","none","N/A","N/A",true
"FM_458602","Jan Gyamerah","N/A","NONE","Unassigned","cmundu7yx0005zjoeub3xwq73","SV 07 Elversberg","SOURCE_SHOWS_WE_DO_NOT","create new player","create new player: Ingest new senior player from FotMob squad (shirt #30).","none","N/A","N/A",true
"FM_1077911","Maximilian Rohr","N/A","NONE","Unassigned","cmundu7yx0005zjoeub3xwq73","SV 07 Elversberg","SOURCE_SHOWS_WE_DO_NOT","create new player","create new player: Ingest new senior player from FotMob squad (shirt #31).","none","N/A","N/A",true
"FM_1366338","Felix Keidel","N/A","NONE","Unassigned","cmundu7yx0005zjoeub3xwq73","SV 07 Elversberg","SOURCE_SHOWS_WE_DO_NOT","create new player","create new player: Ingest new senior player from FotMob squad (shirt #43).","none","N/A","N/A",true
"cmuihvxgi04yhsexp0qwv6l6u","Amara Condé","207580","NONE","Unassigned","cmundu7yx0005zjoeub3xwq73","SV 07 Elversberg","SOURCE_SHOWS_WE_DO_NOT","attach","attach: Present in SV 07 Elversberg FotMob squad (shirt #6); attach detached player.","none","N/A","N/A",true
"FM_962113","Łukasz Poręba","N/A","NONE","Unassigned","cmundu7yx0005zjoeub3xwq73","SV 07 Elversberg","SOURCE_SHOWS_WE_DO_NOT","create new player","create new player: Ingest new senior player from FotMob squad (shirt #8).","none","N/A","N/A",true
"FM_1730149","Raif Adam","N/A","NONE","Unassigned","cmundu7yx0005zjoeub3xwq73","SV 07 Elversberg","SOURCE_SHOWS_WE_DO_NOT","create new player","create new player: Ingest new senior player from FotMob squad (shirt #15).","none","N/A","N/A",true
"FM_1281256","Frederik Schmahl","N/A","NONE","Unassigned","cmundu7yx0005zjoeub3xwq73","SV 07 Elversberg","SOURCE_SHOWS_WE_DO_NOT","create new player","create new player: Ingest new senior player from FotMob squad (shirt #17).","none","N/A","N/A",true
"cmuihw3f70brisexpo2dvgcg2","Francis Onyeka","929943","NONE","Unassigned","cmundu7yx0005zjoeub3xwq73","SV 07 Elversberg","SOURCE_SHOWS_WE_DO_NOT","attach","attach: Present in SV 07 Elversberg FotMob squad (shirt #40); attach detached player.","none","N/A","N/A",true
"cmuihw3eh0b99sexpzfdvjjxp","Maurice Krattenmacher","829316","NONE","Unassigned","cmundu7yx0005zjoeub3xwq73","SV 07 Elversberg","SOURCE_SHOWS_WE_DO_NOT","attach","attach: Present in SV 07 Elversberg FotMob squad (shirt #7); attach detached player.","none","N/A","N/A",true
"cmuihw24t0addsexptlmen3mk","Noel Futkeu","675535","NONE","Unassigned","cmundu7yx0005zjoeub3xwq73","SV 07 Elversberg","SOURCE_SHOWS_WE_DO_NOT","attach","attach: Present in SV 07 Elversberg FotMob squad (shirt #9); attach detached player.","none","N/A","N/A",true
"cmuihw3ew0bkasexpnp70feoy","Noah Darvich","897480","NONE","Unassigned","cmundu7yx0005zjoeub3xwq73","SV 07 Elversberg","SOURCE_SHOWS_WE_DO_NOT","attach","attach: Present in SV 07 Elversberg FotMob squad (shirt #10); attach detached player.","none","N/A","N/A",true
"cmuihvy64059ysexp5593ylv9","Luca Pfeiffer","232463","NONE","Unassigned","cmundu7yx0005zjoeub3xwq73","SV 07 Elversberg","SOURCE_SHOWS_WE_DO_NOT","attach","attach: Present in SV 07 Elversberg FotMob squad (shirt #16); attach detached player.","none","N/A","N/A",true
"FM_459010","Luca Schnellbacher","N/A","NONE","Unassigned","cmundu7yx0005zjoeub3xwq73","SV 07 Elversberg","SOURCE_SHOWS_WE_DO_NOT","create new player","create new player: Ingest new senior player from FotMob squad (shirt #24).","none","N/A","N/A",true
"FM_1093782","Lukas Petkov","N/A","NONE","Unassigned","cmundu7yx0005zjoeub3xwq73","SV 07 Elversberg","SOURCE_SHOWS_WE_DO_NOT","create new player","create new player: Ingest new senior player from FotMob squad (shirt #25).","none","N/A","N/A",true
"FM_940015","Tom Zimmerschied","N/A","NONE","Unassigned","cmundu7yx0005zjoeub3xwq73","SV 07 Elversberg","SOURCE_SHOWS_WE_DO_NOT","create new player","create new player: Ingest new senior player from FotMob squad (shirt #29).","none","N/A","N/A",true
"cmuihw3er0bfcsexp43hdueal","Cole Campbell","866579","cmuihq09e0045h29ednnt1hkq","Borussia Dortmund","cmundu7yx0005zjoeub3xwq73","SV 07 Elversberg","SOURCE_SHOWS_WE_DO_NOT","reassign","reassign: Present in SV 07 Elversberg FotMob senior squad (shirt #39); previously at Borussia Dortmund.","none","2026-06-29","N/A",true
"cmuihw43h0c23sexpecc6lkbv","David Mokwa","974894","NONE","Unassigned","cmundu7yx0005zjoeub3xwq73","SV 07 Elversberg","SOURCE_SHOWS_WE_DO_NOT","attach","attach: Present in SV 07 Elversberg FotMob squad (shirt #42); attach detached player.","none","N/A","N/A",true
"cmuihvyr506ccsexpkx5vdlub","Markus Schubert","296741","cmuihq5qq0075h29elabq5hjd","FC Schalke 04","cmuihor87002jb23f3u8w2hsf","SC Paderborn 07","SOURCE_SHOWS_WE_DO_NOT","reassign","reassign: Present in SC Paderborn 07 FotMob senior squad (shirt #1); previously at FC Schalke 04.","none","2024-06-30","N/A",true
"cmuihw23y09oxsexp5od9z194","Nahuel Noll","600942","NONE","Unassigned","cmuihor87002jb23f3u8w2hsf","SC Paderborn 07","SOURCE_SHOWS_WE_DO_NOT","attach","attach: Present in SC Paderborn 07 FotMob squad (shirt #15); attach detached player.","none","N/A","N/A",true
"FM_1515975","Florian Pruhs","N/A","NONE","Unassigned","cmuihor87002jb23f3u8w2hsf","SC Paderborn 07","SOURCE_SHOWS_WE_DO_NOT","create new player","create new player: Ingest new senior player from FotMob squad (shirt #31).","none","N/A","N/A",true
"FM_1406447","Tristan Zobel","N/A","NONE","Unassigned","cmuihor87002jb23f3u8w2hsf","SC Paderborn 07","SOURCE_SHOWS_WE_DO_NOT","create new player","create new player: Ingest new academy player from FotMob squad (shirt #none).","none","N/A","N/A",false
"FM_1473681","Nyamekye Awortwie-Grant","N/A","NONE","Unassigned","cmuihor87002jb23f3u8w2hsf","SC Paderborn 07","SOURCE_SHOWS_WE_DO_NOT","create new player","create new player: Ingest new senior player from FotMob squad (shirt #4).","none","N/A","N/A",true
"cmuihvzaq06p8sexpgkgiqz4s","Felix Götze","330635","NONE","Unassigned","cmuihor87002jb23f3u8w2hsf","SC Paderborn 07","SOURCE_SHOWS_WE_DO_NOT","attach","attach: Present in SC Paderborn 07 FotMob squad (shirt #20); attach detached player.","none","N/A","N/A",true
"FM_1520469","Jano ter Horst","N/A","NONE","Unassigned","cmuihor87002jb23f3u8w2hsf","SC Paderborn 07","SOURCE_SHOWS_WE_DO_NOT","create new player","create new player: Ingest new senior player from FotMob squad (shirt #21).","none","N/A","N/A",true
"FM_1515976","Mattes Hansen","N/A","NONE","Unassigned","cmuihor87002jb23f3u8w2hsf","SC Paderborn 07","SOURCE_SHOWS_WE_DO_NOT","create new player","create new player: Ingest new senior player from FotMob squad (shirt #22).","none","N/A","N/A",true
"FM_1801952","Niklas Mohr","N/A","NONE","Unassigned","cmuihor87002jb23f3u8w2hsf","SC Paderborn 07","SOURCE_SHOWS_WE_DO_NOT","create new player","create new player: Ingest new senior player from FotMob squad (shirt #24).","none","N/A","N/A",true
"FM_1415373","Tjark Scheller","N/A","NONE","Unassigned","cmuihor87002jb23f3u8w2hsf","SC Paderborn 07","SOURCE_SHOWS_WE_DO_NOT","create new player","create new player: Ingest new senior player from FotMob squad (shirt #25).","none","N/A","N/A",true
"FM_970587","Marcel Hoffmeier","N/A","NONE","Unassigned","cmuihor87002jb23f3u8w2hsf","SC Paderborn 07","SOURCE_SHOWS_WE_DO_NOT","create new player","create new player: Ingest new senior player from FotMob squad (shirt #33).","none","N/A","N/A",true
"FM_1688956","Ruben Müller","N/A","NONE","Unassigned","cmuihor87002jb23f3u8w2hsf","SC Paderborn 07","SOURCE_SHOWS_WE_DO_NOT","create new player","create new player: Ingest new senior player from FotMob squad (shirt #2).","none","N/A","N/A",true
"FM_1520593","Jonah Sticker","N/A","NONE","Unassigned","cmuihor87002jb23f3u8w2hsf","SC Paderborn 07","SOURCE_SHOWS_WE_DO_NOT","create new player","create new player: Ingest new senior player from FotMob squad (shirt #3).","none","N/A","N/A",true
"FM_1362492","Santiago Castañeda","N/A","NONE","Unassigned","cmuihor87002jb23f3u8w2hsf","SC Paderborn 07","SOURCE_SHOWS_WE_DO_NOT","create new player","create new player: Ingest new senior player from FotMob squad (shirt #5).","none","N/A","N/A",true
"FM_658444","Tom Baack","N/A","NONE","Unassigned","cmuihor87002jb23f3u8w2hsf","SC Paderborn 07","SOURCE_SHOWS_WE_DO_NOT","create new player","create new player: Ingest new senior player from FotMob squad (shirt #6).","none","N/A","N/A",true
"FM_1586401","Luka Djuric","N/A","NONE","Unassigned","cmuihor87002jb23f3u8w2hsf","SC Paderborn 07","SOURCE_SHOWS_WE_DO_NOT","create new player","create new player: Ingest new senior player from FotMob squad (shirt #8).","none","N/A","N/A",true
"cmuihvxfy04jqsexptq3c5v6l","Sven Michel","186988","NONE","Unassigned","cmuihor87002jb23f3u8w2hsf","SC Paderborn 07","SOURCE_SHOWS_WE_DO_NOT","attach","attach: Present in SC Paderborn 07 FotMob squad (shirt #11); attach detached player.","none","N/A","N/A",true
"FM_1426060","Laurin Curda","N/A","NONE","Unassigned","cmuihor87002jb23f3u8w2hsf","SC Paderborn 07","SOURCE_SHOWS_WE_DO_NOT","create new player","create new player: Ingest new senior player from FotMob squad (shirt #17).","none","N/A","N/A",true
"FM_1804160","Albert Millgramm","N/A","NONE","Unassigned","cmuihor87002jb23f3u8w2hsf","SC Paderborn 07","SOURCE_SHOWS_WE_DO_NOT","create new player","create new player: Ingest new senior player from FotMob squad (shirt #19).","none","N/A","N/A",true
"cmuihvzaq06pasexpffxfzjmx","Raphael Obermair","330699","NONE","Unassigned","cmuihor87002jb23f3u8w2hsf","SC Paderborn 07","SOURCE_SHOWS_WE_DO_NOT","attach","attach: Present in SC Paderborn 07 FotMob squad (shirt #23); attach detached player.","none","N/A","N/A",true
"FM_840947","Sebastian Klaas","N/A","NONE","Unassigned","cmuihor87002jb23f3u8w2hsf","SC Paderborn 07","SOURCE_SHOWS_WE_DO_NOT","create new player","create new player: Ingest new senior player from FotMob squad (shirt #26).","none","N/A","N/A",true
"cmuihw2pt0ap4sexplsqkq9sr","Laurin Ulrich","717465","NONE","Unassigned","cmuihor87002jb23f3u8w2hsf","SC Paderborn 07","SOURCE_SHOWS_WE_DO_NOT","attach","attach: Present in SC Paderborn 07 FotMob squad (shirt #28); attach detached player.","none","N/A","N/A",true
"FM_1701615","Clemens Lippmann","N/A","NONE","Unassigned","cmuihor87002jb23f3u8w2hsf","SC Paderborn 07","SOURCE_SHOWS_WE_DO_NOT","create new player","create new player: Ingest new senior player from FotMob squad (shirt #29).","none","N/A","N/A",true
"FM_978381","Timur Gayret","N/A","NONE","Unassigned","cmuihor87002jb23f3u8w2hsf","SC Paderborn 07","SOURCE_SHOWS_WE_DO_NOT","create new player","create new player: Ingest new senior player from FotMob squad (shirt #44).","none","N/A","N/A",true
"FM_1881322","Noah Ringbeck","N/A","NONE","Unassigned","cmuihor87002jb23f3u8w2hsf","SC Paderborn 07","SOURCE_SHOWS_WE_DO_NOT","create new player","create new player: Ingest new academy player from FotMob squad (shirt #none).","none","N/A","N/A",false
"cmuihvzwi07vfsexptzja3rmq","Oliver Batista Meier","406614","NONE","Unassigned","cmuihor87002jb23f3u8w2hsf","SC Paderborn 07","SOURCE_SHOWS_WE_DO_NOT","attach","attach: Present in SC Paderborn 07 FotMob squad (shirt #7); attach detached player.","none","N/A","N/A",true
"cmuihw2ph0agtsexp107eo7pv","Rayan Philippe","694507","NONE","Unassigned","cmuihor87002jb23f3u8w2hsf","SC Paderborn 07","SOURCE_SHOWS_WE_DO_NOT","attach","attach: Present in SC Paderborn 07 FotMob squad (shirt #9); attach detached player.","none","N/A","N/A",true
"cmuihw0jt08iysexpkbxzz370","Marvin Pieringer","471055","cmuihq1er004rh29eo92kw3sx","1. Fußballclub Heidenheim 1846","cmuihor87002jb23f3u8w2hsf","SC Paderborn 07","SOURCE_SHOWS_WE_DO_NOT","reassign","reassign: Present in SC Paderborn 07 FotMob senior squad (shirt #18); previously at 1. Fußballclub Heidenheim 1846.","none","2023-07-02","N/A",true
"cmuihvyr506cfsexpslvrkv3h","Steffen Tigges","296879","NONE","Unassigned","cmuihor87002jb23f3u8w2hsf","SC Paderborn 07","SOURCE_SHOWS_WE_DO_NOT","attach","attach: Present in SC Paderborn 07 FotMob squad (shirt #27); attach detached player.","none","N/A","N/A",true
"FM_1321553","Stefano Marino","N/A","NONE","Unassigned","cmuihor87002jb23f3u8w2hsf","SC Paderborn 07","SOURCE_SHOWS_WE_DO_NOT","create new player","create new player: Ingest new senior player from FotMob squad (shirt #30).","none","N/A","N/A",true
"FM_1844511","Lasse Eickel","N/A","NONE","Unassigned","cmuihor87002jb23f3u8w2hsf","SC Paderborn 07","SOURCE_SHOWS_WE_DO_NOT","create new player","create new player: Ingest new senior player from FotMob squad (shirt #32).","none","N/A","N/A",true
"cmuihw44d0cpasexppbq1mkbt","Deniz Zeitler","1108022","NONE","Unassigned","cmuihor87002jb23f3u8w2hsf","SC Paderborn 07","SOURCE_SHOWS_WE_DO_NOT","attach","attach: Present in SC Paderborn 07 FotMob squad (shirt #38); attach detached player.","none","N/A","N/A",true
"FM_1276453","Gabriel Vidović","N/A","NONE","Unassigned","cmuihor87002jb23f3u8w2hsf","SC Paderborn 07","SOURCE_SHOWS_WE_DO_NOT","create new player","create new player: Ingest new senior player from FotMob squad (shirt #40).","none","N/A","N/A",true
"FM_1285780","Goncalo Tabuaco","N/A","NONE","Unassigned","cmuihovp7002rb23fxfslsjdn","CS Marítimo","SOURCE_SHOWS_WE_DO_NOT","create new player","create new player: Ingest new senior player from FotMob squad (shirt #1).","none","N/A","N/A",true
"cmuihw1bz093csexpozaeazb5","Alfonso Pastor","537367","cmuihq2g9005fh29e1fanj221","Rio Ave FC","cmuihovp7002rb23fxfslsjdn","CS Marítimo","SOURCE_SHOWS_WE_DO_NOT","reassign","reassign: Present in CS Marítimo FotMob senior squad (shirt #13); previously at Rio Ave FC.","none","N/A","N/A",true
"FM_930288","Francisco Vieites","N/A","NONE","Unassigned","cmuihovp7002rb23fxfslsjdn","CS Marítimo","SOURCE_SHOWS_WE_DO_NOT","create new player","create new player: Ingest new senior player from FotMob squad (shirt #30).","none","N/A","N/A",true
"FM_1303454","Kimiss Zavala","N/A","NONE","Unassigned","cmuihovp7002rb23fxfslsjdn","CS Marítimo","SOURCE_SHOWS_WE_DO_NOT","create new player","create new player: Ingest new senior player from FotMob squad (shirt #34).","none","N/A","N/A",true
"FM_950660","Nathanael Ogbeta","N/A","NONE","Unassigned","cmuihovp7002rb23fxfslsjdn","CS Marítimo","SOURCE_SHOWS_WE_DO_NOT","create new player","create new player: Ingest new academy player from FotMob squad (shirt #none).","none","N/A","N/A",false
"FM_1665606","Tyler Keating","N/A","NONE","Unassigned","cmuihovp7002rb23fxfslsjdn","CS Marítimo","SOURCE_SHOWS_WE_DO_NOT","create new player","create new player: Ingest new academy player from FotMob squad (shirt #none).","none","N/A","N/A",false
"cmuihvy5z055esexpusnnz6f1","Igor Julião","223977","NONE","Unassigned","cmuihovp7002rb23fxfslsjdn","CS Marítimo","SOURCE_SHOWS_WE_DO_NOT","attach","attach: Present in CS Marítimo FotMob squad (shirt #2); attach detached player.","none","N/A","N/A",true
"cmuihw2q00avzsexp6ai5y58t","Rafael Fernandes","744074","NONE","Unassigned","cmuihovp7002rb23fxfslsjdn","CS Marítimo","SOURCE_SHOWS_WE_DO_NOT","attach","attach: Present in CS Marítimo FotMob squad (shirt #4); attach detached player.","none","N/A","N/A",true
"FM_1097853","Nilton Varela","N/A","NONE","Unassigned","cmuihovp7002rb23fxfslsjdn","CS Marítimo","SOURCE_SHOWS_WE_DO_NOT","create new player","create new player: Ingest new senior player from FotMob squad (shirt #5).","none","N/A","N/A",true
"FM_1289171","Gábor Szalai","N/A","NONE","Unassigned","cmuihovp7002rb23fxfslsjdn","CS Marítimo","SOURCE_SHOWS_WE_DO_NOT","create new player","create new player: Ingest new senior player from FotMob squad (shirt #22).","none","N/A","N/A",true
"FM_522771","Paulo Henrique","N/A","NONE","Unassigned","cmuihovp7002rb23fxfslsjdn","CS Marítimo","SOURCE_SHOWS_WE_DO_NOT","create new player","create new player: Ingest new senior player from FotMob squad (shirt #23).","none","N/A","N/A",true
"cmuihvzwo07zksexpspwnp2ap","Romain Correia","416088","NONE","Unassigned","cmuihovp7002rb23fxfslsjdn","CS Marítimo","SOURCE_SHOWS_WE_DO_NOT","attach","attach: Present in CS Marítimo FotMob squad (shirt #44); attach detached player.","none","N/A","N/A",true
"cmuihw2pi0ahmsexpr2kyaour","Rodrigo Andrade","696656","NONE","Unassigned","cmuihovp7002rb23fxfslsjdn","CS Marítimo","SOURCE_SHOWS_WE_DO_NOT","attach","attach: Present in CS Marítimo FotMob squad (shirt #6); attach detached player.","none","N/A","N/A",true
"FM_520450","Maxime Dominguez","N/A","NONE","Unassigned","cmuihovp7002rb23fxfslsjdn","CS Marítimo","SOURCE_SHOWS_WE_DO_NOT","create new player","create new player: Ingest new senior player from FotMob squad (shirt #8).","none","N/A","N/A",true
"cmuihvxg804rpsexpdkuwz97d","Raphael Guzzo","197880","NONE","Unassigned","cmuihovp7002rb23fxfslsjdn","CS Marítimo","SOURCE_SHOWS_WE_DO_NOT","attach","attach: Present in CS Marítimo FotMob squad (shirt #14); attach detached player.","none","N/A","N/A",true
"FM_976003","Tomás Tavares","N/A","NONE","Unassigned","cmuihovp7002rb23fxfslsjdn","CS Marítimo","SOURCE_SHOWS_WE_DO_NOT","create new player","create new player: Ingest new senior player from FotMob squad (shirt #15).","none","N/A","N/A",true
"cmuihw2pz0auusexpwk1du2km","Francisco Silva","741492","NONE","Unassigned","cmuihovp7002rb23fxfslsjdn","CS Marítimo","SOURCE_SHOWS_WE_DO_NOT","attach","attach: Present in CS Marítimo FotMob squad (shirt #16); attach detached player.","none","N/A","N/A",true
"cmuihw0jd08c6sexpljavcex2","Vladan Danilovic","456898","NONE","Unassigned","cmuihovp7002rb23fxfslsjdn","CS Marítimo","SOURCE_SHOWS_WE_DO_NOT","attach","attach: Present in CS Marítimo FotMob squad (shirt #18); attach detached player.","none","N/A","N/A",true
"cmuihw4rx0d6dsexp9xayst6p","Ibrahim Alani","1367276","NONE","Unassigned","cmuihovp7002rb23fxfslsjdn","CS Marítimo","SOURCE_SHOWS_WE_DO_NOT","attach","attach: Present in CS Marítimo FotMob squad (shirt #21); attach detached player.","none","N/A","N/A",true
"cmuihw3fc0bvzsexpjlbsf2f7","Yellu Santiago","941869","cmuihq3vs0067h29eym5on22u","Hellas Verona","cmuihovp7002rb23fxfslsjdn","CS Marítimo","SOURCE_SHOWS_WE_DO_NOT","reassign","reassign: Present in CS Marítimo FotMob senior squad (shirt #25); previously at Hellas Verona.","none","2026-06-29","N/A",true
"FM_1670286","Israel Isaac Ayuma","N/A","NONE","Unassigned","cmuihovp7002rb23fxfslsjdn","CS Marítimo","SOURCE_SHOWS_WE_DO_NOT","create new player","create new player: Ingest new senior player from FotMob squad (shirt #66).","none","N/A","N/A",true
"FM_1872929","Nelio Batista","N/A","NONE","Unassigned","cmuihovp7002rb23fxfslsjdn","CS Marítimo","SOURCE_SHOWS_WE_DO_NOT","create new player","create new player: Ingest new senior player from FotMob squad (shirt #68).","none","N/A","N/A",true
"FM_1073488","Enrique Peña Zauner","N/A","NONE","Unassigned","cmuihovp7002rb23fxfslsjdn","CS Marítimo","SOURCE_SHOWS_WE_DO_NOT","create new player","create new player: Ingest new senior player from FotMob squad (shirt #7).","none","N/A","N/A",true
"cmuihvyqq0614sexp2rdi3ug4","Alberth Elis","281319","NONE","Unassigned","cmuihovp7002rb23fxfslsjdn","CS Marítimo","SOURCE_SHOWS_WE_DO_NOT","attach","attach: Present in CS Marítimo FotMob squad (shirt #9); attach detached player.","none","N/A","N/A",true
"FM_1355853","Jose Melro","N/A","NONE","Unassigned","cmuihovp7002rb23fxfslsjdn","CS Marítimo","SOURCE_SHOWS_WE_DO_NOT","create new player","create new player: Ingest new senior player from FotMob squad (shirt #9).","none","N/A","N/A",true
"cmuihw3fc0bw0sexp1d4m8c5p","Martín Tejón","941883","NONE","Unassigned","cmuihovp7002rb23fxfslsjdn","CS Marítimo","SOURCE_SHOWS_WE_DO_NOT","attach","attach: Present in CS Marítimo FotMob squad (shirt #10); attach detached player.","none","N/A","N/A",true
"FM_1238148","Simo Bouzaidi","N/A","NONE","Unassigned","cmuihovp7002rb23fxfslsjdn","CS Marítimo","SOURCE_SHOWS_WE_DO_NOT","create new player","create new player: Ingest new senior player from FotMob squad (shirt #11).","none","N/A","N/A",true
"FM_950504","Mons Bassouamina","N/A","NONE","Unassigned","cmuihovp7002rb23fxfslsjdn","CS Marítimo","SOURCE_SHOWS_WE_DO_NOT","create new player","create new player: Ingest new senior player from FotMob squad (shirt #12).","none","N/A","N/A",true
"cmuihw23w09nwsexpgjr9vhiv","Adrián Butzke","596884","NONE","Unassigned","cmuihovp7002rb23fxfslsjdn","CS Marítimo","SOURCE_SHOWS_WE_DO_NOT","attach","attach: Present in CS Marítimo FotMob squad (shirt #17); attach detached player.","none","N/A","N/A",true
"cmuihw3f50bqgsexphbkbhr0t","Francisco Gomes","927715","NONE","Unassigned","cmuihovp7002rb23fxfslsjdn","CS Marítimo","SOURCE_SHOWS_WE_DO_NOT","attach","attach: Present in CS Marítimo FotMob squad (shirt #20); attach detached player.","none","N/A","N/A",true
"cmuihw2pf0aewsexptv2rqaul","Samuel Bamba","684318","NONE","Unassigned","cmuihovp7002rb23fxfslsjdn","CS Marítimo","SOURCE_SHOWS_WE_DO_NOT","attach","attach: Present in CS Marítimo FotMob squad (shirt #27); attach detached player.","none","N/A","N/A",true
"cmuihw0k808rpsexp2ir4qz7v","Bryan Limbombe","502288","cmuihowzw002tb23f16afl5ce","Heracles Almelo","cmuihovp7002rb23fxfslsjdn","CS Marítimo","SOURCE_SHOWS_WE_DO_NOT","reassign","reassign: Present in CS Marítimo FotMob senior squad (shirt #35); previously at Heracles Almelo.","none","2023-06-30","N/A",true
"FM_1521007","Maurice Boakye","N/A","NONE","Unassigned","cmuihovp7002rb23fxfslsjdn","CS Marítimo","SOURCE_SHOWS_WE_DO_NOT","create new player","create new player: Ingest new senior player from FotMob squad (shirt #90).","none","N/A","N/A",true
"cmuihvyr806g2sexp3em6sg5w","Brais Méndez","309110","cmuihqdop00bfh29ezli7oevn","Real Sociedad","NONE","Unassigned","WE_SHOW_SOURCE_DOES_NOT","detach","detach: Absent from FotMob declared squad for Real Sociedad.","none","2022-07-05","N/A",true
"cmuihw3f00bngsexpcy1xmppm","Kazunari Kita","915258","cmuihqdop00bfh29ezli7oevn","Real Sociedad","NONE","Unassigned","WE_SHOW_SOURCE_DOES_NOT","detach","detach: Absent from FotMob declared squad for Real Sociedad.","none","N/A","N/A",true
"cmuihw3fb0bussexpe2vmdkzg","Dani Díaz","937945","cmuihqdop00bfh29ezli7oevn","Real Sociedad","NONE","Unassigned","WE_SHOW_SOURCE_DOES_NOT","detach","detach: Absent from FotMob declared squad for Real Sociedad.","none","2024-06-30","N/A",true
"cmuihw1dg09eosexp7cmr0z2n","Javi López","568158","cmuihqdop00bfh29ezli7oevn","Real Sociedad","cmuihq1t5004zh29exb9q00c1","Feyenoord Rotterdam","WE_SHOW_SOURCE_DOES_NOT","reassign","reassign: Player is registered in Feyenoord Rotterdam current FotMob squad (shirt #16).","none","2026-06-29","N/A",true
"cmuihw2pq0amnsexpdkoxh8il","Mikel Goti","709215","cmuihqdop00bfh29ezli7oevn","Real Sociedad","NONE","Unassigned","WE_SHOW_SOURCE_DOES_NOT","detach","detach: Absent from FotMob declared squad for Real Sociedad.","none","2026-06-29","N/A",true
"cmuihw2ps0anwsexp5k6h4rq0","Jon Karrikaburu","711382","cmuihqdop00bfh29ezli7oevn","Real Sociedad","NONE","Unassigned","WE_SHOW_SOURCE_DOES_NOT","detach","detach: Absent from FotMob declared squad for Real Sociedad.","none","2025-06-29","N/A",true
"cmuihw43h0c2nsexpkymx0c4u","Alex Lebarbier","979325","cmuihqdop00bfh29ezli7oevn","Real Sociedad","NONE","Unassigned","WE_SHOW_SOURCE_DOES_NOT","detach","detach: Absent from FotMob declared squad for Real Sociedad.","none","N/A","N/A",true
"cmuihw43z0cfqsexpml1v6uhv","Iñaki Rupérez","1055860","cmuihqdop00bfh29ezli7oevn","Real Sociedad","NONE","Unassigned","WE_SHOW_SOURCE_DOES_NOT","detach","detach: Absent from FotMob declared squad for Real Sociedad.","none","2023-06-30","N/A",true
"cmuihw4430ci3sexps65cai21","Gorka Carrera","1063598","cmuihqdop00bfh29ezli7oevn","Real Sociedad","NONE","Unassigned","WE_SHOW_SOURCE_DOES_NOT","detach","detach: Absent from FotMob declared squad for Real Sociedad.","none","N/A","N/A",true
"cmuihw4rf0cx2sexptll1njkn","Theo Folgado","1178818","cmuihqdop00bfh29ezli7oevn","Real Sociedad","NONE","Unassigned","WE_SHOW_SOURCE_DOES_NOT","detach","detach: Absent from FotMob declared squad for Real Sociedad.","none","N/A","N/A",true
"cmuihw4rt0d37sexpo53hqt5t","Tomy Carbonell","1283968","cmuihqdop00bfh29ezli7oevn","Real Sociedad","NONE","Unassigned","WE_SHOW_SOURCE_DOES_NOT","detach","detach: Absent from FotMob declared squad for Real Sociedad.","none","N/A","N/A",true
"cmuihw3ez0bmgsexpl2afds0e","Mamadou Sarr","910905","cmuihqcpo00b1h29edf8q9ksb","Chelsea FC","cmuihqdop00bfh29ezli7oevn","Real Sociedad","SOURCE_SHOWS_WE_DO_NOT","reassign","reassign: Present in Real Sociedad FotMob senior squad (shirt #19); previously at Chelsea FC.","none","2026-02-01","N/A",true
"cmuihw3fb0buvsexpzmkw039q","Héctor Fort","937955","NONE","Unassigned","cmuihqdop00bfh29ezli7oevn","Real Sociedad","SOURCE_SHOWS_WE_DO_NOT","attach","attach: Present in Real Sociedad FotMob squad (shirt #22); attach detached player.","none","N/A","N/A",true
"cmuihw0k708qgsexpnao8uyzd","Devis Vásquez","495722","NONE","Unassigned","cmuihoj9l0025b23fj4mplye4","Associazione Sportiva Roma","SOURCE_SHOWS_WE_DO_NOT","attach","attach: Present in Associazione Sportiva Roma FotMob squad (shirt #N/A); attach detached player.","none","N/A","N/A",false
"cmuihw24p0ab8sexp8ajeoazg","Konstantinos Koulierakis","669380","cmuihqf7s00chh29ehfr98rx6","VfL Wolfsburg","cmuihoj9l0025b23fj4mplye4","Associazione Sportiva Roma","SOURCE_SHOWS_WE_DO_NOT","reassign","reassign: Present in Associazione Sportiva Roma FotMob senior squad (shirt #3); previously at VfL Wolfsburg.","none","2024-08-29","N/A",true
"FM_787242","Evan N'Dicka","N/A","NONE","Unassigned","cmuihoj9l0025b23fj4mplye4","Associazione Sportiva Roma","SOURCE_SHOWS_WE_DO_NOT","create new player","create new player: Ingest new senior player from FotMob squad (shirt #5).","none","N/A","N/A",true
"cmuihvzwu082lsexpxf17wm1k","Nahuel Molina","424042","cmuihotfm002nb23fe7004xbm","Atlético de Madrid","cmuihoj9l0025b23fj4mplye4","Associazione Sportiva Roma","SOURCE_SHOWS_WE_DO_NOT","reassign","reassign: Present in Associazione Sportiva Roma FotMob senior squad (shirt #20); previously at Atlético de Madrid.","none","2022-07-27","N/A",true
"cmuihvyqq061bsexpaxkg476u","Mario Hermoso","281769","NONE","Unassigned","cmuihoj9l0025b23fj4mplye4","Associazione Sportiva Roma","SOURCE_SHOWS_WE_DO_NOT","attach","attach: Present in Associazione Sportiva Roma FotMob squad (shirt #22); attach detached player.","none","N/A","N/A",true
"cmuihw1do09hfsexpl7wmyu36","Leonardo Balerdi","575998","cmuihq2sw005jh29e5ugg799e","Olympique Marseille","cmuihoj9l0025b23fj4mplye4","Associazione Sportiva Roma","SOURCE_SHOWS_WE_DO_NOT","reassign","reassign: Present in Associazione Sportiva Roma FotMob senior squad (shirt #26); previously at Olympique Marseille.","none","2021-07-02","N/A",true
"cmuihw2pk0aj8sexp433ngns6","Daniele Ghilardi","701819","NONE","Unassigned","cmuihoj9l0025b23fj4mplye4","Associazione Sportiva Roma","SOURCE_SHOWS_WE_DO_NOT","attach","attach: Present in Associazione Sportiva Roma FotMob squad (shirt #87); attach detached player.","none","N/A","N/A",true
"cmuihvwrn03qysexp86fqncas","Marten de Roon","133179","cmuihqf7m00ceh29eo8vo509b","Atalanta BC","cmuihoj9l0025b23fj4mplye4","Associazione Sportiva Roma","SOURCE_SHOWS_WE_DO_NOT","reassign","reassign: Present in Associazione Sportiva Roma FotMob senior squad (shirt #15); previously at Atalanta BC.","none","2017-08-09","N/A",true
"cmuihw43f0c0psexp32oabd8n","Wesley","964580","NONE","Unassigned","cmuihoj9l0025b23fj4mplye4","Associazione Sportiva Roma","SOURCE_SHOWS_WE_DO_NOT","attach","attach: Present in Associazione Sportiva Roma FotMob squad (shirt #43); attach detached player.","none","N/A","N/A",true
"cmuihw4rd0cwbsexpq737x1yh","Emanuele Lulli","1175298","NONE","Unassigned","cmuihoj9l0025b23fj4mplye4","Associazione Sportiva Roma","SOURCE_SHOWS_WE_DO_NOT","attach","attach: Present in Associazione Sportiva Roma FotMob squad (shirt #77); attach detached player.","none","N/A","N/A",true
"cmuihw43d0bzhsexpn0liljph","Rodrigo Mora","957653","cmuihqe6h00brh29ew01veugs","FC Porto","cmuihoj9l0025b23fj4mplye4","Associazione Sportiva Roma","SOURCE_SHOWS_WE_DO_NOT","reassign","reassign: Present in Associazione Sportiva Roma FotMob senior squad (shirt #86); previously at FC Porto.","none","2024-06-30","N/A",true
"cmuihw3em0bc9sexppmg615pj","Santiago Castro","849520","cmuihnmx8000jb23fowusi2kw","Bologna Football Club 1909","cmuihoj9l0025b23fj4mplye4","Associazione Sportiva Roma","SOURCE_SHOWS_WE_DO_NOT","reassign","reassign: Present in Associazione Sportiva Roma FotMob senior squad (shirt #9); previously at Bologna Football Club 1909.","none","2024-01-29","N/A",true
"cmuihvzap06ntsexp10sjsfb9","Donyell Malen","326029","NONE","Unassigned","cmuihoj9l0025b23fj4mplye4","Associazione Sportiva Roma","SOURCE_SHOWS_WE_DO_NOT","attach","attach: Present in Associazione Sportiva Roma FotMob squad (shirt #14); attach detached player.","none","N/A","N/A",true
"cmuihw4rp0d24sexppepnmt75","Antonio Arena","1251220","NONE","Unassigned","cmuihoj9l0025b23fj4mplye4","Associazione Sportiva Roma","SOURCE_SHOWS_WE_DO_NOT","attach","attach: Present in Associazione Sportiva Roma FotMob squad (shirt #68); attach detached player.","none","N/A","N/A",true
"cmuihvzw307ncsexpdmdgu7y2","Gabriele Zappa","392569","cmuihpy660033h29egvkno1rw","Cagliari Calcio","NONE","Unassigned","WE_SHOW_SOURCE_DOES_NOT","detach","detach: Absent from FotMob declared squad for Cagliari Calcio.","none","2021-06-30","N/A",true
"cmuihw1bx092esexpel1fecx2","Giuseppe Ciocci","535740","cmuihpy660033h29egvkno1rw","Cagliari Calcio","NONE","Unassigned","WE_SHOW_SOURCE_DOES_NOT","detach","detach: Absent from FotMob declared squad for Cagliari Calcio.","none","2024-06-29","N/A",true
"cmuihw2pk0aj9sexp70giyglu","Nicolò Cavuoti","701842","cmuihpy660033h29egvkno1rw","Cagliari Calcio","NONE","Unassigned","WE_SHOW_SOURCE_DOES_NOT","detach","detach: Absent from FotMob declared squad for Cagliari Calcio.","none","N/A","N/A",true
"cmuihw43i0c2wsexpvh5b91r8","Andrea Cogoni","979850","cmuihpy660033h29egvkno1rw","Cagliari Calcio","NONE","Unassigned","WE_SHOW_SOURCE_DOES_NOT","detach","detach: Absent from FotMob declared squad for Cagliari Calcio.","none","2023-06-30","N/A",true
"cmuihvzwt081psexp91t16d9i","Elia Caprile","421873","NONE","Unassigned","cmuihpy660033h29egvkno1rw","Cagliari Calcio","SOURCE_SHOWS_WE_DO_NOT","attach","attach: Present in Cagliari Calcio FotMob squad (shirt #1); attach detached player.","none","N/A","N/A",true
"cmuihvyr706eysexpi4j0hst8","Alen Sherri","304144","NONE","Unassigned","cmuihpy660033h29egvkno1rw","Cagliari Calcio","SOURCE_SHOWS_WE_DO_NOT","attach","attach: Present in Cagliari Calcio FotMob squad (shirt #12); attach detached player.","none","N/A","N/A",true
"cmuihvzwi07v7sexpgeacho7y","Zé Pedro","406151","NONE","Unassigned","cmuihpy660033h29egvkno1rw","Cagliari Calcio","SOURCE_SHOWS_WE_DO_NOT","attach","attach: Present in Cagliari Calcio FotMob squad (shirt #2); attach detached player.","none","N/A","N/A",true
"cmuihw4rm0d0zsexpdt6fdksa","Juan Rodríguez","1228231","NONE","Unassigned","cmuihpy660033h29egvkno1rw","Cagliari Calcio","SOURCE_SHOWS_WE_DO_NOT","attach","attach: Present in Cagliari Calcio FotMob squad (shirt #15); attach detached player.","none","N/A","N/A",true
"FM_1396084","Raphael Kofler","N/A","NONE","Unassigned","cmuihpy660033h29egvkno1rw","Cagliari Calcio","SOURCE_SHOWS_WE_DO_NOT","create new player","create new player: Ingest new senior player from FotMob squad (shirt #22).","none","N/A","N/A",true
"cmuihvzwh07umsexp71lo5yqe","Yukinari Sugawara","405385","cmuihq0t3004hh29e03es83vu","Southampton FC","cmuihpy660033h29egvkno1rw","Cagliari Calcio","SOURCE_SHOWS_WE_DO_NOT","reassign","reassign: Present in Cagliari Calcio FotMob senior squad (shirt #28); previously at Southampton FC.","none","2026-06-29","N/A",true
"cmuihw43v0cc5sexp86x16huo","Antoni Franke","1035971","NONE","Unassigned","cmuihpy660033h29egvkno1rw","Cagliari Calcio","SOURCE_SHOWS_WE_DO_NOT","attach","attach: Present in Cagliari Calcio FotMob squad (shirt #35); attach detached player.","none","N/A","N/A",true
"cmuihw3et0bhosexprfc4mrpb","Riyad Idrissi","885226","NONE","Unassigned","cmuihpy660033h29egvkno1rw","Cagliari Calcio","SOURCE_SHOWS_WE_DO_NOT","attach","attach: Present in Cagliari Calcio FotMob squad (shirt #3); attach detached player.","none","N/A","N/A",true
"cmuihw3ez0bmhsexp4wnm2vqh","Alessandro Romano","911224","NONE","Unassigned","cmuihpy660033h29egvkno1rw","Cagliari Calcio","SOURCE_SHOWS_WE_DO_NOT","attach","attach: Present in Cagliari Calcio FotMob squad (shirt #4); attach detached player.","none","N/A","N/A",true
"cmuihvy6i05l8sexpbs40hjex","Harry Winks","249126","NONE","Unassigned","cmuihpy660033h29egvkno1rw","Cagliari Calcio","SOURCE_SHOWS_WE_DO_NOT","attach","attach: Present in Cagliari Calcio FotMob squad (shirt #6); attach detached player.","none","N/A","N/A",true
"FM_936164","Michel Ndary Adopo","N/A","NONE","Unassigned","cmuihpy660033h29egvkno1rw","Cagliari Calcio","SOURCE_SHOWS_WE_DO_NOT","create new player","create new player: Ingest new senior player from FotMob squad (shirt #8).","none","N/A","N/A",true
"cmuihw2pg0afysexp9vt92wx5","Jacopo Fazzini","691482","NONE","Unassigned","cmuihpy660033h29egvkno1rw","Cagliari Calcio","SOURCE_SHOWS_WE_DO_NOT","attach","attach: Present in Cagliari Calcio FotMob squad (shirt #10); attach detached player.","none","N/A","N/A",true
"cmuihw24a09yqsexpkpuodnpe","Riccardo Ciervo","628558","NONE","Unassigned","cmuihpy660033h29egvkno1rw","Cagliari Calcio","SOURCE_SHOWS_WE_DO_NOT","attach","attach: Present in Cagliari Calcio FotMob squad (shirt #20); attach detached player.","none","N/A","N/A",true
"cmuihvxg704qtsexphhz8q15c","Roberto Gagliardini","197471","NONE","Unassigned","cmuihpy660033h29egvkno1rw","Cagliari Calcio","SOURCE_SHOWS_WE_DO_NOT","attach","attach: Present in Cagliari Calcio FotMob squad (shirt #21); attach detached player.","none","N/A","N/A",true
"cmuihw0je08cksexpje8rg13p","Giuseppe Aurelio","457444","NONE","Unassigned","cmuihpy660033h29egvkno1rw","Cagliari Calcio","SOURCE_SHOWS_WE_DO_NOT","attach","attach: Present in Cagliari Calcio FotMob squad (shirt #24); attach detached player.","none","N/A","N/A",true
"cmuihw4r20csgsexp5x7880qa","Joseph Liteta","1134304","NONE","Unassigned","cmuihpy660033h29egvkno1rw","Cagliari Calcio","SOURCE_SHOWS_WE_DO_NOT","attach","attach: Present in Cagliari Calcio FotMob squad (shirt #27); attach detached player.","none","N/A","N/A",true
"FM_1724391","Demi Akarakiri","N/A","NONE","Unassigned","cmuihpy660033h29egvkno1rw","Cagliari Calcio","SOURCE_SHOWS_WE_DO_NOT","create new player","create new player: Ingest new senior player from FotMob squad (shirt #30).","none","N/A","N/A",true
"cmuihw3f50bq3sexpk4i1as3e","Ivan Sulev","926839","NONE","Unassigned","cmuihpy660033h29egvkno1rw","Cagliari Calcio","SOURCE_SHOWS_WE_DO_NOT","attach","attach: Present in Cagliari Calcio FotMob squad (shirt #32); attach detached player.","none","N/A","N/A",true
"cmuihw43y0ce1sexp2lqlp10z","Nicola Grandu","1048013","NONE","Unassigned","cmuihpy660033h29egvkno1rw","Cagliari Calcio","SOURCE_SHOWS_WE_DO_NOT","attach","attach: Present in Cagliari Calcio FotMob squad (shirt #36); attach detached player.","none","N/A","N/A",true
"cmuihw3f10bnisexplb6ilpjv","Yanis Massolin","915849","NONE","Unassigned","cmuihpy660033h29egvkno1rw","Cagliari Calcio","SOURCE_SHOWS_WE_DO_NOT","attach","attach: Present in Cagliari Calcio FotMob squad (shirt #79); attach detached player.","none","N/A","N/A",true
"FM_1166344","Kevin Carlos","N/A","NONE","Unassigned","cmuihpy660033h29egvkno1rw","Cagliari Calcio","SOURCE_SHOWS_WE_DO_NOT","create new player","create new player: Ingest new senior player from FotMob squad (shirt #9).","none","N/A","N/A",true
"cmuihvzbh076gsexpedvswg1p","M'Bala Nzola","354814","NONE","Unassigned","cmuihpy660033h29egvkno1rw","Cagliari Calcio","SOURCE_SHOWS_WE_DO_NOT","attach","attach: Present in Cagliari Calcio FotMob squad (shirt #18); attach detached player.","none","N/A","N/A",true
"cmuihw44c0coesexpq1ry2zpl","Yael Trepy","1099924","NONE","Unassigned","cmuihpy660033h29egvkno1rw","Cagliari Calcio","SOURCE_SHOWS_WE_DO_NOT","attach","attach: Present in Cagliari Calcio FotMob squad (shirt #19); attach detached player.","none","N/A","N/A",true
"cmuihw4sf0d6jsexprux72fpx","Paul Mendy","1371793","NONE","Unassigned","cmuihpy660033h29egvkno1rw","Cagliari Calcio","SOURCE_SHOWS_WE_DO_NOT","attach","attach: Present in Cagliari Calcio FotMob squad (shirt #31); attach detached player.","none","N/A","N/A",true
"FM_1663296","Alessandro Sugamele","N/A","NONE","Unassigned","cmuihpy660033h29egvkno1rw","Cagliari Calcio","SOURCE_SHOWS_WE_DO_NOT","create new player","create new player: Ingest new senior player from FotMob squad (shirt #35).","none","N/A","N/A",true
"cmuihw2q60ay0sexphvrdi4nr","Alieu Fadera","749552","NONE","Unassigned","cmuihpy660033h29egvkno1rw","Cagliari Calcio","SOURCE_SHOWS_WE_DO_NOT","attach","attach: Present in Cagliari Calcio FotMob squad (shirt #39); attach detached player.","none","N/A","N/A",true
"cmuihw1ct094psexpqcjxb8wx","Daniel Maldini","539134","NONE","Unassigned","cmuihpy660033h29egvkno1rw","Cagliari Calcio","SOURCE_SHOWS_WE_DO_NOT","attach","attach: Present in Cagliari Calcio FotMob squad (shirt #70); attach detached player.","none","N/A","N/A",true
"cmuihw1d50998sexpfsxfmlo4","Filip Stanković","552223","NONE","Unassigned","cmuihqc8e00arh29e87zakfd6","Venezia FC","SOURCE_SHOWS_WE_DO_NOT","attach","attach: Present in Venezia FC FotMob squad (shirt #1); attach detached player.","none","N/A","N/A",true
"cmuihvws1040dsexp8hkqjs8s","Matteo Grandi","155038","NONE","Unassigned","cmuihqc8e00arh29e87zakfd6","Venezia FC","SOURCE_SHOWS_WE_DO_NOT","attach","attach: Present in Venezia FC FotMob squad (shirt #23); attach detached player.","none","N/A","N/A",true
"FM_879393","Alessio Pozzi","N/A","NONE","Unassigned","cmuihqc8e00arh29e87zakfd6","Venezia FC","SOURCE_SHOWS_WE_DO_NOT","create new player","create new player: Ingest new senior player from FotMob squad (shirt #28).","none","N/A","N/A",true
"cmuihvy6e05hbsexpj8cmv5n2","Lorenzo Montipò","241923","cmuihq3vs0067h29eym5on22u","Hellas Verona","cmuihqc8e00arh29e87zakfd6","Venezia FC","SOURCE_SHOWS_WE_DO_NOT","reassign","reassign: Present in Venezia FC FotMob senior squad (shirt #96); previously at Hellas Verona.","none","2022-06-30","N/A",true
"cmuihw4r50ctfsexp8e9s39ki","Matías Moreno","1144700","NONE","Unassigned","cmuihqc8e00arh29e87zakfd6","Venezia FC","SOURCE_SHOWS_WE_DO_NOT","attach","attach: Present in Venezia FC FotMob squad (shirt #2); attach detached player.","none","N/A","N/A",true
"FM_1352744","Joël Schingtienne","N/A","NONE","Unassigned","cmuihqc8e00arh29e87zakfd6","Venezia FC","SOURCE_SHOWS_WE_DO_NOT","create new player","create new player: Ingest new senior player from FotMob squad (shirt #3).","none","N/A","N/A",true
"FM_1072710","Bartol Franjić","N/A","NONE","Unassigned","cmuihqc8e00arh29e87zakfd6","Venezia FC","SOURCE_SHOWS_WE_DO_NOT","create new player","create new player: Ingest new senior player from FotMob squad (shirt #4).","none","N/A","N/A",true
"cmuihvzvo07casexpq3mry9bf","Thierry Correia","367466","cmuihnufg000xb23fs4poj6rc","Valencia CF","cmuihqc8e00arh29e87zakfd6","Venezia FC","SOURCE_SHOWS_WE_DO_NOT","reassign","reassign: Present in Venezia FC FotMob senior squad (shirt #14); previously at Valencia CF.","none","2019-09-01","N/A",true
"cmuihvwrc03hjsexpn3we2v9x","Juan Jesus","121985","NONE","Unassigned","cmuihqc8e00arh29e87zakfd6","Venezia FC","SOURCE_SHOWS_WE_DO_NOT","attach","attach: Present in Venezia FC FotMob squad (shirt #15); attach detached player.","none","N/A","N/A",true
"FM_1681811","Rufai Mohammed","N/A","NONE","Unassigned","cmuihqc8e00arh29e87zakfd6","Venezia FC","SOURCE_SHOWS_WE_DO_NOT","create new player","create new player: Ingest new senior player from FotMob squad (shirt #16).","none","N/A","N/A",true
"cmuihw0jq08hlsexplr857eaw","Armel Bella-Kotchap","467563","cmuihq3vs0067h29eym5on22u","Hellas Verona","cmuihqc8e00arh29e87zakfd6","Venezia FC","SOURCE_SHOWS_WE_DO_NOT","reassign","reassign: Present in Venezia FC FotMob senior squad (shirt #17); previously at Hellas Verona.","none","2026-02-01","N/A",true
"FM_1298186","Redouane Halhal","N/A","NONE","Unassigned","cmuihqc8e00arh29e87zakfd6","Venezia FC","SOURCE_SHOWS_WE_DO_NOT","create new player","create new player: Ingest new senior player from FotMob squad (shirt #25).","none","N/A","N/A",true
"cmuihvyqr061rsexpgih2lc0x","Marin Šverko","282169","NONE","Unassigned","cmuihqc8e00arh29e87zakfd6","Venezia FC","SOURCE_SHOWS_WE_DO_NOT","attach","attach: Present in Venezia FC FotMob squad (shirt #33); attach detached player.","none","N/A","N/A",true
"FM_1842921","Ale Gomes","N/A","NONE","Unassigned","cmuihqc8e00arh29e87zakfd6","Venezia FC","SOURCE_SHOWS_WE_DO_NOT","create new player","create new player: Ingest new senior player from FotMob squad (shirt #95).","none","N/A","N/A",true
"cmuihvy620582sexp64xh8aap","Ridgeciano Haps","228444","NONE","Unassigned","cmuihqc8e00arh29e87zakfd6","Venezia FC","SOURCE_SHOWS_WE_DO_NOT","attach","attach: Present in Venezia FC FotMob squad (shirt #5); attach detached player.","none","N/A","N/A",true
"cmuihw0ka08tfsexpl2nxepwk","Gianluca Busio","504209","NONE","Unassigned","cmuihqc8e00arh29e87zakfd6","Venezia FC","SOURCE_SHOWS_WE_DO_NOT","attach","attach: Present in Venezia FC FotMob squad (shirt #6); attach detached player.","none","N/A","N/A",true
"FM_1460862","Lamine Fanne","N/A","NONE","Unassigned","cmuihqc8e00arh29e87zakfd6","Venezia FC","SOURCE_SHOWS_WE_DO_NOT","create new player","create new player: Ingest new senior player from FotMob squad (shirt #8).","none","N/A","N/A",true
"cmuihw3f10bnwsexp4xyn2ahc","Antoine Hainaut","917375","NONE","Unassigned","cmuihqc8e00arh29e87zakfd6","Venezia FC","SOURCE_SHOWS_WE_DO_NOT","attach","attach: Present in Venezia FC FotMob squad (shirt #18); attach detached player.","none","N/A","N/A",true
"cmuihw0kd08ujsexpx8zntn6s","Simon Sohm","507486","NONE","Unassigned","cmuihqc8e00arh29e87zakfd6","Venezia FC","SOURCE_SHOWS_WE_DO_NOT","attach","attach: Present in Venezia FC FotMob squad (shirt #19); attach detached player.","none","N/A","N/A",true
"cmuihw24k0a6hsexpnab341nk","Richie Sagrado","655009","NONE","Unassigned","cmuihqc8e00arh29e87zakfd6","Venezia FC","SOURCE_SHOWS_WE_DO_NOT","attach","attach: Present in Venezia FC FotMob squad (shirt #20); attach detached player.","none","N/A","N/A",true
"FM_939593","Thórir Helgason","N/A","NONE","Unassigned","cmuihqc8e00arh29e87zakfd6","Venezia FC","SOURCE_SHOWS_WE_DO_NOT","create new player","create new player: Ingest new senior player from FotMob squad (shirt #21).","none","N/A","N/A",true
"FM_1592168","Matteo Dagasso","N/A","NONE","Unassigned","cmuihqc8e00arh29e87zakfd6","Venezia FC","SOURCE_SHOWS_WE_DO_NOT","create new player","create new player: Ingest new senior player from FotMob squad (shirt #30).","none","N/A","N/A",true
"cmuihvxfx04iksexpzmnlgivz","Alfred Duncan","184894","NONE","Unassigned","cmuihqc8e00arh29e87zakfd6","Venezia FC","SOURCE_SHOWS_WE_DO_NOT","attach","attach: Present in Venezia FC FotMob squad (shirt #32); attach detached player.","none","N/A","N/A",true
"FM_1803901","Lorenzo Berardi","N/A","NONE","Unassigned","cmuihqc8e00arh29e87zakfd6","Venezia FC","SOURCE_SHOWS_WE_DO_NOT","create new player","create new player: Ingest new senior player from FotMob squad (shirt #36).","none","N/A","N/A",true
"cmuihw0k508ohsexp5l7c6z1p","Simone Panada","487836","NONE","Unassigned","cmuihqc8e00arh29e87zakfd6","Venezia FC","SOURCE_SHOWS_WE_DO_NOT","attach","attach: Present in Venezia FC FotMob squad (shirt #55); attach detached player.","none","N/A","N/A",true
"cmuihvy6j05lusexpyt6fc9dd","Pasquale Mazzocchi","250153","cmuihqcp500axh29eqi1p52xi","SSC Napoli","cmuihqc8e00arh29e87zakfd6","Venezia FC","SOURCE_SHOWS_WE_DO_NOT","reassign","reassign: Present in Venezia FC FotMob senior squad (shirt #70); previously at SSC Napoli.","none","2024-01-04","N/A",true
"cmuihw1br08zrsexp95qvf41g","Kike Pérez","527698","NONE","Unassigned","cmuihqc8e00arh29e87zakfd6","Venezia FC","SOURCE_SHOWS_WE_DO_NOT","attach","attach: Present in Venezia FC FotMob squad (shirt #71); attach detached player.","none","N/A","N/A",true
"cmuihw4460cj5sexp902d0hgq","Toni Fernández","1066206","NONE","Unassigned","cmuihqc8e00arh29e87zakfd6","Venezia FC","SOURCE_SHOWS_WE_DO_NOT","attach","attach: Present in Venezia FC FotMob squad (shirt #77); attach detached player.","none","N/A","N/A",true
"FM_2153210","Mohamed Toure","N/A","NONE","Unassigned","cmuihqc8e00arh29e87zakfd6","Venezia FC","SOURCE_SHOWS_WE_DO_NOT","create new player","create new player: Ingest new academy player from FotMob squad (shirt #none).","none","N/A","N/A",false
"FM_1379468","Albion Rrahmani","N/A","NONE","Unassigned","cmuihqc8e00arh29e87zakfd6","Venezia FC","SOURCE_SHOWS_WE_DO_NOT","create new player","create new player: Ingest new senior player from FotMob squad (shirt #7).","none","N/A","N/A",true
"cmuihvzbm07b9sexpirsl0nhd","Andrea Adorante","364206","NONE","Unassigned","cmuihqc8e00arh29e87zakfd6","Venezia FC","SOURCE_SHOWS_WE_DO_NOT","attach","attach: Present in Venezia FC FotMob squad (shirt #9); attach detached player.","none","N/A","N/A",true
"FM_866165","Lion Lauberbach","N/A","NONE","Unassigned","cmuihqc8e00arh29e87zakfd6","Venezia FC","SOURCE_SHOWS_WE_DO_NOT","create new player","create new player: Ingest new senior player from FotMob squad (shirt #29).","none","N/A","N/A",true
"cmuihw24109qwsexpx39ia496","Akor Adams","607034","cmuihq7is0085h29ez260bgnc","Sevilla FC","cmuihqc8e00arh29e87zakfd6","Venezia FC","SOURCE_SHOWS_WE_DO_NOT","reassign","reassign: Present in Venezia FC FotMob senior squad (shirt #45); previously at Sevilla FC.","none","2025-01-26","N/A",true
"FM_1529483","Kornel Lisman","N/A","NONE","Unassigned","cmuihqc8e00arh29e87zakfd6","Venezia FC","SOURCE_SHOWS_WE_DO_NOT","create new player","create new player: Ingest new senior player from FotMob squad (shirt #56).","none","N/A","N/A",true
"cmuihvyqu064dsexpxmvavobg","Ainsley Maitland-Niles","285845","cmuihnsd9000tb23f30w9l9tm","Olympique Lyon","cmuihq4bo006fh29ef9sfod5p","Everton FC","WE_SHOW_SOURCE_DOES_NOT","reassign","reassign: Player is registered in Everton FC current FotMob squad (shirt #2).","none","2023-08-06","N/A",true
"cmuihw2q00avasexpsu0jz5ar","Malick Fofana","743386","cmuihnsd9000tb23f30w9l9tm","Olympique Lyon","cmuihq47i006bh29e3kejf8oh","Sunderland AFC","WE_SHOW_SOURCE_DOES_NOT","reassign","reassign: Player is registered in Sunderland AFC current FotMob squad (shirt #39).","none","2024-01-09","N/A",true
"cmuihvzak06k2sexpbirgn899","Dominik Greif","316884","NONE","Unassigned","cmuihnsd9000tb23f30w9l9tm","Olympique Lyon","SOURCE_SHOWS_WE_DO_NOT","attach","attach: Present in Olympique Lyon FotMob squad (shirt #1); attach detached player.","none","N/A","N/A",true
"FM_1514441","Justin Bengui","N/A","NONE","Unassigned","cmuihnsd9000tb23f30w9l9tm","Olympique Lyon","SOURCE_SHOWS_WE_DO_NOT","create new player","create new player: Ingest new senior player from FotMob squad (shirt #25).","none","N/A","N/A",true
"cmuihw43m0c5tsexp6r2aig07","Zachary Athekame","990637","cmuihqb6900a7h29eb12tdj1t","AC Milan","cmuihnsd9000tb23f30w9l9tm","Olympique Lyon","SOURCE_SHOWS_WE_DO_NOT","reassign","reassign: Present in Olympique Lyon FotMob senior squad (shirt #13); previously at AC Milan.","none","2025-08-14","N/A",true
"cmuihvzw507otsexp4xt7uh8s","Felix Bacher","394134","cmuihpzrk003th29ed2012pii","GD Estoril Praia","cmuihnsd9000tb23f30w9l9tm","Olympique Lyon","SOURCE_SHOWS_WE_DO_NOT","reassign","reassign: Present in Olympique Lyon FotMob senior squad (shirt #20); previously at GD Estoril Praia.","none","2024-07-24","N/A",true
"cmuihw1do09hwsexpudcvr40m","Ruben Kluivert","578421","NONE","Unassigned","cmuihnsd9000tb23f30w9l9tm","Olympique Lyon","SOURCE_SHOWS_WE_DO_NOT","attach","attach: Present in Olympique Lyon FotMob squad (shirt #21); attach detached player.","none","N/A","N/A",true
"cmuihw4rt0d31sexp9ncygy9q","Noham Kamara","1275040","NONE","Unassigned","cmuihnsd9000tb23f30w9l9tm","Olympique Lyon","SOURCE_SHOWS_WE_DO_NOT","attach","attach: Present in Olympique Lyon FotMob squad (shirt #85); attach detached player.","none","N/A","N/A",true
"cmuihw0iq084dsexpjl9xsmrc","Paul Akouokou","429901","NONE","Unassigned","cmuihnsd9000tb23f30w9l9tm","Olympique Lyon","SOURCE_SHOWS_WE_DO_NOT","attach","attach: Present in Olympique Lyon FotMob squad (shirt #N/A); attach detached player.","none","N/A","N/A",false
"FM_1081025","Mads Bidstrup","N/A","NONE","Unassigned","cmuihnsd9000tb23f30w9l9tm","Olympique Lyon","SOURCE_SHOWS_WE_DO_NOT","create new player","create new player: Ingest new senior player from FotMob squad (shirt #2).","none","N/A","N/A",true
"cmuihw4rh0cybsexp24r0gnei","Khalis Merah","1187942","NONE","Unassigned","cmuihnsd9000tb23f30w9l9tm","Olympique Lyon","SOURCE_SHOWS_WE_DO_NOT","attach","attach: Present in Olympique Lyon FotMob squad (shirt #18); attach detached player.","none","N/A","N/A",true
"cmuihw24509v1sexpc0523j1p","Tyler Morton","618494","cmuihq56p006vh29efww9bqgh","Hull City","cmuihnsd9000tb23f30w9l9tm","Olympique Lyon","SOURCE_SHOWS_WE_DO_NOT","reassign","reassign: Present in Olympique Lyon FotMob senior squad (shirt #23); previously at Hull City.","none","2025-08-04","N/A",true
"FM_1512829","Mohamed Ouédraogo","N/A","NONE","Unassigned","cmuihnsd9000tb23f30w9l9tm","Olympique Lyon","SOURCE_SHOWS_WE_DO_NOT","create new player","create new player: Ingest new senior player from FotMob squad (shirt #76).","none","N/A","N/A",true
"cmuihw2qb0b2lsexp9rbyxf8d","Noah Nartey","802515","NONE","Unassigned","cmuihnsd9000tb23f30w9l9tm","Olympique Lyon","SOURCE_SHOWS_WE_DO_NOT","attach","attach: Present in Olympique Lyon FotMob squad (shirt #99); attach detached player.","none","N/A","N/A",true
"cmuihw44d0cpksexpjqr9vnj6","Alejandro Gomes Rodríguez","1108478","NONE","Unassigned","cmuihnsd9000tb23f30w9l9tm","Olympique Lyon","SOURCE_SHOWS_WE_DO_NOT","attach","attach: Present in Olympique Lyon FotMob squad (shirt #N/A); attach detached player.","none","N/A","N/A",false
"FM_1037539","Pavel Šulc","N/A","NONE","Unassigned","cmuihnsd9000tb23f30w9l9tm","Olympique Lyon","SOURCE_SHOWS_WE_DO_NOT","create new player","create new player: Ingest new senior player from FotMob squad (shirt #10).","none","N/A","N/A",true
"cmuihvzwh07upsexpcsoxjol8","Keito Nakamura","405397","cmuihpyvo003dh29e5d7h1ghc","Stade Reims","cmuihnsd9000tb23f30w9l9tm","Olympique Lyon","SOURCE_SHOWS_WE_DO_NOT","reassign","reassign: Present in Olympique Lyon FotMob senior squad (shirt #11); previously at Stade Reims.","none","2023-08-09","N/A",true
"cmuihvzvp07cnsexpwg2spwmt","Loïs Openda","368887","cmuihqb7i00a9h29e7t17vakf","Juventus FC","cmuihnsd9000tb23f30w9l9tm","Olympique Lyon","SOURCE_SHOWS_WE_DO_NOT","reassign","reassign: Present in Olympique Lyon FotMob senior squad (shirt #17); previously at Juventus FC.","none","2026-06-30","N/A",true
"cmuihw3ef0b7msexped7m0rgh","Julien Duranville","819215","cmuihq09e0045h29ednnt1hkq","Borussia Dortmund","cmuihnsd9000tb23f30w9l9tm","Olympique Lyon","SOURCE_SHOWS_WE_DO_NOT","reassign","reassign: Present in Olympique Lyon FotMob senior squad (shirt #24); previously at Borussia Dortmund.","none","2026-06-29","N/A",true
"cmuihw44c0co6sexpdujwducf","Kaïl Boudache","1097113","NONE","Unassigned","cmuihnsd9000tb23f30w9l9tm","Olympique Lyon","SOURCE_SHOWS_WE_DO_NOT","attach","attach: Present in Olympique Lyon FotMob squad (shirt #26); attach detached player.","none","N/A","N/A",true
"cmuihw4rk0czmsexpcrtgdrjc","Rémi Himbert","1200423","NONE","Unassigned","cmuihnsd9000tb23f30w9l9tm","Olympique Lyon","SOURCE_SHOWS_WE_DO_NOT","attach","attach: Present in Olympique Lyon FotMob squad (shirt #45); attach detached player.","none","N/A","N/A",true
"cmuihvvwe039hsexpmgwf0c5w","Ciro Immobile","105521","cmuihnihk000bb23fi54xeh0d","Paris FC","NONE","Unassigned","WE_SHOW_SOURCE_DOES_NOT","detach","detach: Absent from FotMob declared squad for Paris FC.","none","2026-01-31","N/A",true
"cmuihvxfn04cmsexpvoneimox","Nouha Dicko","173750","cmuihnihk000bb23fi54xeh0d","Paris FC","NONE","Unassigned","WE_SHOW_SOURCE_DOES_NOT","detach","detach: Absent from FotMob declared squad for Paris FC.","none","2024-01-30","N/A",true
"cmuihw3fd0bwvsexp5d9gmgv8","Anis Fatahine","945517","cmuihnihk000bb23fi54xeh0d","Paris FC","NONE","Unassigned","WE_SHOW_SOURCE_DOES_NOT","detach","detach: Absent from FotMob declared squad for Paris FC.","none","N/A","N/A",true
"cmuihvzwd07sjsexpukjf1qyt","Mathieu Cafaro","399383","cmuihnihk000bb23fi54xeh0d","Paris FC","NONE","Unassigned","WE_SHOW_SOURCE_DOES_NOT","detach","detach: Absent from FotMob declared squad for Paris FC.","none","2025-02-02","N/A",true
"cmuihw0iu085zsexppsb2uua5","Tuomas Ollila","433887","cmuihnihk000bb23fi54xeh0d","Paris FC","NONE","Unassigned","WE_SHOW_SOURCE_DOES_NOT","detach","detach: Absent from FotMob declared squad for Paris FC.","none","2024-01-28","N/A",true
"cmuihw0j1086osexp1s1new0g","Alimami Gory","435492","cmuihnihk000bb23fi54xeh0d","Paris FC","NONE","Unassigned","WE_SHOW_SOURCE_DOES_NOT","detach","detach: Absent from FotMob declared squad for Paris FC.","none","2022-07-08","N/A",true
"cmuihw0jn08g0sexpz3wjti57","Willem Geubbels","463620","cmuihnihk000bb23fi54xeh0d","Paris FC","cmuihnki5000fb23fj5zntsyp","US Lecce","WE_SHOW_SOURCE_DOES_NOT","reassign","reassign: Player is registered in US Lecce current FotMob squad (shirt #69).","none","2025-08-16","N/A",true
"cmuihw24i0a4tsexps3vljp9y","Moustapha Mbow","649026","cmuihnihk000bb23fi54xeh0d","Paris FC","NONE","Unassigned","WE_SHOW_SOURCE_DOES_NOT","detach","detach: Absent from FotMob declared squad for Paris FC.","none","2023-07-19","N/A",true
"cmuihw43p0c79sexpe4ofxkbn","Killian Prouchet","1000355","cmuihnihk000bb23fi54xeh0d","Paris FC","NONE","Unassigned","WE_SHOW_SOURCE_DOES_NOT","detach","detach: Absent from FotMob declared squad for Paris FC.","none","2023-01-31","N/A",true
"cmuihw3ei0b9ksexp2hwaf1av","Lohann Doucet","830265","cmuihnihk000bb23fi54xeh0d","Paris FC","cmuihq2b80059h29ezwhg3ewt","Vitória Guimarães SC","WE_SHOW_SOURCE_DOES_NOT","reassign","reassign: Player is registered in Vitória Guimarães SC current FotMob squad (shirt #44).","none","N/A","N/A",true
"cmuihw4r40ctasexp7ytipp8w","Zakarya Khaldi","1143701","cmuihnihk000bb23fi54xeh0d","Paris FC","NONE","Unassigned","WE_SHOW_SOURCE_DOES_NOT","detach","detach: Absent from FotMob declared squad for Paris FC.","none","N/A","N/A",true
"FM_1830661","Emmanuel Mbemba","N/A","NONE","Unassigned","cmuihnihk000bb23fi54xeh0d","Paris FC","SOURCE_SHOWS_WE_DO_NOT","create new player","create new player: Ingest new academy player from FotMob squad (shirt #none).","none","N/A","N/A",false
"FM_1053678","Mamadou Mbow","N/A","NONE","Unassigned","cmuihnihk000bb23fi54xeh0d","Paris FC","SOURCE_SHOWS_WE_DO_NOT","create new player","create new player: Ingest new senior player from FotMob squad (shirt #5).","none","N/A","N/A",true
"cmuihw24m0a8ksexpfkjvacdt","Diego Coppola","660860","NONE","Unassigned","cmuihnihk000bb23fi54xeh0d","Paris FC","SOURCE_SHOWS_WE_DO_NOT","attach","attach: Present in Paris FC FotMob squad (shirt #42); attach detached player.","none","N/A","N/A",true
"cmuihw2qe0b4qsexpvegpnkfe","Pablo Pagis","810411","cmuihodrf001xb23fkcn0k6ut","FC Lorient","cmuihnihk000bb23fi54xeh0d","Paris FC","SOURCE_SHOWS_WE_DO_NOT","reassign","reassign: Present in Paris FC FotMob senior squad (shirt #7); previously at FC Lorient.","none","2024-06-29","N/A",true
"cmuihw4rx0d65sexpcjnullsb","Patrick Zabi","1363293","NONE","Unassigned","cmuihnihk000bb23fi54xeh0d","Paris FC","SOURCE_SHOWS_WE_DO_NOT","attach","attach: Present in Paris FC FotMob squad (shirt #8); attach detached player.","none","N/A","N/A",true
"cmuihw1dh09f8sexpsyer2y54","Lassine Sinayoko","569140","cmuihq4bo006eh29ep1anor93","AJ Auxerre","cmuihnihk000bb23fi54xeh0d","Paris FC","SOURCE_SHOWS_WE_DO_NOT","reassign","reassign: Present in Paris FC FotMob senior squad (shirt #9); previously at AJ Auxerre.","none","2019-06-30","N/A",true
"cmuihw2q10awlsexpf1ztpbvs","Luca Koleosho","745461","cmuihoaiv001rb23fn6cviuyz","Burnley FC","cmuihnihk000bb23fi54xeh0d","Paris FC","SOURCE_SHOWS_WE_DO_NOT","reassign","reassign: Present in Paris FC FotMob senior squad (shirt #15); previously at Burnley FC.","none","2026-06-29","N/A",true
"FM_1529204","Omar Sissoko","N/A","NONE","Unassigned","cmuihnihk000bb23fi54xeh0d","Paris FC","SOURCE_SHOWS_WE_DO_NOT","create new player","create new player: Ingest new senior player from FotMob squad (shirt #18).","none","N/A","N/A",true
"cmuihvy6a05dfsexpmkhkau0l","Laurent Abergel","238626","cmuihodrf001xb23fkcn0k6ut","FC Lorient","cmuihq9ie009bh29e4ay5p2yp","OGC Nice","WE_SHOW_SOURCE_DOES_NOT","reassign","reassign: Player is registered in OGC Nice current FotMob squad (shirt #19).","none","2019-07-25","N/A",true
"cmuihw2pj0aiqsexp31iwpyds","Joel Mvuka","700078","cmuihodrf001xb23fkcn0k6ut","FC Lorient","NONE","Unassigned","WE_SHOW_SOURCE_DOES_NOT","detach","detach: Absent from FotMob declared squad for FC Lorient.","none","2026-06-29","N/A",true
"cmuihw4rf0cx8sexp7519omfd","Lucas Leaudais","1180573","cmuihodrf001xb23fkcn0k6ut","FC Lorient","NONE","Unassigned","WE_SHOW_SOURCE_DOES_NOT","detach","detach: Absent from FotMob declared squad for FC Lorient.","none","N/A","N/A",true
"cmuihw2pq0amfsexpjja9t3r9","Isaak Touré","708678","cmuihodrf001xb23fkcn0k6ut","FC Lorient","NONE","Unassigned","WE_SHOW_SOURCE_DOES_NOT","detach","detach: Absent from FotMob declared squad for FC Lorient.","none","2025-06-29","N/A",true
"cmuihw2pt0aozsexpg718s0bt","Darlin Yongwa","717118","cmuihodrf001xb23fkcn0k6ut","FC Lorient","NONE","Unassigned","WE_SHOW_SOURCE_DOES_NOT","detach","detach: Absent from FotMob declared squad for FC Lorient.","none","2022-06-30","N/A",true
"cmuihw4470ckhsexp5fy1tkxf","Sohan Baldoni","1074650","cmuihodrf001xb23fkcn0k6ut","FC Lorient","NONE","Unassigned","WE_SHOW_SOURCE_DOES_NOT","detach","detach: Absent from FotMob declared squad for FC Lorient.","none","N/A","N/A",true
"cmuihw4490clksexpm8jqi13r","Izak Akakpo","1079441","cmuihodrf001xb23fkcn0k6ut","FC Lorient","NONE","Unassigned","WE_SHOW_SOURCE_DOES_NOT","detach","detach: Absent from FotMob declared squad for FC Lorient.","none","N/A","N/A",true
"cmuihw4r50ctcsexp4o80eop7","Daniel Semedo","1144121","cmuihodrf001xb23fkcn0k6ut","FC Lorient","NONE","Unassigned","WE_SHOW_SOURCE_DOES_NOT","detach","detach: Absent from FotMob declared squad for FC Lorient.","none","N/A","N/A",true
"cmuihw2qe0b4qsexpvegpnkfe","Pablo Pagis","810411","cmuihodrf001xb23fkcn0k6ut","FC Lorient","cmuihnihk000bb23fi54xeh0d","Paris FC","WE_SHOW_SOURCE_DOES_NOT","reassign","reassign: Player is registered in Paris FC current FotMob squad (shirt #7).","none","2024-06-29","N/A",true
"cmuihvzao06ncsexpbm7o29m0","Alec Georgen","324800","NONE","Unassigned","cmuihodrf001xb23fkcn0k6ut","FC Lorient","SOURCE_SHOWS_WE_DO_NOT","attach","attach: Present in FC Lorient FotMob squad (shirt #2); attach detached player.","none","N/A","N/A",true
"FM_1382364","Srdjan Kuzmić","N/A","NONE","Unassigned","cmuihodrf001xb23fkcn0k6ut","FC Lorient","SOURCE_SHOWS_WE_DO_NOT","create new player","create new player: Ingest new senior player from FotMob squad (shirt #30).","none","N/A","N/A",true
"FM_1526621","Nosa Edward Obaretin","N/A","NONE","Unassigned","cmuihodrf001xb23fkcn0k6ut","FC Lorient","SOURCE_SHOWS_WE_DO_NOT","create new player","create new player: Ingest new senior player from FotMob squad (shirt #55).","none","N/A","N/A",true
"FM_1180547","Souleymane Touré","N/A","NONE","Unassigned","cmuihodrf001xb23fkcn0k6ut","FC Lorient","SOURCE_SHOWS_WE_DO_NOT","create new player","create new player: Ingest new senior player from FotMob squad (shirt #95).","none","N/A","N/A",true
"FM_1399999","Dembo Sylla","N/A","NONE","Unassigned","cmuihodrf001xb23fkcn0k6ut","FC Lorient","SOURCE_SHOWS_WE_DO_NOT","create new player","create new player: Ingest new senior player from FotMob squad (shirt #20).","none","N/A","N/A",true
"cmuihw4rq0d27sexp9807zh03","Gabin Bernardeau","1254786","NONE","Unassigned","cmuihodrf001xb23fkcn0k6ut","FC Lorient","SOURCE_SHOWS_WE_DO_NOT","attach","attach: Present in FC Lorient FotMob squad (shirt #33); attach detached player.","none","N/A","N/A",true
"FM_1225704","Noah Mbamba","N/A","NONE","Unassigned","cmuihodrf001xb23fkcn0k6ut","FC Lorient","SOURCE_SHOWS_WE_DO_NOT","create new player","create new player: Ingest new senior player from FotMob squad (shirt #72).","none","N/A","N/A",true
"FM_1202070","Isak Steiner Jensen","N/A","NONE","Unassigned","cmuihodrf001xb23fkcn0k6ut","FC Lorient","SOURCE_SHOWS_WE_DO_NOT","create new player","create new player: Ingest new senior player from FotMob squad (shirt #10).","none","N/A","N/A",true
"cmuihw2qc0b33sexpbmzyaum4","Ibrahima Baldé","804884","NONE","Unassigned","cmuihodrf001xb23fkcn0k6ut","FC Lorient","SOURCE_SHOWS_WE_DO_NOT","attach","attach: Present in FC Lorient FotMob squad (shirt #18); attach detached player.","none","N/A","N/A",true
"cmuihw24o0aa0sexphhf9cb4i","Souleymane Faye","666971","cmuihq6jo007lh29e9jpaabxs","Sporting CP","cmuihodrf001xb23fkcn0k6ut","FC Lorient","SOURCE_SHOWS_WE_DO_NOT","reassign","reassign: Present in FC Lorient FotMob senior squad (shirt #19); previously at Sporting CP.","none","2026-01-20","N/A",true
"cmuihw4st0d7lsexpel3ess8f","Mamadou Koné","1459673","NONE","Unassigned","cmuihodrf001xb23fkcn0k6ut","FC Lorient","SOURCE_SHOWS_WE_DO_NOT","attach","attach: Present in FC Lorient FotMob squad (shirt #42); attach detached player.","none","N/A","N/A",true
"cmuihw24o0aacsexpxvaefmxn","Ben Hammond","667498","cmuihqdq000bkh29et7iwzrfd","Nottingham Forest","NONE","Unassigned","WE_SHOW_SOURCE_DOES_NOT","detach","detach: Absent from FotMob declared squad for Nottingham Forest.","none","N/A","N/A",true
"cmuihw3f30bpjsexpwnpa3fwf","Justin Hanks","925092","cmuihqdq000bkh29et7iwzrfd","Nottingham Forest","NONE","Unassigned","WE_SHOW_SOURCE_DOES_NOT","detach","detach: Absent from FotMob declared squad for Nottingham Forest.","none","N/A","N/A",true
"cmuihw3f30bpksexpdo28kxmn","Jack Thompson","925093","cmuihqdq000bkh29et7iwzrfd","Nottingham Forest","NONE","Unassigned","WE_SHOW_SOURCE_DOES_NOT","detach","detach: Absent from FotMob declared squad for Nottingham Forest.","none","N/A","N/A",true
"cmuihw24s0ad3sexp360xfzfm","Morato","673492","cmuihqdq000bkh29et7iwzrfd","Nottingham Forest","cmuihqbq700ahh29euibcxp0b","Wolverhampton Wanderers","WE_SHOW_SOURCE_DOES_NOT","reassign","reassign: Player is registered in Wolverhampton Wanderers current FotMob squad (shirt #5).","none","2024-08-29","N/A",true
"cmuihw43o0c6gsexp9lyrvy4x","Keehan Willows","994594","cmuihqdq000bkh29et7iwzrfd","Nottingham Forest","NONE","Unassigned","WE_SHOW_SOURCE_DOES_NOT","detach","detach: Absent from FotMob declared squad for Nottingham Forest.","none","N/A","N/A",true
"cmuihw3eo0bd8sexpgvzlpvgm","Aaron Bott","855282","cmuihqdq000bkh29et7iwzrfd","Nottingham Forest","NONE","Unassigned","WE_SHOW_SOURCE_DOES_NOT","detach","detach: Absent from FotMob declared squad for Nottingham Forest.","none","N/A","N/A",true
"cmuihvzvx07i1sexpxs2ko3xj","Steven Benda","381469","NONE","Unassigned","cmuihqdq000bkh29et7iwzrfd","Nottingham Forest","SOURCE_SHOWS_WE_DO_NOT","attach","attach: Present in Nottingham Forest FotMob squad (shirt #1); attach detached player.","none","N/A","N/A",true
"cmuihw0it085fsexp8e6j824l","John Victor","432914","NONE","Unassigned","cmuihqdq000bkh29et7iwzrfd","Nottingham Forest","SOURCE_SHOWS_WE_DO_NOT","attach","attach: Present in Nottingham Forest FotMob squad (shirt #12); attach detached player.","none","N/A","N/A",true
"cmuihw43h0c24sexptukg691y","Ousmane Diomande","974982","cmuihq6jo007lh29e9jpaabxs","Sporting CP","cmuihqdq000bkh29et7iwzrfd","Nottingham Forest","SOURCE_SHOWS_WE_DO_NOT","reassign","reassign: Present in Nottingham Forest FotMob senior squad (shirt #2); previously at Sporting CP.","none","2023-01-30","N/A",true
"cmuihw43j0c3xsexpnfj3fg2i","Jair Cunha","984096","NONE","Unassigned","cmuihqdq000bkh29et7iwzrfd","Nottingham Forest","SOURCE_SHOWS_WE_DO_NOT","attach","attach: Present in Nottingham Forest FotMob squad (shirt #23); attach detached player.","none","N/A","N/A",true
"cmuihw2pq0am4sexpglukmi13","Nicolò Savona","708072","NONE","Unassigned","cmuihqdq000bkh29et7iwzrfd","Nottingham Forest","SOURCE_SHOWS_WE_DO_NOT","attach","attach: Present in Nottingham Forest FotMob squad (shirt #37); attach detached player.","none","N/A","N/A",true
"cmuihvy5z055fsexpv4ojj431","Xaver Schlager","223979","NONE","Unassigned","cmuihqdq000bkh29et7iwzrfd","Nottingham Forest","SOURCE_SHOWS_WE_DO_NOT","attach","attach: Present in Nottingham Forest FotMob squad (shirt #21); attach detached player.","none","N/A","N/A",true
"cmuihw1ej09josexpgfmmaeks","James McAtee","583199","NONE","Unassigned","cmuihqdq000bkh29et7iwzrfd","Nottingham Forest","SOURCE_SHOWS_WE_DO_NOT","attach","attach: Present in Nottingham Forest FotMob squad (shirt #24); attach detached player.","none","N/A","N/A",true
"cmuihw1bk08yisexpjs3ukgkc","Luca Netz","524285","NONE","Unassigned","cmuihqdq000bkh29et7iwzrfd","Nottingham Forest","SOURCE_SHOWS_WE_DO_NOT","attach","attach: Present in Nottingham Forest FotMob squad (shirt #25); attach detached player.","none","N/A","N/A",true
"cmuihw0k608pqsexp2odxz0qi","Daniel Muñoz","493003","cmuihqfqr00cqh29e2077zt3y","Crystal Palace","cmuihqdq000bkh29et7iwzrfd","Nottingham Forest","SOURCE_SHOWS_WE_DO_NOT","reassign","reassign: Present in Nottingham Forest FotMob senior squad (shirt #27); previously at Crystal Palace.","none","2024-01-29","N/A",true
"cmuihw0is0853sexpboijliph","Igor Jesus","432164","NONE","Unassigned","cmuihqdq000bkh29et7iwzrfd","Nottingham Forest","SOURCE_SHOWS_WE_DO_NOT","attach","attach: Present in Nottingham Forest FotMob squad (shirt #11); attach detached player.","none","N/A","N/A",true
"cmuihvzvo07busexpgqv4mlqy","Dan Ndoye","365108","NONE","Unassigned","cmuihqdq000bkh29et7iwzrfd","Nottingham Forest","SOURCE_SHOWS_WE_DO_NOT","attach","attach: Present in Nottingham Forest FotMob squad (shirt #14); attach detached player.","none","N/A","N/A",true
"FM_1095445","Arnaud Kalimuendo-Muinga","N/A","NONE","Unassigned","cmuihqdq000bkh29et7iwzrfd","Nottingham Forest","SOURCE_SHOWS_WE_DO_NOT","create new player","create new player: Ingest new senior player from FotMob squad (shirt #15).","none","N/A","N/A",true
"cmuihw24209sasexpd4p7xivg","Liam Delap","610849","cmuihqcpo00b1h29edf8q9ksb","Chelsea FC","cmuihqdq000bkh29et7iwzrfd","Nottingham Forest","SOURCE_SHOWS_WE_DO_NOT","reassign","reassign: Present in Nottingham Forest FotMob senior squad (shirt #19); previously at Chelsea FC.","none","2025-06-03","N/A",true
"FM_1441736","Simon Eriksson","N/A","NONE","Unassigned","cmundu78o0003zjoefys30gje","Racing Santander","SOURCE_SHOWS_WE_DO_NOT","create new player","create new player: Ingest new senior player from FotMob squad (shirt #1).","none","N/A","N/A",true
"cmuihw24809x4sexpn7bxrkoh","Julen Agirrezabala","625014","NONE","Unassigned","cmundu78o0003zjoefys30gje","Racing Santander","SOURCE_SHOWS_WE_DO_NOT","attach","attach: Present in Racing Santander FotMob squad (shirt #13); attach detached player.","none","N/A","N/A",true
"FM_1810878","Laro Gómez","N/A","NONE","Unassigned","cmundu78o0003zjoefys30gje","Racing Santander","SOURCE_SHOWS_WE_DO_NOT","create new player","create new player: Ingest new senior player from FotMob squad (shirt #31).","none","N/A","N/A",true
"FM_1199649","Álvaro Mantilla","N/A","NONE","Unassigned","cmundu78o0003zjoefys30gje","Racing Santander","SOURCE_SHOWS_WE_DO_NOT","create new player","create new player: Ingest new senior player from FotMob squad (shirt #2).","none","N/A","N/A",true
"cmuihvt1e00x9sexp33vu66jn","Manú","14331","NONE","Unassigned","cmundu78o0003zjoefys30gje","Racing Santander","SOURCE_SHOWS_WE_DO_NOT","attach","attach: Present in Racing Santander FotMob squad (shirt #4); attach detached player.","none","N/A","N/A",true
"cmuihw24a09yysexpxqjef35v","Pablo Ramón","629511","cmuihqdqh00bnh29e1s0pnnhq","RCD Espanyol Barcelona","cmundu78o0003zjoefys30gje","Racing Santander","SOURCE_SHOWS_WE_DO_NOT","reassign","reassign: Present in Racing Santander FotMob senior squad (shirt #5); previously at RCD Espanyol Barcelona.","none","N/A","N/A",true
"cmuihw3eg0b8msexp8puyrgr5","Facundo González","825199","NONE","Unassigned","cmundu78o0003zjoefys30gje","Racing Santander","SOURCE_SHOWS_WE_DO_NOT","attach","attach: Present in Racing Santander FotMob squad (shirt #16); attach detached player.","none","N/A","N/A",true
"FM_1670161","Jorge Salinas","N/A","NONE","Unassigned","cmundu78o0003zjoefys30gje","Racing Santander","SOURCE_SHOWS_WE_DO_NOT","create new player","create new player: Ingest new senior player from FotMob squad (shirt #17).","none","N/A","N/A",true
"cmuihw4490cm2sexpn1gqw3rr","Pedro Felipe","1082581","NONE","Unassigned","cmundu78o0003zjoefys30gje","Racing Santander","SOURCE_SHOWS_WE_DO_NOT","attach","attach: Present in Racing Santander FotMob squad (shirt #22); attach detached player.","none","N/A","N/A",true
"cmuihw3f20bo9sexpa9s2vjne","Jeanuël Belocian","919515","cmuihpzti003xh29ejh2oa78u","Bayer 04 Leverkusen","cmundu78o0003zjoefys30gje","Racing Santander","SOURCE_SHOWS_WE_DO_NOT","reassign","reassign: Present in Racing Santander FotMob senior squad (shirt #24); previously at Bayer 04 Leverkusen.","none","2026-06-29","N/A",true
"FM_1687186","Aitor Crespo","N/A","NONE","Unassigned","cmundu78o0003zjoefys30gje","Racing Santander","SOURCE_SHOWS_WE_DO_NOT","create new player","create new player: Ingest new senior player from FotMob squad (shirt #37).","none","N/A","N/A",true
"cmuihvy6k05mtsexp1zfltjs7","Aarón Martín","251878","cmuihq3ak005th29eolz9qqct","Genoa CFC","cmundu78o0003zjoefys30gje","Racing Santander","SOURCE_SHOWS_WE_DO_NOT","reassign","reassign: Present in Racing Santander FotMob senior squad (shirt #3); previously at Genoa CFC.","none","2023-07-02","N/A",true
"FM_1168852","Íñigo Sainz-Maza","N/A","NONE","Unassigned","cmundu78o0003zjoefys30gje","Racing Santander","SOURCE_SHOWS_WE_DO_NOT","create new player","create new player: Ingest new senior player from FotMob squad (shirt #6).","none","N/A","N/A",true
"cmuihvzvu07fisexp85jrp5to","André Almeida","375382","cmuihnufg000xb23fs4poj6rc","Valencia CF","cmundu78o0003zjoefys30gje","Racing Santander","SOURCE_SHOWS_WE_DO_NOT","reassign","reassign: Present in Racing Santander FotMob senior squad (shirt #8); previously at Valencia CF.","none","2022-08-24","N/A",true
"FM_1363232","Maguette Gueye","N/A","NONE","Unassigned","cmundu78o0003zjoefys30gje","Racing Santander","SOURCE_SHOWS_WE_DO_NOT","create new player","create new player: Ingest new senior player from FotMob squad (shirt #14).","none","N/A","N/A",true
"cmuihw3es0bglsexp5dnk30fi","Matteo Prati","876298","NONE","Unassigned","cmundu78o0003zjoefys30gje","Racing Santander","SOURCE_SHOWS_WE_DO_NOT","attach","attach: Present in Racing Santander FotMob squad (shirt #18); attach detached player.","none","N/A","N/A",true
"FM_150649","Sergio Canales","N/A","NONE","Unassigned","cmundu78o0003zjoefys30gje","Racing Santander","SOURCE_SHOWS_WE_DO_NOT","create new player","create new player: Ingest new senior player from FotMob squad (shirt #20).","none","N/A","N/A",true
"cmuihvzb506y1sexpohpiwhlk","Iván Martín","341278","cmuiholli0029b23fvytgha8z","Girona FC","cmundu78o0003zjoefys30gje","Racing Santander","SOURCE_SHOWS_WE_DO_NOT","reassign","reassign: Present in Racing Santander FotMob senior squad (shirt #23); previously at Girona FC.","none","2023-07-21","N/A",true
"FM_1700550","Mario Solórzano","N/A","NONE","Unassigned","cmundu78o0003zjoefys30gje","Racing Santander","SOURCE_SHOWS_WE_DO_NOT","create new player","create new player: Ingest new senior player from FotMob squad (shirt #26).","none","N/A","N/A",true
"FM_1553409","Jorge Castellanos","N/A","NONE","Unassigned","cmundu78o0003zjoefys30gje","Racing Santander","SOURCE_SHOWS_WE_DO_NOT","create new player","create new player: Ingest new senior player from FotMob squad (shirt #33).","none","N/A","N/A",true
"FM_1065640","Giorgi Guliashvili","N/A","NONE","Unassigned","cmundu78o0003zjoefys30gje","Racing Santander","SOURCE_SHOWS_WE_DO_NOT","create new player","create new player: Ingest new senior player from FotMob squad (shirt #7).","none","N/A","N/A",true
"cmuihw0jk08exsexp1wkk1l1f","Juan Carlos Arana","461631","NONE","Unassigned","cmundu78o0003zjoefys30gje","Racing Santander","SOURCE_SHOWS_WE_DO_NOT","attach","attach: Present in Racing Santander FotMob squad (shirt #9); attach detached player.","none","N/A","N/A",true
"cmuihvzau06rlsexpfeikjlwq","Iñigo Vicente","335216","NONE","Unassigned","cmundu78o0003zjoefys30gje","Racing Santander","SOURCE_SHOWS_WE_DO_NOT","attach","attach: Present in Racing Santander FotMob squad (shirt #10); attach detached player.","none","N/A","N/A",true
"cmuihw1bu090usexp7wm93unl","Andrés Martín","531277","NONE","Unassigned","cmundu78o0003zjoefys30gje","Racing Santander","SOURCE_SHOWS_WE_DO_NOT","attach","attach: Present in Racing Santander FotMob squad (shirt #11); attach detached player.","none","N/A","N/A",true
"cmuihvy6k05n0sexph76fm8g1","Asier Villalibre","251897","NONE","Unassigned","cmundu78o0003zjoefys30gje","Racing Santander","SOURCE_SHOWS_WE_DO_NOT","attach","attach: Present in Racing Santander FotMob squad (shirt #12); attach detached player.","none","N/A","N/A",true
"cmuihw43e0bzwsexpcjmqcsrd","Pablo García","961087","NONE","Unassigned","cmundu78o0003zjoefys30gje","Racing Santander","SOURCE_SHOWS_WE_DO_NOT","attach","attach: Present in Racing Santander FotMob squad (shirt #15); attach detached player.","none","N/A","N/A",true
"cmuihw4rf0cx6sexpl6tqduhh","Iker Luque","1179482","cmuihotfm002nb23fe7004xbm","Atlético de Madrid","cmundu78o0003zjoefys30gje","Racing Santander","SOURCE_SHOWS_WE_DO_NOT","reassign","reassign: Present in Racing Santander FotMob senior squad (shirt #19); previously at Atlético de Madrid.","none","N/A","N/A",true
"cmuihw4r90cu3sexpsbv322v0","Yassir Zabiri","1153105","cmuihq3s40065h29eahz6rosv","Stade Rennais FC","cmundu78o0003zjoefys30gje","Racing Santander","SOURCE_SHOWS_WE_DO_NOT","reassign","reassign: Present in Racing Santander FotMob senior squad (shirt #21); previously at Stade Rennais FC.","none","2026-02-01","N/A",true
"cmuihw2pw0arksexpexd5yicc","Ewan Hatfout","725963","NONE","Unassigned","cmundu8pm0007zjoeofq74h3t","Le Mans FC","SOURCE_SHOWS_WE_DO_NOT","attach","attach: Present in Le Mans FC FotMob squad (shirt #1); attach detached player.","none","N/A","N/A",true
"FM_1388045","Augustin Delbecque","N/A","NONE","Unassigned","cmundu8pm0007zjoeofq74h3t","Le Mans FC","SOURCE_SHOWS_WE_DO_NOT","create new player","create new player: Ingest new senior player from FotMob squad (shirt #55).","none","N/A","N/A",true
"FM_722531","Nicolas Kocik","N/A","NONE","Unassigned","cmundu8pm0007zjoeofq74h3t","Le Mans FC","SOURCE_SHOWS_WE_DO_NOT","create new player","create new player: Ingest new senior player from FotMob squad (shirt #98).","none","N/A","N/A",true
"FM_1311670","Harold Voyer","N/A","NONE","Unassigned","cmundu8pm0007zjoeofq74h3t","Le Mans FC","SOURCE_SHOWS_WE_DO_NOT","create new player","create new player: Ingest new senior player from FotMob squad (shirt #5).","none","N/A","N/A",true
"FM_1734201","João Almeida","N/A","NONE","Unassigned","cmundu8pm0007zjoeofq74h3t","Le Mans FC","SOURCE_SHOWS_WE_DO_NOT","create new player","create new player: Ingest new senior player from FotMob squad (shirt #12).","none","N/A","N/A",true
"FM_1668295","Noa Boissé","N/A","NONE","Unassigned","cmundu8pm0007zjoeofq74h3t","Le Mans FC","SOURCE_SHOWS_WE_DO_NOT","create new player","create new player: Ingest new senior player from FotMob squad (shirt #15).","none","N/A","N/A",true
"FM_1202891","Raúl Torrente","N/A","NONE","Unassigned","cmundu8pm0007zjoeofq74h3t","Le Mans FC","SOURCE_SHOWS_WE_DO_NOT","create new player","create new player: Ingest new senior player from FotMob squad (shirt #16).","none","N/A","N/A",true
"FM_660565","Samuel Yohou","N/A","NONE","Unassigned","cmundu8pm0007zjoeofq74h3t","Le Mans FC","SOURCE_SHOWS_WE_DO_NOT","create new player","create new player: Ingest new senior player from FotMob squad (shirt #17).","none","N/A","N/A",true
"FM_1420942","Théo Eyoum","N/A","NONE","Unassigned","cmundu8pm0007zjoeofq74h3t","Le Mans FC","SOURCE_SHOWS_WE_DO_NOT","create new player","create new player: Ingest new senior player from FotMob squad (shirt #21).","none","N/A","N/A",true
"cmuihw3ep0bdrsexpjdkv9bfo","Lucas Calodat","857653","NONE","Unassigned","cmundu8pm0007zjoeofq74h3t","Le Mans FC","SOURCE_SHOWS_WE_DO_NOT","attach","attach: Present in Le Mans FC FotMob squad (shirt #22); attach detached player.","none","N/A","N/A",true
"FM_1068902","Yasser Larouci","N/A","NONE","Unassigned","cmundu8pm0007zjoeofq74h3t","Le Mans FC","SOURCE_SHOWS_WE_DO_NOT","create new player","create new player: Ingest new senior player from FotMob squad (shirt #76).","none","N/A","N/A",true
"FM_956661","Edwin Quarshie","N/A","NONE","Unassigned","cmundu8pm0007zjoeofq74h3t","Le Mans FC","SOURCE_SHOWS_WE_DO_NOT","create new player","create new player: Ingest new senior player from FotMob squad (shirt #6).","none","N/A","N/A",true
"cmuihw24o0a9zsexpsj4mjot0","Alexandre Lauray","666744","NONE","Unassigned","cmundu8pm0007zjoeofq74h3t","Le Mans FC","SOURCE_SHOWS_WE_DO_NOT","attach","attach: Present in Le Mans FC FotMob squad (shirt #8); attach detached player.","none","N/A","N/A",true
"FM_1244864","Jean Vercruysse","N/A","NONE","Unassigned","cmundu8pm0007zjoeofq74h3t","Le Mans FC","SOURCE_SHOWS_WE_DO_NOT","create new player","create new player: Ingest new senior player from FotMob squad (shirt #10).","none","N/A","N/A",true
"FM_1900516","Adil Bourabaa","N/A","NONE","Unassigned","cmundu8pm0007zjoeofq74h3t","Le Mans FC","SOURCE_SHOWS_WE_DO_NOT","create new player","create new player: Ingest new senior player from FotMob squad (shirt #11).","none","N/A","N/A",true
"cmuihw1bv0917sexpfoi594er","Lucas Buades","531960","NONE","Unassigned","cmundu8pm0007zjoeofq74h3t","Le Mans FC","SOURCE_SHOWS_WE_DO_NOT","attach","attach: Present in Le Mans FC FotMob squad (shirt #18); attach detached player.","none","N/A","N/A",true
"cmuihvws5044ksexp8kq39jgw","Djibril Sidibé","161869","cmuihq9dj0097h29elsved1su","FC Toulouse","cmundu8pm0007zjoeofq74h3t","Le Mans FC","SOURCE_SHOWS_WE_DO_NOT","reassign","reassign: Present in Le Mans FC FotMob senior squad (shirt #19); previously at FC Toulouse.","none","2024-08-01","N/A",true
"cmuihw43k0c4osexprv4hoqry","Daouda Traoré","986300","NONE","Unassigned","cmundu8pm0007zjoeofq74h3t","Le Mans FC","SOURCE_SHOWS_WE_DO_NOT","attach","attach: Present in Le Mans FC FotMob squad (shirt #23); attach detached player.","none","N/A","N/A",true
"cmuihw43i0c2tsexp31iol4ol","Rayan Bamba","979760","NONE","Unassigned","cmundu8pm0007zjoeofq74h3t","Le Mans FC","SOURCE_SHOWS_WE_DO_NOT","attach","attach: Present in Le Mans FC FotMob squad (shirt #26); attach detached player.","none","N/A","N/A",true
"FM_1367269","Martin Rossignol","N/A","NONE","Unassigned","cmundu8pm0007zjoeofq74h3t","Le Mans FC","SOURCE_SHOWS_WE_DO_NOT","create new player","create new player: Ingest new senior player from FotMob squad (shirt #27).","none","N/A","N/A",true
"FM_1523312","Lucas Bretelle","N/A","NONE","Unassigned","cmundu8pm0007zjoeofq74h3t","Le Mans FC","SOURCE_SHOWS_WE_DO_NOT","create new player","create new player: Ingest new senior player from FotMob squad (shirt #29).","none","N/A","N/A",true
"FM_1901107","Enzo Vágner","N/A","NONE","Unassigned","cmundu8pm0007zjoeofq74h3t","Le Mans FC","SOURCE_SHOWS_WE_DO_NOT","create new player","create new player: Ingest new academy player from FotMob squad (shirt #none).","none","N/A","N/A",false
"cmuihw1cw096fsexpz186ybwv","Billal Brahimi","543051","NONE","Unassigned","cmundu8pm0007zjoeofq74h3t","Le Mans FC","SOURCE_SHOWS_WE_DO_NOT","attach","attach: Present in Le Mans FC FotMob squad (shirt #7); attach detached player.","none","N/A","N/A",true
"cmuihvwru03wosexpf17t65gj","Antoine Rabillard","146373","NONE","Unassigned","cmundu8pm0007zjoeofq74h3t","Le Mans FC","SOURCE_SHOWS_WE_DO_NOT","attach","attach: Present in Le Mans FC FotMob squad (shirt #9); attach detached player.","none","N/A","N/A",true
"FM_601145","Habibou Mouhamadou Diallo","N/A","NONE","Unassigned","cmundu8pm0007zjoeofq74h3t","Le Mans FC","SOURCE_SHOWS_WE_DO_NOT","create new player","create new player: Ingest new senior player from FotMob squad (shirt #13).","none","N/A","N/A",true
"cmuihw0jk08ezsexpfdoucdvr","Louis Mafouta","461790","NONE","Unassigned","cmundu8pm0007zjoeofq74h3t","Le Mans FC","SOURCE_SHOWS_WE_DO_NOT","attach","attach: Present in Le Mans FC FotMob squad (shirt #14); attach detached player.","none","N/A","N/A",true
"FM_1791882","William Harhouz","N/A","NONE","Unassigned","cmundu8pm0007zjoeofq74h3t","Le Mans FC","SOURCE_SHOWS_WE_DO_NOT","create new player","create new player: Ingest new senior player from FotMob squad (shirt #20).","none","N/A","N/A",true
"FM_725256","Dame Gueye","N/A","NONE","Unassigned","cmundu8pm0007zjoeofq74h3t","Le Mans FC","SOURCE_SHOWS_WE_DO_NOT","create new player","create new player: Ingest new senior player from FotMob squad (shirt #25).","none","N/A","N/A",true
"cmuihw2qc0b2ssexpqc9keayq","Erwan Colas","804386","NONE","Unassigned","cmundu8pm0007zjoeofq74h3t","Le Mans FC","SOURCE_SHOWS_WE_DO_NOT","attach","attach: Present in Le Mans FC FotMob squad (shirt #28); attach detached player.","none","N/A","N/A",true
"cmuihw1bg08w3sexpzd51dbtw","Thijs Jansen","514287","NONE","Unassigned","cmuihpy3m002zh29ew56izgoh","SC Cambuur Leeuwarden","SOURCE_SHOWS_WE_DO_NOT","attach","attach: Present in SC Cambuur Leeuwarden FotMob squad (shirt #1); attach detached player.","none","N/A","N/A",true
"cmuihw2pm0ak8sexp05zi9heh","Jasper Meijster","704252","NONE","Unassigned","cmuihpy3m002zh29ew56izgoh","SC Cambuur Leeuwarden","SOURCE_SHOWS_WE_DO_NOT","attach","attach: Present in SC Cambuur Leeuwarden FotMob squad (shirt #21); attach detached player.","none","N/A","N/A",true
"cmuihvzav06s7sexpfzg1kidn","Luca Plogmann","335997","NONE","Unassigned","cmuihpy3m002zh29ew56izgoh","SC Cambuur Leeuwarden","SOURCE_SHOWS_WE_DO_NOT","attach","attach: Present in SC Cambuur Leeuwarden FotMob squad (shirt #22); attach detached player.","none","N/A","N/A",true
"FM_1797152","Matthijs Kalisvaart","N/A","NONE","Unassigned","cmuihpy3m002zh29ew56izgoh","SC Cambuur Leeuwarden","SOURCE_SHOWS_WE_DO_NOT","create new player","create new player: Ingest new senior player from FotMob squad (shirt #24).","none","N/A","N/A",true
"FM_1847318","Jannick Coehoorn","N/A","NONE","Unassigned","cmuihpy3m002zh29ew56izgoh","SC Cambuur Leeuwarden","SOURCE_SHOWS_WE_DO_NOT","create new player","create new player: Ingest new senior player from FotMob squad (shirt #54).","none","N/A","N/A",true
"cmuihw23v09nasexpjf4i5nbt","Jorn Berkhout","595937","NONE","Unassigned","cmuihpy3m002zh29ew56izgoh","SC Cambuur Leeuwarden","SOURCE_SHOWS_WE_DO_NOT","attach","attach: Present in SC Cambuur Leeuwarden FotMob squad (shirt #3); attach detached player.","none","N/A","N/A",true
"FM_1572671","Ismaël Baouf","N/A","NONE","Unassigned","cmuihpy3m002zh29ew56izgoh","SC Cambuur Leeuwarden","SOURCE_SHOWS_WE_DO_NOT","create new player","create new player: Ingest new senior player from FotMob squad (shirt #4).","none","N/A","N/A",true
"cmuihvyqx067osexpvkt6eibw","Jamal Amofa","289651","NONE","Unassigned","cmuihpy3m002zh29ew56izgoh","SC Cambuur Leeuwarden","SOURCE_SHOWS_WE_DO_NOT","attach","attach: Present in SC Cambuur Leeuwarden FotMob squad (shirt #6); attach detached player.","none","N/A","N/A",true
"cmuihw43r0c8qsexpw7i46vva","Billy van Duijl","1008564","cmuiho33d001db23ffg0co70a","AZ Alkmaar","cmuihpy3m002zh29ew56izgoh","SC Cambuur Leeuwarden","SOURCE_SHOWS_WE_DO_NOT","reassign","reassign: Present in SC Cambuur Leeuwarden FotMob senior squad (shirt #14); previously at AZ Alkmaar.","none","2025-08-03","N/A",true
"FM_1082599","Rik Mulders","N/A","NONE","Unassigned","cmuihpy3m002zh29ew56izgoh","SC Cambuur Leeuwarden","SOURCE_SHOWS_WE_DO_NOT","create new player","create new player: Ingest new senior player from FotMob squad (shirt #16).","none","N/A","N/A",true
"cmuihw43k0c4ssexpfxbw5k2v","Lucas Jetten","987355","cmuihqce400ath29e227zx42b","Ajax Amsterdam","cmuihpy3m002zh29ew56izgoh","SC Cambuur Leeuwarden","SOURCE_SHOWS_WE_DO_NOT","reassign","reassign: Present in SC Cambuur Leeuwarden FotMob senior squad (shirt #23); previously at Ajax Amsterdam.","none","2024-06-30","N/A",true
"FM_1526223","Wiebe Kooistra","N/A","NONE","Unassigned","cmuihpy3m002zh29ew56izgoh","SC Cambuur Leeuwarden","SOURCE_SHOWS_WE_DO_NOT","create new player","create new player: Ingest new senior player from FotMob squad (shirt #27).","none","N/A","N/A",true
"cmuihw4qz0cqtsexpuecshkoq","Morgan Costarelli","1119911","cmuihnzfj0017b23f7qeka8w7","LOSC Lille","cmuihpy3m002zh29ew56izgoh","SC Cambuur Leeuwarden","SOURCE_SHOWS_WE_DO_NOT","reassign","reassign: Present in SC Cambuur Leeuwarden FotMob senior squad (shirt #28); previously at LOSC Lille.","none","2024-06-30","N/A",true
"FM_2128987","Buddy Vogelzang","N/A","NONE","Unassigned","cmuihpy3m002zh29ew56izgoh","SC Cambuur Leeuwarden","SOURCE_SHOWS_WE_DO_NOT","create new player","create new player: Ingest new senior player from FotMob squad (shirt #33).","none","N/A","N/A",true
"FM_1696409","Amar Bakkati","N/A","NONE","Unassigned","cmuihpy3m002zh29ew56izgoh","SC Cambuur Leeuwarden","SOURCE_SHOWS_WE_DO_NOT","create new player","create new player: Ingest new senior player from FotMob squad (shirt #43).","none","N/A","N/A",true
"FM_1553505","Wout Asselman","N/A","NONE","Unassigned","cmuihpy3m002zh29ew56izgoh","SC Cambuur Leeuwarden","SOURCE_SHOWS_WE_DO_NOT","create new player","create new player: Ingest new academy player from FotMob squad (shirt #none).","none","N/A","N/A",false
"cmuihw0je08cfsexp9ltcgnzv","Devid Eugene Bouah","457235","NONE","Unassigned","cmuihpy3m002zh29ew56izgoh","SC Cambuur Leeuwarden","SOURCE_SHOWS_WE_DO_NOT","attach","attach: Present in SC Cambuur Leeuwarden FotMob squad (shirt #2); attach detached player.","none","N/A","N/A",true
"cmuihvzbm07bgsexp54iaufpc","Nicky Souren","364246","NONE","Unassigned","cmuihpy3m002zh29ew56izgoh","SC Cambuur Leeuwarden","SOURCE_SHOWS_WE_DO_NOT","attach","attach: Present in SC Cambuur Leeuwarden FotMob squad (shirt #8); attach detached player.","none","N/A","N/A",true
"cmuihw2py0atvsexprf6x8zfk","Rafik El Arguioui","738479","cmuihq181004nh29e2ib1sw4p","FC Utrecht","cmuihpy3m002zh29ew56izgoh","SC Cambuur Leeuwarden","SOURCE_SHOWS_WE_DO_NOT","reassign","reassign: Present in SC Cambuur Leeuwarden FotMob senior squad (shirt #10); previously at FC Utrecht.","none","2025-06-30","N/A",true
"FM_1893952","Ethan Apkakou","N/A","NONE","Unassigned","cmuihpy3m002zh29ew56izgoh","SC Cambuur Leeuwarden","SOURCE_SHOWS_WE_DO_NOT","create new player","create new player: Ingest new senior player from FotMob squad (shirt #17).","none","N/A","N/A",true
"FM_1868386","Wiebe van der Heide","N/A","NONE","Unassigned","cmuihpy3m002zh29ew56izgoh","SC Cambuur Leeuwarden","SOURCE_SHOWS_WE_DO_NOT","create new player","create new player: Ingest new senior player from FotMob squad (shirt #18).","none","N/A","N/A",true
"FM_1737697","Daan Visser","N/A","NONE","Unassigned","cmuihpy3m002zh29ew56izgoh","SC Cambuur Leeuwarden","SOURCE_SHOWS_WE_DO_NOT","create new player","create new player: Ingest new senior player from FotMob squad (shirt #20).","none","N/A","N/A",true
"FM_497572","Mathieu Maertens","N/A","NONE","Unassigned","cmuihpy3m002zh29ew56izgoh","SC Cambuur Leeuwarden","SOURCE_SHOWS_WE_DO_NOT","create new player","create new player: Ingest new senior player from FotMob squad (shirt #33).","none","N/A","N/A",true
"FM_2128846","Damian Westerhof","N/A","NONE","Unassigned","cmuihpy3m002zh29ew56izgoh","SC Cambuur Leeuwarden","SOURCE_SHOWS_WE_DO_NOT","create new player","create new player: Ingest new senior player from FotMob squad (shirt #48).","none","N/A","N/A",true
"FM_1623572","Sami Bouhoudane","N/A","NONE","Unassigned","cmuihpy3m002zh29ew56izgoh","SC Cambuur Leeuwarden","SOURCE_SHOWS_WE_DO_NOT","create new player","create new player: Ingest new senior player from FotMob squad (shirt #7).","none","N/A","N/A",true
"FM_1403394","Skye Vink","N/A","NONE","Unassigned","cmuihpy3m002zh29ew56izgoh","SC Cambuur Leeuwarden","SOURCE_SHOWS_WE_DO_NOT","create new player","create new player: Ingest new senior player from FotMob squad (shirt #9).","none","N/A","N/A",true
"FM_1280182","Ilyès Hamache","N/A","NONE","Unassigned","cmuihpy3m002zh29ew56izgoh","SC Cambuur Leeuwarden","SOURCE_SHOWS_WE_DO_NOT","create new player","create new player: Ingest new senior player from FotMob squad (shirt #11).","none","N/A","N/A",true
"FM_1195326","Nicolas Binder","N/A","NONE","Unassigned","cmuihpy3m002zh29ew56izgoh","SC Cambuur Leeuwarden","SOURCE_SHOWS_WE_DO_NOT","create new player","create new player: Ingest new senior player from FotMob squad (shirt #13).","none","N/A","N/A",true
"FM_1685344","Fabian Kvam","N/A","NONE","Unassigned","cmuihpy3m002zh29ew56izgoh","SC Cambuur Leeuwarden","SOURCE_SHOWS_WE_DO_NOT","create new player","create new player: Ingest new senior player from FotMob squad (shirt #15).","none","N/A","N/A",true
"FM_1874120","Danyello Look","N/A","NONE","Unassigned","cmuihpy3m002zh29ew56izgoh","SC Cambuur Leeuwarden","SOURCE_SHOWS_WE_DO_NOT","create new player","create new player: Ingest new senior player from FotMob squad (shirt #19).","none","N/A","N/A",true
"FM_1541465","Iwan Henstra","N/A","NONE","Unassigned","cmuihpy3m002zh29ew56izgoh","SC Cambuur Leeuwarden","SOURCE_SHOWS_WE_DO_NOT","create new player","create new player: Ingest new senior player from FotMob squad (shirt #29).","none","N/A","N/A",true
"FM_1210615","Jason Çeka","N/A","NONE","Unassigned","cmuihpy3m002zh29ew56izgoh","SC Cambuur Leeuwarden","SOURCE_SHOWS_WE_DO_NOT","create new player","create new player: Ingest new senior player from FotMob squad (shirt #30).","none","N/A","N/A",true
"FM_1826045","Yme Bruinsma","N/A","NONE","Unassigned","cmuihpy3m002zh29ew56izgoh","SC Cambuur Leeuwarden","SOURCE_SHOWS_WE_DO_NOT","create new player","create new player: Ingest new senior player from FotMob squad (shirt #38).","none","N/A","N/A",true
"cmuihvws5044ksexp8kq39jgw","Djibril Sidibé","161869","cmuihq9dj0097h29elsved1su","FC Toulouse","cmundu8pm0007zjoeofq74h3t","Le Mans FC","WE_SHOW_SOURCE_DOES_NOT","reassign","reassign: Player is registered in Le Mans FC current FotMob squad (shirt #19).","none","2024-08-01","N/A",true
"cmuihw0jq08hpsexp6o1veztx","Cristian Cásseres Jr.","467632","cmuihq9dj0097h29elsved1su","FC Toulouse","NONE","Unassigned","WE_SHOW_SOURCE_DOES_NOT","detach","detach: Absent from FotMob declared squad for FC Toulouse.","none","2023-07-06","N/A",true
"cmuihw43f0c0wsexphe415xed","Naime Said Mchindra","966575","cmuihq9dj0097h29elsved1su","FC Toulouse","NONE","Unassigned","WE_SHOW_SOURCE_DOES_NOT","detach","detach: Absent from FotMob declared squad for FC Toulouse.","none","2024-06-30","N/A",true
"cmuihw43k0c4psexpey5pz3nv","Mathis Saka","986310","cmuihq9dj0097h29elsved1su","FC Toulouse","NONE","Unassigned","WE_SHOW_SOURCE_DOES_NOT","detach","detach: Absent from FotMob declared squad for FC Toulouse.","none","2026-06-29","N/A",true
"cmuihw4ri0cyvsexpheoha5q5","Dayann Methalie","1191444","cmuihq9dj0097h29elsved1su","FC Toulouse","cmuihq47i006bh29e3kejf8oh","Sunderland AFC","WE_SHOW_SOURCE_DOES_NOT","reassign","reassign: Player is registered in Sunderland AFC current FotMob squad (shirt #6).","none","2025-06-30","N/A",true
"cmuihw23w09o5sexpb7dsomqz","Charlie Cresswell","597659","cmuihq9dj0097h29elsved1su","FC Toulouse","cmuihq3s40065h29eahz6rosv","Stade Rennais FC","WE_SHOW_SOURCE_DOES_NOT","reassign","reassign: Player is registered in Stade Rennais FC current FotMob squad (shirt #4).","none","2024-07-07","N/A",true
"cmuihw2pr0anmsexprl9piqhc","Mario Sauer","710885","cmuihq9dj0097h29elsved1su","FC Toulouse","NONE","Unassigned","WE_SHOW_SOURCE_DOES_NOT","detach","detach: Absent from FotMob declared squad for FC Toulouse.","none","2025-06-30","N/A",true
"cmuihw44a0cmosexpfxwmo4j2","Gaëtan Bakhouche Piernas","1085625","cmuihq9dj0097h29elsved1su","FC Toulouse","NONE","Unassigned","WE_SHOW_SOURCE_DOES_NOT","detach","detach: Absent from FotMob declared squad for FC Toulouse.","none","N/A","N/A",true
"cmuihw4460cjesexpi68x814h","Noah Lahmadi","1069459","cmuihq9dj0097h29elsved1su","FC Toulouse","NONE","Unassigned","WE_SHOW_SOURCE_DOES_NOT","detach","detach: Absent from FotMob declared squad for FC Toulouse.","none","2023-06-30","N/A",true
"cmuihw4460cjfsexprvl8t5s5","Nicolas Wasbauer","1069461","cmuihq9dj0097h29elsved1su","FC Toulouse","NONE","Unassigned","WE_SHOW_SOURCE_DOES_NOT","detach","detach: Absent from FotMob declared squad for FC Toulouse.","none","2022-06-30","N/A",true
"cmuihw44a0cmnsexpxgkniye0","Frédéric Efuele Ngoyala","1085624","cmuihq9dj0097h29elsved1su","FC Toulouse","NONE","Unassigned","WE_SHOW_SOURCE_DOES_NOT","detach","detach: Absent from FotMob declared squad for FC Toulouse.","none","N/A","N/A",true
"FM_2221627","Theo Collin","N/A","NONE","Unassigned","cmuihq9dj0097h29elsved1su","FC Toulouse","SOURCE_SHOWS_WE_DO_NOT","create new player","create new player: Ingest new senior player from FotMob squad (shirt #1).","none","N/A","N/A",true
"cmuihw4480ckpsexp2rf74xid","Mathys Niflore","1075580","NONE","Unassigned","cmuihq9dj0097h29elsved1su","FC Toulouse","SOURCE_SHOWS_WE_DO_NOT","attach","attach: Present in FC Toulouse FotMob squad (shirt #60); attach detached player.","none","N/A","N/A",true
"FM_1666482","Christ Tapé","N/A","NONE","Unassigned","cmuihq9dj0097h29elsved1su","FC Toulouse","SOURCE_SHOWS_WE_DO_NOT","create new player","create new player: Ingest new senior player from FotMob squad (shirt #12).","none","N/A","N/A",true
"FM_1494508","Niko Sigur","N/A","NONE","Unassigned","cmuihq9dj0097h29elsved1su","FC Toulouse","SOURCE_SHOWS_WE_DO_NOT","create new player","create new player: Ingest new senior player from FotMob squad (shirt #14).","none","N/A","N/A",true
"cmuihw3ew0bk7sexp00n4emrm","David Odogu","897423","cmuihqb6900a7h29eb12tdj1t","AC Milan","cmuihq9dj0097h29elsved1su","FC Toulouse","SOURCE_SHOWS_WE_DO_NOT","reassign","reassign: Present in FC Toulouse FotMob senior squad (shirt #19); previously at AC Milan.","none","2025-08-31","N/A",true
"FM_1668299","Ismaïl Diallo","N/A","NONE","Unassigned","cmuihq9dj0097h29elsved1su","FC Toulouse","SOURCE_SHOWS_WE_DO_NOT","create new player","create new player: Ingest new senior player from FotMob squad (shirt #94).","none","N/A","N/A",true
"FM_1481910","Thomas Jørgensen","N/A","NONE","Unassigned","cmuihq9dj0097h29elsved1su","FC Toulouse","SOURCE_SHOWS_WE_DO_NOT","create new player","create new player: Ingest new senior player from FotMob squad (shirt #8).","none","N/A","N/A",true
"FM_1066264","Abu Francis","N/A","NONE","Unassigned","cmuihq9dj0097h29elsved1su","FC Toulouse","SOURCE_SHOWS_WE_DO_NOT","create new player","create new player: Ingest new senior player from FotMob squad (shirt #17).","none","N/A","N/A",true
"cmuihw43s0c9asexp3s778gb7","Mathis Amougou","1010854","NONE","Unassigned","cmuihq9dj0097h29elsved1su","FC Toulouse","SOURCE_SHOWS_WE_DO_NOT","attach","attach: Present in FC Toulouse FotMob squad (shirt #18); attach detached player.","none","N/A","N/A",true
"FM_845943","Cristian Cásseres","N/A","NONE","Unassigned","cmuihq9dj0097h29elsved1su","FC Toulouse","SOURCE_SHOWS_WE_DO_NOT","create new player","create new player: Ingest new senior player from FotMob squad (shirt #23).","none","N/A","N/A",true
"FM_2173745","Aymen Amaaouch","N/A","NONE","Unassigned","cmuihq9dj0097h29elsved1su","FC Toulouse","SOURCE_SHOWS_WE_DO_NOT","create new player","create new player: Ingest new senior player from FotMob squad (shirt #49).","none","N/A","N/A",true
"FM_1717493","Sion Oppong","N/A","NONE","Unassigned","cmuihq9dj0097h29elsved1su","FC Toulouse","SOURCE_SHOWS_WE_DO_NOT","create new player","create new player: Ingest new senior player from FotMob squad (shirt #11).","none","N/A","N/A",true
"cmuihw0jo08gfsexpnlh4vc7w","Casper Tengstedt","464598","cmuihq1t5004zh29exb9q00c1","Feyenoord Rotterdam","cmuihq9dj0097h29elsved1su","FC Toulouse","SOURCE_SHOWS_WE_DO_NOT","reassign","reassign: Present in FC Toulouse FotMob senior squad (shirt #20); previously at Feyenoord Rotterdam.","none","2025-07-23","N/A",true
"cmuihw4rj0czjsexpw4eqlatq","Ilyas Azizi","1200417","NONE","Unassigned","cmuihq9dj0097h29elsved1su","FC Toulouse","SOURCE_SHOWS_WE_DO_NOT","attach","attach: Present in FC Toulouse FotMob squad (shirt #37); attach detached player.","none","N/A","N/A",true
"cmuihw4470ckosexp5l362gg9","Marius Courcoul","1075575","cmuihpysp003bh29eh8ctgbgf","Angers SCO","NONE","Unassigned","WE_SHOW_SOURCE_DOES_NOT","detach","detach: Absent from FotMob declared squad for Angers SCO.","none","2025-01-31","N/A",true
"cmuihw3eh0b9fsexpu06h0jzo","Lilian Raolisoa","829874","cmuihpysp003bh29eh8ctgbgf","Angers SCO","NONE","Unassigned","WE_SHOW_SOURCE_DOES_NOT","detach","detach: Absent from FotMob declared squad for Angers SCO.","none","2023-06-30","N/A",true
"cmuihw43d0bz1sexpwczyeb7n","Dan Sinaté","955354","cmuihpysp003bh29eh8ctgbgf","Angers SCO","NONE","Unassigned","WE_SHOW_SOURCE_DOES_NOT","detach","detach: Absent from FotMob declared squad for Angers SCO.","none","2025-06-30","N/A",true
"cmuihw43g0c1csexpyfsy4x8p","Jacques Ekomié","970279","cmuihpysp003bh29eh8ctgbgf","Angers SCO","NONE","Unassigned","WE_SHOW_SOURCE_DOES_NOT","detach","detach: Absent from FotMob declared squad for Angers SCO.","none","2024-07-30","N/A",true
"cmuihw44c0co5sexp6fm4gdys","Lanroy Machine","1096744","cmuihpysp003bh29eh8ctgbgf","Angers SCO","cmuihq5gp006xh29ew3zgy2a2","SC Heerenveen","WE_SHOW_SOURCE_DOES_NOT","reassign","reassign: Player is registered in SC Heerenveen current FotMob squad (shirt #29).","none","2025-06-30","N/A",true
"cmuihvuxz02dusexpbevprqs6","Anthony Lopes","60561","cmuihqhd100djh29et2cb4bdz","FC Nantes","cmuihpysp003bh29eh8ctgbgf","Angers SCO","SOURCE_SHOWS_WE_DO_NOT","reassign","reassign: Present in Angers SCO FotMob senior squad (shirt #1); previously at FC Nantes.","none","2024-12-31","N/A",true
"FM_1610106","Joseph Kalulu","N/A","NONE","Unassigned","cmuihpysp003bh29eh8ctgbgf","Angers SCO","SOURCE_SHOWS_WE_DO_NOT","create new player","create new player: Ingest new senior player from FotMob squad (shirt #17).","none","N/A","N/A",true
"FM_1431818","Lilian Rao-Lisoa","N/A","NONE","Unassigned","cmuihpysp003bh29eh8ctgbgf","Angers SCO","SOURCE_SHOWS_WE_DO_NOT","create new player","create new player: Ingest new senior player from FotMob squad (shirt #27).","none","N/A","N/A",true
"cmuihw4ru0d3tsexpoquzcv8a","Maël Gernigon","1297628","NONE","Unassigned","cmuihpysp003bh29eh8ctgbgf","Angers SCO","SOURCE_SHOWS_WE_DO_NOT","attach","attach: Present in Angers SCO FotMob squad (shirt #34); attach detached player.","none","N/A","N/A",true
"cmuihvxgg04wlsexp03o3nb8v","Branco van den Boomen","203938","NONE","Unassigned","cmuihpysp003bh29eh8ctgbgf","Angers SCO","SOURCE_SHOWS_WE_DO_NOT","attach","attach: Present in Angers SCO FotMob squad (shirt #8); attach detached player.","none","N/A","N/A",true
"cmuihw4si0d6qsexpfdb00ujf","Bané Diatta","1382453","NONE","Unassigned","cmuihpysp003bh29eh8ctgbgf","Angers SCO","SOURCE_SHOWS_WE_DO_NOT","attach","attach: Present in Angers SCO FotMob squad (shirt #36); attach detached player.","none","N/A","N/A",true
"FM_2173845","Jules Bouffandeau","N/A","NONE","Unassigned","cmuihpysp003bh29eh8ctgbgf","Angers SCO","SOURCE_SHOWS_WE_DO_NOT","create new player","create new player: Ingest new senior player from FotMob squad (shirt #37).","none","N/A","N/A",true
"cmuihw2q70aytsexpop2a74wb","Usman Simbakoli","766839","NONE","Unassigned","cmuihpysp003bh29eh8ctgbgf","Angers SCO","SOURCE_SHOWS_WE_DO_NOT","attach","attach: Present in Angers SCO FotMob squad (shirt #7); attach detached player.","none","N/A","N/A",true
"cmuihw2py0atbsexprnetwvfi","Amine El Ouazzani","735051","cmuihnyer0015b23fholjonq1","SC Braga","cmuihpysp003bh29eh8ctgbgf","Angers SCO","SOURCE_SHOWS_WE_DO_NOT","reassign","reassign: Present in Angers SCO FotMob senior squad (shirt #19); previously at SC Braga.","none","2024-06-30","N/A",true
"cmuihw44a0cn5sexpp2drb3ej","Anthony Bermont","1088110","cmuihqfi000cjh29exp3khwxc","RC Lens","cmuihpysp003bh29eh8ctgbgf","Angers SCO","SOURCE_SHOWS_WE_DO_NOT","reassign","reassign: Present in Angers SCO FotMob senior squad (shirt #26); previously at RC Lens.","none","2025-06-29","N/A",true
"cmuihvzbj078fsexpky3va1xz","Thomas Buitink","357826","cmuihoq0l002hb23fy05xkd46","PEC Zwolle","NONE","Unassigned","WE_SHOW_SOURCE_DOES_NOT","detach","detach: Absent from FotMob declared squad for PEC Zwolle.","none","2024-07-04","N/A",true
"cmuihw3ev0bixsexptgjcr86z","David Voûte","891853","cmuihoq0l002hb23fy05xkd46","PEC Zwolle","NONE","Unassigned","WE_SHOW_SOURCE_DOES_NOT","detach","detach: Absent from FotMob declared squad for PEC Zwolle.","none","2023-06-30","N/A",true
"cmuihw2qf0b57sexp7gziagwe","Rodney Kroeze","813073","cmuihoq0l002hb23fy05xkd46","PEC Zwolle","NONE","Unassigned","WE_SHOW_SOURCE_DOES_NOT","detach","detach: Absent from FotMob declared squad for PEC Zwolle.","none","N/A","N/A",true
"cmuihw4rs0d2usexpsrnsal6b","Nick Dobben","1270654","NONE","Unassigned","cmuihoq0l002hb23fy05xkd46","PEC Zwolle","SOURCE_SHOWS_WE_DO_NOT","attach","attach: Present in PEC Zwolle FotMob squad (shirt #40); attach detached player.","none","N/A","N/A",true
"cmuihw3fb0bv8sexp63a8uj8o","Len Bakker","938377","NONE","Unassigned","cmuihoq0l002hb23fy05xkd46","PEC Zwolle","SOURCE_SHOWS_WE_DO_NOT","attach","attach: Present in PEC Zwolle FotMob squad (shirt #48); attach detached player.","none","N/A","N/A",true
"cmuihw4rw0d5rsexp1ek067ac","Jayden Holtman","1347749","NONE","Unassigned","cmuihoq0l002hb23fy05xkd46","PEC Zwolle","SOURCE_SHOWS_WE_DO_NOT","attach","attach: Present in PEC Zwolle FotMob squad (shirt #N/A); attach detached player.","none","N/A","N/A",false
"cmuihw43r0c8xsexp3hhwvnrv","Jan Bürger","1009440","NONE","Unassigned","cmuihoq0l002hb23fy05xkd46","PEC Zwolle","SOURCE_SHOWS_WE_DO_NOT","attach","attach: Present in PEC Zwolle FotMob squad (shirt #6); attach detached player.","none","N/A","N/A",true
"cmuihvvvz0335sexph03pikmu","Nick Viergever","93081","NONE","Unassigned","cmuihoq0l002hb23fy05xkd46","PEC Zwolle","SOURCE_SHOWS_WE_DO_NOT","attach","attach: Present in PEC Zwolle FotMob squad (shirt #24); attach detached player.","none","N/A","N/A",true
"FM_939625","Filip Krastev","N/A","NONE","Unassigned","cmuihoq0l002hb23fy05xkd46","PEC Zwolle","SOURCE_SHOWS_WE_DO_NOT","create new player","create new player: Ingest new academy player from FotMob squad (shirt #none).","none","N/A","N/A",false
"FM_1129028","Tobias Sommer","N/A","NONE","Unassigned","cmuihoq0l002hb23fy05xkd46","PEC Zwolle","SOURCE_SHOWS_WE_DO_NOT","create new player","create new player: Ingest new senior player from FotMob squad (shirt #8).","none","N/A","N/A",true
"cmuihw4r50ctssexpejllr33i","Gilles van der Wal","1146470","NONE","Unassigned","cmuihoq0l002hb23fy05xkd46","PEC Zwolle","SOURCE_SHOWS_WE_DO_NOT","attach","attach: Present in PEC Zwolle FotMob squad (shirt #37); attach detached player.","none","N/A","N/A",true
"FM_961340","Elias Sørensen","N/A","NONE","Unassigned","cmuihoq0l002hb23fy05xkd46","PEC Zwolle","SOURCE_SHOWS_WE_DO_NOT","create new player","create new player: Ingest new senior player from FotMob squad (shirt #9).","none","N/A","N/A",true
"cmuihw0j2087asexpfg5vrs4v","Sydney van Hooijdonk","439292","cmuihq2sq005hh29en9069nxw","CF Estrela Amadora","cmuihoq0l002hb23fy05xkd46","PEC Zwolle","SOURCE_SHOWS_WE_DO_NOT","reassign","reassign: Present in PEC Zwolle FotMob senior squad (shirt #17); previously at CF Estrela Amadora.","none","2026-01-28","N/A",true
"cmuihw1dn09hasexpu548n94p","Ibrahim Cissoko","575693","NONE","Unassigned","cmuihoq0l002hb23fy05xkd46","PEC Zwolle","SOURCE_SHOWS_WE_DO_NOT","attach","attach: Present in PEC Zwolle FotMob squad (shirt #22); attach detached player.","none","N/A","N/A",true
"cmuihvuy302f3sexp4l8z602u","Jordan Henderson","61651","cmuihocpq001vb23fu3cm5yh8","Brentford FC","cmuihqcpo00b1h29edf8q9ksb","Chelsea FC","WE_SHOW_SOURCE_DOES_NOT","reassign","reassign: Player is registered in Chelsea FC current FotMob squad (shirt #14).","none","2025-07-14","N/A",true
"cmuihw2pz0auksexpxksqvx4z","Matthew Cox","741236","cmuihocpq001vb23fu3cm5yh8","Brentford FC","NONE","Unassigned","WE_SHOW_SOURCE_DOES_NOT","detach","detach: Absent from FotMob declared squad for Brentford FC.","none","2026-05-30","N/A",true
"cmuihw3ez0blxsexpp1pbs55k","Riley Owen","907218","cmuihocpq001vb23fu3cm5yh8","Brentford FC","NONE","Unassigned","WE_SHOW_SOURCE_DOES_NOT","detach","detach: Absent from FotMob declared squad for Brentford FC.","none","N/A","N/A",true
"cmuihw44b0cnmsexpaqvzpo4j","Romelle Donovan","1091562","cmuihocpq001vb23fu3cm5yh8","Brentford FC","cmuihq7mj0089h29e0q3gm3nk","West Ham United","WE_SHOW_SOURCE_DOES_NOT","reassign","reassign: Player is registered in West Ham United current FotMob squad (shirt #11).","none","2025-06-30","N/A",true
"cmuihvzws081csexp5ea0tthe","Frank Onyeka","421637","cmuihocpq001vb23fu3cm5yh8","Brentford FC","cmundu5xu0001zjoe1l91im6d","Coventry City","WE_SHOW_SOURCE_DOES_NOT","reassign","reassign: Player is registered in Coventry City current FotMob squad (shirt #16).","none","2026-05-30","N/A",true
"cmuihw2pt0ap2sexpv6jygodo","Yegor Yarmolyuk","717411","cmuihocpq001vb23fu3cm5yh8","Brentford FC","NONE","Unassigned","WE_SHOW_SOURCE_DOES_NOT","detach","detach: Absent from FotMob declared squad for Brentford FC.","none","2023-06-30","N/A",true
"cmuihw43r0c8osexplsv2rt9v","Conor McManus","1008162","cmuihocpq001vb23fu3cm5yh8","Brentford FC","NONE","Unassigned","WE_SHOW_SOURCE_DOES_NOT","detach","detach: Absent from FotMob declared squad for Brentford FC.","none","N/A","N/A",true
"cmuihw4r50ctdsexplluenb08","Benjamin Arthur","1144158","cmuihocpq001vb23fu3cm5yh8","Brentford FC","NONE","Unassigned","WE_SHOW_SOURCE_DOES_NOT","detach","detach: Absent from FotMob declared squad for Brentford FC.","none","2026-06-29","N/A",true
"cmuihw43d0byqsexpb35wc35j","Jayden Meghoma","954104","cmuihocpq001vb23fu3cm5yh8","Brentford FC","NONE","Unassigned","WE_SHOW_SOURCE_DOES_NOT","detach","detach: Absent from FotMob declared squad for Brentford FC.","none","2026-05-30","N/A",true
"cmuihw4r40ct5sexpoqdcaxpf","Yunus Konak","1141628","cmuihocpq001vb23fu3cm5yh8","Brentford FC","NONE","Unassigned","WE_SHOW_SOURCE_DOES_NOT","detach","detach: Absent from FotMob declared squad for Brentford FC.","none","2026-05-30","N/A",true
"FM_1451265","Malick Diouf","N/A","NONE","Unassigned","cmuihocpq001vb23fu3cm5yh8","Brentford FC","SOURCE_SHOWS_WE_DO_NOT","create new player","create new player: Ingest new senior player from FotMob squad (shirt #25).","none","N/A","N/A",true
"FM_1341538","Ji-Soo Kim","N/A","NONE","Unassigned","cmuihocpq001vb23fu3cm5yh8","Brentford FC","SOURCE_SHOWS_WE_DO_NOT","create new player","create new player: Ingest new senior player from FotMob squad (shirt #36).","none","N/A","N/A",true
"FM_1572340","Jannik Schuster","N/A","NONE","Unassigned","cmuihocpq001vb23fu3cm5yh8","Brentford FC","SOURCE_SHOWS_WE_DO_NOT","create new player","create new player: Ingest new senior player from FotMob squad (shirt #44).","none","N/A","N/A",true
"FM_1478706","Benjamin Fredrick","N/A","NONE","Unassigned","cmuihocpq001vb23fu3cm5yh8","Brentford FC","SOURCE_SHOWS_WE_DO_NOT","create new player","create new player: Ingest new senior player from FotMob squad (shirt #48).","none","N/A","N/A",true
"FM_1157236","Yehor Yarmoliuk","N/A","NONE","Unassigned","cmuihocpq001vb23fu3cm5yh8","Brentford FC","SOURCE_SHOWS_WE_DO_NOT","create new player","create new player: Ingest new senior player from FotMob squad (shirt #6).","none","N/A","N/A",true
"cmuihw2qd0b44sexp7rlb55h5","Mamadou Sangaré","808348","cmuihqfi000cjh29exp3khwxc","RC Lens","cmuihocpq001vb23fu3cm5yh8","Brentford FC","SOURCE_SHOWS_WE_DO_NOT","reassign","reassign: Present in Brentford FC FotMob senior squad (shirt #18); previously at RC Lens.","none","2025-08-19","N/A",true
"cmuihvwrd03iosexp0jh96jb0","Callum Wilson","123682","NONE","Unassigned","cmuihocpq001vb23fu3cm5yh8","Brentford FC","SOURCE_SHOWS_WE_DO_NOT","attach","attach: Present in Brentford FC FotMob squad (shirt #13); attach detached player.","none","N/A","N/A",true
"cmuihw2pf0aersexplusstlzf","Jaidon Anthony","684210","cmuihoaiv001rb23fn6cviuyz","Burnley FC","cmuihocpq001vb23fu3cm5yh8","Brentford FC","SOURCE_SHOWS_WE_DO_NOT","reassign","reassign: Present in Brentford FC FotMob senior squad (shirt #19); previously at Burnley FC.","none","2025-06-30","N/A",true
"cmuihvy6k05mesexpkxjae5ka","Enes Ünal","251106","cmuihqh6y00dfh29eokvzxktp","AFC Bournemouth","cmuihq7jc0087h29e9nzoxp6q","Getafe CF","WE_SHOW_SOURCE_DOES_NOT","reassign","reassign: Player is registered in Getafe CF current FotMob squad (shirt #19).","none","2024-06-30","N/A",true
"cmuihw44b0cnhsexp1vckxvvw","Remy Rees-Dottin","1089802","cmuihqh6y00dfh29eokvzxktp","AFC Bournemouth","NONE","Unassigned","WE_SHOW_SOURCE_DOES_NOT","detach","detach: Absent from FotMob declared squad for AFC Bournemouth.","none","2024-06-30","N/A",true
"cmuihw1d709a9sexpl01no323","Romain Faivre","555076","cmuihqh6y00dfh29eokvzxktp","AFC Bournemouth","cmuihq4bo006eh29ep1anor93","AJ Auxerre","WE_SHOW_SOURCE_DOES_NOT","reassign","reassign: Player is registered in AJ Auxerre current FotMob squad (shirt #21).","none","2026-06-29","N/A",true
"cmuihw1ei09jesexpumv958da","Will Dennis","582078","cmuihqh6y00dfh29eokvzxktp","AFC Bournemouth","NONE","Unassigned","WE_SHOW_SOURCE_DOES_NOT","detach","detach: Absent from FotMob declared squad for AFC Bournemouth.","none","2026-06-29","N/A",true
"cmuihw1el09jzsexp9g30116r","Owen Bevan","583990","cmuihqh6y00dfh29eokvzxktp","AFC Bournemouth","NONE","Unassigned","WE_SHOW_SOURCE_DOES_NOT","detach","detach: Absent from FotMob declared squad for AFC Bournemouth.","none","N/A","N/A",true
"cmuihw43o0c6hsexpcl9l06xu","Matai Akinmboni","994604","cmuihqh6y00dfh29eokvzxktp","AFC Bournemouth","NONE","Unassigned","WE_SHOW_SOURCE_DOES_NOT","detach","detach: Absent from FotMob declared squad for AFC Bournemouth.","none","2025-01-02","N/A",true
"cmuihw2pz0auosexpuxd857vv","Álex Jiménez","741257","cmuihqh6y00dfh29eokvzxktp","AFC Bournemouth","cmuihqa6q009nh29eeao6masx","ACF Fiorentina","WE_SHOW_SOURCE_DOES_NOT","reassign","reassign: Player is registered in ACF Fiorentina current FotMob squad (shirt #20).","none","2026-06-30","N/A",true
"cmuihw43i0c3msexp3kiwwm84","Callan McKenna","983248","cmuihqh6y00dfh29eokvzxktp","AFC Bournemouth","NONE","Unassigned","WE_SHOW_SOURCE_DOES_NOT","detach","detach: Absent from FotMob declared squad for AFC Bournemouth.","none","2024-01-31","N/A",true
"cmuihvyr606e1sexpwxx5yrw6","Michele Di Gregorio","301238","cmuihqb7i00a9h29e7t17vakf","Juventus FC","cmuihqh6y00dfh29eokvzxktp","AFC Bournemouth","SOURCE_SHOWS_WE_DO_NOT","reassign","reassign: Present in AFC Bournemouth FotMob senior squad (shirt #20); previously at Juventus FC.","none","2025-06-30","N/A",true
"FM_2251528","Mack Allan","N/A","NONE","Unassigned","cmuihqh6y00dfh29eokvzxktp","AFC Bournemouth","SOURCE_SHOWS_WE_DO_NOT","create new player","create new player: Ingest new senior player from FotMob squad (shirt #55).","none","N/A","N/A",true
"cmuihw24i0a56sexpjzixpfn4","António Silva","650568","cmuihq4q6006lh29eutf0qltf","SL Benfica","cmuihqh6y00dfh29eokvzxktp","AFC Bournemouth","SOURCE_SHOWS_WE_DO_NOT","reassign","reassign: Present in AFC Bournemouth FotMob senior squad (shirt #14); previously at SL Benfica.","none","2022-06-30","N/A",true
"cmuihw24t0adhsexpdn4d8r66","Juanlu Sánchez","676042","cmuihq7is0085h29ez260bgnc","Sevilla FC","cmuihqh6y00dfh29eokvzxktp","AFC Bournemouth","SOURCE_SHOWS_WE_DO_NOT","reassign","reassign: Present in AFC Bournemouth FotMob senior squad (shirt #24); previously at Sevilla FC.","none","2023-06-29","N/A",true
"FM_956621","Max Aarons","N/A","NONE","Unassigned","cmuihqh6y00dfh29eokvzxktp","AFC Bournemouth","SOURCE_SHOWS_WE_DO_NOT","create new player","create new player: Ingest new senior player from FotMob squad (shirt #28).","none","N/A","N/A",true
"FM_1253827","Daniel Jebbison","N/A","NONE","Unassigned","cmuihqh6y00dfh29eokvzxktp","AFC Bournemouth","SOURCE_SHOWS_WE_DO_NOT","create new player","create new player: Ingest new senior player from FotMob squad (shirt #29).","none","N/A","N/A",true
"cmuihw3fe0bxpsexpynyq9i52","Álvaro Rodríguez","948275","cmuihq03y0041h29ezh2jdh2h","Elche CF","cmuihqh6y00dfh29eokvzxktp","AFC Bournemouth","SOURCE_SHOWS_WE_DO_NOT","reassign","reassign: Present in AFC Bournemouth FotMob senior squad (shirt #30); previously at Elche CF.","none","2025-07-21","N/A",true
"FM_1797871","Boet van der Linden","N/A","NONE","Unassigned","cmuihq8us008vh29erfb05jp3","Willem II Tilburg","SOURCE_SHOWS_WE_DO_NOT","create new player","create new player: Ingest new academy player from FotMob squad (shirt #none).","none","N/A","N/A",false
"cmuihvxft04gvsexpp3sjo3io","Thomas Didillon-Hödl","182891","NONE","Unassigned","cmuihq8us008vh29erfb05jp3","Willem II Tilburg","SOURCE_SHOWS_WE_DO_NOT","attach","attach: Present in Willem II Tilburg FotMob squad (shirt #1); attach detached player.","none","N/A","N/A",true
"cmuihvws4043bsexpughm320l","Wouter van der Steen","159896","NONE","Unassigned","cmuihq8us008vh29erfb05jp3","Willem II Tilburg","SOURCE_SHOWS_WE_DO_NOT","attach","attach: Present in Willem II Tilburg FotMob squad (shirt #21); attach detached player.","none","N/A","N/A",true
"FM_1034810","Maxime Delanghe","N/A","NONE","Unassigned","cmuihq8us008vh29erfb05jp3","Willem II Tilburg","SOURCE_SHOWS_WE_DO_NOT","create new player","create new player: Ingest new senior player from FotMob squad (shirt #26).","none","N/A","N/A",true
"cmuihw3f60bqpsexpd12nny4j","Karst de Leeuw","928390","NONE","Unassigned","cmuihq8us008vh29erfb05jp3","Willem II Tilburg","SOURCE_SHOWS_WE_DO_NOT","attach","attach: Present in Willem II Tilburg FotMob squad (shirt #31); attach detached player.","none","N/A","N/A",true
"FM_1847348","Tygo Kotte","N/A","NONE","Unassigned","cmuihq8us008vh29erfb05jp3","Willem II Tilburg","SOURCE_SHOWS_WE_DO_NOT","create new player","create new player: Ingest new senior player from FotMob squad (shirt #41).","none","N/A","N/A",true
"FM_1810573","Vince van der Bas","N/A","NONE","Unassigned","cmuihq8us008vh29erfb05jp3","Willem II Tilburg","SOURCE_SHOWS_WE_DO_NOT","create new player","create new player: Ingest new senior player from FotMob squad (shirt #99).","none","N/A","N/A",true
"FM_689296","Alessandro Ciranni","N/A","NONE","Unassigned","cmuihq8us008vh29erfb05jp3","Willem II Tilburg","SOURCE_SHOWS_WE_DO_NOT","create new player","create new player: Ingest new senior player from FotMob squad (shirt #2).","none","N/A","N/A",true
"cmuihw24o0a9psexph5hl5feq","Finn Stam","665541","NONE","Unassigned","cmuihq8us008vh29erfb05jp3","Willem II Tilburg","SOURCE_SHOWS_WE_DO_NOT","attach","attach: Present in Willem II Tilburg FotMob squad (shirt #3); attach detached player.","none","N/A","N/A",true
"cmuihvzwl07x2sexp7troen1v","Justin Hoogma","411287","NONE","Unassigned","cmuihq8us008vh29erfb05jp3","Willem II Tilburg","SOURCE_SHOWS_WE_DO_NOT","attach","attach: Present in Willem II Tilburg FotMob squad (shirt #4); attach detached player.","none","N/A","N/A",true
"cmuihvy6r05r4sexp62vfea5l","Hidde ter Avest","258519","NONE","Unassigned","cmuihq8us008vh29erfb05jp3","Willem II Tilburg","SOURCE_SHOWS_WE_DO_NOT","attach","attach: Present in Willem II Tilburg FotMob squad (shirt #5); attach detached player.","none","N/A","N/A",true
"cmuihw4re0cwgsexpj9dhzn6m","Jens Mathijsen","1175838","NONE","Unassigned","cmuihq8us008vh29erfb05jp3","Willem II Tilburg","SOURCE_SHOWS_WE_DO_NOT","attach","attach: Present in Willem II Tilburg FotMob squad (shirt #14); attach detached player.","none","N/A","N/A",true
"FM_1460076","Amine Et-Taïbi","N/A","NONE","Unassigned","cmuihq8us008vh29erfb05jp3","Willem II Tilburg","SOURCE_SHOWS_WE_DO_NOT","create new player","create new player: Ingest new senior player from FotMob squad (shirt #15).","none","N/A","N/A",true
"cmuihw43q0c7ksexpdrds59iq","Per van Loon","1003716","NONE","Unassigned","cmuihq8us008vh29erfb05jp3","Willem II Tilburg","SOURCE_SHOWS_WE_DO_NOT","attach","attach: Present in Willem II Tilburg FotMob squad (shirt #22); attach detached player.","none","N/A","N/A",true
"cmuihw24h0a3qsexpgwao5x5w","Maxim Dekker","646704","cmuiho33d001db23ffg0co70a","AZ Alkmaar","cmuihq8us008vh29erfb05jp3","Willem II Tilburg","SOURCE_SHOWS_WE_DO_NOT","reassign","reassign: Present in Willem II Tilburg FotMob senior squad (shirt #23); previously at AZ Alkmaar.","none","2022-06-30","N/A",true
"cmuihw24009q9sexpnwp2ubby","Nathan Tjoe-A-On","606023","NONE","Unassigned","cmuihq8us008vh29erfb05jp3","Willem II Tilburg","SOURCE_SHOWS_WE_DO_NOT","attach","attach: Present in Willem II Tilburg FotMob squad (shirt #24); attach detached player.","none","N/A","N/A",true
"FM_1901814","Kayen Scheepens","N/A","NONE","Unassigned","cmuihq8us008vh29erfb05jp3","Willem II Tilburg","SOURCE_SHOWS_WE_DO_NOT","create new player","create new player: Ingest new senior player from FotMob squad (shirt #46).","none","N/A","N/A",true
"cmuihw2qc0b3bsexphw7jt5ew","Mats Lemmens","805696","NONE","Unassigned","cmuihq8us008vh29erfb05jp3","Willem II Tilburg","SOURCE_SHOWS_WE_DO_NOT","attach","attach: Present in Willem II Tilburg FotMob squad (shirt #83); attach detached player.","none","N/A","N/A",true
"cmuihw24309sysexpv4x5sr81","Calvin Twigt","612758","cmuihpzcq003nh29eowpx0ee9","Go Ahead Eagles","cmuihq8us008vh29erfb05jp3","Willem II Tilburg","SOURCE_SHOWS_WE_DO_NOT","reassign","reassign: Present in Willem II Tilburg FotMob senior squad (shirt #6); previously at Go Ahead Eagles.","none","2026-06-29","N/A",true
"cmuihw43k0c54sexp1ro230ca","Kasper Boogaard","988406","cmuiho33d001db23ffg0co70a","AZ Alkmaar","cmuihq8us008vh29erfb05jp3","Willem II Tilburg","SOURCE_SHOWS_WE_DO_NOT","reassign","reassign: Present in Willem II Tilburg FotMob senior squad (shirt #8); previously at AZ Alkmaar.","none","2026-01-11","N/A",true
"cmuihvyqg05u5sexpryd29qqs","Jari Schuurman","264857","NONE","Unassigned","cmuihq8us008vh29erfb05jp3","Willem II Tilburg","SOURCE_SHOWS_WE_DO_NOT","attach","attach: Present in Willem II Tilburg FotMob squad (shirt #10); attach detached player.","none","N/A","N/A",true
"FM_1667714","Anass Zarrouk","N/A","NONE","Unassigned","cmuihq8us008vh29erfb05jp3","Willem II Tilburg","SOURCE_SHOWS_WE_DO_NOT","create new player","create new player: Ingest new senior player from FotMob squad (shirt #18).","none","N/A","N/A",true
"cmuihw43y0cersexpi1hkv2r1","Uriël van Aalst","1052795","NONE","Unassigned","cmuihq8us008vh29erfb05jp3","Willem II Tilburg","SOURCE_SHOWS_WE_DO_NOT","attach","attach: Present in Willem II Tilburg FotMob squad (shirt #19); attach detached player.","none","N/A","N/A",true
"cmuihvyr906gxsexpej6bvjsq","Vito van Crooij","312493","cmuihqali009vh29e33t7l1kw","NEC Nijmegen","cmuihq8us008vh29erfb05jp3","Willem II Tilburg","SOURCE_SHOWS_WE_DO_NOT","reassign","reassign: Present in Willem II Tilburg FotMob senior squad (shirt #32); previously at NEC Nijmegen.","none","2026-06-29","N/A",true
"cmuihw3f60bqnsexpgk40tcoz","Amine Lachkar","928330","NONE","Unassigned","cmuihq8us008vh29erfb05jp3","Willem II Tilburg","SOURCE_SHOWS_WE_DO_NOT","attach","attach: Present in Willem II Tilburg FotMob squad (shirt #34); attach detached player.","none","N/A","N/A",true
"FM_2130406","Divano Iglesias","N/A","NONE","Unassigned","cmuihq8us008vh29erfb05jp3","Willem II Tilburg","SOURCE_SHOWS_WE_DO_NOT","create new player","create new player: Ingest new senior player from FotMob squad (shirt #40).","none","N/A","N/A",true
"FM_1797867","Pieter van Maarschalkerwaard","N/A","NONE","Unassigned","cmuihq8us008vh29erfb05jp3","Willem II Tilburg","SOURCE_SHOWS_WE_DO_NOT","create new player","create new player: Ingest new senior player from FotMob squad (shirt #45).","none","N/A","N/A",true
"FM_2130409","Sebas Wermenbol","N/A","NONE","Unassigned","cmuihq8us008vh29erfb05jp3","Willem II Tilburg","SOURCE_SHOWS_WE_DO_NOT","create new player","create new player: Ingest new senior player from FotMob squad (shirt #45).","none","N/A","N/A",true
"FM_1945733","Julian van Esdonk","N/A","NONE","Unassigned","cmuihq8us008vh29erfb05jp3","Willem II Tilburg","SOURCE_SHOWS_WE_DO_NOT","create new player","create new player: Ingest new senior player from FotMob squad (shirt #48).","none","N/A","N/A",true
"FM_304000","Tonny Vilhena","N/A","NONE","Unassigned","cmuihq8us008vh29erfb05jp3","Willem II Tilburg","SOURCE_SHOWS_WE_DO_NOT","create new player","create new player: Ingest new senior player from FotMob squad (shirt #52).","none","N/A","N/A",true
"FM_2076146","Noeh de Bruijn","N/A","NONE","Unassigned","cmuihq8us008vh29erfb05jp3","Willem II Tilburg","SOURCE_SHOWS_WE_DO_NOT","create new player","create new player: Ingest new academy player from FotMob squad (shirt #none).","none","N/A","N/A",false
"cmuihw2pw0arvsexp6kbiqjso","Jaden Slory","727480","cmuihq1t5004zh29exb9q00c1","Feyenoord Rotterdam","cmuihq8us008vh29erfb05jp3","Willem II Tilburg","SOURCE_SHOWS_WE_DO_NOT","reassign","reassign: Present in Willem II Tilburg FotMob senior squad (shirt #7); previously at Feyenoord Rotterdam.","none","2026-06-29","N/A",true
"FM_1236033","Devin Haen","N/A","NONE","Unassigned","cmuihq8us008vh29erfb05jp3","Willem II Tilburg","SOURCE_SHOWS_WE_DO_NOT","create new player","create new player: Ingest new senior player from FotMob squad (shirt #9).","none","N/A","N/A",true
"FM_1430319","Armin Culum","N/A","NONE","Unassigned","cmuihq8us008vh29erfb05jp3","Willem II Tilburg","SOURCE_SHOWS_WE_DO_NOT","create new player","create new player: Ingest new senior player from FotMob squad (shirt #11).","none","N/A","N/A",true
"cmuihw43w0ccssexps464mf3j","Chido Obi","1042886","cmuihqgxr00ddh29e8cr2u808","Manchester United","cmuihq8us008vh29erfb05jp3","Willem II Tilburg","SOURCE_SHOWS_WE_DO_NOT","reassign","reassign: Present in Willem II Tilburg FotMob senior squad (shirt #17); previously at Manchester United.","none","2025-06-30","N/A",true
"FM_1667721","Thijs Muller","N/A","NONE","Unassigned","cmuihq8us008vh29erfb05jp3","Willem II Tilburg","SOURCE_SHOWS_WE_DO_NOT","create new player","create new player: Ingest new senior player from FotMob squad (shirt #20).","none","N/A","N/A",true
"FM_519829","Thomas Verheijdt","N/A","NONE","Unassigned","cmuihq8us008vh29erfb05jp3","Willem II Tilburg","SOURCE_SHOWS_WE_DO_NOT","create new player","create new player: Ingest new senior player from FotMob squad (shirt #28).","none","N/A","N/A",true
"FM_2130408","Luca Maal","N/A","NONE","Unassigned","cmuihq8us008vh29erfb05jp3","Willem II Tilburg","SOURCE_SHOWS_WE_DO_NOT","create new player","create new player: Ingest new senior player from FotMob squad (shirt #44).","none","N/A","N/A",true
"FM_2130410","Ismael Mouhoul","N/A","NONE","Unassigned","cmuihq8us008vh29erfb05jp3","Willem II Tilburg","SOURCE_SHOWS_WE_DO_NOT","create new player","create new player: Ingest new senior player from FotMob squad (shirt #49).","none","N/A","N/A",true
"cmuihw4r00crosexpf3q931g3","Eser Gürbüz","1130803","cmuihq5gp006xh29ew3zgy2a2","SC Heerenveen","cmuihq8us008vh29erfb05jp3","Willem II Tilburg","SOURCE_SHOWS_WE_DO_NOT","reassign","reassign: Present in Willem II Tilburg FotMob senior squad (shirt #50); previously at SC Heerenveen.","none","2025-01-31","N/A",true
"cmuihw44b0cnpsexpc2l1nqxj","Bruno Ramos","1092432","cmundu9bs0009zjoe6j4u149k","Académico Viseu FC","NONE","Unassigned","WE_SHOW_SOURCE_DOES_NOT","detach","detach: Absent from FotMob declared squad for Académico Viseu FC.","none","2026-06-29","N/A",true
"cmuihvyqr061wsexphzp49bbn","Marcos Lavín","282409","NONE","Unassigned","cmundu9bs0009zjoe6j4u149k","Académico Viseu FC","SOURCE_SHOWS_WE_DO_NOT","attach","attach: Present in Académico Viseu FC FotMob squad (shirt #1); attach detached player.","none","N/A","N/A",true
"cmuihvy6k05mysexpldqezou4","Juan Soriano","251892","NONE","Unassigned","cmundu9bs0009zjoe6j4u149k","Académico Viseu FC","SOURCE_SHOWS_WE_DO_NOT","attach","attach: Present in Académico Viseu FC FotMob squad (shirt #12); attach detached player.","none","N/A","N/A",true
"FM_1637274","Matheus Sampaio","N/A","NONE","Unassigned","cmundu9bs0009zjoe6j4u149k","Académico Viseu FC","SOURCE_SHOWS_WE_DO_NOT","create new player","create new player: Ingest new senior player from FotMob squad (shirt #58).","none","N/A","N/A",true
"cmuihvwrw03y6sexpasoy90nk","Ewerton","149249","NONE","Unassigned","cmundu9bs0009zjoe6j4u149k","Académico Viseu FC","SOURCE_SHOWS_WE_DO_NOT","attach","attach: Present in Académico Viseu FC FotMob squad (shirt #98); attach detached player.","none","N/A","N/A",true
"FM_1177973","Hugo Gambor","N/A","NONE","Unassigned","cmundu9bs0009zjoe6j4u149k","Académico Viseu FC","SOURCE_SHOWS_WE_DO_NOT","create new player","create new player: Ingest new academy player from FotMob squad (shirt #none).","none","N/A","N/A",false
"cmuihw1el09k3sexphj6kwn1m","Nikolaos Michelis","584452","NONE","Unassigned","cmundu9bs0009zjoe6j4u149k","Académico Viseu FC","SOURCE_SHOWS_WE_DO_NOT","attach","attach: Present in Académico Viseu FC FotMob squad (shirt #2); attach detached player.","none","N/A","N/A",true
"cmuihw2ps0aohsexp7i2e0gj5","Miguel Ángel Brau","713649","NONE","Unassigned","cmundu9bs0009zjoe6j4u149k","Académico Viseu FC","SOURCE_SHOWS_WE_DO_NOT","attach","attach: Present in Académico Viseu FC FotMob squad (shirt #3); attach detached player.","none","N/A","N/A",true
"FM_1228061","Pedro Barcelos","N/A","NONE","Unassigned","cmundu9bs0009zjoe6j4u149k","Académico Viseu FC","SOURCE_SHOWS_WE_DO_NOT","create new player","create new player: Ingest new senior player from FotMob squad (shirt #5).","none","N/A","N/A",true
"cmuihw0k708qzsexpdns7iyp6","Tomás Domingos","498234","NONE","Unassigned","cmundu9bs0009zjoe6j4u149k","Académico Viseu FC","SOURCE_SHOWS_WE_DO_NOT","attach","attach: Present in Académico Viseu FC FotMob squad (shirt #21); attach detached player.","none","N/A","N/A",true
"cmuihw0jz08kysexpt19v6r3m","Anthony Correia","478357","NONE","Unassigned","cmundu9bs0009zjoe6j4u149k","Académico Viseu FC","SOURCE_SHOWS_WE_DO_NOT","attach","attach: Present in Académico Viseu FC FotMob squad (shirt #41); attach detached player.","none","N/A","N/A",true
"FM_1150326","Rúben Pereira","N/A","NONE","Unassigned","cmundu9bs0009zjoe6j4u149k","Académico Viseu FC","SOURCE_SHOWS_WE_DO_NOT","create new player","create new player: Ingest new senior player from FotMob squad (shirt #44).","none","N/A","N/A",true
"FM_1712396","Gu Costa","N/A","NONE","Unassigned","cmundu9bs0009zjoe6j4u149k","Académico Viseu FC","SOURCE_SHOWS_WE_DO_NOT","create new player","create new player: Ingest new senior player from FotMob squad (shirt #57).","none","N/A","N/A",true
"FM_1285334","Igor Milioransa","N/A","NONE","Unassigned","cmundu9bs0009zjoe6j4u149k","Académico Viseu FC","SOURCE_SHOWS_WE_DO_NOT","create new player","create new player: Ingest new senior player from FotMob squad (shirt #66).","none","N/A","N/A",true
"cmuihw44b0cnusexp76ey2a7a","Robinho","1093626","cmuihq2sq005hh29en9069nxw","CF Estrela Amadora","cmundu9bs0009zjoe6j4u149k","Académico Viseu FC","SOURCE_SHOWS_WE_DO_NOT","reassign","reassign: Present in Académico Viseu FC FotMob senior squad (shirt #75); previously at CF Estrela Amadora.","none","2025-07-13","N/A",true
"cmuihw4ru0d3lsexpak9pskyr","Tomás Silva","1294049","NONE","Unassigned","cmundu9bs0009zjoe6j4u149k","Académico Viseu FC","SOURCE_SHOWS_WE_DO_NOT","attach","attach: Present in Académico Viseu FC FotMob squad (shirt #N/A); attach detached player.","none","N/A","N/A",false
"cmuihw1as08vcsexpx4d87cmh","André Ceitil","512129","cmuihqe6c00bph29e8vcrprk6","CD Tondela","cmundu9bs0009zjoe6j4u149k","Académico Viseu FC","SOURCE_SHOWS_WE_DO_NOT","reassign","reassign: Present in Académico Viseu FC FotMob senior squad (shirt #6); previously at CD Tondela.","none","N/A","N/A",true
"cmuihvxg304o5sexpfh5hkf3a","Luís Silva","193319","NONE","Unassigned","cmundu9bs0009zjoe6j4u149k","Académico Viseu FC","SOURCE_SHOWS_WE_DO_NOT","attach","attach: Present in Académico Viseu FC FotMob squad (shirt #7); attach detached player.","none","N/A","N/A",true
"FM_726551","Cihan Kahraman","N/A","NONE","Unassigned","cmundu9bs0009zjoe6j4u149k","Académico Viseu FC","SOURCE_SHOWS_WE_DO_NOT","create new player","create new player: Ingest new senior player from FotMob squad (shirt #8).","none","N/A","N/A",true
"FM_1274539","Soufiane Messeguem","N/A","NONE","Unassigned","cmundu9bs0009zjoe6j4u149k","Académico Viseu FC","SOURCE_SHOWS_WE_DO_NOT","create new player","create new player: Ingest new senior player from FotMob squad (shirt #14).","none","N/A","N/A",true
"FM_892175","Cristian Ferreira","N/A","NONE","Unassigned","cmundu9bs0009zjoe6j4u149k","Académico Viseu FC","SOURCE_SHOWS_WE_DO_NOT","create new player","create new player: Ingest new senior player from FotMob squad (shirt #18).","none","N/A","N/A",true
"FM_1428038","Andro Babić","N/A","NONE","Unassigned","cmundu9bs0009zjoe6j4u149k","Académico Viseu FC","SOURCE_SHOWS_WE_DO_NOT","create new player","create new player: Ingest new senior player from FotMob squad (shirt #29).","none","N/A","N/A",true
"cmuihw4qy0cqdsexpe3mw56bo","Alejandro Mestanza","1118201","cmuihq7jc0087h29e9nzoxp6q","Getafe CF","cmundu9bs0009zjoe6j4u149k","Académico Viseu FC","SOURCE_SHOWS_WE_DO_NOT","reassign","reassign: Present in Académico Viseu FC FotMob senior squad (shirt #45); previously at Getafe CF.","none","N/A","N/A",true
"cmuihvxgk0500sexp40kx0olc","Mohamed Bouldini","211628","NONE","Unassigned","cmundu9bs0009zjoe6j4u149k","Académico Viseu FC","SOURCE_SHOWS_WE_DO_NOT","attach","attach: Present in Académico Viseu FC FotMob squad (shirt #9); attach detached player.","none","N/A","N/A",true
"FM_1401581","Álvaro Zamora","N/A","NONE","Unassigned","cmundu9bs0009zjoe6j4u149k","Académico Viseu FC","SOURCE_SHOWS_WE_DO_NOT","create new player","create new player: Ingest new senior player from FotMob squad (shirt #10).","none","N/A","N/A",true
"cmuihvzaq06phsexp9thkc8zi","Valery Fernández","331496","NONE","Unassigned","cmundu9bs0009zjoe6j4u149k","Académico Viseu FC","SOURCE_SHOWS_WE_DO_NOT","attach","attach: Present in Académico Viseu FC FotMob squad (shirt #17); attach detached player.","none","N/A","N/A",true
"FM_942377","Nils Mortimer Moreno","N/A","NONE","Unassigned","cmundu9bs0009zjoe6j4u149k","Académico Viseu FC","SOURCE_SHOWS_WE_DO_NOT","create new player","create new player: Ingest new senior player from FotMob squad (shirt #22).","none","N/A","N/A",true
"FM_1421283","Issoufi Maiga","N/A","NONE","Unassigned","cmundu9bs0009zjoe6j4u149k","Académico Viseu FC","SOURCE_SHOWS_WE_DO_NOT","create new player","create new player: Ingest new senior player from FotMob squad (shirt #23).","none","N/A","N/A",true
"cmuihvu4b01b3sexph3qmekwe","João Guilherme","27369","NONE","Unassigned","cmundu9bs0009zjoe6j4u149k","Académico Viseu FC","SOURCE_SHOWS_WE_DO_NOT","attach","attach: Present in Académico Viseu FC FotMob squad (shirt #31); attach detached player.","none","N/A","N/A",true
"cmuihw1dd09d2sexppaeeexfe","André Clóvis","564890","NONE","Unassigned","cmundu9bs0009zjoe6j4u149k","Académico Viseu FC","SOURCE_SHOWS_WE_DO_NOT","attach","attach: Present in Académico Viseu FC FotMob squad (shirt #33); attach detached player.","none","N/A","N/A",true
"FM_1695981","Lorougnon Gohi","N/A","NONE","Unassigned","cmundu9bs0009zjoe6j4u149k","Académico Viseu FC","SOURCE_SHOWS_WE_DO_NOT","create new player","create new player: Ingest new senior player from FotMob squad (shirt #47).","none","N/A","N/A",true
"cmuihvu4i01e0sexpzyqvwsvp","Paulinho","29424","NONE","Unassigned","cmundu9bs0009zjoe6j4u149k","Académico Viseu FC","SOURCE_SHOWS_WE_DO_NOT","attach","attach: Present in Académico Viseu FC FotMob squad (shirt #77); attach detached player.","none","N/A","N/A",true
"cmuihvyr806ftsexpde5hy3dh","Rolando Mandragora","308279","cmuihqa6q009nh29eeao6masx","ACF Fiorentina","cmuihq9hw0099h29erttwt92h","Torino FC","WE_SHOW_SOURCE_DOES_NOT","reassign","reassign: Player is registered in Torino FC current FotMob squad (shirt #8).","none","2022-07-03","N/A",true
"cmuihvzbm07b6sexp7mrrwntm","Moise Kean","364135","cmuihqa6q009nh29eeao6masx","ACF Fiorentina","cmuihntg0000vb23fquzb7c6q","Como 1907","WE_SHOW_SOURCE_DOES_NOT","reassign","reassign: Player is registered in Como 1907 current FotMob squad (shirt #90).","none","2024-07-08","N/A",true
"cmuihw3fa0buhsexp0iyjdh12","Pietro Leonardelli","937631","cmuihqa6q009nh29eeao6masx","ACF Fiorentina","NONE","Unassigned","WE_SHOW_SOURCE_DOES_NOT","detach","detach: Absent from FotMob declared squad for ACF Fiorentina.","none","2023-06-30","N/A",true
"cmuihw2q20awzsexplvimn7jv","Pietro Comuzzo","746712","cmuihqa6q009nh29eeao6masx","ACF Fiorentina","cmuihq9hw0099h29erttwt92h","Torino FC","WE_SHOW_SOURCE_DOES_NOT","reassign","reassign: Player is registered in Torino FC current FotMob squad (shirt #15).","none","2023-06-30","N/A",true
"cmuihvwro03rzsexp6em7agpb","Luca Lezzerini","135747","NONE","Unassigned","cmuihqa6q009nh29eeao6masx","ACF Fiorentina","SOURCE_SHOWS_WE_DO_NOT","attach","attach: Present in ACF Fiorentina FotMob squad (shirt #19); attach detached player.","none","N/A","N/A",true
"cmuihw44d0cp1sexply77hnmd","Mattia Magalotti","1105756","NONE","Unassigned","cmuihqa6q009nh29eeao6masx","ACF Fiorentina","SOURCE_SHOWS_WE_DO_NOT","attach","attach: Present in ACF Fiorentina FotMob squad (shirt #51); attach detached player.","none","N/A","N/A",true
"FM_806972","Oliver Christensen","N/A","NONE","Unassigned","cmuihqa6q009nh29eeao6masx","ACF Fiorentina","SOURCE_SHOWS_WE_DO_NOT","create new player","create new player: Ingest new senior player from FotMob squad (shirt #53).","none","N/A","N/A",true
"cmuihw1dg09ewsexpvn4sq5qv","Radu Drăgușin","568559","cmuihpzs8003vh29eyrxt8nk5","Tottenham Hotspur","cmuihqa6q009nh29eeao6masx","ACF Fiorentina","SOURCE_SHOWS_WE_DO_NOT","reassign","reassign: Present in ACF Fiorentina FotMob senior squad (shirt #3); previously at Tottenham Hotspur.","none","2024-01-10","N/A",true
"cmuihw1bz093psexph1111ca8","João Mário","537602","cmuihqb7i00a9h29e7t17vakf","Juventus FC","cmuihqa6q009nh29eeao6masx","ACF Fiorentina","SOURCE_SHOWS_WE_DO_NOT","reassign","reassign: Present in ACF Fiorentina FotMob senior squad (shirt #17); previously at Juventus FC.","none","2026-06-29","N/A",true
"cmuihw2pz0auosexpuxd857vv","Álex Jiménez","741257","cmuihqh6y00dfh29eokvzxktp","AFC Bournemouth","cmuihqa6q009nh29eeao6masx","ACF Fiorentina","SOURCE_SHOWS_WE_DO_NOT","reassign","reassign: Present in ACF Fiorentina FotMob senior squad (shirt #20); previously at AFC Bournemouth.","none","2026-06-30","N/A",true
"FM_1712399","Valde","N/A","NONE","Unassigned","cmuihqa6q009nh29eeao6masx","ACF Fiorentina","SOURCE_SHOWS_WE_DO_NOT","create new player","create new player: Ingest new senior player from FotMob squad (shirt #21).","none","N/A","N/A",true
"FM_1501917","Viery","N/A","NONE","Unassigned","cmuihqa6q009nh29eeao6masx","ACF Fiorentina","SOURCE_SHOWS_WE_DO_NOT","create new player","create new player: Ingest new senior player from FotMob squad (shirt #33).","none","N/A","N/A",true
"cmuihw3f80bsusexp4nqg0bkl","Edoardo Sadotti","934513","NONE","Unassigned","cmuihqa6q009nh29eeao6masx","ACF Fiorentina","SOURCE_SHOWS_WE_DO_NOT","attach","attach: Present in ACF Fiorentina FotMob squad (shirt #67); attach detached player.","none","N/A","N/A",true
"cmuihw0jf08dasexpvscbzdj0","Marco Brescianini","459128","NONE","Unassigned","cmuihqa6q009nh29eeao6masx","ACF Fiorentina","SOURCE_SHOWS_WE_DO_NOT","attach","attach: Present in ACF Fiorentina FotMob squad (shirt #4); attach detached player.","none","N/A","N/A",true
"cmuihw3eo0bd9sexpkfmdioze","Arthur Atta","855308","NONE","Unassigned","cmuihqa6q009nh29eeao6masx","ACF Fiorentina","SOURCE_SHOWS_WE_DO_NOT","attach","attach: Present in ACF Fiorentina FotMob squad (shirt #14); attach detached player.","none","N/A","N/A",true
"FM_1666494","Christ Inao Oulaï","N/A","NONE","Unassigned","cmuihqa6q009nh29eeao6masx","ACF Fiorentina","SOURCE_SHOWS_WE_DO_NOT","create new player","create new player: Ingest new senior player from FotMob squad (shirt #42).","none","N/A","N/A",true
"cmuihw0is084zsexpuos9zmm6","Nicolò Fagioli","432090","NONE","Unassigned","cmuihqa6q009nh29eeao6masx","ACF Fiorentina","SOURCE_SHOWS_WE_DO_NOT","attach","attach: Present in ACF Fiorentina FotMob squad (shirt #44); attach detached player.","none","N/A","N/A",true
"cmuihw4rh0cylsexp7v2a95j5","Piergiorgio Bonanno","1190028","NONE","Unassigned","cmuihqa6q009nh29eeao6masx","ACF Fiorentina","SOURCE_SHOWS_WE_DO_NOT","attach","attach: Present in ACF Fiorentina FotMob squad (shirt #63); attach detached player.","none","N/A","N/A",true
"cmuihvzvz07jlsexpu6fulj1c","Riccardo Sottil","386455","NONE","Unassigned","cmuihqa6q009nh29eeao6masx","ACF Fiorentina","SOURCE_SHOWS_WE_DO_NOT","attach","attach: Present in ACF Fiorentina FotMob squad (shirt #N/A); attach detached player.","none","N/A","N/A",false
"cmuihw23v09n8sexpk9amd02x","Beto","595809","cmuihq4bo006fh29ef9sfod5p","Everton FC","cmuihqa6q009nh29eeao6masx","ACF Fiorentina","SOURCE_SHOWS_WE_DO_NOT","reassign","reassign: Present in ACF Fiorentina FotMob senior squad (shirt #23); previously at Everton FC.","none","2023-08-28","N/A",true
"cmuihw3f80bswsexpirtzoxtf","Alieu Njie","934527","cmuihq9hw0099h29erttwt92h","Torino FC","cmuihqa6q009nh29eeao6masx","ACF Fiorentina","SOURCE_SHOWS_WE_DO_NOT","reassign","reassign: Present in ACF Fiorentina FotMob senior squad (shirt #25); previously at Torino FC.","none","2024-06-30","N/A",true
"FM_875133","Pote","N/A","NONE","Unassigned","cmuihqa6q009nh29eeao6masx","ACF Fiorentina","SOURCE_SHOWS_WE_DO_NOT","create new player","create new player: Ingest new senior player from FotMob squad (shirt #28).","none","N/A","N/A",true
"cmuihw24909y8sexpt3k55pn3","Wilfried Gnonto","627626","cmuihq8hv008ph29ejwdrv7xd","Leeds United","cmuihqa6q009nh29eeao6masx","ACF Fiorentina","SOURCE_SHOWS_WE_DO_NOT","reassign","reassign: Present in ACF Fiorentina FotMob senior squad (shirt #29); previously at Leeds United.","none","2022-08-31","N/A",true
"cmuihw4400cg7sexpzt1g9yr5","Franco Mastantuono","1057316","cmuihq9wg009hh29ermlar2c7","Real Madrid","cmuihqa6q009nh29eeao6masx","ACF Fiorentina","SOURCE_SHOWS_WE_DO_NOT","reassign","reassign: Present in ACF Fiorentina FotMob senior squad (shirt #30); previously at Real Madrid.","none","2025-08-13","N/A",true
"cmuihw3eo0bdksexpo1w91szg","Mateo Pellegrino","856530","cmuihouiw002pb23fjq3m9qng","Parma Calcio 1913","cmuihqa6q009nh29eeao6masx","ACF Fiorentina","SOURCE_SHOWS_WE_DO_NOT","reassign","reassign: Present in ACF Fiorentina FotMob senior squad (shirt #32); previously at Parma Calcio 1913.","none","2025-02-02","N/A",true
"cmuihw4400cgesexpj6grezbq","Gabriele Bertolini","1057853","NONE","Unassigned","cmuihqa6q009nh29eeao6masx","ACF Fiorentina","SOURCE_SHOWS_WE_DO_NOT","attach","attach: Present in ACF Fiorentina FotMob squad (shirt #68); attach detached player.","none","N/A","N/A",true
"FM_2018923","Federico Croci","N/A","NONE","Unassigned","cmuihqa6q009nh29eeao6masx","ACF Fiorentina","SOURCE_SHOWS_WE_DO_NOT","create new player","create new player: Ingest new senior player from FotMob squad (shirt #70).","none","N/A","N/A",true
"FM_1838587","Sulayman Jallow","N/A","NONE","Unassigned","cmuihqa6q009nh29eeao6masx","ACF Fiorentina","SOURCE_SHOWS_WE_DO_NOT","create new player","create new player: Ingest new senior player from FotMob squad (shirt #71).","none","N/A","N/A",true
"cmuihvzws0812sexpe7wrl4if","Lutsharel Geertruida","420210","NONE","Unassigned","cmuihq7yg008dh29eacwmi5po","PSV Eindhoven","SOURCE_SHOWS_WE_DO_NOT","attach","attach: Present in PSV Eindhoven FotMob squad (shirt #2); attach detached player.","none","N/A","N/A",true
"FM_1124533","Kilian Sildillia","N/A","NONE","Unassigned","cmuihq7yg008dh29eacwmi5po","PSV Eindhoven","SOURCE_SHOWS_WE_DO_NOT","create new player","create new player: Ingest new senior player from FotMob squad (shirt #25).","none","N/A","N/A",true
"cmuihw2q20axcsexpsum25mf2","Sami Ouaissa","747016","cmuihqali009vh29e33t7l1kw","NEC Nijmegen","cmuihq7yg008dh29eacwmi5po","PSV Eindhoven","SOURCE_SHOWS_WE_DO_NOT","reassign","reassign: Present in PSV Eindhoven FotMob senior squad (shirt #11); previously at NEC Nijmegen.","none","2024-06-29","N/A",true
"cmuihvws50445sexpoyyfyrro","Filip Kostić","161011","NONE","Unassigned","cmuihq7yg008dh29eacwmi5po","PSV Eindhoven","SOURCE_SHOWS_WE_DO_NOT","attach","attach: Present in PSV Eindhoven FotMob squad (shirt #18); attach detached player.","none","N/A","N/A",true
"cmuihw1dp09i3sexpc4ptb0oh","Sven Mijnans","578804","cmuiho33d001db23ffg0co70a","AZ Alkmaar","cmuihq7yg008dh29eacwmi5po","PSV Eindhoven","SOURCE_SHOWS_WE_DO_NOT","reassign","reassign: Present in PSV Eindhoven FotMob senior squad (shirt #21); previously at AZ Alkmaar.","none","2023-01-30","N/A",true
"cmuihw43d0bzgsexpzwsik4l3","Kodai Sano","957544","cmuihqali009vh29e33t7l1kw","NEC Nijmegen","cmuihq7yg008dh29eacwmi5po","PSV Eindhoven","SOURCE_SHOWS_WE_DO_NOT","reassign","reassign: Present in PSV Eindhoven FotMob senior squad (shirt #24); previously at NEC Nijmegen.","none","2023-08-16","N/A",true
"cmuihvzw007k0sexp1ejaqiol","Sam Lammers","386914","cmuihq5k60071h29e42akmqnf","FC Twente Enschede","cmuihq7yg008dh29eacwmi5po","PSV Eindhoven","SOURCE_SHOWS_WE_DO_NOT","reassign","reassign: Present in PSV Eindhoven FotMob senior squad (shirt #null); previously at FC Twente Enschede.","none","2024-07-25","N/A",false
"FM_1834912","Amir Bouhamdi","N/A","NONE","Unassigned","cmuihq7yg008dh29eacwmi5po","PSV Eindhoven","SOURCE_SHOWS_WE_DO_NOT","create new player","create new player: Ingest new senior player from FotMob squad (shirt #37).","none","N/A","N/A",true
"FM_616538","Alfonso Herrero","N/A","NONE","Unassigned","cmuiho0ii0019b23fvb7o5lmu","Málaga CF","SOURCE_SHOWS_WE_DO_NOT","create new player","create new player: Ingest new senior player from FotMob squad (shirt #1).","none","N/A","N/A",true
"FM_1426161","Carlos López","N/A","NONE","Unassigned","cmuiho0ii0019b23fvb7o5lmu","Málaga CF","SOURCE_SHOWS_WE_DO_NOT","create new player","create new player: Ingest new senior player from FotMob squad (shirt #13).","none","N/A","N/A",true
"FM_1678287","Andrés Céspedes","N/A","NONE","Unassigned","cmuiho0ii0019b23fvb7o5lmu","Málaga CF","SOURCE_SHOWS_WE_DO_NOT","create new player","create new player: Ingest new senior player from FotMob squad (shirt #30).","none","N/A","N/A",true
"cmuihvuy602g6sexpi7iz23yy","Antoñito","62144","NONE","Unassigned","cmuiho0ii0019b23fvb7o5lmu","Málaga CF","SOURCE_SHOWS_WE_DO_NOT","attach","attach: Present in Málaga CF FotMob squad (shirt #N/A); attach detached player.","none","N/A","N/A",false
"FM_1668274","Carlos Puga","N/A","NONE","Unassigned","cmuiho0ii0019b23fvb7o5lmu","Málaga CF","SOURCE_SHOWS_WE_DO_NOT","create new player","create new player: Ingest new senior player from FotMob squad (shirt #3).","none","N/A","N/A",true
"cmuihvy6k05masexpy35ejj6s","Einar Galilea","251046","NONE","Unassigned","cmuiho0ii0019b23fvb7o5lmu","Málaga CF","SOURCE_SHOWS_WE_DO_NOT","attach","attach: Present in Málaga CF FotMob squad (shirt #4); attach detached player.","none","N/A","N/A",true
"cmuihvzwc07rysexp9xlpl4g4","Álex Pastor","398056","NONE","Unassigned","cmuiho0ii0019b23fvb7o5lmu","Málaga CF","SOURCE_SHOWS_WE_DO_NOT","attach","attach: Present in Málaga CF FotMob squad (shirt #5); attach detached player.","none","N/A","N/A",true
"cmuihw3ef0b7qsexpivxlncoa","José Salinas","819590","NONE","Unassigned","cmuiho0ii0019b23fvb7o5lmu","Málaga CF","SOURCE_SHOWS_WE_DO_NOT","attach","attach: Present in Málaga CF FotMob squad (shirt #12); attach detached player.","none","N/A","N/A",true
"FM_1288506","Moussa Diarra","N/A","NONE","Unassigned","cmuiho0ii0019b23fvb7o5lmu","Málaga CF","SOURCE_SHOWS_WE_DO_NOT","create new player","create new player: Ingest new senior player from FotMob squad (shirt #15).","none","N/A","N/A",true
"FM_1408529","Diego Murillo","N/A","NONE","Unassigned","cmuiho0ii0019b23fvb7o5lmu","Málaga CF","SOURCE_SHOWS_WE_DO_NOT","create new player","create new player: Ingest new senior player from FotMob squad (shirt #16).","none","N/A","N/A",true
"FM_1411496","Dani Sánchez","N/A","NONE","Unassigned","cmuiho0ii0019b23fvb7o5lmu","Málaga CF","SOURCE_SHOWS_WE_DO_NOT","create new player","create new player: Ingest new senior player from FotMob squad (shirt #18).","none","N/A","N/A",true
"cmuihvzbj078gsexpz8a5omhp","Fernando Calero","357884","NONE","Unassigned","cmuiho0ii0019b23fvb7o5lmu","Málaga CF","SOURCE_SHOWS_WE_DO_NOT","attach","attach: Present in Málaga CF FotMob squad (shirt #20); attach detached player.","none","N/A","N/A",true
"FM_873838","Juan Berrocal","N/A","NONE","Unassigned","cmuiho0ii0019b23fvb7o5lmu","Málaga CF","SOURCE_SHOWS_WE_DO_NOT","create new player","create new player: Ingest new senior player from FotMob squad (shirt #25).","none","N/A","N/A",true
"cmuihvu4p01l9sexp0wh138iw","Rafita","35546","NONE","Unassigned","cmuiho0ii0019b23fvb7o5lmu","Málaga CF","SOURCE_SHOWS_WE_DO_NOT","attach","attach: Present in Málaga CF FotMob squad (shirt #31); attach detached player.","none","N/A","N/A",true
"cmuihw3fb0bv1sexpfya6b2ts","Adam Aznou","938146","cmuihq4bo006fh29ef9sfod5p","Everton FC","cmuiho0ii0019b23fvb7o5lmu","Málaga CF","SOURCE_SHOWS_WE_DO_NOT","reassign","reassign: Present in Málaga CF FotMob senior squad (shirt #39); previously at Everton FC.","none","2025-07-28","N/A",true
"FM_801120","Jens-Lys Cajuste","N/A","NONE","Unassigned","cmuiho0ii0019b23fvb7o5lmu","Málaga CF","SOURCE_SHOWS_WE_DO_NOT","create new player","create new player: Ingest new senior player from FotMob squad (shirt #2).","none","N/A","N/A",true
"FM_1082957","Ramón Enríquez","N/A","NONE","Unassigned","cmuiho0ii0019b23fvb7o5lmu","Málaga CF","SOURCE_SHOWS_WE_DO_NOT","create new player","create new player: Ingest new senior player from FotMob squad (shirt #6).","none","N/A","N/A",true
"FM_1220748","Haitam Abaida","N/A","NONE","Unassigned","cmuiho0ii0019b23fvb7o5lmu","Málaga CF","SOURCE_SHOWS_WE_DO_NOT","create new player","create new player: Ingest new senior player from FotMob squad (shirt #7).","none","N/A","N/A",true
"cmuihw24709wosexpyajfyoyj","Carlos Dotor","623524","NONE","Unassigned","cmuiho0ii0019b23fvb7o5lmu","Málaga CF","SOURCE_SHOWS_WE_DO_NOT","attach","attach: Present in Málaga CF FotMob squad (shirt #8); attach detached player.","none","N/A","N/A",true
"FM_1108863","David Larrubia","N/A","NONE","Unassigned","cmuiho0ii0019b23fvb7o5lmu","Málaga CF","SOURCE_SHOWS_WE_DO_NOT","create new player","create new player: Ingest new senior player from FotMob squad (shirt #10).","none","N/A","N/A",true
"cmuihvzwa07qtsexpfgjma0z3","Joaquín Muñoz","396334","NONE","Unassigned","cmuiho0ii0019b23fvb7o5lmu","Málaga CF","SOURCE_SHOWS_WE_DO_NOT","attach","attach: Present in Málaga CF FotMob squad (shirt #11); attach detached player.","none","N/A","N/A",true
"FM_1434474","Rafa Rodríguez","N/A","NONE","Unassigned","cmuiho0ii0019b23fvb7o5lmu","Málaga CF","SOURCE_SHOWS_WE_DO_NOT","create new player","create new player: Ingest new senior player from FotMob squad (shirt #14).","none","N/A","N/A",true
"cmuihw1dh09f5sexppf3z2xj9","Pablo Martínez","568835","cmuihq6me007nh29ezmai1c1u","Levante UD","cmuiho0ii0019b23fvb7o5lmu","Málaga CF","SOURCE_SHOWS_WE_DO_NOT","reassign","reassign: Present in Málaga CF FotMob senior squad (shirt #18); previously at Levante UD.","none","2022-06-29","N/A",true
"cmuihvyqr062csexppv0dlnjj","Dani Lorenzo","282725","NONE","Unassigned","cmuiho0ii0019b23fvb7o5lmu","Málaga CF","SOURCE_SHOWS_WE_DO_NOT","attach","attach: Present in Málaga CF FotMob squad (shirt #22); attach detached player.","none","N/A","N/A",true
"FM_1669619","Izan Merino","N/A","NONE","Unassigned","cmuiho0ii0019b23fvb7o5lmu","Málaga CF","SOURCE_SHOWS_WE_DO_NOT","create new player","create new player: Ingest new senior player from FotMob squad (shirt #23).","none","N/A","N/A",true
"FM_1669621","Aarón Ochoa","N/A","NONE","Unassigned","cmuiho0ii0019b23fvb7o5lmu","Málaga CF","SOURCE_SHOWS_WE_DO_NOT","create new player","create new player: Ingest new senior player from FotMob squad (shirt #35).","none","N/A","N/A",true
"FM_1669622","Chupe","N/A","NONE","Unassigned","cmuiho0ii0019b23fvb7o5lmu","Málaga CF","SOURCE_SHOWS_WE_DO_NOT","create new player","create new player: Ingest new senior player from FotMob squad (shirt #9).","none","N/A","N/A",true
"FM_722830","Eneko Jauregi","N/A","NONE","Unassigned","cmuiho0ii0019b23fvb7o5lmu","Málaga CF","SOURCE_SHOWS_WE_DO_NOT","create new player","create new player: Ingest new senior player from FotMob squad (shirt #17).","none","N/A","N/A",true
"cmuihvxfk04a3sexp2q91lqrh","Juan Cruz","169497","NONE","Unassigned","cmuiho0ii0019b23fvb7o5lmu","Málaga CF","SOURCE_SHOWS_WE_DO_NOT","attach","attach: Present in Málaga CF FotMob squad (shirt #19); attach detached player.","none","N/A","N/A",true
"cmuihw3f50bq4sexputxom97u","Adrián Niño","926849","NONE","Unassigned","cmuiho0ii0019b23fvb7o5lmu","Málaga CF","SOURCE_SHOWS_WE_DO_NOT","attach","attach: Present in Málaga CF FotMob squad (shirt #21); attach detached player.","none","N/A","N/A",true
"cmuihw24809xbsexp6sm39ate","Julen Lobete","625654","NONE","Unassigned","cmuiho0ii0019b23fvb7o5lmu","Málaga CF","SOURCE_SHOWS_WE_DO_NOT","attach","attach: Present in Málaga CF FotMob squad (shirt #24); attach detached player.","none","N/A","N/A",true
"cmuihvzb9071wsexp5h6gkkfp","Romano Schmid","346853","cmuihqfqk00cnh29e7bfyem85","SV Werder Bremen","cmuihqgcj00d1h29e5nz2aiov","Frosinone Calcio","WE_SHOW_SOURCE_DOES_NOT","reassign","reassign: Player is registered in Frosinone Calcio current FotMob squad (shirt #10).","none","2020-07-30","N/A",true
"cmuihw3eh0b9hsexpwbxt4u46","Julián Malatini","830108","cmuihqfqk00cnh29e7bfyem85","SV Werder Bremen","NONE","Unassigned","WE_SHOW_SOURCE_DOES_NOT","detach","detach: Absent from FotMob declared squad for SV Werder Bremen.","none","2024-01-15","N/A",true
"cmuihw0k608prsexpa9blbqws","Karl Hein","493513","NONE","Unassigned","cmuihqfqk00cnh29e7bfyem85","SV Werder Bremen","SOURCE_SHOWS_WE_DO_NOT","attach","attach: Present in SV Werder Bremen FotMob squad (shirt #1); attach detached player.","none","N/A","N/A",true
"FM_450739","Alexander Schlager","N/A","NONE","Unassigned","cmuihqfqk00cnh29e7bfyem85","SV Werder Bremen","SOURCE_SHOWS_WE_DO_NOT","create new player","create new player: Ingest new senior player from FotMob squad (shirt #30).","none","N/A","N/A",true
"cmuihw24709w7sexpj1488xoz","Olivier Deman","621802","NONE","Unassigned","cmuihqfqk00cnh29e7bfyem85","SV Werder Bremen","SOURCE_SHOWS_WE_DO_NOT","attach","attach: Present in SV Werder Bremen FotMob squad (shirt #2); attach detached player.","none","N/A","N/A",true
"FM_1283403","Oskar Wójcik","N/A","NONE","Unassigned","cmuihqfqk00cnh29e7bfyem85","SV Werder Bremen","SOURCE_SHOWS_WE_DO_NOT","create new player","create new player: Ingest new senior player from FotMob squad (shirt #3).","none","N/A","N/A",true
"FM_1053674","Moussa N'Diaye","N/A","NONE","Unassigned","cmuihqfqk00cnh29e7bfyem85","SV Werder Bremen","SOURCE_SHOWS_WE_DO_NOT","create new player","create new player: Ingest new senior player from FotMob squad (shirt #16).","none","N/A","N/A",true
"cmuihw43x0cdhsexp5znz0rmo","Mick Schmetgens","1045986","NONE","Unassigned","cmuihqfqk00cnh29e7bfyem85","SV Werder Bremen","SOURCE_SHOWS_WE_DO_NOT","attach","attach: Present in SV Werder Bremen FotMob squad (shirt #33); attach detached player.","none","N/A","N/A",true
"FM_1792647","Luca Hoecker","N/A","NONE","Unassigned","cmuihqfqk00cnh29e7bfyem85","SV Werder Bremen","SOURCE_SHOWS_WE_DO_NOT","create new player","create new player: Ingest new senior player from FotMob squad (shirt #35).","none","N/A","N/A",true
"cmuihw43v0cbwsexpfdnutaxe","Mats Heitmann","1032924","NONE","Unassigned","cmuihqfqk00cnh29e7bfyem85","SV Werder Bremen","SOURCE_SHOWS_WE_DO_NOT","attach","attach: Present in SV Werder Bremen FotMob squad (shirt #36); attach detached player.","none","N/A","N/A",true
"cmuihw43h0c2fsexp3014xy4l","Arthur","977464","cmuihpzti003xh29ejh2oa78u","Bayer 04 Leverkusen","cmuihqfqk00cnh29e7bfyem85","SV Werder Bremen","SOURCE_SHOWS_WE_DO_NOT","reassign","reassign: Present in SV Werder Bremen FotMob senior squad (shirt #13); previously at Bayer 04 Leverkusen.","none","2023-06-30","N/A",true
"FM_869326","Ludovit Reis","N/A","NONE","Unassigned","cmuihqfqk00cnh29e7bfyem85","SV Werder Bremen","SOURCE_SHOWS_WE_DO_NOT","create new player","create new player: Ingest new senior player from FotMob squad (shirt #15).","none","N/A","N/A",true
"cmuihw24g0a3gsexpt52273sh","Eren Dinkçi","645774","cmuihqc7a00anh29ekc5foq1r","SC Freiburg","cmuihqfqk00cnh29e7bfyem85","SV Werder Bremen","SOURCE_SHOWS_WE_DO_NOT","reassign","reassign: Present in SV Werder Bremen FotMob senior squad (shirt #18); previously at SC Freiburg.","none","2026-06-29","N/A",true
"cmuihw3f40bq1sexp2hno10im","Chuki","926763","NONE","Unassigned","cmuihqfqk00cnh29e7bfyem85","SV Werder Bremen","SOURCE_SHOWS_WE_DO_NOT","attach","attach: Present in SV Werder Bremen FotMob squad (shirt #20); attach detached player.","none","N/A","N/A",true
"FM_1276988","Dariusz Stalmach","N/A","NONE","Unassigned","cmuihqfqk00cnh29e7bfyem85","SV Werder Bremen","SOURCE_SHOWS_WE_DO_NOT","create new player","create new player: Ingest new senior player from FotMob squad (shirt #23).","none","N/A","N/A",true
"cmuihw3en0bd1sexpc4u79wpg","Skelly Alvero","855134","NONE","Unassigned","cmuihqfqk00cnh29e7bfyem85","SV Werder Bremen","SOURCE_SHOWS_WE_DO_NOT","attach","attach: Present in SV Werder Bremen FotMob squad (shirt #28); attach detached player.","none","N/A","N/A",true
"FM_2155105","Darwin Soylu","N/A","NONE","Unassigned","cmuihqfqk00cnh29e7bfyem85","SV Werder Bremen","SOURCE_SHOWS_WE_DO_NOT","create new player","create new player: Ingest new senior player from FotMob squad (shirt #34).","none","N/A","N/A",true
"cmuihw1d909basexpn0xndq40","Youri Regeer","559324","cmuihqce400ath29e227zx42b","Ajax Amsterdam","cmuihqfqk00cnh29e7bfyem85","SV Werder Bremen","SOURCE_SHOWS_WE_DO_NOT","reassign","reassign: Present in SV Werder Bremen FotMob senior squad (shirt #44); previously at Ajax Amsterdam.","none","2025-01-23","N/A",true
"cmuihvvsu02qzsexp5ft4uluj","Niclas Füllkrug","75489","NONE","Unassigned","cmuihqfqk00cnh29e7bfyem85","SV Werder Bremen","SOURCE_SHOWS_WE_DO_NOT","attach","attach: Present in SV Werder Bremen FotMob squad (shirt #10); attach detached player.","none","N/A","N/A",true
"cmuihw4re0cwysexpza3j7qxq","Kenny Quetant","1178695","NONE","Unassigned","cmuihqfqk00cnh29e7bfyem85","SV Werder Bremen","SOURCE_SHOWS_WE_DO_NOT","attach","attach: Present in SV Werder Bremen FotMob squad (shirt #19); attach detached player.","none","N/A","N/A",true
"cmuihvxgi04ytsexpt0xucfsa","Dawid Kownacki","208167","NONE","Unassigned","cmuihqfqk00cnh29e7bfyem85","SV Werder Bremen","SOURCE_SHOWS_WE_DO_NOT","attach","attach: Present in SV Werder Bremen FotMob squad (shirt #21); attach detached player.","none","N/A","N/A",true
"cmuihvy6g05iusexpygo8njq5","Cedric Itten","243856","NONE","Unassigned","cmuihqfqk00cnh29e7bfyem85","SV Werder Bremen","SOURCE_SHOWS_WE_DO_NOT","attach","attach: Present in SV Werder Bremen FotMob squad (shirt #26); attach detached player.","none","N/A","N/A",true
"cmuihw43w0ccpsexpxptq2b4p","Salim Musah","1042472","NONE","Unassigned","cmuihqfqk00cnh29e7bfyem85","SV Werder Bremen","SOURCE_SHOWS_WE_DO_NOT","attach","attach: Present in SV Werder Bremen FotMob squad (shirt #29); attach detached player.","none","N/A","N/A",true
"FM_1810868","Paul Erevbenagie","N/A","NONE","Unassigned","cmuihqfqk00cnh29e7bfyem85","SV Werder Bremen","SOURCE_SHOWS_WE_DO_NOT","create new player","create new player: Ingest new senior player from FotMob squad (shirt #38).","none","N/A","N/A",true
"cmuihvzbf075hsexpdf18aley","Romain Del Castillo","353399","cmuihq8e9008lh29ed3170t61","Stade Brestois 29","cmuihq61m0079h29efscx2qh5","CA Osasuna","WE_SHOW_SOURCE_DOES_NOT","reassign","reassign: Player is registered in CA Osasuna current FotMob squad (shirt #20).","none","2021-08-30","N/A",true
"cmuihw1bq08yxsexpqbtpg1e5","Grégoire Coudert","525155","cmuihq8e9008lh29ed3170t61","Stade Brestois 29","NONE","Unassigned","WE_SHOW_SOURCE_DOES_NOT","detach","detach: Absent from FotMob declared squad for Stade Brestois 29.","none","2021-07-04","N/A",true
"cmuihw2pf0aepsexply9evmuc","Hianga'a Mbock","684062","cmuihq8e9008lh29ed3170t61","Stade Brestois 29","NONE","Unassigned","WE_SHOW_SOURCE_DOES_NOT","detach","detach: Absent from FotMob declared squad for Stade Brestois 29.","none","2024-06-29","N/A",true
"cmuihw43h0c2asexpqyvxygw6","Noah Jauny","975438","cmuihq8e9008lh29ed3170t61","Stade Brestois 29","NONE","Unassigned","WE_SHOW_SOURCE_DOES_NOT","detach","detach: Absent from FotMob declared squad for Stade Brestois 29.","none","2024-06-30","N/A",true
"cmuihw2q90b11sexpzi9k0llh","Julien Le Cardinal","794349","cmuihq8e9008lh29ed3170t61","Stade Brestois 29","NONE","Unassigned","WE_SHOW_SOURCE_DOES_NOT","detach","detach: Absent from FotMob declared squad for Stade Brestois 29.","none","2024-06-30","N/A",true
"cmuihw3f30bpfsexpg0rt7sp5","Axel Camblan","924800","cmuihq8e9008lh29ed3170t61","Stade Brestois 29","cmuihpzrk003th29ed2012pii","GD Estoril Praia","WE_SHOW_SOURCE_DOES_NOT","reassign","reassign: Player is registered in GD Estoril Praia current FotMob squad (shirt #9).","none","2023-06-29","N/A",true
"cmuihw4rj0czhsexpav41wbrb","Hamidou Makalou","1200289","cmuihq8e9008lh29ed3170t61","Stade Brestois 29","NONE","Unassigned","WE_SHOW_SOURCE_DOES_NOT","detach","detach: Absent from FotMob declared squad for Stade Brestois 29.","none","2025-03-14","N/A",true
"cmuihvzvw07hlsexp45dsjw1l","Egil Selvik","380744","cmuihnlvh000hb23fzna6vhfo","Watford FC","cmuihq8e9008lh29ed3170t61","Stade Brestois 29","SOURCE_SHOWS_WE_DO_NOT","reassign","reassign: Present in Stade Brestois 29 FotMob senior squad (shirt #1); previously at Watford FC.","none","2025-01-30","N/A",true
"FM_2065252","Noe Poillion","N/A","NONE","Unassigned","cmuihq8e9008lh29ed3170t61","Stade Brestois 29","SOURCE_SHOWS_WE_DO_NOT","create new player","create new player: Ingest new senior player from FotMob squad (shirt #16).","none","N/A","N/A",true
"FM_1514445","Mathieu Patouillet","N/A","NONE","Unassigned","cmuihq8e9008lh29ed3170t61","Stade Brestois 29","SOURCE_SHOWS_WE_DO_NOT","create new player","create new player: Ingest new senior player from FotMob squad (shirt #30).","none","N/A","N/A",true
"cmuihvyql05x0sexpmshulx50","Romain Cagnon","272619","NONE","Unassigned","cmuihq8e9008lh29ed3170t61","Stade Brestois 29","SOURCE_SHOWS_WE_DO_NOT","attach","attach: Present in Stade Brestois 29 FotMob squad (shirt #49); attach detached player.","none","N/A","N/A",true
"cmuihvy6j05lksexpgt58jqyc","Gautier Lloris","249636","cmuihqelr00bzh29ek4d30ziu","Le Havre AC","cmuihq8e9008lh29ed3170t61","Stade Brestois 29","SOURCE_SHOWS_WE_DO_NOT","reassign","reassign: Present in Stade Brestois 29 FotMob senior squad (shirt #4); previously at Le Havre AC.","none","2022-07-11","N/A",true
"cmuihw43u0cbjsexp84a264b5","Justin Bourgault","1030153","NONE","Unassigned","cmuihq8e9008lh29ed3170t61","Stade Brestois 29","SOURCE_SHOWS_WE_DO_NOT","attach","attach: Present in Stade Brestois 29 FotMob squad (shirt #18); attach detached player.","none","N/A","N/A",true
"FM_1827757","Evan Mailly","N/A","NONE","Unassigned","cmuihq8e9008lh29ed3170t61","Stade Brestois 29","SOURCE_SHOWS_WE_DO_NOT","create new player","create new player: Ingest new senior player from FotMob squad (shirt #34).","none","N/A","N/A",true
"cmuihw4rc0cvcsexpc7sx1yuy","Raphaël Le Guen","1166473","NONE","Unassigned","cmuihq8e9008lh29ed3170t61","Stade Brestois 29","SOURCE_SHOWS_WE_DO_NOT","attach","attach: Present in Stade Brestois 29 FotMob squad (shirt #71); attach detached player.","none","N/A","N/A",true
"FM_1231909","Mamady Diambou","N/A","NONE","Unassigned","cmuihq8e9008lh29ed3170t61","Stade Brestois 29","SOURCE_SHOWS_WE_DO_NOT","create new player","create new player: Ingest new senior player from FotMob squad (shirt #6).","none","N/A","N/A",true
"FM_1427018","Joseph Boende","N/A","NONE","Unassigned","cmuihq8e9008lh29ed3170t61","Stade Brestois 29","SOURCE_SHOWS_WE_DO_NOT","create new player","create new player: Ingest new senior player from FotMob squad (shirt #7).","none","N/A","N/A",true
"cmuihw4480cl9sexp566xrf5y","Noah Edjouma","1078326","NONE","Unassigned","cmuihq8e9008lh29ed3170t61","Stade Brestois 29","SOURCE_SHOWS_WE_DO_NOT","attach","attach: Present in Stade Brestois 29 FotMob squad (shirt #11); attach detached player.","none","N/A","N/A",true
"cmuihw24809wvsexppltek2u0","Joris Chotard","624037","NONE","Unassigned","cmuihq8e9008lh29ed3170t61","Stade Brestois 29","SOURCE_SHOWS_WE_DO_NOT","attach","attach: Present in Stade Brestois 29 FotMob squad (shirt #13); attach detached player.","none","N/A","N/A",true
"cmuihvzbf075xsexpfsuirzfu","Lucas Tousart","353948","NONE","Unassigned","cmuihq8e9008lh29ed3170t61","Stade Brestois 29","SOURCE_SHOWS_WE_DO_NOT","attach","attach: Present in Stade Brestois 29 FotMob squad (shirt #29); attach detached player.","none","N/A","N/A",true
"cmuihw43h0c2rsexpb9xrfbgm","Pathé Mboup","979551","NONE","Unassigned","cmuihq8e9008lh29ed3170t61","Stade Brestois 29","SOURCE_SHOWS_WE_DO_NOT","attach","attach: Present in Stade Brestois 29 FotMob squad (shirt #9); attach detached player.","none","N/A","N/A",true
"cmuihw3f20bovsexp00adsgam","Giovani Versini","922685","NONE","Unassigned","cmuihq8e9008lh29ed3170t61","Stade Brestois 29","SOURCE_SHOWS_WE_DO_NOT","attach","attach: Present in Stade Brestois 29 FotMob squad (shirt #10); attach detached player.","none","N/A","N/A",true
"cmuihvyqs0637sexppf97gmba","Ludovic Ajorque","283994","NONE","Unassigned","cmuihq8e9008lh29ed3170t61","Stade Brestois 29","SOURCE_SHOWS_WE_DO_NOT","attach","attach: Present in Stade Brestois 29 FotMob squad (shirt #19); attach detached player.","none","N/A","N/A",true
"FM_1669616","Ibrahim Kanté","N/A","NONE","Unassigned","cmuihq8e9008lh29ed3170t61","Stade Brestois 29","SOURCE_SHOWS_WE_DO_NOT","create new player","create new player: Ingest new senior player from FotMob squad (shirt #21).","none","N/A","N/A",true
"cmuihw4rh0cydsexpqwshappv","Mathis Lainé","1188254","NONE","Unassigned","cmuihq8e9008lh29ed3170t61","Stade Brestois 29","SOURCE_SHOWS_WE_DO_NOT","attach","attach: Present in Stade Brestois 29 FotMob squad (shirt #32); attach detached player.","none","N/A","N/A",true
"FM_1945732","Enzo Monchatre","N/A","NONE","Unassigned","cmuihq8e9008lh29ed3170t61","Stade Brestois 29","SOURCE_SHOWS_WE_DO_NOT","create new player","create new player: Ingest new senior player from FotMob squad (shirt #33).","none","N/A","N/A",true
"cmuihw4rk0czlsexpyjvc5t7a","Djylian N'Guessan","1200419","NONE","Unassigned","cmuihq8e9008lh29ed3170t61","Stade Brestois 29","SOURCE_SHOWS_WE_DO_NOT","attach","attach: Present in Stade Brestois 29 FotMob squad (shirt #39); attach detached player.","none","N/A","N/A",true
"cmuihvy6q05q3sexpnxai6bcn","João Graça","257707","cmuihq2g9005fh29e1fanj221","Rio Ave FC","NONE","Unassigned","WE_SHOW_SOURCE_DOES_NOT","detach","detach: Absent from FotMob declared squad for Rio Ave FC.","none","2021-08-24","N/A",true
"cmuihvzvu07fusexp9etk5iqh","Marc Gual","376486","cmuihq2g9005fh29e1fanj221","Rio Ave FC","NONE","Unassigned","WE_SHOW_SOURCE_DOES_NOT","detach","detach: Absent from FotMob declared squad for Rio Ave FC.","none","2025-08-08","N/A",true
"cmuihw3ej0bb6sexpjwir4bvs","Tamble","842517","cmuihq2g9005fh29e1fanj221","Rio Ave FC","NONE","Unassigned","WE_SHOW_SOURCE_DOES_NOT","detach","detach: Absent from FotMob declared squad for Rio Ave FC.","none","2026-02-01","N/A",true
"cmuihw43i0c3csexpq89xysd3","Karem Zoabi","982557","cmuihq2g9005fh29e1fanj221","Rio Ave FC","NONE","Unassigned","WE_SHOW_SOURCE_DOES_NOT","detach","detach: Absent from FotMob declared squad for Rio Ave FC.","none","2024-06-30","N/A",true
"cmuihvzwh07uysexp8m19z0g9","Ole Pohlmann","405690","cmuihq2g9005fh29e1fanj221","Rio Ave FC","NONE","Unassigned","WE_SHOW_SOURCE_DOES_NOT","detach","detach: Absent from FotMob declared squad for Rio Ave FC.","none","2024-07-01","N/A",true
"cmuihw0k208mesexp4tbhv9ja","Georgios Liavas","481676","cmuihq2g9005fh29e1fanj221","Rio Ave FC","NONE","Unassigned","WE_SHOW_SOURCE_DOES_NOT","detach","detach: Absent from FotMob declared squad for Rio Ave FC.","none","2025-08-11","N/A",true
"cmuihw1bz093csexpozaeazb5","Alfonso Pastor","537367","cmuihq2g9005fh29e1fanj221","Rio Ave FC","cmuihovp7002rb23fxfslsjdn","CS Marítimo","WE_SHOW_SOURCE_DOES_NOT","reassign","reassign: Player is registered in CS Marítimo current FotMob squad (shirt #13).","none","N/A","N/A",true
"cmuihw43m0c5wsexpudw6kwrb","Amine Rehmi","990860","cmuihq2g9005fh29e1fanj221","Rio Ave FC","NONE","Unassigned","WE_SHOW_SOURCE_DOES_NOT","detach","detach: Absent from FotMob declared squad for Rio Ave FC.","none","2025-06-29","N/A",true
"cmuihw44c0co8sexp5rupt2y9","Rafael Lobato","1097263","cmuihq2g9005fh29e1fanj221","Rio Ave FC","NONE","Unassigned","WE_SHOW_SOURCE_DOES_NOT","detach","detach: Absent from FotMob declared squad for Rio Ave FC.","none","2025-08-26","N/A",true
"cmuihw3f30bp0sexpm5mewahu","Antzelo Sina","923129","NONE","Unassigned","cmuihq2g9005fh29e1fanj221","Rio Ave FC","SOURCE_SHOWS_WE_DO_NOT","attach","attach: Present in Rio Ave FC FotMob squad (shirt #N/A); attach detached player.","none","N/A","N/A",false
"cmuihw0jm08fnsexp9s7az4wa","Vítor Hugo","463152","NONE","Unassigned","cmuihq2g9005fh29e1fanj221","Rio Ave FC","SOURCE_SHOWS_WE_DO_NOT","attach","attach: Present in Rio Ave FC FotMob squad (shirt #32); attach detached player.","none","N/A","N/A",true
"FM_2189883","Rodrigo Real","N/A","NONE","Unassigned","cmuihq2g9005fh29e1fanj221","Rio Ave FC","SOURCE_SHOWS_WE_DO_NOT","create new player","create new player: Ingest new senior player from FotMob squad (shirt #98).","none","N/A","N/A",true
"FM_1808091","Cressi","N/A","NONE","Unassigned","cmuihq2g9005fh29e1fanj221","Rio Ave FC","SOURCE_SHOWS_WE_DO_NOT","create new player","create new player: Ingest new academy player from FotMob squad (shirt #none).","none","N/A","N/A",false
"cmuihw3ez0bm8sexp0x2fgbd0","Zé Carlos","908936","cmuihq2ed005dh29erzb2qsjl","Gil Vicente FC","cmuihq2g9005fh29e1fanj221","Rio Ave FC","SOURCE_SHOWS_WE_DO_NOT","reassign","reassign: Present in Rio Ave FC FotMob senior squad (shirt #null); previously at Gil Vicente FC.","none","2025-07-22","N/A",false
"FM_1579303","Simón García","N/A","NONE","Unassigned","cmuihq2g9005fh29e1fanj221","Rio Ave FC","SOURCE_SHOWS_WE_DO_NOT","create new player","create new player: Ingest new senior player from FotMob squad (shirt #3).","none","N/A","N/A",true
"cmuihvzam06l1sexpjkjok3pv","Pedro Amaral","319623","NONE","Unassigned","cmuihq2g9005fh29e1fanj221","Rio Ave FC","SOURCE_SHOWS_WE_DO_NOT","attach","attach: Present in Rio Ave FC FotMob squad (shirt #24); attach detached player.","none","N/A","N/A",true
"FM_1736561","Gustavo Mancha","N/A","NONE","Unassigned","cmuihq2g9005fh29e1fanj221","Rio Ave FC","SOURCE_SHOWS_WE_DO_NOT","create new player","create new player: Ingest new senior player from FotMob squad (shirt #39).","none","N/A","N/A",true
"FM_1931556","Caike","N/A","NONE","Unassigned","cmuihq2g9005fh29e1fanj221","Rio Ave FC","SOURCE_SHOWS_WE_DO_NOT","create new player","create new player: Ingest new senior player from FotMob squad (shirt #60).","none","N/A","N/A",true
"cmuihw2qf0b4zsexpc1b7wbsc","Malik Sellouki","811430","NONE","Unassigned","cmuihq2g9005fh29e1fanj221","Rio Ave FC","SOURCE_SHOWS_WE_DO_NOT","attach","attach: Present in Rio Ave FC FotMob squad (shirt #19); attach detached player.","none","N/A","N/A",true
"FM_958222","Giorgos Liavas","N/A","NONE","Unassigned","cmuihq2g9005fh29e1fanj221","Rio Ave FC","SOURCE_SHOWS_WE_DO_NOT","create new player","create new player: Ingest new senior player from FotMob squad (shirt #54).","none","N/A","N/A",true
"FM_2131163","Antoine Wenck","N/A","NONE","Unassigned","cmuihq2g9005fh29e1fanj221","Rio Ave FC","SOURCE_SHOWS_WE_DO_NOT","create new player","create new player: Ingest new senior player from FotMob squad (shirt #70).","none","N/A","N/A",true
"cmuihw4rs0d2hsexpwf637pck","Dijar Ferati","1260069","NONE","Unassigned","cmuihq2g9005fh29e1fanj221","Rio Ave FC","SOURCE_SHOWS_WE_DO_NOT","attach","attach: Present in Rio Ave FC FotMob squad (shirt #75); attach detached player.","none","N/A","N/A",true
"FM_2131164","Miguel Patricio","N/A","NONE","Unassigned","cmuihq2g9005fh29e1fanj221","Rio Ave FC","SOURCE_SHOWS_WE_DO_NOT","create new player","create new player: Ingest new senior player from FotMob squad (shirt #79).","none","N/A","N/A",true
"FM_1210508","Diogo Nascimento","N/A","NONE","Unassigned","cmuihq2g9005fh29e1fanj221","Rio Ave FC","SOURCE_SHOWS_WE_DO_NOT","create new player","create new player: Ingest new senior player from FotMob squad (shirt #90).","none","N/A","N/A",true
"FM_1195295","Tamble Monteiro","N/A","NONE","Unassigned","cmuihq2g9005fh29e1fanj221","Rio Ave FC","SOURCE_SHOWS_WE_DO_NOT","create new player","create new player: Ingest new senior player from FotMob squad (shirt #9).","none","N/A","N/A",true
"FM_1621148","Radek Šiler","N/A","NONE","Unassigned","cmuihq2g9005fh29e1fanj221","Rio Ave FC","SOURCE_SHOWS_WE_DO_NOT","create new player","create new player: Ingest new senior player from FotMob squad (shirt #21).","none","N/A","N/A",true
"FM_972080","Roland Galcík","N/A","NONE","Unassigned","cmuihq2g9005fh29e1fanj221","Rio Ave FC","SOURCE_SHOWS_WE_DO_NOT","create new player","create new player: Ingest new senior player from FotMob squad (shirt #30).","none","N/A","N/A",true
"FM_1927468","Samuel Alves","N/A","NONE","Unassigned","cmuihq2g9005fh29e1fanj221","Rio Ave FC","SOURCE_SHOWS_WE_DO_NOT","create new player","create new player: Ingest new senior player from FotMob squad (shirt #67).","none","N/A","N/A",true
"FM_1513663","Sebastian Clemmensen","N/A","NONE","Unassigned","cmuihq2g9005fh29e1fanj221","Rio Ave FC","SOURCE_SHOWS_WE_DO_NOT","create new player","create new player: Ingest new senior player from FotMob squad (shirt #80).","none","N/A","N/A",true
"cmuihw2q10awnsexpv5sqol0o","Jan Plug","745625","cmuihq1t5004zh29exb9q00c1","Feyenoord Rotterdam","cmuihqf1z00c9h29ewetm83qg","Excelsior Rotterdam","WE_SHOW_SOURCE_DOES_NOT","reassign","reassign: Player is registered in Excelsior Rotterdam current FotMob squad (shirt #14).","none","N/A","N/A",true
"cmuihw1d6099lsexpfgtw3eo1","Tjark Ernst","553282","NONE","Unassigned","cmuihq1t5004zh29exb9q00c1","Feyenoord Rotterdam","SOURCE_SHOWS_WE_DO_NOT","attach","attach: Present in Feyenoord Rotterdam FotMob squad (shirt #1); attach detached player.","none","N/A","N/A",true
"cmuihvy6m05o5sexpgyhl1bl0","Florian Kastenmeier","255294","NONE","Unassigned","cmuihq1t5004zh29exb9q00c1","Feyenoord Rotterdam","SOURCE_SHOWS_WE_DO_NOT","attach","attach: Present in Feyenoord Rotterdam FotMob squad (shirt #33); attach detached player.","none","N/A","N/A",true
"cmuihw2q20axasexpywa5w1t5","Mannou Berger","746973","NONE","Unassigned","cmuihq1t5004zh29exb9q00c1","Feyenoord Rotterdam","SOURCE_SHOWS_WE_DO_NOT","attach","attach: Present in Feyenoord Rotterdam FotMob squad (shirt #37); attach detached player.","none","N/A","N/A",true
"FM_1643842","Kwame Tabiri","N/A","NONE","Unassigned","cmuihq1t5004zh29exb9q00c1","Feyenoord Rotterdam","SOURCE_SHOWS_WE_DO_NOT","create new player","create new player: Ingest new academy player from FotMob squad (shirt #none).","none","N/A","N/A",false
"cmuihw1dg09eosexp7cmr0z2n","Javi López","568158","cmuihqdop00bfh29ezli7oevn","Real Sociedad","cmuihq1t5004zh29exb9q00c1","Feyenoord Rotterdam","SOURCE_SHOWS_WE_DO_NOT","reassign","reassign: Present in Feyenoord Rotterdam FotMob senior squad (shirt #16); previously at Real Sociedad.","none","2026-06-29","N/A",true
"FM_2088463","Tijme Wessels","N/A","NONE","Unassigned","cmuihq1t5004zh29exb9q00c1","Feyenoord Rotterdam","SOURCE_SHOWS_WE_DO_NOT","create new player","create new player: Ingest new senior player from FotMob squad (shirt #32).","none","N/A","N/A",true
"cmuihw24509ubsexpy2fq6cpc","Mika Mármol","617060","NONE","Unassigned","cmuihq1t5004zh29exb9q00c1","Feyenoord Rotterdam","SOURCE_SHOWS_WE_DO_NOT","attach","attach: Present in Feyenoord Rotterdam FotMob squad (shirt #35); attach detached player.","none","N/A","N/A",true
"cmuihw2py0atmsexpo9zb7os1","Hakeem Agboluaje","737254","NONE","Unassigned","cmuihq1t5004zh29exb9q00c1","Feyenoord Rotterdam","SOURCE_SHOWS_WE_DO_NOT","attach","attach: Present in Feyenoord Rotterdam FotMob squad (shirt #72); attach detached player.","none","N/A","N/A",true
"FM_952057","Charles Vanhoutte","N/A","NONE","Unassigned","cmuihq1t5004zh29exb9q00c1","Feyenoord Rotterdam","SOURCE_SHOWS_WE_DO_NOT","create new player","create new player: Ingest new senior player from FotMob squad (shirt #34).","none","N/A","N/A",true
"cmuihw4ro0d1usexpun3ddmo5","Jivayno Zinhagel","1242183","NONE","Unassigned","cmuihq1t5004zh29exb9q00c1","Feyenoord Rotterdam","SOURCE_SHOWS_WE_DO_NOT","attach","attach: Present in Feyenoord Rotterdam FotMob squad (shirt #36); attach detached player.","none","N/A","N/A",true
"cmuihw4si0d6osexp1lujgi1x","Ilai Grootfaam","1379545","NONE","Unassigned","cmuihq1t5004zh29exb9q00c1","Feyenoord Rotterdam","SOURCE_SHOWS_WE_DO_NOT","attach","attach: Present in Feyenoord Rotterdam FotMob squad (shirt #79); attach detached player.","none","N/A","N/A",true
"cmuihvzb306wgsexpw3rwqqqr","Reiss Nelson","340325","NONE","Unassigned","cmuihq1t5004zh29exb9q00c1","Feyenoord Rotterdam","SOURCE_SHOWS_WE_DO_NOT","attach","attach: Present in Feyenoord Rotterdam FotMob squad (shirt #17); attach detached player.","none","N/A","N/A",true
"FM_1382019","Nacho Ferri","N/A","NONE","Unassigned","cmuihq1t5004zh29exb9q00c1","Feyenoord Rotterdam","SOURCE_SHOWS_WE_DO_NOT","create new player","create new player: Ingest new senior player from FotMob squad (shirt #19).","none","N/A","N/A",true
"cmuihw44a0cn3sexplae49as7","Tobias van den Elshout","1087982","NONE","Unassigned","cmuihq1t5004zh29exb9q00c1","Feyenoord Rotterdam","SOURCE_SHOWS_WE_DO_NOT","attach","attach: Present in Feyenoord Rotterdam FotMob squad (shirt #22); attach detached player.","none","N/A","N/A",true
"cmuihw1bh08wpsexp9ou2afsk","Shaqueel van Persie","517811","NONE","Unassigned","cmuihq1t5004zh29exb9q00c1","Feyenoord Rotterdam","SOURCE_SHOWS_WE_DO_NOT","attach","attach: Present in Feyenoord Rotterdam FotMob squad (shirt #49); attach detached player.","none","N/A","N/A",true
"cmuihvwrh03lzsexpr30bzxgp","Germán Parreño","126746","NONE","Unassigned","cmuihqg6y00cvh29elaxzcvzv","Deportivo de La Coruña","SOURCE_SHOWS_WE_DO_NOT","attach","attach: Present in Deportivo de La Coruña FotMob squad (shirt #1); attach detached player.","none","N/A","N/A",true
"cmuihw1dc09chsexppl27bcmo","Leo Román","562742","cmuihq1xp0053h29euecr73cd","RCD Mallorca","cmuihqg6y00cvh29elaxzcvzv","Deportivo de La Coruña","SOURCE_SHOWS_WE_DO_NOT","reassign","reassign: Present in Deportivo de La Coruña FotMob senior squad (shirt #13); previously at RCD Mallorca.","none","2024-06-29","N/A",true
"cmuihw0k708qcsexpgoevr7j2","Álvaro Fernández","495627","NONE","Unassigned","cmuihqg6y00cvh29elaxzcvzv","Deportivo de La Coruña","SOURCE_SHOWS_WE_DO_NOT","attach","attach: Present in Deportivo de La Coruña FotMob squad (shirt #25); attach detached player.","none","N/A","N/A",true
"FM_1159522","Alberto Sánchez","N/A","NONE","Unassigned","cmuihqg6y00cvh29elaxzcvzv","Deportivo de La Coruña","SOURCE_SHOWS_WE_DO_NOT","create new player","create new player: Ingest new senior player from FotMob squad (shirt #26).","none","N/A","N/A",true
"FM_1732739","Álvaro Mardones","N/A","NONE","Unassigned","cmuihqg6y00cvh29elaxzcvzv","Deportivo de La Coruña","SOURCE_SHOWS_WE_DO_NOT","create new player","create new player: Ingest new academy player from FotMob squad (shirt #none).","none","N/A","N/A",false
"FM_1412921","Damián Canedo","N/A","NONE","Unassigned","cmuihqg6y00cvh29elaxzcvzv","Deportivo de La Coruña","SOURCE_SHOWS_WE_DO_NOT","create new player","create new player: Ingest new academy player from FotMob squad (shirt #none).","none","N/A","N/A",false
"FM_1336022","Rubén Lopez","N/A","NONE","Unassigned","cmuihqg6y00cvh29elaxzcvzv","Deportivo de La Coruña","SOURCE_SHOWS_WE_DO_NOT","create new player","create new player: Ingest new academy player from FotMob squad (shirt #none).","none","N/A","N/A",false
"cmuihw0jp08h9sexplfnru5ff","Adrià Altimira","466807","cmuihnwfv0011b23f8wv3zc51","Villarreal CF","cmuihqg6y00cvh29elaxzcvzv","Deportivo de La Coruña","SOURCE_SHOWS_WE_DO_NOT","reassign","reassign: Present in Deportivo de La Coruña FotMob senior squad (shirt #2); previously at Villarreal CF.","none","2024-06-30","N/A",true
"FM_1120002","Arnau Comas","N/A","NONE","Unassigned","cmuihqg6y00cvh29elaxzcvzv","Deportivo de La Coruña","SOURCE_SHOWS_WE_DO_NOT","create new player","create new player: Ingest new senior player from FotMob squad (shirt #3).","none","N/A","N/A",true
"FM_1332025","Lucas Noubi","N/A","NONE","Unassigned","cmuihqg6y00cvh29elaxzcvzv","Deportivo de La Coruña","SOURCE_SHOWS_WE_DO_NOT","create new player","create new player: Ingest new senior player from FotMob squad (shirt #4).","none","N/A","N/A",true
"FM_1372810","Dani Barcia","N/A","NONE","Unassigned","cmuihqg6y00cvh29elaxzcvzv","Deportivo de La Coruña","SOURCE_SHOWS_WE_DO_NOT","create new player","create new player: Ingest new senior player from FotMob squad (shirt #5).","none","N/A","N/A",true
"cmuihw0jf08d6sexpv7133dap","Giacomo Quagliata","458777","NONE","Unassigned","cmuihqg6y00cvh29elaxzcvzv","Deportivo de La Coruña","SOURCE_SHOWS_WE_DO_NOT","attach","attach: Present in Deportivo de La Coruña FotMob squad (shirt #12); attach detached player.","none","N/A","N/A",true
"FM_800891","Miguel Loureiro","N/A","NONE","Unassigned","cmuihqg6y00cvh29elaxzcvzv","Deportivo de La Coruña","SOURCE_SHOWS_WE_DO_NOT","create new player","create new player: Ingest new senior player from FotMob squad (shirt #15).","none","N/A","N/A",true
"cmuihvyqp05zmsexp3r8bgbqw","Angeliño","277179","cmuihoj9l0025b23fj4mplye4","Associazione Sportiva Roma","cmuihqg6y00cvh29elaxzcvzv","Deportivo de La Coruña","SOURCE_SHOWS_WE_DO_NOT","reassign","reassign: Present in Deportivo de La Coruña FotMob senior squad (shirt #17); previously at Associazione Sportiva Roma.","none","2024-06-30","N/A",true
"FM_474589","José Giménez","N/A","NONE","Unassigned","cmuihqg6y00cvh29elaxzcvzv","Deportivo de La Coruña","SOURCE_SHOWS_WE_DO_NOT","create new player","create new player: Ingest new senior player from FotMob squad (shirt #20).","none","N/A","N/A",true
"FM_1711969","Bright Ede","N/A","NONE","Unassigned","cmuihqg6y00cvh29elaxzcvzv","Deportivo de La Coruña","SOURCE_SHOWS_WE_DO_NOT","create new player","create new player: Ingest new senior player from FotMob squad (shirt #22).","none","N/A","N/A",true
"cmuihvxfx04ihsexpv1fur9uu","Ximo Navarro","184767","NONE","Unassigned","cmuihqg6y00cvh29elaxzcvzv","Deportivo de La Coruña","SOURCE_SHOWS_WE_DO_NOT","attach","attach: Present in Deportivo de La Coruña FotMob squad (shirt #23); attach detached player.","none","N/A","N/A",true
"FM_1693771","Samu Fernández","N/A","NONE","Unassigned","cmuihqg6y00cvh29elaxzcvzv","Deportivo de La Coruña","SOURCE_SHOWS_WE_DO_NOT","create new player","create new player: Ingest new senior player from FotMob squad (shirt #27).","none","N/A","N/A",true
"FM_1712235","Quique Teijo","N/A","NONE","Unassigned","cmuihqg6y00cvh29elaxzcvzv","Deportivo de La Coruña","SOURCE_SHOWS_WE_DO_NOT","create new player","create new player: Ingest new senior player from FotMob squad (shirt #38).","none","N/A","N/A",true
"cmuihw24e0a1isexp2uplek7d","Marc Casadó","636695","cmuihoy3o002vb23f8egwo6vd","FC Barcelona","cmuihqg6y00cvh29elaxzcvzv","Deportivo de La Coruña","SOURCE_SHOWS_WE_DO_NOT","reassign","reassign: Present in Deportivo de La Coruña FotMob senior squad (shirt #6); previously at FC Barcelona.","none","2024-06-30","N/A",true
"FM_988178","Diego Villares","N/A","NONE","Unassigned","cmuihqg6y00cvh29elaxzcvzv","Deportivo de La Coruña","SOURCE_SHOWS_WE_DO_NOT","create new player","create new player: Ingest new senior player from FotMob squad (shirt #8).","none","N/A","N/A",true
"FM_970566","Riki Rodríguez","N/A","NONE","Unassigned","cmuihqg6y00cvh29elaxzcvzv","Deportivo de La Coruña","SOURCE_SHOWS_WE_DO_NOT","create new player","create new player: Ingest new senior player from FotMob squad (shirt #14).","none","N/A","N/A",true
"cmuihw2pq0alxsexp35hnrwv1","Lorenzo Amatucci","707450","NONE","Unassigned","cmuihqg6y00cvh29elaxzcvzv","Deportivo de La Coruña","SOURCE_SHOWS_WE_DO_NOT","attach","attach: Present in Deportivo de La Coruña FotMob squad (shirt #16); attach detached player.","none","N/A","N/A",true
"cmuihw24209rzsexpix0aydq4","Luismi Cruz","610461","NONE","Unassigned","cmuihqg6y00cvh29elaxzcvzv","Deportivo de La Coruña","SOURCE_SHOWS_WE_DO_NOT","attach","attach: Present in Deportivo de La Coruña FotMob squad (shirt #19); attach detached player.","none","N/A","N/A",true
"cmuihw1dg09eisexpv9h6ojg0","Mario Soriano","568148","NONE","Unassigned","cmuihqg6y00cvh29elaxzcvzv","Deportivo de La Coruña","SOURCE_SHOWS_WE_DO_NOT","attach","attach: Present in Deportivo de La Coruña FotMob squad (shirt #21); attach detached player.","none","N/A","N/A",true
"FM_1821442","Noé","N/A","NONE","Unassigned","cmuihqg6y00cvh29elaxzcvzv","Deportivo de La Coruña","SOURCE_SHOWS_WE_DO_NOT","create new player","create new player: Ingest new senior player from FotMob squad (shirt #37).","none","N/A","N/A",true
"FM_1560023","Kevin Sánchez","N/A","NONE","Unassigned","cmuihqg6y00cvh29elaxzcvzv","Deportivo de La Coruña","SOURCE_SHOWS_WE_DO_NOT","create new player","create new player: Ingest new academy player from FotMob squad (shirt #none).","none","N/A","N/A",false
"cmuihvuxw02casexpytnr9ako","Pierre-Emerick Aubameyang","58864","NONE","Unassigned","cmuihqg6y00cvh29elaxzcvzv","Deportivo de La Coruña","SOURCE_SHOWS_WE_DO_NOT","attach","attach: Present in Deportivo de La Coruña FotMob squad (shirt #7); attach detached player.","none","N/A","N/A",true
"cmuihw1bi08x2sexpq5rxv7zs","Zakaria Eddahchouri","519651","NONE","Unassigned","cmuihqg6y00cvh29elaxzcvzv","Deportivo de La Coruña","SOURCE_SHOWS_WE_DO_NOT","attach","attach: Present in Deportivo de La Coruña FotMob squad (shirt #9); attach detached player.","none","N/A","N/A",true
"FM_1319204","Yeremay Hernández","N/A","NONE","Unassigned","cmuihqg6y00cvh29elaxzcvzv","Deportivo de La Coruña","SOURCE_SHOWS_WE_DO_NOT","create new player","create new player: Ingest new senior player from FotMob squad (shirt #10).","none","N/A","N/A",true
"FM_1368655","David Mella","N/A","NONE","Unassigned","cmuihqg6y00cvh29elaxzcvzv","Deportivo de La Coruña","SOURCE_SHOWS_WE_DO_NOT","create new player","create new player: Ingest new senior player from FotMob squad (shirt #11).","none","N/A","N/A",true
"FM_1621150","Jonathan Asp","N/A","NONE","Unassigned","cmuihqg6y00cvh29elaxzcvzv","Deportivo de La Coruña","SOURCE_SHOWS_WE_DO_NOT","create new player","create new player: Ingest new senior player from FotMob squad (shirt #18).","none","N/A","N/A",true
"cmuihvxgg04wusexpq2reftqi","Adama Traoré","204103","NONE","Unassigned","cmuihqg6y00cvh29elaxzcvzv","Deportivo de La Coruña","SOURCE_SHOWS_WE_DO_NOT","attach","attach: Present in Deportivo de La Coruña FotMob squad (shirt #24); attach detached player.","none","N/A","N/A",true
"FM_1690831","Bil Nsongo","N/A","NONE","Unassigned","cmuihqg6y00cvh29elaxzcvzv","Deportivo de La Coruña","SOURCE_SHOWS_WE_DO_NOT","create new player","create new player: Ingest new senior player from FotMob squad (shirt #32).","none","N/A","N/A",true
"FM_1640998","Iker Vidal","N/A","NONE","Unassigned","cmuihqg6y00cvh29elaxzcvzv","Deportivo de La Coruña","SOURCE_SHOWS_WE_DO_NOT","create new player","create new player: Ingest new senior player from FotMob squad (shirt #36).","none","N/A","N/A",true
"cmuihvwrg03kmsexp094n0ewi","Marvin Peersman","125769","cmuihq181004ph29eat3v78na","FC Groningen","cmuihpzab003lh29emxyfpwie","SC Telstar","WE_SHOW_SOURCE_DOES_NOT","reassign","reassign: Player is registered in SC Telstar current FotMob squad (shirt #43).","none","2023-07-02","N/A",true
"cmuihvzw007kisexplvn62dpu","Rui Mendes","387996","cmuihq181004ph29eat3v78na","FC Groningen","cmuihpzab003lh29emxyfpwie","SC Telstar","WE_SHOW_SOURCE_DOES_NOT","reassign","reassign: Player is registered in SC Telstar current FotMob squad (shirt #7).","none","2024-01-23","N/A",true
"cmuihw3ey0blnsexpnft9uuo7","Stijn Petiet","906152","cmuihq181004ph29eat3v78na","FC Groningen","NONE","Unassigned","WE_SHOW_SOURCE_DOES_NOT","detach","detach: Absent from FotMob declared squad for FC Groningen.","none","N/A","N/A",true
"cmuihw1d909b2sexpa1e7r7ta","Noam Emeran","557611","cmuihq181004ph29eat3v78na","FC Groningen","NONE","Unassigned","WE_SHOW_SOURCE_DOES_NOT","detach","detach: Absent from FotMob declared squad for FC Groningen.","none","2026-06-29","N/A",true
"cmuihw24r0acksexp99pbnkvw","Jorg Schreuders","671735","cmuihq181004ph29eat3v78na","FC Groningen","NONE","Unassigned","WE_SHOW_SOURCE_DOES_NOT","detach","detach: Absent from FotMob declared squad for FC Groningen.","none","2022-12-31","N/A",true
"cmuihw3el0bc3sexpsfgkenop","Sven Bouland","848755","cmuihq181004ph29eat3v78na","FC Groningen","NONE","Unassigned","WE_SHOW_SOURCE_DOES_NOT","detach","detach: Absent from FotMob declared squad for FC Groningen.","none","2024-08-11","N/A",true
"cmuihw2q90b0zsexpelu8h0ke","Stije Resink","793099","cmuihq181004ph29eat3v78na","FC Groningen","cmuiho33d001db23ffg0co70a","AZ Alkmaar","WE_SHOW_SOURCE_DOES_NOT","reassign","reassign: Player is registered in AZ Alkmaar current FotMob squad (shirt #16).","none","2024-08-29","N/A",true
"cmuihw3ek0bbqsexpybxy5fst","Robin Kelder","847451","cmuihq181004ph29eat3v78na","FC Groningen","NONE","Unassigned","WE_SHOW_SOURCE_DOES_NOT","detach","detach: Absent from FotMob declared squad for FC Groningen.","none","2023-06-30","N/A",true
"cmuihvzwj07vssexpsu5szuot","Pelle Boevink","406889","NONE","Unassigned","cmuihq181004ph29eat3v78na","FC Groningen","SOURCE_SHOWS_WE_DO_NOT","attach","attach: Present in FC Groningen FotMob squad (shirt #30); attach detached player.","none","N/A","N/A",true
"cmuihw1eu09mcsexpy2t4bmp2","Rijk Janse","593163","NONE","Unassigned","cmuihq181004ph29eat3v78na","FC Groningen","SOURCE_SHOWS_WE_DO_NOT","attach","attach: Present in FC Groningen FotMob squad (shirt #31); attach detached player.","none","N/A","N/A",true
"FM_2172378","Daan Erdman","N/A","NONE","Unassigned","cmuihq181004ph29eat3v78na","FC Groningen","SOURCE_SHOWS_WE_DO_NOT","create new player","create new player: Ingest new senior player from FotMob squad (shirt #73).","none","N/A","N/A",true
"FM_2130792","Jesper Mosselaar","N/A","NONE","Unassigned","cmuihq181004ph29eat3v78na","FC Groningen","SOURCE_SHOWS_WE_DO_NOT","create new player","create new player: Ingest new academy player from FotMob squad (shirt #none).","none","N/A","N/A",false
"FM_1436365","Márk Csinger","N/A","NONE","Unassigned","cmuihq181004ph29eat3v78na","FC Groningen","SOURCE_SHOWS_WE_DO_NOT","create new player","create new player: Ingest new senior player from FotMob squad (shirt #4).","none","N/A","N/A",true
"FM_1645652","Nikolas Brandis","N/A","NONE","Unassigned","cmuihq181004ph29eat3v78na","FC Groningen","SOURCE_SHOWS_WE_DO_NOT","create new player","create new player: Ingest new senior player from FotMob squad (shirt #12).","none","N/A","N/A",true
"cmuihw4r00crdsexp9eo9g302","Malcolm Jeng","1126894","cmuihpyvo003dh29e5d7h1ghc","Stade Reims","cmuihq181004ph29eat3v78na","FC Groningen","SOURCE_SHOWS_WE_DO_NOT","reassign","reassign: Present in FC Groningen FotMob senior squad (shirt #21); previously at Stade Reims.","none","2026-06-29","N/A",true
"cmuihvyqo05yssexpuuu14pgo","Hans Hateboer","275303","cmuihq3s40065h29eahz6rosv","Stade Rennais FC","cmuihq181004ph29eat3v78na","FC Groningen","SOURCE_SHOWS_WE_DO_NOT","reassign","reassign: Present in FC Groningen FotMob senior squad (shirt #33); previously at Stade Rennais FC.","none","2026-06-29","N/A",true
"FM_1693295","Alvin Nordin","N/A","NONE","Unassigned","cmuihq181004ph29eat3v78na","FC Groningen","SOURCE_SHOWS_WE_DO_NOT","create new player","create new player: Ingest new senior player from FotMob squad (shirt #16).","none","N/A","N/A",true
"cmuihw3ee0b6rsexp3j4hrhqj","Tygo Land","816974","cmuihq7yg008dh29eacwmi5po","PSV Eindhoven","cmuihq181004ph29eat3v78na","FC Groningen","SOURCE_SHOWS_WE_DO_NOT","reassign","reassign: Present in FC Groningen FotMob senior squad (shirt #18); previously at PSV Eindhoven.","none","2026-06-29","N/A",true
"cmuihvyr506d1sexpgngz57wk","Pelle Clement","297693","NONE","Unassigned","cmuihq181004ph29eat3v78na","FC Groningen","SOURCE_SHOWS_WE_DO_NOT","attach","attach: Present in FC Groningen FotMob squad (shirt #24); attach detached player.","none","N/A","N/A",true
"cmuihw43u0caxsexp9ghnawx9","Jismerai Dillema","1024694","NONE","Unassigned","cmuihq181004ph29eat3v78na","FC Groningen","SOURCE_SHOWS_WE_DO_NOT","attach","attach: Present in FC Groningen FotMob squad (shirt #44); attach detached player.","none","N/A","N/A",true
"cmuihw24n0a9csexpis8y8yti","Jacob Ondrejka","663237","cmuihouiw002pb23fjq3m9qng","Parma Calcio 1913","cmuihq181004ph29eat3v78na","FC Groningen","SOURCE_SHOWS_WE_DO_NOT","reassign","reassign: Present in FC Groningen FotMob senior squad (shirt #11); previously at Parma Calcio 1913.","none","2025-01-22","N/A",true
"cmuihw4r40ct8sexpmzerds05","Ryan Metu","1143430","NONE","Unassigned","cmuihq181004ph29eat3v78na","FC Groningen","SOURCE_SHOWS_WE_DO_NOT","attach","attach: Present in FC Groningen FotMob squad (shirt #34); attach detached player.","none","N/A","N/A",true
"cmuihvxfs04gisexpyzd7nqrh","Joris van Overeem","182582","cmuihq5gp006xh29ew3zgy2a2","SC Heerenveen","cmuihq181004nh29e2ib1sw4p","FC Utrecht","WE_SHOW_SOURCE_DOES_NOT","reassign","reassign: Player is registered in FC Utrecht current FotMob squad (shirt #8).","none","2025-06-30","N/A",true
"cmuihvzvp07czsexpay1m9wvk","Luuk Brouwers","369552","cmuihq5gp006xh29ew3zgy2a2","SC Heerenveen","NONE","Unassigned","WE_SHOW_SOURCE_DOES_NOT","detach","detach: Absent from FotMob declared squad for SC Heerenveen.","none","2024-06-30","N/A",true
"cmuihw1bw0920sexptxlql9ul","Nordin Bakker","534015","cmuihq5gp006xh29ew3zgy2a2","SC Heerenveen","NONE","Unassigned","WE_SHOW_SOURCE_DOES_NOT","detach","detach: Absent from FotMob declared squad for SC Heerenveen.","none","2025-08-05","N/A",true
"cmuihw3et0bhxsexp2ecj55dn","Isaiah Ahmed","886252","cmuihq5gp006xh29ew3zgy2a2","SC Heerenveen","cmuihpzab003lh29emxyfpwie","SC Telstar","WE_SHOW_SOURCE_DOES_NOT","reassign","reassign: Player is registered in SC Telstar current FotMob squad (shirt #6).","none","2023-06-30","N/A",true
"cmuihw3ev0bjisexpip0f6vji","Nikolai Hopland","894050","cmuihq5gp006xh29ew3zgy2a2","SC Heerenveen","NONE","Unassigned","WE_SHOW_SOURCE_DOES_NOT","detach","detach: Absent from FotMob declared squad for SC Heerenveen.","none","2025-06-30","N/A",true
"cmuihw4r00crosexpf3q931g3","Eser Gürbüz","1130803","cmuihq5gp006xh29ew3zgy2a2","SC Heerenveen","cmuihq8us008vh29erfb05jp3","Willem II Tilburg","WE_SHOW_SOURCE_DOES_NOT","reassign","reassign: Player is registered in Willem II Tilburg current FotMob squad (shirt #50).","none","2025-01-31","N/A",true
"cmuihw3fd0bx5sexp2ut0dynk","Timo Schreuder","946616","NONE","Unassigned","cmuihq5gp006xh29ew3zgy2a2","SC Heerenveen","SOURCE_SHOWS_WE_DO_NOT","attach","attach: Present in SC Heerenveen FotMob squad (shirt #30); attach detached player.","none","N/A","N/A",true
"cmuihw1dc09cgsexpeq5epg5f","Mees Hilgers","562702","cmuihq5k60071h29e42akmqnf","FC Twente Enschede","cmuihq5gp006xh29ew3zgy2a2","SC Heerenveen","SOURCE_SHOWS_WE_DO_NOT","reassign","reassign: Present in SC Heerenveen FotMob senior squad (shirt #2); previously at FC Twente Enschede.","none","2020-10-16","N/A",true
"cmuihw43y0cejsexpp3qq1qcv","Darling Bladi","1052283","cmuihpzzw003zh29esiigzvql","Real Betis Balompié","cmuihq5gp006xh29ew3zgy2a2","SC Heerenveen","SOURCE_SHOWS_WE_DO_NOT","reassign","reassign: Present in SC Heerenveen FotMob senior squad (shirt #23); previously at Real Betis Balompié.","none","N/A","N/A",true
"cmuihw2qf0b58sexpo18i3xej","Robin Bouw","813077","NONE","Unassigned","cmuihq5gp006xh29ew3zgy2a2","SC Heerenveen","SOURCE_SHOWS_WE_DO_NOT","attach","attach: Present in SC Heerenveen FotMob squad (shirt #34); attach detached player.","none","N/A","N/A",true
"FM_2130940","Jimte Scholten","N/A","NONE","Unassigned","cmuihq5gp006xh29ew3zgy2a2","SC Heerenveen","SOURCE_SHOWS_WE_DO_NOT","create new player","create new player: Ingest new senior player from FotMob squad (shirt #41).","none","N/A","N/A",true
"cmuihw0k308ngsexpa1vhx1a5","Dirk Proper","485587","cmuihqali009vh29e33t7l1kw","NEC Nijmegen","cmuihq5gp006xh29ew3zgy2a2","SC Heerenveen","SOURCE_SHOWS_WE_DO_NOT","reassign","reassign: Present in SC Heerenveen FotMob senior squad (shirt #6); previously at NEC Nijmegen.","none","2020-01-05","N/A",true
"cmuihw43p0c6ssexpkwc2tq80","Kai Jansen","997479","NONE","Unassigned","cmuihq5gp006xh29ew3zgy2a2","SC Heerenveen","SOURCE_SHOWS_WE_DO_NOT","attach","attach: Present in SC Heerenveen FotMob squad (shirt #32); attach detached player.","none","N/A","N/A",true
"cmuihw43c0byesexp1thoy1qc","Nolhan Courtens","952414","NONE","Unassigned","cmuihq5gp006xh29ew3zgy2a2","SC Heerenveen","SOURCE_SHOWS_WE_DO_NOT","attach","attach: Present in SC Heerenveen FotMob squad (shirt #36); attach detached player.","none","N/A","N/A",true
"cmuihw4rj0czdsexpduy7tt8m","Anass Bouziane","1196804","cmuihqe7t00bvh29em81ogfx5","FC Volendam","cmuihq5gp006xh29ew3zgy2a2","SC Heerenveen","SOURCE_SHOWS_WE_DO_NOT","reassign","reassign: Present in SC Heerenveen FotMob senior squad (shirt #49); previously at FC Volendam.","none","2025-06-30","N/A",true
"FM_690207","Roberts Uldriķis","N/A","NONE","Unassigned","cmuihq5gp006xh29ew3zgy2a2","SC Heerenveen","SOURCE_SHOWS_WE_DO_NOT","create new player","create new player: Ingest new senior player from FotMob squad (shirt #17).","none","N/A","N/A",true
"FM_1162514","Marko Lawk Farji","N/A","NONE","Unassigned","cmuihq5gp006xh29ew3zgy2a2","SC Heerenveen","SOURCE_SHOWS_WE_DO_NOT","create new player","create new player: Ingest new senior player from FotMob squad (shirt #21).","none","N/A","N/A",true
"cmuihw44c0co5sexp6fm4gdys","Lanroy Machine","1096744","cmuihpysp003bh29eh8ctgbgf","Angers SCO","cmuihq5gp006xh29ew3zgy2a2","SC Heerenveen","SOURCE_SHOWS_WE_DO_NOT","reassign","reassign: Present in SC Heerenveen FotMob senior squad (shirt #29); previously at Angers SCO.","none","2025-06-30","N/A",true
"cmuihw4st0d7nsexp7phptf7n","Clayton Bonevacia","1466250","NONE","Unassigned","cmuihq5gp006xh29ew3zgy2a2","SC Heerenveen","SOURCE_SHOWS_WE_DO_NOT","attach","attach: Present in SC Heerenveen FotMob squad (shirt #40); attach detached player.","none","N/A","N/A",true
"cmuihw4rt0d32sexp0ue9dmra","Kirayno Schaken","1275103","NONE","Unassigned","cmuihq5gp006xh29ew3zgy2a2","SC Heerenveen","SOURCE_SHOWS_WE_DO_NOT","attach","attach: Present in SC Heerenveen FotMob squad (shirt #47); attach detached player.","none","N/A","N/A",true
"cmuihw2py0atzsexp3dkc11bo","Mike Kleijn","738516","cmuihqaou009xh29ehzb7sgiz","Sparta Rotterdam","NONE","Unassigned","WE_SHOW_SOURCE_DOES_NOT","detach","detach: Absent from FotMob declared squad for Sparta Rotterdam.","none","2024-06-30","N/A",true
"cmuihvy64059qsexp4lj3hw5e","Michael Brouwer","231650","cmuihq181004nh29e2ib1sw4p","FC Utrecht","cmuihqaou009xh29ehzb7sgiz","Sparta Rotterdam","SOURCE_SHOWS_WE_DO_NOT","reassign","reassign: Present in Sparta Rotterdam FotMob senior squad (shirt #1); previously at FC Utrecht.","none","2024-07-24","N/A",true
"cmuihvws1040esexpgyaerz6x","Filip Bednarek","155158","NONE","Unassigned","cmuihqaou009xh29ehzb7sgiz","Sparta Rotterdam","SOURCE_SHOWS_WE_DO_NOT","attach","attach: Present in Sparta Rotterdam FotMob squad (shirt #20); attach detached player.","none","N/A","N/A",true
"FM_2130681","Duncan Lindhout","N/A","NONE","Unassigned","cmuihqaou009xh29ehzb7sgiz","Sparta Rotterdam","SOURCE_SHOWS_WE_DO_NOT","create new player","create new player: Ingest new senior player from FotMob squad (shirt #30).","none","N/A","N/A",true
"cmuihw2qa0b1gsexplhk0gedo","Pascal Kuiper","796490","NONE","Unassigned","cmuihqaou009xh29ehzb7sgiz","Sparta Rotterdam","SOURCE_SHOWS_WE_DO_NOT","attach","attach: Present in Sparta Rotterdam FotMob squad (shirt #30); attach detached player.","none","N/A","N/A",true
"cmuihw4440cibsexptbsa84kr","Rik Suur","1064187","NONE","Unassigned","cmuihqaou009xh29ehzb7sgiz","Sparta Rotterdam","SOURCE_SHOWS_WE_DO_NOT","attach","attach: Present in Sparta Rotterdam FotMob squad (shirt #30); attach detached player.","none","N/A","N/A",true
"cmuihw2qc0b2zsexpzp2xwlqx","Max de Ligt","804775","NONE","Unassigned","cmuihqaou009xh29ehzb7sgiz","Sparta Rotterdam","SOURCE_SHOWS_WE_DO_NOT","attach","attach: Present in Sparta Rotterdam FotMob squad (shirt #N/A); attach detached player.","none","N/A","N/A",false
"cmuihw4rr0d2bsexpfd64db48","Lushendry Martes","1255744","NONE","Unassigned","cmuihqaou009xh29ehzb7sgiz","Sparta Rotterdam","SOURCE_SHOWS_WE_DO_NOT","attach","attach: Present in Sparta Rotterdam FotMob squad (shirt #2); attach detached player.","none","N/A","N/A",true
"cmuihvvye03d4sexp0lava7d9","Bruno Martins Indi","112052","NONE","Unassigned","cmuihqaou009xh29ehzb7sgiz","Sparta Rotterdam","SOURCE_SHOWS_WE_DO_NOT","attach","attach: Present in Sparta Rotterdam FotMob squad (shirt #4); attach detached player.","none","N/A","N/A",true
"cmuihvxfy04jysexpi426man5","Bas Kuipers","187188","NONE","Unassigned","cmuihqaou009xh29ehzb7sgiz","Sparta Rotterdam","SOURCE_SHOWS_WE_DO_NOT","attach","attach: Present in Sparta Rotterdam FotMob squad (shirt #5); attach detached player.","none","N/A","N/A",true
"cmuihvzw407oasexpmrhandi7","Boyd Reith","393240","NONE","Unassigned","cmuihqaou009xh29ehzb7sgiz","Sparta Rotterdam","SOURCE_SHOWS_WE_DO_NOT","attach","attach: Present in Sparta Rotterdam FotMob squad (shirt #12); attach detached player.","none","N/A","N/A",true
"cmuihw3ev0biusexpjisgcfla","Nick Verschuren","891835","NONE","Unassigned","cmuihqaou009xh29ehzb7sgiz","Sparta Rotterdam","SOURCE_SHOWS_WE_DO_NOT","attach","attach: Present in Sparta Rotterdam FotMob squad (shirt #14); attach detached player.","none","N/A","N/A",true
"cmuihw44c0colsexpw1whx0je","Giannino Vianello","1102425","NONE","Unassigned","cmuihqaou009xh29ehzb7sgiz","Sparta Rotterdam","SOURCE_SHOWS_WE_DO_NOT","attach","attach: Present in Sparta Rotterdam FotMob squad (shirt #22); attach detached player.","none","N/A","N/A",true
"cmuihw24409u1sexpqjqwhpwo","Julian Baas","616340","NONE","Unassigned","cmuihqaou009xh29ehzb7sgiz","Sparta Rotterdam","SOURCE_SHOWS_WE_DO_NOT","attach","attach: Present in Sparta Rotterdam FotMob squad (shirt #6); attach detached player.","none","N/A","N/A",true
"cmuihw24v0aefsexpbjcqkqwl","Cedric Hatenboer","682568","NONE","Unassigned","cmuihqaou009xh29ehzb7sgiz","Sparta Rotterdam","SOURCE_SHOWS_WE_DO_NOT","attach","attach: Present in Sparta Rotterdam FotMob squad (shirt #8); attach detached player.","none","N/A","N/A",true
"FM_1252642","Isaac Babadi","N/A","NONE","Unassigned","cmuihqaou009xh29ehzb7sgiz","Sparta Rotterdam","SOURCE_SHOWS_WE_DO_NOT","create new player","create new player: Ingest new senior player from FotMob squad (shirt #10).","none","N/A","N/A",true
"cmuihw4rd0cw9sexp2zihxdml","Robin van Cruijsen","1175048","cmuihqe7t00bvh29em81ogfx5","FC Volendam","cmuihqaou009xh29ehzb7sgiz","Sparta Rotterdam","SOURCE_SHOWS_WE_DO_NOT","reassign","reassign: Present in Sparta Rotterdam FotMob senior squad (shirt #17); previously at FC Volendam.","none","2025-06-30","N/A",true
"cmuihw24p0abfsexpm3wle53d","Alwande Roaldsøy","670105","NONE","Unassigned","cmuihqaou009xh29ehzb7sgiz","Sparta Rotterdam","SOURCE_SHOWS_WE_DO_NOT","attach","attach: Present in Sparta Rotterdam FotMob squad (shirt #18); attach detached player.","none","N/A","N/A",true
"cmuihvwrn03rrsexpcyzz07sh","Jens Toornstra","134999","NONE","Unassigned","cmuihqaou009xh29ehzb7sgiz","Sparta Rotterdam","SOURCE_SHOWS_WE_DO_NOT","attach","attach: Present in Sparta Rotterdam FotMob squad (shirt #21); attach detached player.","none","N/A","N/A",true
"cmuihw24u0ae4sexpr3cjpb2b","Casper Terho","679597","NONE","Unassigned","cmuihqaou009xh29ehzb7sgiz","Sparta Rotterdam","SOURCE_SHOWS_WE_DO_NOT","attach","attach: Present in Sparta Rotterdam FotMob squad (shirt #7); attach detached player.","none","N/A","N/A",true
"cmuihw3ef0b76sexpgve5ft82","Milan Zonneveld","818445","NONE","Unassigned","cmuihqaou009xh29ehzb7sgiz","Sparta Rotterdam","SOURCE_SHOWS_WE_DO_NOT","attach","attach: Present in Sparta Rotterdam FotMob squad (shirt #9); attach detached player.","none","N/A","N/A",true
"cmuihw2q60ayasexp6bk8f0fo","Joel Ideho","760508","NONE","Unassigned","cmuihqaou009xh29ehzb7sgiz","Sparta Rotterdam","SOURCE_SHOWS_WE_DO_NOT","attach","attach: Present in Sparta Rotterdam FotMob squad (shirt #11); attach detached player.","none","N/A","N/A",true
"cmuihvzw407o9sexpy0unstuk","Mitchell van Bergen","393239","NONE","Unassigned","cmuihqaou009xh29ehzb7sgiz","Sparta Rotterdam","SOURCE_SHOWS_WE_DO_NOT","attach","attach: Present in Sparta Rotterdam FotMob squad (shirt #11); attach detached player.","none","N/A","N/A",true
"FM_1659858","Andrej Kostić","N/A","NONE","Unassigned","cmuihqaou009xh29ehzb7sgiz","Sparta Rotterdam","SOURCE_SHOWS_WE_DO_NOT","create new player","create new player: Ingest new senior player from FotMob squad (shirt #19).","none","N/A","N/A",true
"FM_1178324","Jaouen Hadjam","N/A","NONE","Unassigned","cmuihomne002bb23fq0sdhdrm","Brighton & Hove Albion","SOURCE_SHOWS_WE_DO_NOT","create new player","create new player: Ingest new senior player from FotMob squad (shirt #3).","none","N/A","N/A",true
"cmuihvzwk07wwsexpfephiswz","Pascal Struijk","410708","cmuihq8hv008ph29ejwdrv7xd","Leeds United","cmuihomne002bb23fq0sdhdrm","Brighton & Hove Albion","SOURCE_SHOWS_WE_DO_NOT","reassign","reassign: Present in Brighton & Hove Albion FotMob senior squad (shirt #4); previously at Leeds United.","none","2019-12-31","N/A",true
"cmuihvy6705c3sexph9eklxyw","Costinha","236886","NONE","Unassigned","cmuihomne002bb23fq0sdhdrm","Brighton & Hove Albion","SOURCE_SHOWS_WE_DO_NOT","attach","attach: Present in Brighton & Hove Albion FotMob squad (shirt #20); attach detached player.","none","N/A","N/A",true
"cmuihvzal06kmsexpztni9hlf","Olivier Boscagli","318508","NONE","Unassigned","cmuihomne002bb23fq0sdhdrm","Brighton & Hove Albion","SOURCE_SHOWS_WE_DO_NOT","attach","attach: Present in Brighton & Hove Albion FotMob squad (shirt #21); attach detached player.","none","N/A","N/A",true
"cmuihw0iq084esexpikou8igk","Maxim De Cuyper","429915","NONE","Unassigned","cmuihomne002bb23fq0sdhdrm","Brighton & Hove Albion","SOURCE_SHOWS_WE_DO_NOT","attach","attach: Present in Brighton & Hove Albion FotMob squad (shirt #29); attach detached player.","none","N/A","N/A",true
"cmuihw0j20877sexpg1inrt8v","Michael Svoboda","438961","NONE","Unassigned","cmuihomne002bb23fq0sdhdrm","Brighton & Hove Albion","SOURCE_SHOWS_WE_DO_NOT","attach","attach: Present in Brighton & Hove Albion FotMob squad (shirt #30); attach detached player.","none","N/A","N/A",true
"cmuihw3ev0bj6sexpjxnpjiqz","Luka Vuskovic","892160","NONE","Unassigned","cmuihomne002bb23fq0sdhdrm","Brighton & Hove Albion","SOURCE_SHOWS_WE_DO_NOT","attach","attach: Present in Brighton & Hove Albion FotMob squad (shirt #44); attach detached player.","none","N/A","N/A",true
"cmuihvvva02vtsexpntmxisij","Pascal Groß","82873","NONE","Unassigned","cmuihomne002bb23fq0sdhdrm","Brighton & Hove Albion","SOURCE_SHOWS_WE_DO_NOT","attach","attach: Present in Brighton & Hove Albion FotMob squad (shirt #13); attach detached player.","none","N/A","N/A",true
"cmuihw3fe0bxrsexp5j4g368n","Chema Andrés","948279","NONE","Unassigned","cmuihomne002bb23fq0sdhdrm","Brighton & Hove Albion","SOURCE_SHOWS_WE_DO_NOT","attach","attach: Present in Brighton & Hove Albion FotMob squad (shirt #14); attach detached player.","none","N/A","N/A",true
"FM_866686","Matthew O'Riley","N/A","NONE","Unassigned","cmuihomne002bb23fq0sdhdrm","Brighton & Hove Albion","SOURCE_SHOWS_WE_DO_NOT","create new player","create new player: Ingest new senior player from FotMob squad (shirt #33).","none","N/A","N/A",true
"FM_1602352","Malick Junior Yalcouyé","N/A","NONE","Unassigned","cmuihomne002bb23fq0sdhdrm","Brighton & Hove Albion","SOURCE_SHOWS_WE_DO_NOT","create new player","create new player: Ingest new senior player from FotMob squad (shirt #35).","none","N/A","N/A",true
"cmuihw3fe0by2sexptpl4dkni","Stefanos Tzimas","950091","NONE","Unassigned","cmuihomne002bb23fq0sdhdrm","Brighton & Hove Albion","SOURCE_SHOWS_WE_DO_NOT","attach","attach: Present in Brighton & Hove Albion FotMob squad (shirt #9); attach detached player.","none","N/A","N/A",true
"FM_1252132","Promise David","N/A","NONE","Unassigned","cmuihomne002bb23fq0sdhdrm","Brighton & Hove Albion","SOURCE_SHOWS_WE_DO_NOT","create new player","create new player: Ingest new senior player from FotMob squad (shirt #12).","none","N/A","N/A",true
"cmuihw44d0cpnsexp8on3v5ys","Ibrahim Osman","1110406","NONE","Unassigned","cmuihomne002bb23fq0sdhdrm","Brighton & Hove Albion","SOURCE_SHOWS_WE_DO_NOT","attach","attach: Present in Brighton & Hove Albion FotMob squad (shirt #15); attach detached player.","none","N/A","N/A",true
"cmuihw4410cgusexpbv45kkaa","Charalampos Kostoulas","1060087","NONE","Unassigned","cmuihomne002bb23fq0sdhdrm","Brighton & Hove Albion","SOURCE_SHOWS_WE_DO_NOT","attach","attach: Present in Brighton & Hove Albion FotMob squad (shirt #19); attach detached player.","none","N/A","N/A",true
"cmuihw24i0a4isexp71hiuana","Evan Ferguson","648046","NONE","Unassigned","cmuihomne002bb23fq0sdhdrm","Brighton & Hove Albion","SOURCE_SHOWS_WE_DO_NOT","attach","attach: Present in Brighton & Hove Albion FotMob squad (shirt #28); attach detached player.","none","N/A","N/A",true
"FM_1782648","Zadok Yohanna","N/A","NONE","Unassigned","cmuihomne002bb23fq0sdhdrm","Brighton & Hove Albion","SOURCE_SHOWS_WE_DO_NOT","create new player","create new player: Ingest new senior player from FotMob squad (shirt #36).","none","N/A","N/A",true
"FM_1083185","Femi Azeez","N/A","NONE","Unassigned","cmuihomne002bb23fq0sdhdrm","Brighton & Hove Albion","SOURCE_SHOWS_WE_DO_NOT","create new player","create new player: Ingest new senior player from FotMob squad (shirt #39).","none","N/A","N/A",true
"cmuihw24m0a8jsexp3tp5w1r3","Max Thompson","660768","cmuihqepp00c5h29e6dizfj3r","Newcastle United","NONE","Unassigned","WE_SHOW_SOURCE_DOES_NOT","detach","detach: Absent from FotMob declared squad for Newcastle United.","none","N/A","N/A",true
"cmuihw24a09z3sexph5e0wb6e","Lukas Hornicek","629773","cmuihnyer0015b23fholjonq1","SC Braga","cmuihqepp00c5h29e6dizfj3r","Newcastle United","SOURCE_SHOWS_WE_DO_NOT","reassign","reassign: Present in Newcastle United FotMob senior squad (shirt #21); previously at SC Braga.","none","2023-06-30","N/A",true
"FM_1438570","Ewen Jaouen","N/A","NONE","Unassigned","cmuihqepp00c5h29e6dizfj3r","Newcastle United","SOURCE_SHOWS_WE_DO_NOT","create new player","create new player: Ingest new senior player from FotMob squad (shirt #24).","none","N/A","N/A",true
"cmuihw1bj08xusexp07ekcady","Malick Thiaw","521964","cmuihq5qq0075h29elabq5hjd","FC Schalke 04","cmuihqepp00c5h29e6dizfj3r","Newcastle United","SOURCE_SHOWS_WE_DO_NOT","reassign","reassign: Present in Newcastle United FotMob senior squad (shirt #12); previously at FC Schalke 04.","none","2025-08-11","N/A",true
"cmuihw1bh08wzsexpfeqg40xr","Amar Dedić","519184","cmuihq4q6006lh29eutf0qltf","SL Benfica","cmuihqepp00c5h29e6dizfj3r","Newcastle United","SOURCE_SHOWS_WE_DO_NOT","reassign","reassign: Present in Newcastle United FotMob senior squad (shirt #37); previously at SL Benfica.","none","2025-07-13","N/A",true
"cmuihw0k408nssexp1xm4dlzv","Nico González","486031","cmuihqb7i00a9h29e7t17vakf","Juventus FC","cmuihqepp00c5h29e6dizfj3r","Newcastle United","SOURCE_SHOWS_WE_DO_NOT","reassign","reassign: Present in Newcastle United FotMob senior squad (shirt #6); previously at Juventus FC.","none","2026-06-29","N/A",true
"cmuihw43h0c28sexp3wuhb53d","Aladji Bamba","975347","NONE","Unassigned","cmuihqepp00c5h29e6dizfj3r","Newcastle United","SOURCE_SHOWS_WE_DO_NOT","attach","attach: Present in Newcastle United FotMob squad (shirt #8); attach detached player.","none","N/A","N/A",true
"cmuihw44d0cpssexpcin0ouzz","Sean Steur","1111063","NONE","Unassigned","cmuihqepp00c5h29e6dizfj3r","Newcastle United","SOURCE_SHOWS_WE_DO_NOT","attach","attach: Present in Newcastle United FotMob squad (shirt #14); attach detached player.","none","N/A","N/A",true
"FM_860975","Joseph Willock","N/A","NONE","Unassigned","cmuihqepp00c5h29e6dizfj3r","Newcastle United","SOURCE_SHOWS_WE_DO_NOT","create new player","create new player: Ingest new senior player from FotMob squad (shirt #28).","none","N/A","N/A",true
"cmuihw0k908sjsexplo0ric0q","Jacob Ramsey","503749","NONE","Unassigned","cmuihqepp00c5h29e6dizfj3r","Newcastle United","SOURCE_SHOWS_WE_DO_NOT","attach","attach: Present in Newcastle United FotMob squad (shirt #41); attach detached player.","none","N/A","N/A",true
"cmuihvzw007kqsexpozqfxsf9","Yoane Wissa","388165","NONE","Unassigned","cmuihqepp00c5h29e6dizfj3r","Newcastle United","SOURCE_SHOWS_WE_DO_NOT","attach","attach: Present in Newcastle United FotMob squad (shirt #9); attach detached player.","none","N/A","N/A",true
"cmuihw4460cj9sexpco4wrgdz","Bazoumana Touré","1067904","cmuihqbor00adh29elg30kgzn","TSG 1899 Hoffenheim","cmuihqepp00c5h29e6dizfj3r","Newcastle United","SOURCE_SHOWS_WE_DO_NOT","reassign","reassign: Present in Newcastle United FotMob senior squad (shirt #17); previously at TSG 1899 Hoffenheim.","none","2025-01-31","N/A",true
"cmuihw1ej09jnsexpgz9u834f","Anthony Elanga","583189","NONE","Unassigned","cmuihqepp00c5h29e6dizfj3r","Newcastle United","SOURCE_SHOWS_WE_DO_NOT","attach","attach: Present in Newcastle United FotMob squad (shirt #19); attach detached player.","none","N/A","N/A",true
"cmuihw2pv0ar0sexpmnrbhk2n","Matias Fernandez-Pardo","724129","cmuihnzfj0017b23f7qeka8w7","LOSC Lille","cmuihqepp00c5h29e6dizfj3r","Newcastle United","SOURCE_SHOWS_WE_DO_NOT","reassign","reassign: Present in Newcastle United FotMob senior squad (shirt #20); previously at LOSC Lille.","none","2024-08-29","N/A",true
"FM_1418100","Alfie Harrison","N/A","NONE","Unassigned","cmuihqepp00c5h29e6dizfj3r","Newcastle United","SOURCE_SHOWS_WE_DO_NOT","create new player","create new player: Ingest new senior player from FotMob squad (shirt #44).","none","N/A","N/A",true
"cmuihvyqx067dsexp4oz087qa","Andoni Gorosabel","289255","cmuihqcpi00azh29e0ihjlfsq","Athletic Bilbao","cmuihqdqh00bnh29e1s0pnnhq","RCD Espanyol Barcelona","WE_SHOW_SOURCE_DOES_NOT","reassign","reassign: Player is registered in RCD Espanyol Barcelona current FotMob squad (shirt #2).","none","2024-06-30","N/A",true
"cmuihvyr606dusexptf3b2qeq","Mikel Vesga","300168","cmuihqcpi00azh29e0ihjlfsq","Athletic Bilbao","NONE","Unassigned","WE_SHOW_SOURCE_DOES_NOT","detach","detach: Absent from FotMob declared squad for Athletic Bilbao.","none","2019-06-29","N/A",true
"cmuihw3ei0ba8sexp4swuvocx","Unai Gómez","834752","cmuihqcpi00azh29e0ihjlfsq","Athletic Bilbao","cmuihq93e0093h29eq2t4j538","Udinese Calcio","WE_SHOW_SOURCE_DOES_NOT","reassign","reassign: Player is registered in Udinese Calcio current FotMob squad (shirt #46).","none","2023-06-30","N/A",true
"cmuihw2pr0anisexp6f4g2v51","Adama Boiro","710671","cmuihqcpi00azh29e0ihjlfsq","Athletic Bilbao","cmuihqbq700ahh29euibcxp0b","Wolverhampton Wanderers","WE_SHOW_SOURCE_DOES_NOT","reassign","reassign: Player is registered in Wolverhampton Wanderers current FotMob squad (shirt #18).","none","2024-06-30","N/A",true
"cmuihw43h0c2msexptfrgfgyl","Eder García","979324","cmuihqcpi00azh29e0ihjlfsq","Athletic Bilbao","NONE","Unassigned","WE_SHOW_SOURCE_DOES_NOT","detach","detach: Absent from FotMob declared squad for Athletic Bilbao.","none","N/A","N/A",true
"cmuihw4400cg1sexp5qp234o1","Mikel Santos","1056956","cmuihqcpi00azh29e0ihjlfsq","Athletic Bilbao","NONE","Unassigned","WE_SHOW_SOURCE_DOES_NOT","detach","detach: Absent from FotMob declared squad for Athletic Bilbao.","none","N/A","N/A",true
"cmuihw3ei0ba2sexp0vhgzs23","Aimar Duñabeitia","834488","cmuihqcpi00azh29e0ihjlfsq","Athletic Bilbao","NONE","Unassigned","WE_SHOW_SOURCE_DOES_NOT","detach","detach: Absent from FotMob declared squad for Athletic Bilbao.","none","N/A","N/A",true
"cmuihw3ey0blgsexpk5ts57sw","Jon de Luis","905015","cmuihqcpi00azh29e0ihjlfsq","Athletic Bilbao","NONE","Unassigned","WE_SHOW_SOURCE_DOES_NOT","detach","detach: Absent from FotMob declared squad for Athletic Bilbao.","none","N/A","N/A",true
"cmuihw3fb0bvfsexpcc703i3f","Ibon Sánchez","938730","cmuihqcpi00azh29e0ihjlfsq","Athletic Bilbao","NONE","Unassigned","WE_SHOW_SOURCE_DOES_NOT","detach","detach: Absent from FotMob declared squad for Athletic Bilbao.","none","N/A","N/A",true
"cmuihw4qz0cqwsexp3fkf1ngc","Endika Buján","1120228","cmuihqcpi00azh29e0ihjlfsq","Athletic Bilbao","NONE","Unassigned","WE_SHOW_SOURCE_DOES_NOT","detach","detach: Absent from FotMob declared squad for Athletic Bilbao.","none","N/A","N/A",true
"cmuihw4qz0cr6sexpgt3gcqti","Iker Monreal","1124051","cmuihqcpi00azh29e0ihjlfsq","Athletic Bilbao","NONE","Unassigned","WE_SHOW_SOURCE_DOES_NOT","detach","detach: Absent from FotMob declared squad for Athletic Bilbao.","none","N/A","N/A",true
"cmuihw4rh0cyisexp81mgj6zp","Ander Izagirre","1189292","cmuihqcpi00azh29e0ihjlfsq","Athletic Bilbao","NONE","Unassigned","WE_SHOW_SOURCE_DOES_NOT","detach","detach: Absent from FotMob declared squad for Athletic Bilbao.","none","N/A","N/A",true
"cmuihw3ei0b9ysexpv29r5ay6","Álex Padilla","834483","NONE","Unassigned","cmuihqcpi00azh29e0ihjlfsq","Athletic Bilbao","SOURCE_SHOWS_WE_DO_NOT","attach","attach: Present in Athletic Bilbao FotMob squad (shirt #13); attach detached player.","none","N/A","N/A",true
"FM_1425770","Unai Eguiluz","N/A","NONE","Unassigned","cmuihqcpi00azh29e0ihjlfsq","Athletic Bilbao","SOURCE_SHOWS_WE_DO_NOT","create new player","create new player: Ingest new academy player from FotMob squad (shirt #none).","none","N/A","N/A",false
"cmuihw0k508otsexpeqgt5ri8","Jesús Areso","488626","NONE","Unassigned","cmuihqcpi00azh29e0ihjlfsq","Athletic Bilbao","SOURCE_SHOWS_WE_DO_NOT","attach","attach: Present in Athletic Bilbao FotMob squad (shirt #12); attach detached player.","none","N/A","N/A",true
"cmuihvxfp04dusexphnt1w7m7","Aymeric Laporte","176553","NONE","Unassigned","cmuihqcpi00azh29e0ihjlfsq","Athletic Bilbao","SOURCE_SHOWS_WE_DO_NOT","attach","attach: Present in Athletic Bilbao FotMob squad (shirt #14); attach detached player.","none","N/A","N/A",true
"cmuihw3ei0ba1sexpqh8m99sr","Hugo Rincón","834487","NONE","Unassigned","cmuihqcpi00azh29e0ihjlfsq","Athletic Bilbao","SOURCE_SHOWS_WE_DO_NOT","attach","attach: Present in Athletic Bilbao FotMob squad (shirt #15); attach detached player.","none","N/A","N/A",true
"FM_1327006","Johaneko Louisjean","N/A","NONE","Unassigned","cmuihqcpi00azh29e0ihjlfsq","Athletic Bilbao","SOURCE_SHOWS_WE_DO_NOT","create new player","create new player: Ingest new senior player from FotMob squad (shirt #31).","none","N/A","N/A",true
"cmuihw3ei0ba3sexppbp0azye","Alejandro Rego","834491","NONE","Unassigned","cmuihqcpi00azh29e0ihjlfsq","Athletic Bilbao","SOURCE_SHOWS_WE_DO_NOT","attach","attach: Present in Athletic Bilbao FotMob squad (shirt #20); attach detached player.","none","N/A","N/A",true
"FM_1425173","Beñat Gerenabarrena","N/A","NONE","Unassigned","cmuihqcpi00azh29e0ihjlfsq","Athletic Bilbao","SOURCE_SHOWS_WE_DO_NOT","create new player","create new player: Ingest new senior player from FotMob squad (shirt #24).","none","N/A","N/A",true
"cmuihw24r0acesexp5vae32ef","Álvaro Djaló","671649","NONE","Unassigned","cmuihqcpi00azh29e0ihjlfsq","Athletic Bilbao","SOURCE_SHOWS_WE_DO_NOT","attach","attach: Present in Athletic Bilbao FotMob squad (shirt #25); attach detached player.","none","N/A","N/A",true
"cmuihw4400cg2sexpu9laqfvc","Peio Canales","1056966","NONE","Unassigned","cmuihqcpi00azh29e0ihjlfsq","Athletic Bilbao","SOURCE_SHOWS_WE_DO_NOT","attach","attach: Present in Athletic Bilbao FotMob squad (shirt #28); attach detached player.","none","N/A","N/A",true
"cmuihw4rv0d4osexpwpx9zo63","Selton Sánchez","1312698","NONE","Unassigned","cmuihqcpi00azh29e0ihjlfsq","Athletic Bilbao","SOURCE_SHOWS_WE_DO_NOT","attach","attach: Present in Athletic Bilbao FotMob squad (shirt #44); attach detached player.","none","N/A","N/A",true
"FM_1698682","Efe Korkut","N/A","NONE","Unassigned","cmuihqcpi00azh29e0ihjlfsq","Athletic Bilbao","SOURCE_SHOWS_WE_DO_NOT","create new player","create new player: Ingest new academy player from FotMob squad (shirt #none).","none","N/A","N/A",false
"cmuihw24p0aaqsexp4fsgxtka","Nico Serrano","668183","NONE","Unassigned","cmuihqcpi00azh29e0ihjlfsq","Athletic Bilbao","SOURCE_SHOWS_WE_DO_NOT","attach","attach: Present in Athletic Bilbao FotMob squad (shirt #22); attach detached player.","none","N/A","N/A",true
"cmuihw1dc09cisexp6ifjuqik","Robert Navarro","563137","NONE","Unassigned","cmuihqcpi00azh29e0ihjlfsq","Athletic Bilbao","SOURCE_SHOWS_WE_DO_NOT","attach","attach: Present in Athletic Bilbao FotMob squad (shirt #23); attach detached player.","none","N/A","N/A",true
"cmuihvyr906gfsexp01x4j9wl","Alfonso Espino","311044","cmuihq7gc0083h29exnlti38f","Rayo Vallecano","NONE","Unassigned","WE_SHOW_SOURCE_DOES_NOT","detach","detach: Absent from FotMob declared squad for Rayo Vallecano.","none","2023-07-16","N/A",true
"cmuihw0j908adsexp4i4ek4bd","Abdul Mumin","451801","cmuihq7gc0083h29exnlti38f","Rayo Vallecano","NONE","Unassigned","WE_SHOW_SOURCE_DOES_NOT","detach","detach: Absent from FotMob declared squad for Rayo Vallecano.","none","2022-08-31","N/A",true
"cmuihw23v09nesexpfic32t6u","Pep Chavarría","596122","cmuihq7gc0083h29exnlti38f","Rayo Vallecano","cmuihqcpo00b1h29edf8q9ksb","Chelsea FC","WE_SHOW_SOURCE_DOES_NOT","reassign","reassign: Player is registered in Chelsea FC current FotMob squad (shirt #29).","none","2022-08-30","N/A",true
"cmuihw2pq0ambsexp7z0l6c4n","Juanpe Gil","708370","cmuihq7gc0083h29exnlti38f","Rayo Vallecano","NONE","Unassigned","WE_SHOW_SOURCE_DOES_NOT","detach","detach: Absent from FotMob declared squad for Rayo Vallecano.","none","N/A","N/A",true
"cmuihw43v0cbzsexpdcgjpip7","Nobel Mendy","1034853","cmuihq7gc0083h29exnlti38f","Rayo Vallecano","cmuihq56p006vh29efww9bqgh","Hull City","WE_SHOW_SOURCE_DOES_NOT","reassign","reassign: Player is registered in Hull City current FotMob squad (shirt #32).","none","2026-06-30","N/A",true
"cmuihw4ss0d6rsexp9394lncf","Sergio Lozano","1384902","cmuihq7gc0083h29exnlti38f","Rayo Vallecano","NONE","Unassigned","WE_SHOW_SOURCE_DOES_NOT","detach","detach: Absent from FotMob declared squad for Rayo Vallecano.","none","2024-06-30","N/A",true
"FM_957199","Miguel Morro","N/A","NONE","Unassigned","cmuihq7gc0083h29exnlti38f","Rayo Vallecano","SOURCE_SHOWS_WE_DO_NOT","create new player","create new player: Ingest new academy player from FotMob squad (shirt #none).","none","N/A","N/A",false
"cmuihvy6o05p2sexp01p2aq74","Emil Audero","256339","NONE","Unassigned","cmuihq7gc0083h29exnlti38f","Rayo Vallecano","SOURCE_SHOWS_WE_DO_NOT","attach","attach: Present in Rayo Vallecano FotMob squad (shirt #25); attach detached player.","none","N/A","N/A",true
"cmuihvzvr07dtsexp8126ez9g","Marash Kumbulla","371371","NONE","Unassigned","cmuihq7gc0083h29exnlti38f","Rayo Vallecano","SOURCE_SHOWS_WE_DO_NOT","attach","attach: Present in Rayo Vallecano FotMob squad (shirt #3); attach detached player.","none","N/A","N/A",true
"FM_939427","Mujaid Sadick","N/A","NONE","Unassigned","cmuihq7gc0083h29exnlti38f","Rayo Vallecano","SOURCE_SHOWS_WE_DO_NOT","create new player","create new player: Ingest new senior player from FotMob squad (shirt #15).","none","N/A","N/A",true
"cmuihw0k808rjsexprylgh4j7","Adrià Pedrosa","501418","cmuihq7is0085h29ez260bgnc","Sevilla FC","cmuihq7gc0083h29exnlti38f","Rayo Vallecano","SOURCE_SHOWS_WE_DO_NOT","reassign","reassign: Present in Rayo Vallecano FotMob senior squad (shirt #17); previously at Sevilla FC.","none","2026-06-29","N/A",true
"FM_1889232","Gnangoro Bouare","N/A","NONE","Unassigned","cmuihq7gc0083h29exnlti38f","Rayo Vallecano","SOURCE_SHOWS_WE_DO_NOT","create new player","create new player: Ingest new senior player from FotMob squad (shirt #36).","none","N/A","N/A",true
"cmuihw3fd0bwusexpfbtxk1ro","Rayane Belaid","945500","cmuihotfm002nb23fe7004xbm","Atlético de Madrid","cmuihq7gc0083h29exnlti38f","Rayo Vallecano","SOURCE_SHOWS_WE_DO_NOT","reassign","reassign: Present in Rayo Vallecano FotMob senior squad (shirt #37); previously at Atlético de Madrid.","none","2024-06-30","N/A",true
"cmuihvws6044nsexp4lm9hbg8","Raúl de Tomás","162038","NONE","Unassigned","cmuihq7gc0083h29exnlti38f","Rayo Vallecano","SOURCE_SHOWS_WE_DO_NOT","attach","attach: Present in Rayo Vallecano FotMob squad (shirt #N/A); attach detached player.","none","N/A","N/A",false
"cmuihvy6p05pcsexpdoduk3jb","Alemão","256695","NONE","Unassigned","cmuihq7gc0083h29exnlti38f","Rayo Vallecano","SOURCE_SHOWS_WE_DO_NOT","attach","attach: Present in Rayo Vallecano FotMob squad (shirt #9); attach detached player.","none","N/A","N/A",true
"cmuihvzwq080ksexp68nd3tfx","Giorgi Tsitaishvili","419067","NONE","Unassigned","cmuihq7gc0083h29exnlti38f","Rayo Vallecano","SOURCE_SHOWS_WE_DO_NOT","attach","attach: Present in Rayo Vallecano FotMob squad (shirt #14); attach detached player.","none","N/A","N/A",true
"cmuihvwrt03vvsexpat4tiiby","Matías Vecino","143812","cmuihqg9e00czh29eqgxwp7l7","Celta de Vigo","NONE","Unassigned","WE_SHOW_SOURCE_DOES_NOT","detach","detach: Absent from FotMob declared squad for Celta de Vigo.","none","2026-02-01","N/A",true
"cmuihvyqi05wlsexp4af0d4yj","Mihailo Ristic","271455","cmuihqg9e00czh29eqgxwp7l7","Celta de Vigo","NONE","Unassigned","WE_SHOW_SOURCE_DOES_NOT","detach","detach: Absent from FotMob declared squad for Celta de Vigo.","none","2023-08-31","N/A",true
"cmuihvzb006uisexp9qk8xyvx","Unai Núñez","338285","cmuihqg9e00czh29eqgxwp7l7","Celta de Vigo","cmuihqdqh00bnh29e1s0pnnhq","RCD Espanyol Barcelona","WE_SHOW_SOURCE_DOES_NOT","reassign","reassign: Player is registered in RCD Espanyol Barcelona current FotMob squad (shirt #14).","none","2026-06-29","N/A",true
"cmuihvzaq06pjsexptgj04ke9","Óscar Mingueza","331505","cmuihqg9e00czh29eqgxwp7l7","Celta de Vigo","cmuihqfqr00cqh29e2077zt3y","Crystal Palace","WE_SHOW_SOURCE_DOES_NOT","reassign","reassign: Player is registered in Crystal Palace current FotMob squad (shirt #30).","none","2022-07-29","N/A",true
"cmuihvzb506xrsexpnhy9yuxw","Franco Cervi","341110","cmuihqg9e00czh29eqgxwp7l7","Celta de Vigo","NONE","Unassigned","WE_SHOW_SOURCE_DOES_NOT","detach","detach: Absent from FotMob declared squad for Celta de Vigo.","none","2021-07-04","N/A",true
"cmuihw1cv0961sexpbq90lm4x","Marc Vidal","541621","cmuihqg9e00czh29eqgxwp7l7","Celta de Vigo","NONE","Unassigned","WE_SHOW_SOURCE_DOES_NOT","detach","detach: Absent from FotMob declared squad for Celta de Vigo.","none","2025-06-30","N/A",true
"cmuihvzbk0790sexpfw9w9ilk","Joseph Aidoo","358250","cmuihqg9e00czh29eqgxwp7l7","Celta de Vigo","NONE","Unassigned","WE_SHOW_SOURCE_DOES_NOT","detach","detach: Absent from FotMob declared squad for Celta de Vigo.","none","2025-06-29","N/A",true
"cmuihw2pt0aoosexp1cmnzyuo","Damián Rodríguez","715628","cmuihqg9e00czh29eqgxwp7l7","Celta de Vigo","NONE","Unassigned","WE_SHOW_SOURCE_DOES_NOT","detach","detach: Absent from FotMob declared squad for Celta de Vigo.","none","2024-07-17","N/A",true
"cmuihw24609v9sexpdrx4yn82","Manu Sánchez","618809","cmuihqg9e00czh29eqgxwp7l7","Celta de Vigo","cmuihq6me007nh29ezmai1c1u","Levante UD","WE_SHOW_SOURCE_DOES_NOT","reassign","reassign: Player is registered in Levante UD current FotMob squad (shirt #23).","none","2026-06-29","N/A",true
"cmuihw24e0a1bsexp3nc1t52b","Carlos Domínguez","636093","cmuihqg9e00czh29eqgxwp7l7","Celta de Vigo","NONE","Unassigned","WE_SHOW_SOURCE_DOES_NOT","detach","detach: Absent from FotMob declared squad for Celta de Vigo.","none","2022-12-31","N/A",true
"cmuihw24f0a1zsexp7jwq6fx7","Manu Fernández","638124","cmuihqg9e00czh29eqgxwp7l7","Celta de Vigo","NONE","Unassigned","WE_SHOW_SOURCE_DOES_NOT","detach","detach: Absent from FotMob declared squad for Celta de Vigo.","none","2025-06-30","N/A",true
"cmuihw3ev0bj9sexp3o19m47p","Hugo Sotelo","892221","cmuihqg9e00czh29eqgxwp7l7","Celta de Vigo","cmuihq6me007nh29ezmai1c1u","Levante UD","WE_SHOW_SOURCE_DOES_NOT","reassign","reassign: Player is registered in Levante UD current FotMob squad (shirt #5).","none","2023-06-30","N/A",true
"cmuihw43o0c6lsexpzdcy8q60","Pablo Meixús","996418","cmuihqg9e00czh29eqgxwp7l7","Celta de Vigo","NONE","Unassigned","WE_SHOW_SOURCE_DOES_NOT","detach","detach: Absent from FotMob declared squad for Celta de Vigo.","none","N/A","N/A",true
"cmuihvzav06sdsexposm6jo65","Altay Bayındır","336077","cmuihqgxr00ddh29e8cr2u808","Manchester United","cmuihqg9e00czh29eqgxwp7l7","Celta de Vigo","SOURCE_SHOWS_WE_DO_NOT","reassign","reassign: Present in Celta de Vigo FotMob senior squad (shirt #1); previously at Manchester United.","none","2023-08-31","N/A",true
"cmuihw4rf0cxdsexpxerfqwyy","Abdoulaye Faye","1182738","cmuihpzti003xh29ejh2oa78u","Bayer 04 Leverkusen","cmuihqg9e00czh29eqgxwp7l7","Celta de Vigo","SOURCE_SHOWS_WE_DO_NOT","reassign","reassign: Present in Celta de Vigo FotMob senior squad (shirt #4); previously at Bayer 04 Leverkusen.","none","2026-06-29","N/A",true
"FM_1020026","Sebastián Cáceres","N/A","NONE","Unassigned","cmuihqg9e00czh29eqgxwp7l7","Celta de Vigo","SOURCE_SHOWS_WE_DO_NOT","create new player","create new player: Ingest new senior player from FotMob squad (shirt #21).","none","N/A","N/A",true
"cmuihw0j7089ksexpw97k7fom","Javi Galán","448628","cmuihq61m0079h29efscx2qh5","CA Osasuna","cmuihqg9e00czh29eqgxwp7l7","Celta de Vigo","SOURCE_SHOWS_WE_DO_NOT","reassign","reassign: Present in Celta de Vigo FotMob senior squad (shirt #22); previously at CA Osasuna.","none","2025-12-31","N/A",true
"cmuihw3eq0bf0sexpzo6aq252","Stefan Bajcetic","864799","cmuihq5k0006zh29erp4cykkk","Liverpool FC","cmuihqg9e00czh29eqgxwp7l7","Celta de Vigo","SOURCE_SHOWS_WE_DO_NOT","reassign","reassign: Present in Celta de Vigo FotMob senior squad (shirt #null); previously at Liverpool FC.","none","2025-06-29","N/A",false
"cmuihw4rs0d2lsexphdrq00pw","Hugo Burcio","1262787","NONE","Unassigned","cmuihqg9e00czh29eqgxwp7l7","Celta de Vigo","SOURCE_SHOWS_WE_DO_NOT","attach","attach: Present in Celta de Vigo FotMob squad (shirt #30); attach detached player.","none","N/A","N/A",true
"cmuihw1eu09mosexpzm4eukdj","Couhaib Driouech","593837","cmuihq7yg008dh29eacwmi5po","PSV Eindhoven","cmuihqg9e00czh29eqgxwp7l7","Celta de Vigo","SOURCE_SHOWS_WE_DO_NOT","reassign","reassign: Present in Celta de Vigo FotMob senior squad (shirt #24); previously at PSV Eindhoven.","none","2024-07-06","N/A",true
"cmuihw43x0cdcsexpx2np7zpr","Artem Stepanov","1045344","cmuihpzti003xh29ejh2oa78u","Bayer 04 Leverkusen","cmuihq181004nh29e2ib1sw4p","FC Utrecht","WE_SHOW_SOURCE_DOES_NOT","reassign","reassign: Player is registered in FC Utrecht current FotMob squad (shirt #9).","none","2026-01-29","N/A",true
"cmuihw0ju08jtsexpu31usssv","Facundo Medina","474800","NONE","Unassigned","cmuihpzti003xh29ejh2oa78u","Bayer 04 Leverkusen","SOURCE_SHOWS_WE_DO_NOT","attach","attach: Present in Bayer 04 Leverkusen FotMob squad (shirt #2); attach detached player.","none","N/A","N/A",true
"FM_1381853","Tim Oermann","N/A","NONE","Unassigned","cmuihpzti003xh29ejh2oa78u","Bayer 04 Leverkusen","SOURCE_SHOWS_WE_DO_NOT","create new player","create new player: Ingest new senior player from FotMob squad (shirt #15).","none","N/A","N/A",true
"cmuihw2ps0ao6sexp75b9vdcm","Guéla Doué","711980","cmuihqd8900bbh29em5y4p2o4","RC Strasbourg Alsace","cmuihpzti003xh29ejh2oa78u","Bayer 04 Leverkusen","SOURCE_SHOWS_WE_DO_NOT","reassign","reassign: Present in Bayer 04 Leverkusen FotMob senior squad (shirt #20); previously at RC Strasbourg Alsace.","none","2024-07-25","N/A",true
"cmuihw43n0c61sexptelw920s","Naba Mensah","991480","NONE","Unassigned","cmuihpzti003xh29ejh2oa78u","Bayer 04 Leverkusen","SOURCE_SHOWS_WE_DO_NOT","attach","attach: Present in Bayer 04 Leverkusen FotMob squad (shirt #N/A); attach detached player.","none","N/A","N/A",false
"cmuihw1bq08z1sexp7sr0logf","Miguel Gutiérrez","525299","cmuihqcp500axh29eqi1p52xi","SSC Napoli","cmuihpzti003xh29ejh2oa78u","Bayer 04 Leverkusen","SOURCE_SHOWS_WE_DO_NOT","reassign","reassign: Present in Bayer 04 Leverkusen FotMob senior squad (shirt #3); previously at SSC Napoli.","none","2025-08-18","N/A",true
"FM_1793217","Kennet Eichhorn","N/A","NONE","Unassigned","cmuihpzti003xh29ejh2oa78u","Bayer 04 Leverkusen","SOURCE_SHOWS_WE_DO_NOT","create new player","create new player: Ingest new senior player from FotMob squad (shirt #18).","none","N/A","N/A",true
"FM_1649343","Aleksa Damjanović","N/A","NONE","Unassigned","cmuihpzti003xh29ejh2oa78u","Bayer 04 Leverkusen","SOURCE_SHOWS_WE_DO_NOT","create new player","create new player: Ingest new academy player from FotMob squad (shirt #none).","none","N/A","N/A",false
"FM_1843414","Ndjicoura Bomba","N/A","NONE","Unassigned","cmuihpzti003xh29ejh2oa78u","Bayer 04 Leverkusen","SOURCE_SHOWS_WE_DO_NOT","create new player","create new player: Ingest new academy player from FotMob squad (shirt #none).","none","N/A","N/A",false
"cmuihw43c0bydsexp81zjasxr","Afonso Moreira","952282","NONE","Unassigned","cmuihpzti003xh29ejh2oa78u","Bayer 04 Leverkusen","SOURCE_SHOWS_WE_DO_NOT","attach","attach: Present in Bayer 04 Leverkusen FotMob squad (shirt #9); attach detached player.","none","N/A","N/A",true
"FM_923498","Moussa Diaby","N/A","NONE","Unassigned","cmuihpzti003xh29ejh2oa78u","Bayer 04 Leverkusen","SOURCE_SHOWS_WE_DO_NOT","create new player","create new player: Ingest new senior player from FotMob squad (shirt #19).","none","N/A","N/A",true
"cmuihvwro03s1sexpei4euuba","Nicola Leali","136111","cmuihq3ak005th29eolz9qqct","Genoa CFC","NONE","Unassigned","WE_SHOW_SOURCE_DOES_NOT","detach","detach: Absent from FotMob declared squad for Genoa CFC.","none","2023-07-04","N/A",true
"cmuihvy6k05mtsexp1zfltjs7","Aarón Martín","251878","cmuihq3ak005th29eolz9qqct","Genoa CFC","cmundu78o0003zjoefys30gje","Racing Santander","WE_SHOW_SOURCE_DOES_NOT","reassign","reassign: Player is registered in Racing Santander current FotMob squad (shirt #3).","none","2023-07-02","N/A",true
"cmuihw3eq0bf9sexpy1bfcpgm","Seydou Fini","866250","cmuihq3ak005th29eolz9qqct","Genoa CFC","cmuihqgcj00d1h29e5nz2aiov","Frosinone Calcio","WE_SHOW_SOURCE_DOES_NOT","reassign","reassign: Player is registered in Frosinone Calcio current FotMob squad (shirt #40).","none","2024-06-29","N/A",true
"cmuihw3ey0blrsexpsq8n86ct","Hugo Cuenca","906315","cmuihq3ak005th29eolz9qqct","Genoa CFC","NONE","Unassigned","WE_SHOW_SOURCE_DOES_NOT","detach","detach: Absent from FotMob declared squad for Genoa CFC.","none","N/A","N/A",true
"cmuihw0jg08dmsexp4lk3fep3","Patrizio Masini","459665","cmuihq3ak005th29eolz9qqct","Genoa CFC","cmuihqgcj00d1h29e5nz2aiov","Frosinone Calcio","WE_SHOW_SOURCE_DOES_NOT","reassign","reassign: Player is registered in Frosinone Calcio current FotMob squad (shirt #73).","none","2024-06-29","N/A",true
"cmuihw3f90bt2sexpxwkdu85l","Jeff Ekhator","934878","cmuihq3ak005th29eolz9qqct","Genoa CFC","cmuihqb7i00a9h29e7t17vakf","Juventus FC","WE_SHOW_SOURCE_DOES_NOT","reassign","reassign: Player is registered in Juventus FC current FotMob squad (shirt #18).","none","2024-06-30","N/A",true
"cmuihvyrb06ijsexpl7df228o","Justin Bijlow","315121","NONE","Unassigned","cmuihq3ak005th29eolz9qqct","Genoa CFC","SOURCE_SHOWS_WE_DO_NOT","attach","attach: Present in Genoa CFC FotMob squad (shirt #1); attach detached player.","none","N/A","N/A",true
"FM_951238","Franz Stolz","N/A","NONE","Unassigned","cmuihq3ak005th29eolz9qqct","Genoa CFC","SOURCE_SHOWS_WE_DO_NOT","create new player","create new player: Ingest new senior player from FotMob squad (shirt #99).","none","N/A","N/A",true
"FM_1184458","Mario Mitaj","N/A","NONE","Unassigned","cmuihq3ak005th29eolz9qqct","Genoa CFC","SOURCE_SHOWS_WE_DO_NOT","create new player","create new player: Ingest new senior player from FotMob squad (shirt #2).","none","N/A","N/A",true
"cmuihvzvo07c7sexpkylndxnx","Leo Østigård","367284","NONE","Unassigned","cmuihq3ak005th29eolz9qqct","Genoa CFC","SOURCE_SHOWS_WE_DO_NOT","attach","attach: Present in Genoa CFC FotMob squad (shirt #5); attach detached player.","none","N/A","N/A",true
"cmuihw1bv0916sexpqb1fjkf8","Cody Drameh","531957","NONE","Unassigned","cmuihq3ak005th29eolz9qqct","Genoa CFC","SOURCE_SHOWS_WE_DO_NOT","attach","attach: Present in Genoa CFC FotMob squad (shirt #16); attach detached player.","none","N/A","N/A",true
"cmuihw3ef0b77sexpx9gwdbpj","Alessandro Marcandalli","818448","NONE","Unassigned","cmuihq3ak005th29eolz9qqct","Genoa CFC","SOURCE_SHOWS_WE_DO_NOT","attach","attach: Present in Genoa CFC FotMob squad (shirt #27); attach detached player.","none","N/A","N/A",true
"FM_1405996","David Puczka","N/A","NONE","Unassigned","cmuihq3ak005th29eolz9qqct","Genoa CFC","SOURCE_SHOWS_WE_DO_NOT","create new player","create new player: Ingest new senior player from FotMob squad (shirt #31).","none","N/A","N/A",true
"cmuihw44d0cp3sexpz3fpq3eg","Mamedi Doucouré","1105948","NONE","Unassigned","cmuihq3ak005th29eolz9qqct","Genoa CFC","SOURCE_SHOWS_WE_DO_NOT","attach","attach: Present in Genoa CFC FotMob squad (shirt #74); attach detached player.","none","N/A","N/A",true
"FM_2029779","Marcelo Vaz","N/A","NONE","Unassigned","cmuihq3ak005th29eolz9qqct","Genoa CFC","SOURCE_SHOWS_WE_DO_NOT","create new player","create new player: Ingest new senior player from FotMob squad (shirt #85).","none","N/A","N/A",true
"cmuihvyqm05xgsexpx77u9hsy","Kingsley Ehizibue","272812","cmuihq93e0093h29eq2t4j538","Udinese Calcio","cmuihq3ak005th29eolz9qqct","Genoa CFC","SOURCE_SHOWS_WE_DO_NOT","reassign","reassign: Present in Genoa CFC FotMob senior squad (shirt #3); previously at Udinese Calcio.","none","2022-08-28","N/A",true
"cmuihw4490cm4sexpg78sz5hy","Amorim","1082774","NONE","Unassigned","cmuihq3ak005th29eolz9qqct","Genoa CFC","SOURCE_SHOWS_WE_DO_NOT","attach","attach: Present in Genoa CFC FotMob squad (shirt #4); attach detached player.","none","N/A","N/A",true
"cmuihw24g0a2tsexpbrpbdeh2","Tommaso Baldanzi","641537","NONE","Unassigned","cmuihq3ak005th29eolz9qqct","Genoa CFC","SOURCE_SHOWS_WE_DO_NOT","attach","attach: Present in Genoa CFC FotMob squad (shirt #8); attach detached player.","none","N/A","N/A",true
"cmuihvzw207m1sexpsm5z4i54","Hamed Traoré","391065","NONE","Unassigned","cmuihq3ak005th29eolz9qqct","Genoa CFC","SOURCE_SHOWS_WE_DO_NOT","attach","attach: Present in Genoa CFC FotMob squad (shirt #25); attach detached player.","none","N/A","N/A",true
"FM_1902062","Samuel Wiafe","N/A","NONE","Unassigned","cmuihq3ak005th29eolz9qqct","Genoa CFC","SOURCE_SHOWS_WE_DO_NOT","create new player","create new player: Ingest new senior player from FotMob squad (shirt #71).","none","N/A","N/A",true
"cmuihw1de09dmsexpgkso6rhm","Mikael Egill Ellertsson","566615","NONE","Unassigned","cmuihq3ak005th29eolz9qqct","Genoa CFC","SOURCE_SHOWS_WE_DO_NOT","attach","attach: Present in Genoa CFC FotMob squad (shirt #77); attach detached player.","none","N/A","N/A",true
"cmuihvy5u050csexpfkzkjhf5","Djibril Sow","212723","cmuihq7is0085h29ez260bgnc","Sevilla FC","cmuihq3ak005th29eolz9qqct","Genoa CFC","SOURCE_SHOWS_WE_DO_NOT","reassign","reassign: Present in Genoa CFC FotMob senior squad (shirt #97); previously at Sevilla FC.","none","2023-08-03","N/A",true
"FM_1784631","Robinho Júnior","N/A","NONE","Unassigned","cmuihq3ak005th29eolz9qqct","Genoa CFC","SOURCE_SHOWS_WE_DO_NOT","create new player","create new player: Ingest new academy player from FotMob squad (shirt #none).","none","N/A","N/A",false
"FM_1677025","Franz-Ethan Meichtry","N/A","NONE","Unassigned","cmuihq3ak005th29eolz9qqct","Genoa CFC","SOURCE_SHOWS_WE_DO_NOT","create new player","create new player: Ingest new senior player from FotMob squad (shirt #11).","none","N/A","N/A",true
"FM_1231904","Elias Havel","N/A","NONE","Unassigned","cmuihq3ak005th29eolz9qqct","Genoa CFC","SOURCE_SHOWS_WE_DO_NOT","create new player","create new player: Ingest new senior player from FotMob squad (shirt #17).","none","N/A","N/A",true
"FM_936603","Milutin Osmajić","N/A","NONE","Unassigned","cmuihq3ak005th29eolz9qqct","Genoa CFC","SOURCE_SHOWS_WE_DO_NOT","create new player","create new player: Ingest new senior player from FotMob squad (shirt #18).","none","N/A","N/A",true
"FM_1729334","Joi Xheto Nuredini","N/A","NONE","Unassigned","cmuihq3ak005th29eolz9qqct","Genoa CFC","SOURCE_SHOWS_WE_DO_NOT","create new player","create new player: Ingest new senior player from FotMob squad (shirt #19).","none","N/A","N/A",true
"cmuihw0k508oksexpp2fdq7jc","Lorenzo Colombo","487843","NONE","Unassigned","cmuihq3ak005th29eolz9qqct","Genoa CFC","SOURCE_SHOWS_WE_DO_NOT","attach","attach: Present in Genoa CFC FotMob squad (shirt #29); attach detached player.","none","N/A","N/A",true
"cmuihw4420chjsexpynp79112","Lorenzo Venturino","1061820","NONE","Unassigned","cmuihq3ak005th29eolz9qqct","Genoa CFC","SOURCE_SHOWS_WE_DO_NOT","attach","attach: Present in Genoa CFC FotMob squad (shirt #76); attach detached player.","none","N/A","N/A",true
"cmuihvvw3034wsexplca7evqt","Stephan El Shaarawy","94529","NONE","Unassigned","cmuihq3ak005th29eolz9qqct","Genoa CFC","SOURCE_SHOWS_WE_DO_NOT","attach","attach: Present in Genoa CFC FotMob squad (shirt #92); attach detached player.","none","N/A","N/A",true
"cmuihw43i0c3ksexpetyzeduy","Kyliane Dong","982863","cmuihq0jy004bh29e4vb2kecf","FC Augsburg","NONE","Unassigned","WE_SHOW_SOURCE_DOES_NOT","detach","detach: Absent from FotMob declared squad for FC Augsburg.","none","N/A","N/A",true
"cmuihw1br08zdsexp10g1uqjs","Elias Saad","526466","cmuihq0jy004bh29e4vb2kecf","FC Augsburg","NONE","Unassigned","WE_SHOW_SOURCE_DOES_NOT","detach","detach: Absent from FotMob declared squad for FC Augsburg.","none","N/A","N/A",true
"cmuihw43d0byosexpmr511u5u","Tom Wisbereit","954082","NONE","Unassigned","cmuihq0jy004bh29e4vb2kecf","FC Augsburg","SOURCE_SHOWS_WE_DO_NOT","attach","attach: Present in FC Augsburg FotMob squad (shirt #48); attach detached player.","none","N/A","N/A",true
"FM_2113985","Milo Adleff","N/A","NONE","Unassigned","cmuihq0jy004bh29e4vb2kecf","FC Augsburg","SOURCE_SHOWS_WE_DO_NOT","create new player","create new player: Ingest new academy player from FotMob squad (shirt #none).","none","N/A","N/A",false
"FM_1300329","Calvin Brackelmann","N/A","NONE","Unassigned","cmuihq0jy004bh29e4vb2kecf","FC Augsburg","SOURCE_SHOWS_WE_DO_NOT","create new player","create new player: Ingest new senior player from FotMob squad (shirt #2).","none","N/A","N/A",true
"FM_1132818","Young-Woo Seol","N/A","NONE","Unassigned","cmuihq0jy004bh29e4vb2kecf","FC Augsburg","SOURCE_SHOWS_WE_DO_NOT","create new player","create new player: Ingest new senior player from FotMob squad (shirt #7).","none","N/A","N/A",true
"cmuihw4qz0cqysexpdgvou9d7","Juma Bah","1121298","NONE","Unassigned","cmuihq0jy004bh29e4vb2kecf","FC Augsburg","SOURCE_SHOWS_WE_DO_NOT","attach","attach: Present in FC Augsburg FotMob squad (shirt #35); attach detached player.","none","N/A","N/A",true
"FM_2113980","Robert Draghici","N/A","NONE","Unassigned","cmuihq0jy004bh29e4vb2kecf","FC Augsburg","SOURCE_SHOWS_WE_DO_NOT","create new player","create new player: Ingest new academy player from FotMob squad (shirt #none).","none","N/A","N/A",false
"FM_1561984","Sima Suso","N/A","NONE","Unassigned","cmuihq0jy004bh29e4vb2kecf","FC Augsburg","SOURCE_SHOWS_WE_DO_NOT","create new player","create new player: Ingest new senior player from FotMob squad (shirt #8).","none","N/A","N/A",true
"cmuihvzb506ygsexpf1qhsc01","Yannik Keitel","342039","NONE","Unassigned","cmuihq0jy004bh29e4vb2kecf","FC Augsburg","SOURCE_SHOWS_WE_DO_NOT","attach","attach: Present in FC Augsburg FotMob squad (shirt #14); attach detached player.","none","N/A","N/A",true
"cmuihw3eh0b9dsexpfm0eaqzd","Hennes Behrens","829838","NONE","Unassigned","cmuihq0jy004bh29e4vb2kecf","FC Augsburg","SOURCE_SHOWS_WE_DO_NOT","attach","attach: Present in FC Augsburg FotMob squad (shirt #16); attach detached player.","none","N/A","N/A",true
"cmuihw1dk09flsexpwv4jq30f","Tim Breithaupt","569457","NONE","Unassigned","cmuihq0jy004bh29e4vb2kecf","FC Augsburg","SOURCE_SHOWS_WE_DO_NOT","attach","attach: Present in FC Augsburg FotMob squad (shirt #18); attach detached player.","none","N/A","N/A",true
"cmuihw2q00aw6sexplg6cj7ix","Arijon Ibrahimovic","744728","cmuihq3qa0061h29eyxx4xw43","Bayern Munich","cmuihq0jy004bh29e4vb2kecf","FC Augsburg","SOURCE_SHOWS_WE_DO_NOT","reassign","reassign: Present in FC Augsburg FotMob senior squad (shirt #21); previously at Bayern Munich.","none","2026-06-29","N/A",true
"cmuihw4r10cs0sexpaf3io0t8","Faik Sakar","1132292","NONE","Unassigned","cmuihq0jy004bh29e4vb2kecf","FC Augsburg","SOURCE_SHOWS_WE_DO_NOT","attach","attach: Present in FC Augsburg FotMob squad (shirt #23); attach detached player.","none","N/A","N/A",true
"cmuihvvzg03ggsexp9ce0iae1","Michael Gregoritsch","120205","cmuihq5qq0075h29elabq5hjd","FC Schalke 04","cmuihq0jy004bh29e4vb2kecf","FC Augsburg","SOURCE_SHOWS_WE_DO_NOT","reassign","reassign: Present in FC Augsburg FotMob senior squad (shirt #11); previously at FC Schalke 04.","none","2026-06-29","N/A",true
"FM_478527","Steve Mounié","N/A","NONE","Unassigned","cmuihq0jy004bh29e4vb2kecf","FC Augsburg","SOURCE_SHOWS_WE_DO_NOT","create new player","create new player: Ingest new senior player from FotMob squad (shirt #15).","none","N/A","N/A",true
"FM_1718174","Uchenna Ogundu","N/A","NONE","Unassigned","cmuihq0jy004bh29e4vb2kecf","FC Augsburg","SOURCE_SHOWS_WE_DO_NOT","create new player","create new player: Ingest new senior player from FotMob squad (shirt #39).","none","N/A","N/A",true
"cmuihw0iu0866sexpyu4d6txn","Alexander Prass","434116","cmuihqbor00adh29elg30kgzn","TSG 1899 Hoffenheim","NONE","Unassigned","WE_SHOW_SOURCE_DOES_NOT","detach","detach: Absent from FotMob declared squad for TSG 1899 Hoffenheim.","none","2024-08-04","N/A",true
"cmuihw4460cj9sexpco4wrgdz","Bazoumana Touré","1067904","cmuihqbor00adh29elg30kgzn","TSG 1899 Hoffenheim","cmuihqepp00c5h29e6dizfj3r","Newcastle United","WE_SHOW_SOURCE_DOES_NOT","reassign","reassign: Player is registered in Newcastle United current FotMob squad (shirt #17).","none","2025-01-31","N/A",true
"cmuihw1d6099psexpfm4nv5r3","Valentin Lässig","553539","cmuihqbor00adh29elg30kgzn","TSG 1899 Hoffenheim","NONE","Unassigned","WE_SHOW_SOURCE_DOES_NOT","detach","detach: Absent from FotMob declared squad for TSG 1899 Hoffenheim.","none","N/A","N/A",true
"cmuihw2pt0apmsexpjc6t1jnu","Lúkas Petersson","718460","cmuihqbor00adh29elg30kgzn","TSG 1899 Hoffenheim","NONE","Unassigned","WE_SHOW_SOURCE_DOES_NOT","detach","detach: Absent from FotMob declared squad for TSG 1899 Hoffenheim.","none","2024-06-30","N/A",true
"cmuihw2pu0apssexpzwoaqeig","Bernardo","719646","cmuihqe6c00bph29e8vcrprk6","CD Tondela","cmuihqbor00adh29elg30kgzn","TSG 1899 Hoffenheim","SOURCE_SHOWS_WE_DO_NOT","reassign","reassign: Present in TSG 1899 Hoffenheim FotMob senior squad (shirt #13); previously at CD Tondela.","none","2024-07-25","N/A",true
"cmuihw1dp09icsexpu7xg8fcu","Albian Hajdari","579459","NONE","Unassigned","cmuihqbor00adh29elg30kgzn","TSG 1899 Hoffenheim","SOURCE_SHOWS_WE_DO_NOT","attach","attach: Present in TSG 1899 Hoffenheim FotMob squad (shirt #21); attach detached player.","none","N/A","N/A",true
"cmuihvws2041msexpxs593780","Vladimír Coufal","157672","NONE","Unassigned","cmuihqbor00adh29elg30kgzn","TSG 1899 Hoffenheim","SOURCE_SHOWS_WE_DO_NOT","attach","attach: Present in TSG 1899 Hoffenheim FotMob squad (shirt #34); attach detached player.","none","N/A","N/A",true
"cmuihw43j0c3qsexpgi5axaj6","Mats Rots","983677","NONE","Unassigned","cmuihqbor00adh29elg30kgzn","TSG 1899 Hoffenheim","SOURCE_SHOWS_WE_DO_NOT","attach","attach: Present in TSG 1899 Hoffenheim FotMob squad (shirt #39); attach detached player.","none","N/A","N/A",true
"cmuihw24o0aaasexplib0ekkh","Leon Avdullahu","667457","NONE","Unassigned","cmuihqbor00adh29elg30kgzn","TSG 1899 Hoffenheim","SOURCE_SHOWS_WE_DO_NOT","attach","attach: Present in TSG 1899 Hoffenheim FotMob squad (shirt #7); attach detached player.","none","N/A","N/A",true
"FM_1664759","Nathan De Cat","N/A","NONE","Unassigned","cmuihqbor00adh29elg30kgzn","TSG 1899 Hoffenheim","SOURCE_SHOWS_WE_DO_NOT","create new player","create new player: Ingest new senior player from FotMob squad (shirt #17).","none","N/A","N/A",true
"cmuihvzwm07yhsexpqdj9x2qf","Wouter Burger","412953","NONE","Unassigned","cmuihqbor00adh29elg30kgzn","TSG 1899 Hoffenheim","SOURCE_SHOWS_WE_DO_NOT","attach","attach: Present in TSG 1899 Hoffenheim FotMob squad (shirt #18); attach detached player.","none","N/A","N/A",true
"cmuihw1dm09gtsexp575vtw6w","Bambasé Conté","574193","NONE","Unassigned","cmuihqbor00adh29elg30kgzn","TSG 1899 Hoffenheim","SOURCE_SHOWS_WE_DO_NOT","attach","attach: Present in TSG 1899 Hoffenheim FotMob squad (shirt #20); attach detached player.","none","N/A","N/A",true
"FM_1793498","Cajetan Lenz","N/A","NONE","Unassigned","cmuihqbor00adh29elg30kgzn","TSG 1899 Hoffenheim","SOURCE_SHOWS_WE_DO_NOT","create new player","create new player: Ingest new senior player from FotMob squad (shirt #32).","none","N/A","N/A",true
"cmuihw1bw091qsexpgrg2nmdz","Patrick Wimmer","533295","NONE","Unassigned","cmuihqbor00adh29elg30kgzn","TSG 1899 Hoffenheim","SOURCE_SHOWS_WE_DO_NOT","attach","attach: Present in TSG 1899 Hoffenheim FotMob squad (shirt #8); attach detached player.","none","N/A","N/A",true
"cmuihw1bk08yjsexplggxav1t","Fisnik Asllani","524290","NONE","Unassigned","cmuihqbor00adh29elg30kgzn","TSG 1899 Hoffenheim","SOURCE_SHOWS_WE_DO_NOT","attach","attach: Present in TSG 1899 Hoffenheim FotMob squad (shirt #11); attach detached player.","none","N/A","N/A",true
"FM_1353000","Adam Daghim","N/A","NONE","Unassigned","cmuihqbor00adh29elg30kgzn","TSG 1899 Hoffenheim","SOURCE_SHOWS_WE_DO_NOT","create new player","create new player: Ingest new senior player from FotMob squad (shirt #14).","none","N/A","N/A",true
"cmuihw1d6099msexpophl4q9x","Tim Lemperle","553285","NONE","Unassigned","cmuihqbor00adh29elg30kgzn","TSG 1899 Hoffenheim","SOURCE_SHOWS_WE_DO_NOT","attach","attach: Present in TSG 1899 Hoffenheim FotMob squad (shirt #19); attach detached player.","none","N/A","N/A",true
"cmuihvvw4035asexpp3q8zjhn","Renan Ribeiro","95142","cmuihq2sq005hh29en9069nxw","CF Estrela Amadora","NONE","Unassigned","WE_SHOW_SOURCE_DOES_NOT","detach","detach: Absent from FotMob declared squad for CF Estrela Amadora.","none","2025-06-30","N/A",true
"cmuihvzvo07c2sexp3g00inoe","Rodrigo Pinho","366278","cmuihq2sq005hh29en9069nxw","CF Estrela Amadora","NONE","Unassigned","WE_SHOW_SOURCE_DOES_NOT","detach","detach: Absent from FotMob declared squad for CF Estrela Amadora.","none","2024-01-02","N/A",true
"cmuihvzvp07ctsexppj6k9ppx","Dudu","369258","cmuihq2sq005hh29en9069nxw","CF Estrela Amadora","NONE","Unassigned","WE_SHOW_SOURCE_DOES_NOT","detach","detach: Absent from FotMob declared squad for CF Estrela Amadora.","none","2026-02-01","N/A",true
"cmuihvzvu07fksexprgdjrxsr","Paulo Moreira","375392","cmuihq2sq005hh29en9069nxw","CF Estrela Amadora","cmuihq66x007fh29elwopl3td","FC Famalicão","WE_SHOW_SOURCE_DOES_NOT","reassign","reassign: Player is registered in FC Famalicão current FotMob squad (shirt #19).","none","2024-06-30","N/A",true
"cmuihw0j2087asexpfg5vrs4v","Sydney van Hooijdonk","439292","cmuihq2sq005hh29en9069nxw","CF Estrela Amadora","cmuihoq0l002hb23fy05xkd46","PEC Zwolle","WE_SHOW_SOURCE_DOES_NOT","reassign","reassign: Player is registered in PEC Zwolle current FotMob squad (shirt #17).","none","2026-01-28","N/A",true
"cmuihw0jk08eosexp6hu7pgzp","Issiar Dramé","461582","cmuihq2sq005hh29en9069nxw","CF Estrela Amadora","NONE","Unassigned","WE_SHOW_SOURCE_DOES_NOT","detach","detach: Absent from FotMob declared squad for CF Estrela Amadora.","none","2024-07-05","N/A",true
"cmuihw1dn09hbsexp2mxnihow","João Resende","575715","cmuihq2sq005hh29en9069nxw","CF Estrela Amadora","NONE","Unassigned","WE_SHOW_SOURCE_DOES_NOT","detach","detach: Absent from FotMob declared squad for CF Estrela Amadora.","none","N/A","N/A",true
"cmuihw1eu09mhsexp8obzejn2","Yahya Kalley","593410","cmuihq2sq005hh29en9069nxw","CF Estrela Amadora","NONE","Unassigned","WE_SHOW_SOURCE_DOES_NOT","detach","detach: Absent from FotMob declared squad for CF Estrela Amadora.","none","2026-01-29","N/A",true
"cmuihw24f0a1qsexpajihjt1g","Georgiy Tunguliyadi","637553","cmuihq2sq005hh29en9069nxw","CF Estrela Amadora","NONE","Unassigned","WE_SHOW_SOURCE_DOES_NOT","detach","detach: Absent from FotMob declared squad for CF Estrela Amadora.","none","2025-06-30","N/A",true
"cmuihw24p0aazsexpa68bbsef","Alan Godoy","668277","cmuihq2sq005hh29en9069nxw","CF Estrela Amadora","NONE","Unassigned","WE_SHOW_SOURCE_DOES_NOT","detach","detach: Absent from FotMob declared squad for CF Estrela Amadora.","none","N/A","N/A",true
"cmuihw43f0c0fsexp4367ao0t","Assane Ndiaye","963316","cmuihq2sq005hh29en9069nxw","CF Estrela Amadora","NONE","Unassigned","WE_SHOW_SOURCE_DOES_NOT","detach","detach: Absent from FotMob declared squad for CF Estrela Amadora.","none","N/A","N/A",true
"cmuihw2pz0av2sexp164dfdv3","Jorge Meireles","742454","cmuihq2sq005hh29en9069nxw","CF Estrela Amadora","NONE","Unassigned","WE_SHOW_SOURCE_DOES_NOT","detach","detach: Absent from FotMob declared squad for CF Estrela Amadora.","none","2025-06-30","N/A",true
"cmuihw4ra0cujsexppkm5xws1","Mathew Gbomadu","1159175","cmuihq2sq005hh29en9069nxw","CF Estrela Amadora","NONE","Unassigned","WE_SHOW_SOURCE_DOES_NOT","detach","detach: Absent from FotMob declared squad for CF Estrela Amadora.","none","2026-02-01","N/A",true
"cmuihw4rs0d2tsexp5fflc595","Alisson Souza","1270605","cmuihq2sq005hh29en9069nxw","CF Estrela Amadora","NONE","Unassigned","WE_SHOW_SOURCE_DOES_NOT","detach","detach: Absent from FotMob declared squad for CF Estrela Amadora.","none","2025-12-31","N/A",true
"cmuihw3eh0b8wsexpde90f7fm","Gonzalo Calçada","826225","cmuihq2sq005hh29en9069nxw","CF Estrela Amadora","NONE","Unassigned","WE_SHOW_SOURCE_DOES_NOT","detach","detach: Absent from FotMob declared squad for CF Estrela Amadora.","none","N/A","N/A",true
"cmuihw3ey0blfsexp87sutk2p","Chilohem Onuoha","905013","cmuihq2sq005hh29en9069nxw","CF Estrela Amadora","NONE","Unassigned","WE_SHOW_SOURCE_DOES_NOT","detach","detach: Absent from FotMob declared squad for CF Estrela Amadora.","none","2026-01-13","N/A",true
"cmuihw3f50bq8sexpxyyvsryk","Ni","927107","cmuihq2sq005hh29en9069nxw","CF Estrela Amadora","NONE","Unassigned","WE_SHOW_SOURCE_DOES_NOT","detach","detach: Absent from FotMob declared squad for CF Estrela Amadora.","none","2025-06-30","N/A",true
"cmuihw43q0c7ssexptd2cybp5","Pape Führer","1004346","cmuihq2sq005hh29en9069nxw","CF Estrela Amadora","NONE","Unassigned","WE_SHOW_SOURCE_DOES_NOT","detach","detach: Absent from FotMob declared squad for CF Estrela Amadora.","none","N/A","N/A",true
"cmuihw44b0cnzsexpsvl5y632","Otávio","1094885","cmuihq2sq005hh29en9069nxw","CF Estrela Amadora","cmuihnihk000bb23fi54xeh0d","Paris FC","WE_SHOW_SOURCE_DOES_NOT","reassign","reassign: Player is registered in Paris FC current FotMob squad (shirt #6).","none","2025-10-19","N/A",true
"cmuihw4rl0d0isexppbq0vikq","Alex Sola","1216111","cmuihq2sq005hh29en9069nxw","CF Estrela Amadora","NONE","Unassigned","WE_SHOW_SOURCE_DOES_NOT","detach","detach: Absent from FotMob declared squad for CF Estrela Amadora.","none","2026-06-30","N/A",true
"FM_1210064","Léo Linck","N/A","NONE","Unassigned","cmuihq2sq005hh29en9069nxw","CF Estrela Amadora","SOURCE_SHOWS_WE_DO_NOT","create new player","create new player: Ingest new senior player from FotMob squad (shirt #24).","none","N/A","N/A",true
"FM_1526773","Lucas Mincarelli Davin","N/A","NONE","Unassigned","cmuihq2sq005hh29en9069nxw","CF Estrela Amadora","SOURCE_SHOWS_WE_DO_NOT","create new player","create new player: Ingest new senior player from FotMob squad (shirt #3).","none","N/A","N/A",true
"cmuihw2qa0b1nsexppvvtbefe","Stefan Lekovic","797572","NONE","Unassigned","cmuihq2sq005hh29en9069nxw","CF Estrela Amadora","SOURCE_SHOWS_WE_DO_NOT","attach","attach: Present in CF Estrela Amadora FotMob squad (shirt #5); attach detached player.","none","N/A","N/A",true
"cmuihvxg804rvsexppwlzzwpo","Rafa Soares","198006","cmuihq66x007fh29elwopl3td","FC Famalicão","cmuihq2sq005hh29en9069nxw","CF Estrela Amadora","SOURCE_SHOWS_WE_DO_NOT","reassign","reassign: Present in CF Estrela Amadora FotMob senior squad (shirt #55); previously at FC Famalicão.","none","2024-09-01","N/A",true
"FM_1645707","Rodrigo Dudok","N/A","NONE","Unassigned","cmuihq2sq005hh29en9069nxw","CF Estrela Amadora","SOURCE_SHOWS_WE_DO_NOT","create new player","create new player: Ingest new academy player from FotMob squad (shirt #none).","none","N/A","N/A",false
"FM_2187724","Vuk Pavicevic","N/A","NONE","Unassigned","cmuihq2sq005hh29en9069nxw","CF Estrela Amadora","SOURCE_SHOWS_WE_DO_NOT","create new player","create new player: Ingest new academy player from FotMob squad (shirt #none).","none","N/A","N/A",false
"FM_1259680","Lovro Zvonarek","N/A","NONE","Unassigned","cmuihq2sq005hh29en9069nxw","CF Estrela Amadora","SOURCE_SHOWS_WE_DO_NOT","create new player","create new player: Ingest new senior player from FotMob squad (shirt #14).","none","N/A","N/A",true
"cmuihvyqf05tjsexpien4xvkc","Joan Jordán","263727","cmuihq7is0085h29ez260bgnc","Sevilla FC","cmuihq2sq005hh29en9069nxw","CF Estrela Amadora","SOURCE_SHOWS_WE_DO_NOT","reassign","reassign: Present in CF Estrela Amadora FotMob senior squad (shirt #19); previously at Sevilla FC.","none","2025-06-29","N/A",true
"FM_1808093","Emerson Pedro Vanga","N/A","NONE","Unassigned","cmuihq2sq005hh29en9069nxw","CF Estrela Amadora","SOURCE_SHOWS_WE_DO_NOT","create new player","create new player: Ingest new senior player from FotMob squad (shirt #71).","none","N/A","N/A",true
"FM_1797326","Santiago Serra","N/A","NONE","Unassigned","cmuihq2sq005hh29en9069nxw","CF Estrela Amadora","SOURCE_SHOWS_WE_DO_NOT","create new player","create new player: Ingest new senior player from FotMob squad (shirt #78).","none","N/A","N/A",true
"cmuihw43g0c1ksexpn85zyg41","Jeremy Arévalo","971663","NONE","Unassigned","cmuihq2sq005hh29en9069nxw","CF Estrela Amadora","SOURCE_SHOWS_WE_DO_NOT","attach","attach: Present in CF Estrela Amadora FotMob squad (shirt #N/A); attach detached player.","none","N/A","N/A",false
"FM_1844293","Si-Woo Yang","N/A","NONE","Unassigned","cmuihq2sq005hh29en9069nxw","CF Estrela Amadora","SOURCE_SHOWS_WE_DO_NOT","create new player","create new player: Ingest new academy player from FotMob squad (shirt #none).","none","N/A","N/A",false
"FM_957122","Ianis Stoica","N/A","NONE","Unassigned","cmuihq2sq005hh29en9069nxw","CF Estrela Amadora","SOURCE_SHOWS_WE_DO_NOT","create new player","create new player: Ingest new senior player from FotMob squad (shirt #10).","none","N/A","N/A",true
"FM_1752161","René Mitongo","N/A","NONE","Unassigned","cmuihq2sq005hh29en9069nxw","CF Estrela Amadora","SOURCE_SHOWS_WE_DO_NOT","create new player","create new player: Ingest new senior player from FotMob squad (shirt #49).","none","N/A","N/A",true
"FM_1653548","Alisson Jesus","N/A","NONE","Unassigned","cmuihq2sq005hh29en9069nxw","CF Estrela Amadora","SOURCE_SHOWS_WE_DO_NOT","create new player","create new player: Ingest new senior player from FotMob squad (shirt #80).","none","N/A","N/A",true
"FM_1559610","Beni Souza","N/A","NONE","Unassigned","cmuihq2sq005hh29en9069nxw","CF Estrela Amadora","SOURCE_SHOWS_WE_DO_NOT","create new player","create new player: Ingest new senior player from FotMob squad (shirt #93).","none","N/A","N/A",true
"cmuihvwro03snsexp114k4k3k","Buatu","137313","cmuihq2ed005dh29erzb2qsjl","Gil Vicente FC","NONE","Unassigned","WE_SHOW_SOURCE_DOES_NOT","detach","detach: Absent from FotMob declared squad for Gil Vicente FC.","none","2024-01-24","N/A",true
"cmuihw3eq0beosexps1efmttp","Marvin Elimbi","862628","cmuihq2ed005dh29erzb2qsjl","Gil Vicente FC","NONE","Unassigned","WE_SHOW_SOURCE_DOES_NOT","detach","detach: Absent from FotMob declared squad for Gil Vicente FC.","none","2024-08-28","N/A",true
"cmuihvzwu0826sexprf0nrdsn","Ghislain Konan","422850","cmuihq2ed005dh29erzb2qsjl","Gil Vicente FC","NONE","Unassigned","WE_SHOW_SOURCE_DOES_NOT","detach","detach: Absent from FotMob declared squad for Gil Vicente FC.","none","2025-06-30","N/A",true
"cmuihw0jv08jysexp1iirs0ri","Dani Figueira","475407","cmuihq2ed005dh29erzb2qsjl","Gil Vicente FC","NONE","Unassigned","WE_SHOW_SOURCE_DOES_NOT","detach","detach: Absent from FotMob declared squad for Gil Vicente FC.","none","2025-07-06","N/A",true
"cmuihw24109rlsexp33geiobp","Luís Esteves","609518","cmuihq2ed005dh29erzb2qsjl","Gil Vicente FC","NONE","Unassigned","WE_SHOW_SOURCE_DOES_NOT","detach","detach: Absent from FotMob declared squad for Gil Vicente FC.","none","2025-06-30","N/A",true
"cmuihw2pu0aqgsexpe4rwrjx2","Jonathan Mutombo","721952","cmuihq2ed005dh29erzb2qsjl","Gil Vicente FC","NONE","Unassigned","WE_SHOW_SOURCE_DOES_NOT","detach","detach: Absent from FotMob declared squad for Gil Vicente FC.","none","2024-07-02","N/A",true
"cmuihw3eh0b9asexp1gu7hgyi","Facundo Cáseres","829434","cmuihq2ed005dh29erzb2qsjl","Gil Vicente FC","NONE","Unassigned","WE_SHOW_SOURCE_DOES_NOT","detach","detach: Absent from FotMob declared squad for Gil Vicente FC.","none","2024-07-22","N/A",true
"cmuihw3f50bqfsexp01ouwum5","Carlos Eduardo","927714","cmuihq2ed005dh29erzb2qsjl","Gil Vicente FC","NONE","Unassigned","WE_SHOW_SOURCE_DOES_NOT","detach","detach: Absent from FotMob declared squad for Gil Vicente FC.","none","2025-01-23","N/A",true
"cmuihw4rd0cw1sexpmj07oi58","Diogo Pereira","1173054","cmuihq2ed005dh29erzb2qsjl","Gil Vicente FC","NONE","Unassigned","WE_SHOW_SOURCE_DOES_NOT","detach","detach: Absent from FotMob declared squad for Gil Vicente FC.","none","2023-06-30","N/A",true
"cmuihw4rw0d5fsexpja1zpd3l","Rodrigo Rodrigues","1333982","cmuihq2ed005dh29erzb2qsjl","Gil Vicente FC","cmuihq6jo007lh29e9jpaabxs","Sporting CP","WE_SHOW_SOURCE_DOES_NOT","reassign","reassign: Player is registered in Sporting CP current FotMob squad (shirt #N/A).","none","2025-10-31","N/A",true
"cmuihvwrx03ymsexpiinx0czn","Tiago Ferreira","149721","NONE","Unassigned","cmuihq2ed005dh29erzb2qsjl","Gil Vicente FC","SOURCE_SHOWS_WE_DO_NOT","attach","attach: Present in Gil Vicente FC FotMob squad (shirt #44); attach detached player.","none","N/A","N/A",true
"FM_493724","Samuel Portugal","N/A","NONE","Unassigned","cmuihq2ed005dh29erzb2qsjl","Gil Vicente FC","SOURCE_SHOWS_WE_DO_NOT","create new player","create new player: Ingest new senior player from FotMob squad (shirt #94).","none","N/A","N/A",true
"cmuihw44c0coksexpmeg8t7cp","José Silva","1102159","NONE","Unassigned","cmuihq2ed005dh29erzb2qsjl","Gil Vicente FC","SOURCE_SHOWS_WE_DO_NOT","attach","attach: Present in Gil Vicente FC FotMob squad (shirt #2); attach detached player.","none","N/A","N/A",true
"FM_1242634","Marvin Gilbert","N/A","NONE","Unassigned","cmuihq2ed005dh29erzb2qsjl","Gil Vicente FC","SOURCE_SHOWS_WE_DO_NOT","create new player","create new player: Ingest new senior player from FotMob squad (shirt #4).","none","N/A","N/A",true
"FM_201102","Jonathan Buatu","N/A","NONE","Unassigned","cmuihq2ed005dh29erzb2qsjl","Gil Vicente FC","SOURCE_SHOWS_WE_DO_NOT","create new player","create new player: Ingest new senior player from FotMob squad (shirt #39).","none","N/A","N/A",true
"cmuihw43w0cd4sexp3wr32a7i","David Moreira","1044831","cmuihq6jo007lh29e9jpaabxs","Sporting CP","cmuihq2ed005dh29erzb2qsjl","Gil Vicente FC","SOURCE_SHOWS_WE_DO_NOT","reassign","reassign: Present in Gil Vicente FC FotMob senior squad (shirt #45); previously at Sporting CP.","none","2024-06-30","N/A",true
"FM_1190762","Andreas Lausen","N/A","NONE","Unassigned","cmuihq2ed005dh29erzb2qsjl","Gil Vicente FC","SOURCE_SHOWS_WE_DO_NOT","create new player","create new player: Ingest new senior player from FotMob squad (shirt #12).","none","N/A","N/A",true
"cmuihw24q0abssexp3912d555","Diogo Prioste","670718","cmuihq4q6006lh29eutf0qltf","SL Benfica","cmuihq2ed005dh29erzb2qsjl","Gil Vicente FC","SOURCE_SHOWS_WE_DO_NOT","reassign","reassign: Present in Gil Vicente FC FotMob senior squad (shirt #86); previously at SL Benfica.","none","2023-06-30","N/A",true
"FM_1688253","Guilherme Gomes","N/A","NONE","Unassigned","cmuihq2ed005dh29erzb2qsjl","Gil Vicente FC","SOURCE_SHOWS_WE_DO_NOT","create new player","create new player: Ingest new senior player from FotMob squad (shirt #19).","none","N/A","N/A",true
"FM_1927905","Walace França","N/A","NONE","Unassigned","cmuihq2ed005dh29erzb2qsjl","Gil Vicente FC","SOURCE_SHOWS_WE_DO_NOT","create new player","create new player: Ingest new senior player from FotMob squad (shirt #57).","none","N/A","N/A",true
"cmuihw3ez0bmisexp8chgvoju","Mohamed Kaba","911328","NONE","Unassigned","cmuihq2ed005dh29erzb2qsjl","Gil Vicente FC","SOURCE_SHOWS_WE_DO_NOT","attach","attach: Present in Gil Vicente FC FotMob squad (shirt #99); attach detached player.","none","N/A","N/A",true
"cmuihw43c0by8sexp4i2ow8tg","Daan Bisschops","951318","cmuihq80t008hh29edci2vstb","Fortuna Sittardia Combinatie","NONE","Unassigned","WE_SHOW_SOURCE_DOES_NOT","detach","detach: Absent from FotMob declared squad for Fortuna Sittardia Combinatie.","none","2022-06-30","N/A",true
"cmuihvy5v051xsexpb0tsfklu","Daley Sinkgraven","215099","cmuihq80t008hh29edci2vstb","Fortuna Sittardia Combinatie","NONE","Unassigned","WE_SHOW_SOURCE_DOES_NOT","detach","detach: Absent from FotMob declared squad for Fortuna Sittardia Combinatie.","none","2025-02-02","N/A",true
"cmuihvy61056osexpr21x7v0p","Alen Halilovic","226074","cmuihq80t008hh29edci2vstb","Fortuna Sittardia Combinatie","NONE","Unassigned","WE_SHOW_SOURCE_DOES_NOT","detach","detach: Absent from FotMob declared squad for Fortuna Sittardia Combinatie.","none","2023-07-17","N/A",true
"cmuihvyqx067ksexpw2p3v4wt","Samuel Bastien","289510","cmuihq80t008hh29edci2vstb","Fortuna Sittardia Combinatie","NONE","Unassigned","WE_SHOW_SOURCE_DOES_NOT","detach","detach: Absent from FotMob declared squad for Fortuna Sittardia Combinatie.","none","2024-08-07","N/A",true
"cmuihvzbj078vsexp93z7uohz","Shawn Adewoye","358021","cmuihq80t008hh29edci2vstb","Fortuna Sittardia Combinatie","NONE","Unassigned","WE_SHOW_SOURCE_DOES_NOT","detach","detach: Absent from FotMob declared squad for Fortuna Sittardia Combinatie.","none","2024-07-18","N/A",true
"cmuihw3f10bnhsexp8sxr0r3m","Luka Tunjic","915445","cmuihq80t008hh29edci2vstb","Fortuna Sittardia Combinatie","NONE","Unassigned","WE_SHOW_SOURCE_DOES_NOT","detach","detach: Absent from FotMob declared squad for Fortuna Sittardia Combinatie.","none","2024-07-23","N/A",true
"cmuihw3fe0by1sexpdz0sc0fa","Wassim Elasri","949904","cmuihq80t008hh29edci2vstb","Fortuna Sittardia Combinatie","NONE","Unassigned","WE_SHOW_SOURCE_DOES_NOT","detach","detach: Absent from FotMob declared squad for Fortuna Sittardia Combinatie.","none","N/A","N/A",true
"cmuihw43u0cbfsexpprkmrk3n","Ramazan Bayram","1029376","cmuihq80t008hh29edci2vstb","Fortuna Sittardia Combinatie","NONE","Unassigned","WE_SHOW_SOURCE_DOES_NOT","detach","detach: Absent from FotMob declared squad for Fortuna Sittardia Combinatie.","none","2024-06-30","N/A",true
"cmuihvxgg04x6sexpsn8c95e7","Mattijs Branderhorst","205128","NONE","Unassigned","cmuihq80t008hh29edci2vstb","Fortuna Sittardia Combinatie","SOURCE_SHOWS_WE_DO_NOT","attach","attach: Present in Fortuna Sittardia Combinatie FotMob squad (shirt #31); attach detached player.","none","N/A","N/A",true
"FM_1518437","Kaylen Reitmaier","N/A","NONE","Unassigned","cmuihq80t008hh29edci2vstb","Fortuna Sittardia Combinatie","SOURCE_SHOWS_WE_DO_NOT","create new player","create new player: Ingest new senior player from FotMob squad (shirt #33).","none","N/A","N/A",true
"FM_1301657","Siebe Wylin","N/A","NONE","Unassigned","cmuihq80t008hh29edci2vstb","Fortuna Sittardia Combinatie","SOURCE_SHOWS_WE_DO_NOT","create new player","create new player: Ingest new senior player from FotMob squad (shirt #2).","none","N/A","N/A",true
"FM_1166329","Rodrigo Guth","N/A","NONE","Unassigned","cmuihq80t008hh29edci2vstb","Fortuna Sittardia Combinatie","SOURCE_SHOWS_WE_DO_NOT","create new player","create new player: Ingest new senior player from FotMob squad (shirt #3).","none","N/A","N/A",true
"FM_1285136","Nick de Groot","N/A","NONE","Unassigned","cmuihq80t008hh29edci2vstb","Fortuna Sittardia Combinatie","SOURCE_SHOWS_WE_DO_NOT","create new player","create new player: Ingest new senior player from FotMob squad (shirt #15).","none","N/A","N/A",true
"cmuihw24u0adysexpec612usy","Justin Hubner","678641","NONE","Unassigned","cmuihq80t008hh29edci2vstb","Fortuna Sittardia Combinatie","SOURCE_SHOWS_WE_DO_NOT","attach","attach: Present in Fortuna Sittardia Combinatie FotMob squad (shirt #28); attach detached player.","none","N/A","N/A",true
"FM_2130433","Kevin van Burgsteden","N/A","NONE","Unassigned","cmuihq80t008hh29edci2vstb","Fortuna Sittardia Combinatie","SOURCE_SHOWS_WE_DO_NOT","create new player","create new player: Ingest new senior player from FotMob squad (shirt #35).","none","N/A","N/A",true
"cmuihvyr406bzsexpshod3xzq","Iván Márquez","296227","NONE","Unassigned","cmuihq80t008hh29edci2vstb","Fortuna Sittardia Combinatie","SOURCE_SHOWS_WE_DO_NOT","attach","attach: Present in Fortuna Sittardia Combinatie FotMob squad (shirt #44); attach detached player.","none","N/A","N/A",true
"cmuihw1de09dvsexprv7rbik0","Yassin Oukili","566911","NONE","Unassigned","cmuihq80t008hh29edci2vstb","Fortuna Sittardia Combinatie","SOURCE_SHOWS_WE_DO_NOT","attach","attach: Present in Fortuna Sittardia Combinatie FotMob squad (shirt #5); attach detached player.","none","N/A","N/A",true
"FM_1389662","Sven Simons","N/A","NONE","Unassigned","cmuihq80t008hh29edci2vstb","Fortuna Sittardia Combinatie","SOURCE_SHOWS_WE_DO_NOT","create new player","create new player: Ingest new senior player from FotMob squad (shirt #14).","none","N/A","N/A",true
"FM_1522438","Shiloh Zand","N/A","NONE","Unassigned","cmuihq80t008hh29edci2vstb","Fortuna Sittardia Combinatie","SOURCE_SHOWS_WE_DO_NOT","create new player","create new player: Ingest new senior player from FotMob squad (shirt #22).","none","N/A","N/A",true
"cmuihw3ex0bkpsexpioba35hz","Philip Brittijn","900072","NONE","Unassigned","cmuihq80t008hh29edci2vstb","Fortuna Sittardia Combinatie","SOURCE_SHOWS_WE_DO_NOT","attach","attach: Present in Fortuna Sittardia Combinatie FotMob squad (shirt #23); attach detached player.","none","N/A","N/A",true
"cmuihw4ss0d70sexptci1wxod","Alhaji Bah","1406857","NONE","Unassigned","cmuihq80t008hh29edci2vstb","Fortuna Sittardia Combinatie","SOURCE_SHOWS_WE_DO_NOT","attach","attach: Present in Fortuna Sittardia Combinatie FotMob squad (shirt #36); attach detached player.","none","N/A","N/A",true
"cmuihw4rb0cuzsexphrsjfln2","Moussa Gbemou","1161423","NONE","Unassigned","cmuihq80t008hh29edci2vstb","Fortuna Sittardia Combinatie","SOURCE_SHOWS_WE_DO_NOT","attach","attach: Present in Fortuna Sittardia Combinatie FotMob squad (shirt #38); attach detached player.","none","N/A","N/A",true
"cmuihw4st0d7usexpdednjl66","Gani Büyükhan","1491843","NONE","Unassigned","cmuihq80t008hh29edci2vstb","Fortuna Sittardia Combinatie","SOURCE_SHOWS_WE_DO_NOT","attach","attach: Present in Fortuna Sittardia Combinatie FotMob squad (shirt #39); attach detached player.","none","N/A","N/A",true
"FM_1015183","Mohammed Ihattaren","N/A","NONE","Unassigned","cmuihq80t008hh29edci2vstb","Fortuna Sittardia Combinatie","SOURCE_SHOWS_WE_DO_NOT","create new player","create new player: Ingest new senior player from FotMob squad (shirt #52).","none","N/A","N/A",true
"FM_1116199","Anthony Descotte","N/A","NONE","Unassigned","cmuihq80t008hh29edci2vstb","Fortuna Sittardia Combinatie","SOURCE_SHOWS_WE_DO_NOT","create new player","create new player: Ingest new senior player from FotMob squad (shirt #9).","none","N/A","N/A",true
"FM_915365","Ole Romeny","N/A","NONE","Unassigned","cmuihq80t008hh29edci2vstb","Fortuna Sittardia Combinatie","SOURCE_SHOWS_WE_DO_NOT","create new player","create new player: Ingest new senior player from FotMob squad (shirt #10).","none","N/A","N/A",true
"cmuihw2pw0as5sexpnzf65t65","Lequincio Zeefuik","728864","cmuiho33d001db23ffg0co70a","AZ Alkmaar","cmuihq80t008hh29edci2vstb","Fortuna Sittardia Combinatie","SOURCE_SHOWS_WE_DO_NOT","reassign","reassign: Present in Fortuna Sittardia Combinatie FotMob senior squad (shirt #25); previously at AZ Alkmaar.","none","2026-06-29","N/A",true
"cmuihw4rs0d2osexpwf56loib","Sjors-Lowis Hermsen","1264305","NONE","Unassigned","cmuihq80t008hh29edci2vstb","Fortuna Sittardia Combinatie","SOURCE_SHOWS_WE_DO_NOT","attach","attach: Present in Fortuna Sittardia Combinatie FotMob squad (shirt #27); attach detached player.","none","N/A","N/A",true
"FM_2155055","David Stockbrink","N/A","NONE","Unassigned","cmuihq80t008hh29edci2vstb","Fortuna Sittardia Combinatie","SOURCE_SHOWS_WE_DO_NOT","create new player","create new player: Ingest new senior player from FotMob squad (shirt #44).","none","N/A","N/A",true
"cmuihw1dn09h0sexpy1lvxln2","Harry Tyrer","574448","cmuihq4bo006fh29ef9sfod5p","Everton FC","NONE","Unassigned","WE_SHOW_SOURCE_DOES_NOT","detach","detach: Absent from FotMob declared squad for Everton FC.","none","N/A","N/A",true
"cmuihvyqu064dsexpxmvavobg","Ainsley Maitland-Niles","285845","cmuihnsd9000tb23f30w9l9tm","Olympique Lyon","cmuihq4bo006fh29ef9sfod5p","Everton FC","SOURCE_SHOWS_WE_DO_NOT","reassign","reassign: Present in Everton FC FotMob senior squad (shirt #2); previously at Olympique Lyon.","none","2023-08-06","N/A",true
"cmuihvwrv03xlsexpjx7yes1e","Christian Nørgaard","148367","cmuiho5do001hb23froc57owj","Arsenal FC","cmuihq4bo006fh29ef9sfod5p","Everton FC","SOURCE_SHOWS_WE_DO_NOT","reassign","reassign: Present in Everton FC FotMob senior squad (shirt #23); previously at Arsenal FC.","none","2025-07-09","N/A",true
"FM_1128965","Charly Alcaraz","N/A","NONE","Unassigned","cmuihq4bo006fh29ef9sfod5p","Everton FC","SOURCE_SHOWS_WE_DO_NOT","create new player","create new player: Ingest new senior player from FotMob squad (shirt #24).","none","N/A","N/A",true
"FM_982394","Hayden Hackney","N/A","NONE","Unassigned","cmuihq4bo006fh29ef9sfod5p","Everton FC","SOURCE_SHOWS_WE_DO_NOT","create new player","create new player: Ingest new senior player from FotMob squad (shirt #30).","none","N/A","N/A",true
"cmuihw4rc0cvusexpodkit0i3","Malik Olayiwola","1172138","NONE","Unassigned","cmuihq4bo006fh29ef9sfod5p","Everton FC","SOURCE_SHOWS_WE_DO_NOT","attach","attach: Present in Everton FC FotMob squad (shirt #76); attach detached player.","none","N/A","N/A",true
"cmuihvxgf04w0sexpr3q1spks","Jack Grealish","203460","NONE","Unassigned","cmuihq4bo006fh29ef9sfod5p","Everton FC","SOURCE_SHOWS_WE_DO_NOT","attach","attach: Present in Everton FC FotMob squad (shirt #10); attach detached player.","none","N/A","N/A",true
"cmuihw3fa0bu9sexppvti9m0q","Tyrique George","936874","cmuihqcpo00b1h29edf8q9ksb","Chelsea FC","cmuihq4bo006fh29ef9sfod5p","Everton FC","SOURCE_SHOWS_WE_DO_NOT","reassign","reassign: Present in Everton FC FotMob senior squad (shirt #19); previously at Chelsea FC.","none","2026-06-29","N/A",true
"cmuihw0js08iqsexppfs95c33","Brennan Johnson","470607","cmuihqfqr00cqh29e2077zt3y","Crystal Palace","cmuihq4bo006fh29ef9sfod5p","Everton FC","SOURCE_SHOWS_WE_DO_NOT","reassign","reassign: Present in Everton FC FotMob senior squad (shirt #22); previously at Crystal Palace.","none","2026-01-01","N/A",true
"cmuihw4qz0cr3sexp89wjaa16","Braiden Graham","1122712","NONE","Unassigned","cmuihq4bo006fh29ef9sfod5p","Everton FC","SOURCE_SHOWS_WE_DO_NOT","attach","attach: Present in Everton FC FotMob squad (shirt #58); attach detached player.","none","N/A","N/A",true
"cmuihw43y0ceqsexpykawz4gg","Kendry Páez","1052439","cmuihqcpo00b1h29edf8q9ksb","Chelsea FC","NONE","Unassigned","WE_SHOW_SOURCE_DOES_NOT","detach","detach: Absent from FotMob declared squad for Chelsea FC.","none","2026-01-29","N/A",true
"cmuihvvye03cysexp6i5qq99j","Emiliano Martínez","111873","cmuihq8vi008xh29edz4vg4xw","Aston Villa","cmuihqcpo00b1h29edf8q9ksb","Chelsea FC","SOURCE_SHOWS_WE_DO_NOT","reassign","reassign: Present in Chelsea FC FotMob senior squad (shirt #1); previously at Aston Villa.","none","2020-09-15","N/A",true
"FM_1031220","Gabriel Słonina","N/A","NONE","Unassigned","cmuihqcpo00b1h29edf8q9ksb","Chelsea FC","SOURCE_SHOWS_WE_DO_NOT","create new player","create new player: Ingest new senior player from FotMob squad (shirt #44).","none","N/A","N/A",true
"cmuihw0iu0868sexppt652rcy","Maxence Lacroix","434224","cmuihqfqr00cqh29e2077zt3y","Crystal Palace","cmuihqcpo00b1h29edf8q9ksb","Chelsea FC","SOURCE_SHOWS_WE_DO_NOT","reassign","reassign: Present in Chelsea FC FotMob senior squad (shirt #5); previously at Crystal Palace.","none","2024-08-29","N/A",true
"cmuihw23v09nesexpfic32t6u","Pep Chavarría","596122","cmuihq7gc0083h29exnlti38f","Rayo Vallecano","cmuihqcpo00b1h29edf8q9ksb","Chelsea FC","SOURCE_SHOWS_WE_DO_NOT","reassign","reassign: Present in Chelsea FC FotMob senior squad (shirt #29); previously at Rayo Vallecano.","none","2022-08-30","N/A",true
"cmuihw3ew0bk2sexpckwsp9gl","Marco Palestra","895937","NONE","Unassigned","cmuihqcpo00b1h29edf8q9ksb","Chelsea FC","SOURCE_SHOWS_WE_DO_NOT","attach","attach: Present in Chelsea FC FotMob squad (shirt #2); attach detached player.","none","N/A","N/A",true
"cmuihw3el0bc7sexpi4ywz0bu","Valentín Barco","849410","NONE","Unassigned","cmuihqcpo00b1h29edf8q9ksb","Chelsea FC","SOURCE_SHOWS_WE_DO_NOT","attach","attach: Present in Chelsea FC FotMob squad (shirt #4); attach detached player.","none","N/A","N/A",true
"cmuihvuy302f3sexp4l8z602u","Jordan Henderson","61651","cmuihocpq001vb23fu3cm5yh8","Brentford FC","cmuihqcpo00b1h29edf8q9ksb","Chelsea FC","SOURCE_SHOWS_WE_DO_NOT","reassign","reassign: Present in Chelsea FC FotMob senior squad (shirt #14); previously at Brentford FC.","none","2025-07-14","N/A",true
"cmuihvuyj02jmsexplg90ysf1","Danny Welbeck","67063","cmuihomne002bb23fq0sdhdrm","Brighton & Hove Albion","cmuihqcpo00b1h29edf8q9ksb","Chelsea FC","SOURCE_SHOWS_WE_DO_NOT","reassign","reassign: Present in Chelsea FC FotMob senior squad (shirt #18); previously at Brighton & Hove Albion.","none","2020-10-17","N/A",true
"FM_1183148","Emanuel Emegha","N/A","NONE","Unassigned","cmuihqcpo00b1h29edf8q9ksb","Chelsea FC","SOURCE_SHOWS_WE_DO_NOT","create new player","create new player: Ingest new senior player from FotMob squad (shirt #22).","none","N/A","N/A",true
"cmuihvyqq060jsexp26ft7zga","Harry Wilson","279455","cmuihqg9600cxh29echnkyx9e","Fulham FC","cmuihq8hv008ph29ejwdrv7xd","Leeds United","WE_SHOW_SOURCE_DOES_NOT","reassign","reassign: Player is registered in Leeds United current FotMob squad (shirt #10).","none","2021-07-23","N/A",true
"cmuihw2q30axmsexpd2dfzjtk","Alfie McNally","747950","cmuihqg9600cxh29echnkyx9e","Fulham FC","NONE","Unassigned","WE_SHOW_SOURCE_DOES_NOT","detach","detach: Absent from FotMob declared squad for Fulham FC.","none","N/A","N/A",true
"cmuihw3ef0b6ysexpld80kah0","Luke Harris","817612","cmuihqg9600cxh29echnkyx9e","Fulham FC","NONE","Unassigned","WE_SHOW_SOURCE_DOES_NOT","detach","detach: Absent from FotMob declared squad for Fulham FC.","none","2026-05-30","N/A",true
"cmuihw0ja08apsexp8b1mkcuj","David Affengruber","452483","cmuihq03y0041h29ezh2jdh2h","Elche CF","cmuihqg9600cxh29echnkyx9e","Fulham FC","SOURCE_SHOWS_WE_DO_NOT","reassign","reassign: Present in Fulham FC FotMob senior squad (shirt #22); previously at Elche CF.","none","2024-08-27","N/A",true
"cmuihw3f70bs2sexpla9v2tqi","Hugo Larsson","931838","cmuihq2b80057h29e0r17uj2f","Eintracht Frankfurt","cmuihqg9600cxh29echnkyx9e","Fulham FC","SOURCE_SHOWS_WE_DO_NOT","reassign","reassign: Present in Fulham FC FotMob senior squad (shirt #15); previously at Eintracht Frankfurt.","none","2023-06-30","N/A",true
"cmuihw2q30axnsexp6tpk69de","Shea Charles","747951","cmuihq0t3004hh29e03es83vu","Southampton FC","cmuihqg9600cxh29echnkyx9e","Fulham FC","SOURCE_SHOWS_WE_DO_NOT","reassign","reassign: Present in Fulham FC FotMob senior squad (shirt #19); previously at Southampton FC.","none","2025-05-30","N/A",true
"cmuihw24h0a45sexph08poude","Manuel Ángel","646824","cmuihq9wg009hh29ermlar2c7","Real Madrid","cmuihqg9600cxh29echnkyx9e","Fulham FC","SOURCE_SHOWS_WE_DO_NOT","reassign","reassign: Present in Fulham FC FotMob senior squad (shirt #20); previously at Real Madrid.","none","2023-06-30","N/A",true
"cmuihw3f90bt8sexpok5ys900","Gonzalo García","935230","cmuihq9wg009hh29ermlar2c7","Real Madrid","cmuihqg9600cxh29echnkyx9e","Fulham FC","SOURCE_SHOWS_WE_DO_NOT","reassign","reassign: Present in Fulham FC FotMob senior squad (shirt #7); previously at Real Madrid.","none","2025-05-31","N/A",true
"cmuihw3fe0bxnsexpy31sv3ml","César Palacios","948272","cmuihq9wg009hh29ermlar2c7","Real Madrid","cmuihqg9600cxh29echnkyx9e","Fulham FC","SOURCE_SHOWS_WE_DO_NOT","reassign","reassign: Present in Fulham FC FotMob senior squad (shirt #8); previously at Real Madrid.","none","2023-06-30","N/A",true
"FM_1318400","Kevin","N/A","NONE","Unassigned","cmuihqg9600cxh29echnkyx9e","Fulham FC","SOURCE_SHOWS_WE_DO_NOT","create new player","create new player: Ingest new senior player from FotMob squad (shirt #11).","none","N/A","N/A",true
"cmuihw4460cjgsexp7noviiar","Jonah Kusi-Asare","1069512","cmuihq3qa0061h29eyxx4xw43","Bayern Munich","cmuihqg9600cxh29echnkyx9e","Fulham FC","SOURCE_SHOWS_WE_DO_NOT","reassign","reassign: Present in Fulham FC FotMob senior squad (shirt #18); previously at Bayern Munich.","none","2026-06-29","N/A",true
"cmuihvu5001qzsexpgvz836mr","Alexis Sánchez","40433","cmuihq7is0085h29ez260bgnc","Sevilla FC","NONE","Unassigned","WE_SHOW_SOURCE_DOES_NOT","detach","detach: Absent from FotMob declared squad for Sevilla FC.","none","2025-08-31","N/A",true
"cmuihvxfp04efsexpr16v044k","Adnan Januzaj","177847","cmuihq7is0085h29ez260bgnc","Sevilla FC","NONE","Unassigned","WE_SHOW_SOURCE_DOES_NOT","detach","detach: Absent from FotMob declared squad for Sevilla FC.","none","2025-06-29","N/A",true
"cmuihvy5u050csexpfkzkjhf5","Djibril Sow","212723","cmuihq7is0085h29ez260bgnc","Sevilla FC","cmuihq3ak005th29eolz9qqct","Genoa CFC","WE_SHOW_SOURCE_DOES_NOT","reassign","reassign: Player is registered in Genoa CFC current FotMob squad (shirt #97).","none","2023-08-03","N/A",true
"cmuihvyqf05tjsexpien4xvkc","Joan Jordán","263727","cmuihq7is0085h29ez260bgnc","Sevilla FC","cmuihq2sq005hh29en9069nxw","CF Estrela Amadora","WE_SHOW_SOURCE_DOES_NOT","reassign","reassign: Player is registered in CF Estrela Amadora current FotMob squad (shirt #19).","none","2025-06-29","N/A",true
"cmuihw24t0adhsexpdn4d8r66","Juanlu Sánchez","676042","cmuihq7is0085h29ez260bgnc","Sevilla FC","cmuihqh6y00dfh29eokvzxktp","AFC Bournemouth","WE_SHOW_SOURCE_DOES_NOT","reassign","reassign: Player is registered in AFC Bournemouth current FotMob squad (shirt #24).","none","2023-06-29","N/A",true
"cmuihvzbl07absexpr2gr8nob","Rafa Mir","361254","cmuihq7is0085h29ez260bgnc","Sevilla FC","NONE","Unassigned","WE_SHOW_SOURCE_DOES_NOT","detach","detach: Absent from FotMob declared squad for Sevilla FC.","none","2026-06-29","N/A",true
"cmuihw2q70ayosexpmhvkitrl","Alberto Flores","766552","cmuihq7is0085h29ez260bgnc","Sevilla FC","NONE","Unassigned","WE_SHOW_SOURCE_DOES_NOT","detach","detach: Absent from FotMob declared squad for Sevilla FC.","none","2022-06-30","N/A",true
"cmuihw43v0cbtsexp14m58kgw","Oso","1032280","cmuihq7is0085h29ez260bgnc","Sevilla FC","cmuihqd8900bbh29em5y4p2o4","RC Strasbourg Alsace","WE_SHOW_SOURCE_DOES_NOT","reassign","reassign: Player is registered in RC Strasbourg Alsace current FotMob squad (shirt #36).","none","2025-12-31","N/A",true
"cmuihw0k808rjsexprylgh4j7","Adrià Pedrosa","501418","cmuihq7is0085h29ez260bgnc","Sevilla FC","cmuihq7gc0083h29exnlti38f","Rayo Vallecano","WE_SHOW_SOURCE_DOES_NOT","reassign","reassign: Player is registered in Rayo Vallecano current FotMob squad (shirt #17).","none","2026-06-29","N/A",true
"cmuihw1ct094msexppy24dn6z","Tanguy Nianzou","538996","cmuihq7is0085h29ez260bgnc","Sevilla FC","cmuihnzfj0017b23f7qeka8w7","LOSC Lille","WE_SHOW_SOURCE_DOES_NOT","reassign","reassign: Player is registered in LOSC Lille current FotMob squad (shirt #23).","none","2022-08-16","N/A",true
"cmuihw24109qwsexpx39ia496","Akor Adams","607034","cmuihq7is0085h29ez260bgnc","Sevilla FC","cmuihqc8e00arh29e87zakfd6","Venezia FC","WE_SHOW_SOURCE_DOES_NOT","reassign","reassign: Player is registered in Venezia FC current FotMob squad (shirt #45).","none","2025-01-26","N/A",true
"cmuihw24m0a8isexpwawu3rof","Federico Gattoni","660735","cmuihq7is0085h29ez260bgnc","Sevilla FC","NONE","Unassigned","WE_SHOW_SOURCE_DOES_NOT","detach","detach: Absent from FotMob declared squad for Sevilla FC.","none","2025-12-30","N/A",true
"cmuihw2pu0apysexpe8m5uguz","Andrés Castrín","719999","cmuihq7is0085h29ez260bgnc","Sevilla FC","NONE","Unassigned","WE_SHOW_SOURCE_DOES_NOT","detach","detach: Absent from FotMob declared squad for Sevilla FC.","none","2025-12-31","N/A",true
"cmuihw2qc0b2psexpivjumvwq","Iker Muñoz","803003","cmuihq7is0085h29ez260bgnc","Sevilla FC","cmuihq61m0079h29efscx2qh5","CA Osasuna","WE_SHOW_SOURCE_DOES_NOT","reassign","reassign: Player is registered in CA Osasuna current FotMob squad (shirt #8).","none","N/A","N/A",true
"cmuihw4rc0cvesexpwpr43now","Álex Costa","1166534","cmuihq7is0085h29ez260bgnc","Sevilla FC","NONE","Unassigned","WE_SHOW_SOURCE_DOES_NOT","detach","detach: Absent from FotMob declared squad for Sevilla FC.","none","N/A","N/A",true
"cmuihvwre03j7sexp8rxy9dnn","Odysseas Vlachodimos","124419","NONE","Unassigned","cmuihq7is0085h29ez260bgnc","Sevilla FC","SOURCE_SHOWS_WE_DO_NOT","attach","attach: Present in Sevilla FC FotMob squad (shirt #1); attach detached player.","none","N/A","N/A",true
"cmuihw43z0cfisexp46vrxl8z","Fran González","1055220","cmuihq9wg009hh29ermlar2c7","Real Madrid","cmuihq7is0085h29ez260bgnc","Sevilla FC","SOURCE_SHOWS_WE_DO_NOT","reassign","reassign: Present in Sevilla FC FotMob senior squad (shirt #13); previously at Real Madrid.","none","2024-06-30","N/A",true
"cmuihw3fd0bwysexptv4n9f4s","Julio Díaz","945753","cmuihotfm002nb23fe7004xbm","Atlético de Madrid","cmuihq7is0085h29ez260bgnc","Sevilla FC","SOURCE_SHOWS_WE_DO_NOT","reassign","reassign: Present in Sevilla FC FotMob senior squad (shirt #3); previously at Atlético de Madrid.","none","N/A","N/A",true
"FM_1334767","Andrés Lopez","N/A","NONE","Unassigned","cmuihq7is0085h29ez260bgnc","Sevilla FC","SOURCE_SHOWS_WE_DO_NOT","create new player","create new player: Ingest new senior player from FotMob squad (shirt #5).","none","N/A","N/A",true
"cmuihw2q70aywsexprwawahpr","Arouna Sangante","768380","NONE","Unassigned","cmuihq7is0085h29ez260bgnc","Sevilla FC","SOURCE_SHOWS_WE_DO_NOT","attach","attach: Present in Sevilla FC FotMob squad (shirt #12); attach detached player.","none","N/A","N/A",true
"cmuihvzwh07ursexpgfckziq6","Giorgi Kochorashvili","405564","cmuihq6jo007lh29e9jpaabxs","Sporting CP","cmuihq7is0085h29ez260bgnc","Sevilla FC","SOURCE_SHOWS_WE_DO_NOT","reassign","reassign: Present in Sevilla FC FotMob senior squad (shirt #8); previously at Sporting CP.","none","2025-06-30","N/A",true
"cmuihw1dk09fnsexp8ol1stnn","Youssouf Fofana","569598","cmuihqb6900a7h29eb12tdj1t","AC Milan","cmuihq7is0085h29ez260bgnc","Sevilla FC","SOURCE_SHOWS_WE_DO_NOT","reassign","reassign: Present in Sevilla FC FotMob senior squad (shirt #24); previously at AC Milan.","none","2024-08-16","N/A",true
"cmuihw4ro0d1jsexp4zhjo6lu","Nico Guillén","1236856","NONE","Unassigned","cmuihq7is0085h29ez260bgnc","Sevilla FC","SOURCE_SHOWS_WE_DO_NOT","attach","attach: Present in Sevilla FC FotMob squad (shirt #27); attach detached player.","none","N/A","N/A",true
"FM_1399218","Robbie Ure","N/A","NONE","Unassigned","cmuihq7is0085h29ez260bgnc","Sevilla FC","SOURCE_SHOWS_WE_DO_NOT","create new player","create new player: Ingest new senior player from FotMob squad (shirt #9).","none","N/A","N/A",true
"cmuihw24k0a6isexp8uqdsab4","Lucas Stassin","655012","NONE","Unassigned","cmuihq7is0085h29ez260bgnc","Sevilla FC","SOURCE_SHOWS_WE_DO_NOT","attach","attach: Present in Sevilla FC FotMob squad (shirt #19); attach detached player.","none","N/A","N/A",true
"cmuihw0k008lesexpxm8vapt9","Félix Correia","479648","NONE","Unassigned","cmuihq7is0085h29ez260bgnc","Sevilla FC","SOURCE_SHOWS_WE_DO_NOT","attach","attach: Present in Sevilla FC FotMob squad (shirt #20); attach detached player.","none","N/A","N/A",true
"cmuihvy6m05o9sexpuya6i8er","Unai Elgezabal","255495","cmuihq6me007nh29ezmai1c1u","Levante UD","NONE","Unassigned","WE_SHOW_SOURCE_DOES_NOT","detach","detach: Absent from FotMob declared squad for Levante UD.","none","2024-06-30","N/A",true
"cmuihvzb506xxsexpndhaql6x","Adrián Dela","341263","cmuihq6me007nh29ezmai1c1u","Levante UD","NONE","Unassigned","WE_SHOW_SOURCE_DOES_NOT","detach","detach: Absent from FotMob declared squad for Levante UD.","none","2023-06-30","N/A",true
"cmuihw2ph0agasexpgpec6jk6","Dani Cervera","692207","cmuihq6me007nh29ezmai1c1u","Levante UD","NONE","Unassigned","WE_SHOW_SOURCE_DOES_NOT","detach","detach: Absent from FotMob declared squad for Levante UD.","none","N/A","N/A",true
"cmuihw0kb08tvsexpcizcv0zt","Diego Pampín","505493","cmuihq6me007nh29ezmai1c1u","Levante UD","NONE","Unassigned","WE_SHOW_SOURCE_DOES_NOT","detach","detach: Absent from FotMob declared squad for Levante UD.","none","2024-07-21","N/A",true
"cmuihw1dh09f5sexppf3z2xj9","Pablo Martínez","568835","cmuihq6me007nh29ezmai1c1u","Levante UD","cmuiho0ii0019b23fvb7o5lmu","Málaga CF","WE_SHOW_SOURCE_DOES_NOT","reassign","reassign: Player is registered in Málaga CF current FotMob squad (shirt #18).","none","2022-06-29","N/A",true
"cmuihw24p0aapsexppn5ktwa5","Carlos Álvarez","668179","cmuihq6me007nh29ezmai1c1u","Levante UD","NONE","Unassigned","WE_SHOW_SOURCE_DOES_NOT","detach","detach: Absent from FotMob declared squad for Levante UD.","none","2023-08-11","N/A",true
"cmuihw44c0coxsexpcfhdav9j","Martín Krug","1105075","cmuihq6me007nh29ezmai1c1u","Levante UD","NONE","Unassigned","WE_SHOW_SOURCE_DOES_NOT","detach","detach: Absent from FotMob declared squad for Levante UD.","none","2024-12-31","N/A",true
"cmuihw3ew0bk5sexpdnkbqppb","Joan Ruiz","897016","cmuihq6me007nh29ezmai1c1u","Levante UD","NONE","Unassigned","WE_SHOW_SOURCE_DOES_NOT","detach","detach: Absent from FotMob declared squad for Levante UD.","none","N/A","N/A",true
"cmuihw43y0ce7sexpj138dt5v","Pablo Rosón","1049278","cmuihq6me007nh29ezmai1c1u","Levante UD","NONE","Unassigned","WE_SHOW_SOURCE_DOES_NOT","detach","detach: Absent from FotMob declared squad for Levante UD.","none","N/A","N/A",true
"cmuihw4430chvsexpig83khuf","Cayetano Romero","1063330","cmuihq6me007nh29ezmai1c1u","Levante UD","NONE","Unassigned","WE_SHOW_SOURCE_DOES_NOT","detach","detach: Absent from FotMob declared squad for Levante UD.","none","N/A","N/A",true
"cmuihw4430chysexpewvi9ldh","Carlos Espí","1063338","cmuihq6me007nh29ezmai1c1u","Levante UD","cmuihq9wg009hh29ermlar2c7","Real Madrid","WE_SHOW_SOURCE_DOES_NOT","reassign","reassign: Player is registered in Real Madrid current FotMob squad (shirt #19).","none","2024-06-30","N/A",true
"cmuihw24509uasexppxhjngg6","Pablo Campos","617059","NONE","Unassigned","cmuihq6me007nh29ezmai1c1u","Levante UD","SOURCE_SHOWS_WE_DO_NOT","attach","attach: Present in Levante UD FotMob squad (shirt #1); attach detached player.","none","N/A","N/A",true
"cmuihvwrk03o6sexpmzsneno4","Mathew Ryan","128969","NONE","Unassigned","cmuihq6me007nh29ezmai1c1u","Levante UD","SOURCE_SHOWS_WE_DO_NOT","attach","attach: Present in Levante UD FotMob squad (shirt #13); attach detached player.","none","N/A","N/A",true
"cmuihvvv602u5sexpzz9vi8ux","Aïssa Mandi","80293","cmuihnzfj0017b23f7qeka8w7","LOSC Lille","cmuihq6me007nh29ezmai1c1u","Levante UD","SOURCE_SHOWS_WE_DO_NOT","reassign","reassign: Present in Levante UD FotMob senior squad (shirt #2); previously at LOSC Lille.","none","2024-07-31","N/A",true
"FM_1780239","Ifeanyi Ndukwe","N/A","NONE","Unassigned","cmuihq6me007nh29ezmai1c1u","Levante UD","SOURCE_SHOWS_WE_DO_NOT","create new player","create new player: Ingest new senior player from FotMob squad (shirt #3).","none","N/A","N/A",true
"FM_952528","Adrián De La Fuente","N/A","NONE","Unassigned","cmuihq6me007nh29ezmai1c1u","Levante UD","SOURCE_SHOWS_WE_DO_NOT","create new player","create new player: Ingest new senior player from FotMob squad (shirt #4).","none","N/A","N/A",true
"cmuihvwrk03oysexplheuzd6p","Jeremy Toljan","129674","NONE","Unassigned","cmuihq6me007nh29ezmai1c1u","Levante UD","SOURCE_SHOWS_WE_DO_NOT","attach","attach: Present in Levante UD FotMob squad (shirt #22); attach detached player.","none","N/A","N/A",true
"FM_1052330","Manuel Sánchez","N/A","NONE","Unassigned","cmuihq6me007nh29ezmai1c1u","Levante UD","SOURCE_SHOWS_WE_DO_NOT","create new player","create new player: Ingest new senior player from FotMob squad (shirt #23).","none","N/A","N/A",true
"cmuihw4sf0d6ksexpyg5e6omb","Nacho Pérez","1371830","NONE","Unassigned","cmuihq6me007nh29ezmai1c1u","Levante UD","SOURCE_SHOWS_WE_DO_NOT","attach","attach: Present in Levante UD FotMob squad (shirt #29); attach detached player.","none","N/A","N/A",true
"FM_2141146","Marc Santos","N/A","NONE","Unassigned","cmuihq6me007nh29ezmai1c1u","Levante UD","SOURCE_SHOWS_WE_DO_NOT","create new player","create new player: Ingest new senior player from FotMob squad (shirt #33).","none","N/A","N/A",true
"cmuihw4st0d7qsexpmq884pe0","Huseini Nakoha","1476968","NONE","Unassigned","cmuihq6me007nh29ezmai1c1u","Levante UD","SOURCE_SHOWS_WE_DO_NOT","attach","attach: Present in Levante UD FotMob squad (shirt #35); attach detached player.","none","N/A","N/A",true
"cmuihw3ev0bj9sexp3o19m47p","Hugo Sotelo","892221","cmuihqg9e00czh29eqgxwp7l7","Celta de Vigo","cmuihq6me007nh29ezmai1c1u","Levante UD","SOURCE_SHOWS_WE_DO_NOT","reassign","reassign: Present in Levante UD FotMob senior squad (shirt #5); previously at Celta de Vigo.","none","2023-06-30","N/A",true
"cmuihw3fd0bwxsexppcjito04","Dani Requena","945709","NONE","Unassigned","cmuihq6me007nh29ezmai1c1u","Levante UD","SOURCE_SHOWS_WE_DO_NOT","attach","attach: Present in Levante UD FotMob squad (shirt #6); attach detached player.","none","N/A","N/A",true
"FM_1131957","Jon Olasagasti","N/A","NONE","Unassigned","cmuihq6me007nh29ezmai1c1u","Levante UD","SOURCE_SHOWS_WE_DO_NOT","create new player","create new player: Ingest new senior player from FotMob squad (shirt #8).","none","N/A","N/A",true
"cmuihw4480cl2sexpdx0brrr8","Axel Tape","1077670","cmuihpzti003xh29ejh2oa78u","Bayer 04 Leverkusen","cmuihq6me007nh29ezmai1c1u","Levante UD","SOURCE_SHOWS_WE_DO_NOT","reassign","reassign: Present in Levante UD FotMob senior squad (shirt #16); previously at Bayer 04 Leverkusen.","none","2025-06-30","N/A",true
"FM_1332540","Enzo Bardeli","N/A","NONE","Unassigned","cmuihq6me007nh29ezmai1c1u","Levante UD","SOURCE_SHOWS_WE_DO_NOT","create new player","create new player: Ingest new senior player from FotMob squad (shirt #18).","none","N/A","N/A",true
"FM_2141153","Alberto Calatrava","N/A","NONE","Unassigned","cmuihq6me007nh29ezmai1c1u","Levante UD","SOURCE_SHOWS_WE_DO_NOT","create new player","create new player: Ingest new senior player from FotMob squad (shirt #38).","none","N/A","N/A",true
"FM_1748952","Jorge de Asís","N/A","NONE","Unassigned","cmuihq6me007nh29ezmai1c1u","Levante UD","SOURCE_SHOWS_WE_DO_NOT","create new player","create new player: Ingest new academy player from FotMob squad (shirt #none).","none","N/A","N/A",false
"cmuihw3ek0bbnsexp0nqehfwc","Petar Ratkov","846254","NONE","Unassigned","cmuihq6me007nh29ezmai1c1u","Levante UD","SOURCE_SHOWS_WE_DO_NOT","attach","attach: Present in Levante UD FotMob squad (shirt #10); attach detached player.","none","N/A","N/A",true
"FM_1836083","Yanis Musuayi","N/A","NONE","Unassigned","cmuihq6me007nh29ezmai1c1u","Levante UD","SOURCE_SHOWS_WE_DO_NOT","create new player","create new player: Ingest new senior player from FotMob squad (shirt #11).","none","N/A","N/A",true
"cmuihw1es09lesexps9bzbh77","Víctor García","590690","NONE","Unassigned","cmuihq6me007nh29ezmai1c1u","Levante UD","SOURCE_SHOWS_WE_DO_NOT","attach","attach: Present in Levante UD FotMob squad (shirt #17); attach detached player.","none","N/A","N/A",true
"FM_1392779","Etta Eyong","N/A","NONE","Unassigned","cmuihq6me007nh29ezmai1c1u","Levante UD","SOURCE_SHOWS_WE_DO_NOT","create new player","create new player: Ingest new senior player from FotMob squad (shirt #21).","none","N/A","N/A",true
"cmuihw4r00cresexpk3qvw00h","Thiago Fernández","1127730","cmuihnwfv0011b23f8wv3zc51","Villarreal CF","cmuihq6me007nh29ezmai1c1u","Levante UD","SOURCE_SHOWS_WE_DO_NOT","reassign","reassign: Present in Levante UD FotMob senior squad (shirt #24); previously at Villarreal CF.","none","2026-06-29","N/A",true
"cmuihw4rn0d1asexpu73xp9lb","Paco Cortés","1232057","NONE","Unassigned","cmuihq6me007nh29ezmai1c1u","Levante UD","SOURCE_SHOWS_WE_DO_NOT","attach","attach: Present in Levante UD FotMob squad (shirt #27); attach detached player.","none","N/A","N/A",true
"cmuihw0k208mdsexpofl6plbm","Christos Mandas","481675","NONE","Unassigned","cmuihq8em008nh29e1swv1hng","Società Sportiva Lazio S.p.A.","SOURCE_SHOWS_WE_DO_NOT","attach","attach: Present in Società Sportiva Lazio S.p.A. FotMob squad (shirt #35); attach detached player.","none","N/A","N/A",true
"cmuihw3f10bnlsexpjax5szlm","Edoardo Motta","916430","NONE","Unassigned","cmuihq8em008nh29e1swv1hng","Società Sportiva Lazio S.p.A.","SOURCE_SHOWS_WE_DO_NOT","attach","attach: Present in Società Sportiva Lazio S.p.A. FotMob squad (shirt #40); attach detached player.","none","N/A","N/A",true
"cmuihw3f20bo6sexpqaddcv17","Davide Renzetti","918957","NONE","Unassigned","cmuihq8em008nh29e1swv1hng","Società Sportiva Lazio S.p.A.","SOURCE_SHOWS_WE_DO_NOT","attach","attach: Present in Società Sportiva Lazio S.p.A. FotMob squad (shirt #47); attach detached player.","none","N/A","N/A",true
"FM_541556","Mohamed Fares","N/A","NONE","Unassigned","cmuihq8em008nh29e1swv1hng","Società Sportiva Lazio S.p.A.","SOURCE_SHOWS_WE_DO_NOT","create new player","create new player: Ingest new academy player from FotMob squad (shirt #none).","none","N/A","N/A",false
"cmuihvzbi077ssexp9rly6q48","Diogo Leite","357156","NONE","Unassigned","cmuihq8em008nh29e1swv1hng","Società Sportiva Lazio S.p.A.","SOURCE_SHOWS_WE_DO_NOT","attach","attach: Present in Società Sportiva Lazio S.p.A. FotMob squad (shirt #2); attach detached player.","none","N/A","N/A",true
"cmuihvzb9071psexpy2pqeq07","Luca Pellegrini","346567","NONE","Unassigned","cmuihq8em008nh29e1swv1hng","Società Sportiva Lazio S.p.A.","SOURCE_SHOWS_WE_DO_NOT","attach","attach: Present in Società Sportiva Lazio S.p.A. FotMob squad (shirt #3); attach detached player.","none","N/A","N/A",true
"cmuihvzw007k3sexp8o0w03fd","Danilho Doekhi","387047","NONE","Unassigned","cmuihq8em008nh29e1swv1hng","Società Sportiva Lazio S.p.A.","SOURCE_SHOWS_WE_DO_NOT","attach","attach: Present in Società Sportiva Lazio S.p.A. FotMob squad (shirt #5); attach detached player.","none","N/A","N/A",true
"cmuihw1bx092ksexpsosx4c5i","Nuno Tavares","535955","NONE","Unassigned","cmuihq8em008nh29e1swv1hng","Società Sportiva Lazio S.p.A.","SOURCE_SHOWS_WE_DO_NOT","attach","attach: Present in Società Sportiva Lazio S.p.A. FotMob squad (shirt #17); attach detached player.","none","N/A","N/A",true
"cmuihvzbi077fsexpysdzcsid","Alfonso Pedraza","356197","NONE","Unassigned","cmuihq8em008nh29e1swv1hng","Società Sportiva Lazio S.p.A.","SOURCE_SHOWS_WE_DO_NOT","attach","attach: Present in Società Sportiva Lazio S.p.A. FotMob squad (shirt #23); attach detached player.","none","N/A","N/A",true
"FM_2159101","Ricardo Bordon","N/A","NONE","Unassigned","cmuihq8em008nh29e1swv1hng","Società Sportiva Lazio S.p.A.","SOURCE_SHOWS_WE_DO_NOT","create new player","create new player: Ingest new senior player from FotMob squad (shirt #33).","none","N/A","N/A",true
"cmuihvzvq07dhsexpg2xekoxr","Josip Sutalo","371001","cmuihqce400ath29e227zx42b","Ajax Amsterdam","cmuihq8em008nh29e1swv1hng","Società Sportiva Lazio S.p.A.","SOURCE_SHOWS_WE_DO_NOT","reassign","reassign: Present in Società Sportiva Lazio S.p.A. FotMob senior squad (shirt #37); previously at Ajax Amsterdam.","none","2023-08-19","N/A",true
"cmuihw44d0cppsexpryon8jpl","Filipe Bordon","1110645","NONE","Unassigned","cmuihq8em008nh29e1swv1hng","Società Sportiva Lazio S.p.A.","SOURCE_SHOWS_WE_DO_NOT","attach","attach: Present in Società Sportiva Lazio S.p.A. FotMob squad (shirt #76); attach detached player.","none","N/A","N/A",true
"cmuihw1bq08z7sexphw2v7j8z","Nicolò Rovella","525704","NONE","Unassigned","cmuihq8em008nh29e1swv1hng","Società Sportiva Lazio S.p.A.","SOURCE_SHOWS_WE_DO_NOT","attach","attach: Present in Società Sportiva Lazio S.p.A. FotMob squad (shirt #6); attach detached player.","none","N/A","N/A",true
"cmuihw1bu090nsexp3dkt13qx","Fisayo Dele-Bashiru","530742","NONE","Unassigned","cmuihq8em008nh29e1swv1hng","Società Sportiva Lazio S.p.A.","SOURCE_SHOWS_WE_DO_NOT","attach","attach: Present in Società Sportiva Lazio S.p.A. FotMob squad (shirt #7); attach detached player.","none","N/A","N/A",true
"FM_1842381","Bruno Galassi","N/A","NONE","Unassigned","cmuihq8em008nh29e1swv1hng","Società Sportiva Lazio S.p.A.","SOURCE_SHOWS_WE_DO_NOT","create new player","create new player: Ingest new senior player from FotMob squad (shirt #8).","none","N/A","N/A",true
"cmuihw2pq0am7sexpikgvy7wl","Romano Floriani Mussolini","708086","NONE","Unassigned","cmuihq8em008nh29e1swv1hng","Società Sportiva Lazio S.p.A.","SOURCE_SHOWS_WE_DO_NOT","attach","attach: Present in Società Sportiva Lazio S.p.A. FotMob squad (shirt #15); attach detached player.","none","N/A","N/A",true
"cmuihvzw507owsexpem8e4psl","Davide Frattesi","394300","cmuihqald009th29eqj2x21un","Inter Milan","cmuihq8em008nh29e1swv1hng","Società Sportiva Lazio S.p.A.","SOURCE_SHOWS_WE_DO_NOT","reassign","reassign: Present in Società Sportiva Lazio S.p.A. FotMob senior squad (shirt #16); previously at Inter Milan.","none","2024-06-30","N/A",true
"cmuihw0js08ilsexppfym2346","Kenneth Taylor","470394","NONE","Unassigned","cmuihq8em008nh29e1swv1hng","Società Sportiva Lazio S.p.A.","SOURCE_SHOWS_WE_DO_NOT","attach","attach: Present in Società Sportiva Lazio S.p.A. FotMob squad (shirt #24); attach detached player.","none","N/A","N/A",true
"cmuihw43t0ca8sexps740q03y","Adrian Przyborek","1018395","NONE","Unassigned","cmuihq8em008nh29e1swv1hng","Società Sportiva Lazio S.p.A.","SOURCE_SHOWS_WE_DO_NOT","attach","attach: Present in Società Sportiva Lazio S.p.A. FotMob squad (shirt #28); attach detached player.","none","N/A","N/A",true
"cmuihvxgc04tosexpmyp62x32","Danilo Cataldi","199733","NONE","Unassigned","cmuihq8em008nh29e1swv1hng","Società Sportiva Lazio S.p.A.","SOURCE_SHOWS_WE_DO_NOT","attach","attach: Present in Società Sportiva Lazio S.p.A. FotMob squad (shirt #32); attach detached player.","none","N/A","N/A",true
"cmuihw3er0bfasexpk3flxw2c","Valerio Farcomeni","866255","NONE","Unassigned","cmuihq8em008nh29e1swv1hng","Società Sportiva Lazio S.p.A.","SOURCE_SHOWS_WE_DO_NOT","attach","attach: Present in Società Sportiva Lazio S.p.A. FotMob squad (shirt #71); attach detached player.","none","N/A","N/A",true
"cmuihvyrc06jksexpq1ckbvha","Andrea Pinamonti","315865","NONE","Unassigned","cmuihq8em008nh29e1swv1hng","Società Sportiva Lazio S.p.A.","SOURCE_SHOWS_WE_DO_NOT","attach","attach: Present in Società Sportiva Lazio S.p.A. FotMob squad (shirt #9); attach detached player.","none","N/A","N/A",true
"cmuihw1d4098rsexply019i2m","Matteo Cancellieri","550106","NONE","Unassigned","cmuihq8em008nh29e1swv1hng","Società Sportiva Lazio S.p.A.","SOURCE_SHOWS_WE_DO_NOT","attach","attach: Present in Società Sportiva Lazio S.p.A. FotMob squad (shirt #22); attach detached player.","none","N/A","N/A",true
"FM_665188","Albert Guðmundsson","N/A","NONE","Unassigned","cmuihq8em008nh29e1swv1hng","Società Sportiva Lazio S.p.A.","SOURCE_SHOWS_WE_DO_NOT","create new player","create new player: Ingest new senior player from FotMob squad (shirt #80).","none","N/A","N/A",true
"cmuihw3et0bhksexpuut8hk3z","Leonardo Bovo","884228","cmuihqald009th29eqj2x21un","Inter Milan","NONE","Unassigned","WE_SHOW_SOURCE_DOES_NOT","detach","detach: Absent from FotMob declared squad for Inter Milan.","none","N/A","N/A",true
"cmuihw3f20bobsexpqmgzywj0","Simone Cinquegrano","919669","cmuihqald009th29eqj2x21un","Inter Milan","cmuihqd7y00b9h29e7s5ob4n6","US Sassuolo","WE_SHOW_SOURCE_DOES_NOT","reassign","reassign: Player is registered in US Sassuolo current FotMob squad (shirt #46).","none","N/A","N/A",true
"cmuihvxg804rusexp0ndeh0sa","Ivan Provedel","197929","cmuihq8em008nh29e1swv1hng","Società Sportiva Lazio S.p.A.","cmuihqald009th29eqj2x21un","Inter Milan","SOURCE_SHOWS_WE_DO_NOT","reassign","reassign: Present in Inter Milan FotMob senior squad (shirt #49); previously at Società Sportiva Lazio S.p.A..","none","2022-08-07","N/A",true
"cmuihvxfy04jesexp4f90jxrz","John Stones","186590","cmuihq3vs0069h29ebm5xqhye","Manchester City","cmuihqald009th29eqj2x21un","Inter Milan","SOURCE_SHOWS_WE_DO_NOT","reassign","reassign: Present in Inter Milan FotMob senior squad (shirt #6); previously at Manchester City.","none","2016-08-08","N/A",true
"cmuihvyqt063osexpxnjl0axh","Manuel Akanji","284730","cmuihq3vs0069h29ebm5xqhye","Manchester City","cmuihqald009th29eqj2x21un","Inter Milan","SOURCE_SHOWS_WE_DO_NOT","reassign","reassign: Present in Inter Milan FotMob senior squad (shirt #25); previously at Manchester City.","none","2026-06-30","N/A",true
"cmuihw0k208mqsexpa280gxoz","Djed Spence","483348","cmuihpzs8003vh29eyrxt8nk5","Tottenham Hotspur","cmuihqald009th29eqj2x21un","Inter Milan","SOURCE_SHOWS_WE_DO_NOT","reassign","reassign: Present in Inter Milan FotMob senior squad (shirt #99); previously at Tottenham Hotspur.","none","2024-06-29","N/A",true
"FM_1410437","Aleksandar Stanković","N/A","NONE","Unassigned","cmuihqald009th29eqj2x21un","Inter Milan","SOURCE_SHOWS_WE_DO_NOT","create new player","create new player: Ingest new senior player from FotMob squad (shirt #5).","none","N/A","N/A",true
"cmuihw0it085osexput721p1b","Curtis Jones","433188","cmuihq5k0006zh29erp4cykkk","Liverpool FC","cmuihqald009th29eqj2x21un","Inter Milan","SOURCE_SHOWS_WE_DO_NOT","reassign","reassign: Present in Inter Milan FotMob senior squad (shirt #21); previously at Liverpool FC.","none","2020-06-30","N/A",true
"cmuihw43r0c8ssexpnzrx5z18","Mattia Mosconi","1008570","NONE","Unassigned","cmuihqald009th29eqj2x21un","Inter Milan","SOURCE_SHOWS_WE_DO_NOT","attach","attach: Present in Inter Milan FotMob squad (shirt #48); attach detached player.","none","N/A","N/A",true
"cmuihvwrn03qysexp86fqncas","Marten de Roon","133179","cmuihqf7m00ceh29eo8vo509b","Atalanta BC","cmuihoj9l0025b23fj4mplye4","Associazione Sportiva Roma","WE_SHOW_SOURCE_DOES_NOT","reassign","reassign: Player is registered in Associazione Sportiva Roma current FotMob squad (shirt #15).","none","2017-08-09","N/A",true
"cmuihvwsb047qsexpe1tqmgdo","Berat Djimsiti","165513","cmuihqf7m00ceh29eo8vo509b","Atalanta BC","NONE","Unassigned","WE_SHOW_SOURCE_DOES_NOT","detach","detach: Absent from FotMob declared squad for Atalanta BC.","none","2018-06-29","N/A",true
"cmuihvwrh03lcsexphzwung5q","Francesco Rossi","126634","cmuihqf7m00ceh29eo8vo509b","Atalanta BC","NONE","Unassigned","WE_SHOW_SOURCE_DOES_NOT","detach","detach: Absent from FotMob declared squad for Atalanta BC.","none","2017-01-22","N/A",true
"cmuihw3fa0bu4sexplw21ak3y","Pietro Comi","936753","cmuihqf7m00ceh29eo8vo509b","Atalanta BC","NONE","Unassigned","WE_SHOW_SOURCE_DOES_NOT","detach","detach: Absent from FotMob declared squad for Atalanta BC.","none","2024-06-30","N/A",true
"cmuihw3fc0bvssexp2w7a4gfh","Relja Obric","940553","cmuihqf7m00ceh29eo8vo509b","Atalanta BC","NONE","Unassigned","WE_SHOW_SOURCE_DOES_NOT","detach","detach: Absent from FotMob declared squad for Atalanta BC.","none","2024-06-30","N/A",true
"cmuihw43y0ce3sexpnki4dzow","Federico Cassa","1048147","cmuihqf7m00ceh29eo8vo509b","Atalanta BC","NONE","Unassigned","WE_SHOW_SOURCE_DOES_NOT","detach","detach: Absent from FotMob declared squad for Atalanta BC.","none","2024-06-30","N/A",true
"cmuihw3fa0bu1sexp9ppqf1vn","Dominic Vavassori","936739","cmuihqf7m00ceh29eo8vo509b","Atalanta BC","NONE","Unassigned","WE_SHOW_SOURCE_DOES_NOT","detach","detach: Absent from FotMob declared squad for Atalanta BC.","none","2024-06-30","N/A",true
"cmuihw43g0c1isexpsime7r5t","Piotr Pardel","970683","cmuihqf7m00ceh29eo8vo509b","Atalanta BC","NONE","Unassigned","WE_SHOW_SOURCE_DOES_NOT","detach","detach: Absent from FotMob declared squad for Atalanta BC.","none","N/A","N/A",true
"FM_2189043","Thomas Pompei","N/A","NONE","Unassigned","cmuihqf7m00ceh29eo8vo509b","Atalanta BC","SOURCE_SHOWS_WE_DO_NOT","create new player","create new player: Ingest new senior player from FotMob squad (shirt #22).","none","N/A","N/A",true
"cmuihvxgc04u5sexp2pwzgd7s","Marco Sportiello","199976","NONE","Unassigned","cmuihqf7m00ceh29eo8vo509b","Atalanta BC","SOURCE_SHOWS_WE_DO_NOT","attach","attach: Present in Atalanta BC FotMob squad (shirt #57); attach detached player.","none","N/A","N/A",true
"cmuihw24g0a3asexp6hg4lfko","Odilon Kossounou","644771","NONE","Unassigned","cmuihqf7m00ceh29eo8vo509b","Atalanta BC","SOURCE_SHOWS_WE_DO_NOT","attach","attach: Present in Atalanta BC FotMob squad (shirt #3); attach detached player.","none","N/A","N/A",true
"cmuihw2pi0ai5sexp1pcdw39q","Thomas Kristensen","698259","cmuihq93e0093h29eq2t4j538","Udinese Calcio","cmuihqf7m00ceh29eo8vo509b","Atalanta BC","SOURCE_SHOWS_WE_DO_NOT","reassign","reassign: Present in Atalanta BC FotMob senior squad (shirt #31); previously at Udinese Calcio.","none","2023-08-31","N/A",true
"cmuihw2q20awxsexpji5h2ceu","Kamaldeen Sulemana","746695","NONE","Unassigned","cmuihqf7m00ceh29eo8vo509b","Atalanta BC","SOURCE_SHOWS_WE_DO_NOT","attach","attach: Present in Atalanta BC FotMob squad (shirt #7); attach detached player.","none","N/A","N/A",true
"cmuihw1bs0901sexpwlpib2pj","Lazar Samardžić","528833","NONE","Unassigned","cmuihqf7m00ceh29eo8vo509b","Atalanta BC","SOURCE_SHOWS_WE_DO_NOT","attach","attach: Present in Atalanta BC FotMob squad (shirt #10); attach detached player.","none","N/A","N/A",true
"cmuihvzwi07v1sexpy08i9vgs","Giacomo Raspadori","405885","NONE","Unassigned","cmuihqf7m00ceh29eo8vo509b","Atalanta BC","SOURCE_SHOWS_WE_DO_NOT","attach","attach: Present in Atalanta BC FotMob squad (shirt #18); attach detached player.","none","N/A","N/A",true
"FM_579747","Franck Kessié","N/A","NONE","Unassigned","cmuihqf7m00ceh29eo8vo509b","Atalanta BC","SOURCE_SHOWS_WE_DO_NOT","create new player","create new player: Ingest new senior player from FotMob squad (shirt #19).","none","N/A","N/A",true
"cmuihw2pq0amesexpirxfh4n9","Lorenzo Bernasconi","708635","NONE","Unassigned","cmuihqf7m00ceh29eo8vo509b","Atalanta BC","SOURCE_SHOWS_WE_DO_NOT","attach","attach: Present in Atalanta BC FotMob squad (shirt #47); attach detached player.","none","N/A","N/A",true
"cmuihw1d4098ssexpg50ohxhj","Nicola Zalewski","550108","NONE","Unassigned","cmuihqf7m00ceh29eo8vo509b","Atalanta BC","SOURCE_SHOWS_WE_DO_NOT","attach","attach: Present in Atalanta BC FotMob squad (shirt #59); attach detached player.","none","N/A","N/A",true
"cmuihvzbj078usexpv4jusedw","Gianluca Gaetano","358008","NONE","Unassigned","cmuihqf7m00ceh29eo8vo509b","Atalanta BC","SOURCE_SHOWS_WE_DO_NOT","attach","attach: Present in Atalanta BC FotMob squad (shirt #70); attach detached player.","none","N/A","N/A",true
"cmuihvzwe07svsexpps0dvbqo","Eljif Elmas","400489","NONE","Unassigned","cmuihqf7m00ceh29eo8vo509b","Atalanta BC","SOURCE_SHOWS_WE_DO_NOT","attach","attach: Present in Atalanta BC FotMob squad (shirt #99); attach detached player.","none","N/A","N/A",true
"cmuihw24s0acssexpva15olol","Jonathan Rowe","672381","NONE","Unassigned","cmuihqf7m00ceh29eo8vo509b","Atalanta BC","SOURCE_SHOWS_WE_DO_NOT","attach","attach: Present in Atalanta BC FotMob squad (shirt #11); attach detached player.","none","N/A","N/A",true
"cmuihw0iv086asexp7r7bb512","Nikola Krstović","434433","NONE","Unassigned","cmuihqf7m00ceh29eo8vo509b","Atalanta BC","SOURCE_SHOWS_WE_DO_NOT","attach","attach: Present in Atalanta BC FotMob squad (shirt #90); attach detached player.","none","N/A","N/A",true
"cmuihvy600562sexp6l761g0f","Patrick Roberts","225452","cmuihq47i006bh29e3kejf8oh","Sunderland AFC","NONE","Unassigned","WE_SHOW_SOURCE_DOES_NOT","detach","detach: Absent from FotMob declared squad for Sunderland AFC.","none","N/A","N/A",true
"cmuihvxfr04fmsexpz8ip92lm","Arthur Masuaku","181380","cmuihq47i006bh29e3kejf8oh","Sunderland AFC","NONE","Unassigned","WE_SHOW_SOURCE_DOES_NOT","detach","detach: Absent from FotMob declared squad for Sunderland AFC.","none","2026-06-29","N/A",true
"cmuihvy6d05fwsexps6ao0kmp","Reinildo Mandava","240692","cmuihq47i006bh29e3kejf8oh","Sunderland AFC","NONE","Unassigned","WE_SHOW_SOURCE_DOES_NOT","detach","detach: Absent from FotMob declared squad for Sunderland AFC.","none","2025-07-07","N/A",true
"cmuihw1d909blsexp70m523f7","Niall Huggins","559801","cmuihq47i006bh29e3kejf8oh","Sunderland AFC","NONE","Unassigned","WE_SHOW_SOURCE_DOES_NOT","detach","detach: Absent from FotMob declared squad for Sunderland AFC.","none","N/A","N/A",true
"cmuihw24n0a8qsexp2jjo0bg7","Leo Hjelde","661208","cmuihq47i006bh29e3kejf8oh","Sunderland AFC","NONE","Unassigned","WE_SHOW_SOURCE_DOES_NOT","detach","detach: Absent from FotMob declared squad for Sunderland AFC.","none","N/A","N/A",true
"cmuihw3ej0bawsexpp8y53li6","Luís Semedo","840687","cmuihq47i006bh29e3kejf8oh","Sunderland AFC","NONE","Unassigned","WE_SHOW_SOURCE_DOES_NOT","detach","detach: Absent from FotMob declared squad for Sunderland AFC.","none","2026-06-29","N/A",true
"cmuihw3fa0buosexpy22z1wir","Harrison Jones","937840","cmuihq47i006bh29e3kejf8oh","Sunderland AFC","NONE","Unassigned","WE_SHOW_SOURCE_DOES_NOT","detach","detach: Absent from FotMob declared squad for Sunderland AFC.","none","2025-06-30","N/A",true
"cmuihw43g0c15sexpjzcvyrj0","Eliezer Mayenda","967346","cmuihq47i006bh29e3kejf8oh","Sunderland AFC","cmuihq3s40065h29eahz6rosv","Stade Rennais FC","WE_SHOW_SOURCE_DOES_NOT","reassign","reassign: Player is registered in Stade Rennais FC current FotMob squad (shirt #12).","none","2024-05-30","N/A",true
"cmuihw0jv08k4sexp1b3es0gk","Anthony Patterson","475946","cmuihq47i006bh29e3kejf8oh","Sunderland AFC","NONE","Unassigned","WE_SHOW_SOURCE_DOES_NOT","detach","detach: Absent from FotMob declared squad for Sunderland AFC.","none","N/A","N/A",true
"cmuihw1ct094nsexpn292sopa","Timothée Pembélé","538998","cmuihq47i006bh29e3kejf8oh","Sunderland AFC","cmuihqelr00bzh29ek4d30ziu","Le Havre AC","WE_SHOW_SOURCE_DOES_NOT","reassign","reassign: Player is registered in Le Havre AC current FotMob squad (shirt #32).","none","2026-06-29","N/A",true
"cmuihw1dl09fvsexp5iwovlag","Dan Neil","570336","cmuihq47i006bh29e3kejf8oh","Sunderland AFC","NONE","Unassigned","WE_SHOW_SOURCE_DOES_NOT","detach","detach: Absent from FotMob declared squad for Sunderland AFC.","none","N/A","N/A",true
"cmuihw24509umsexpa3a2cicf","Jenson Seelt","617755","cmuihq47i006bh29e3kejf8oh","Sunderland AFC","NONE","Unassigned","WE_SHOW_SOURCE_DOES_NOT","detach","detach: Absent from FotMob declared squad for Sunderland AFC.","none","2026-06-29","N/A",true
"cmuihw24l0a7psexpg8yiw4co","Simon Adingra","658536","cmuihq47i006bh29e3kejf8oh","Sunderland AFC","cmuihqce400ath29e227zx42b","Ajax Amsterdam","WE_SHOW_SOURCE_DOES_NOT","reassign","reassign: Player is registered in Ajax Amsterdam current FotMob squad (shirt #7).","none","2026-06-29","N/A",true
"cmuihw4490cljsexpzx9qmhc4","Timur Tuterov","1079078","cmuihq47i006bh29e3kejf8oh","Sunderland AFC","NONE","Unassigned","WE_SHOW_SOURCE_DOES_NOT","detach","detach: Absent from FotMob declared squad for Sunderland AFC.","none","N/A","N/A",true
"cmuihw3f20bossexp0tx1r70j","Ben Middlemas","922463","cmuihq47i006bh29e3kejf8oh","Sunderland AFC","NONE","Unassigned","WE_SHOW_SOURCE_DOES_NOT","detach","detach: Absent from FotMob declared squad for Sunderland AFC.","none","N/A","N/A",true
"cmuihw43s0c9xsexpui2fmckc","Ahmed Abdullahi","1015619","cmuihq47i006bh29e3kejf8oh","Sunderland AFC","NONE","Unassigned","WE_SHOW_SOURCE_DOES_NOT","detach","detach: Absent from FotMob declared squad for Sunderland AFC.","none","2024-08-29","N/A",true
"cmuihw4rw0d57sexp7wx2eela","Jocelin Ta Bi","1322090","cmuihq47i006bh29e3kejf8oh","Sunderland AFC","NONE","Unassigned","WE_SHOW_SOURCE_DOES_NOT","detach","detach: Absent from FotMob declared squad for Sunderland AFC.","none","2026-01-15","N/A",true
"cmuihvyqf05t9sexp63jcfzz0","Kevin Danso","263236","NONE","Unassigned","cmuihq47i006bh29e3kejf8oh","Sunderland AFC","SOURCE_SHOWS_WE_DO_NOT","attach","attach: Present in Sunderland AFC FotMob squad (shirt #4); attach detached player.","none","N/A","N/A",true
"cmuihvvwa037psexp6r03oyv9","Thomas Meunier","100986","NONE","Unassigned","cmuihq47i006bh29e3kejf8oh","Sunderland AFC","SOURCE_SHOWS_WE_DO_NOT","attach","attach: Present in Sunderland AFC FotMob squad (shirt #12); attach detached player.","none","N/A","N/A",true
"FM_600524","Reinildo","N/A","NONE","Unassigned","cmuihq47i006bh29e3kejf8oh","Sunderland AFC","SOURCE_SHOWS_WE_DO_NOT","create new player","create new player: Ingest new senior player from FotMob squad (shirt #17).","none","N/A","N/A",true
"FM_963940","Ajibola Alese","N/A","NONE","Unassigned","cmuihq47i006bh29e3kejf8oh","Sunderland AFC","SOURCE_SHOWS_WE_DO_NOT","create new player","create new player: Ingest new senior player from FotMob squad (shirt #42).","none","N/A","N/A",true
"cmuihw4ri0cyvsexpheoha5q5","Dayann Methalie","1191444","cmuihq9dj0097h29elsved1su","FC Toulouse","cmuihq47i006bh29e3kejf8oh","Sunderland AFC","SOURCE_SHOWS_WE_DO_NOT","reassign","reassign: Present in Sunderland AFC FotMob senior squad (shirt #6); previously at FC Toulouse.","none","2025-06-30","N/A",true
"FM_434498","Alan Browne","N/A","NONE","Unassigned","cmuihq47i006bh29e3kejf8oh","Sunderland AFC","SOURCE_SHOWS_WE_DO_NOT","create new player","create new player: Ingest new senior player from FotMob squad (shirt #8).","none","N/A","N/A",true
"FM_1811265","Jules Ahoka","N/A","NONE","Unassigned","cmuihq47i006bh29e3kejf8oh","Sunderland AFC","SOURCE_SHOWS_WE_DO_NOT","create new player","create new player: Ingest new senior player from FotMob squad (shirt #29).","none","N/A","N/A",true
"FM_1829355","Juan Angulo","N/A","NONE","Unassigned","cmuihq47i006bh29e3kejf8oh","Sunderland AFC","SOURCE_SHOWS_WE_DO_NOT","create new player","create new player: Ingest new academy player from FotMob squad (shirt #none).","none","N/A","N/A",false
"FM_1287010","Nilson Angulo","N/A","NONE","Unassigned","cmuihq47i006bh29e3kejf8oh","Sunderland AFC","SOURCE_SHOWS_WE_DO_NOT","create new player","create new player: Ingest new senior player from FotMob squad (shirt #10).","none","N/A","N/A",true
"cmuihw2q00avasexpsu0jz5ar","Malick Fofana","743386","cmuihnsd9000tb23f30w9l9tm","Olympique Lyon","cmuihq47i006bh29e3kejf8oh","Sunderland AFC","SOURCE_SHOWS_WE_DO_NOT","reassign","reassign: Present in Sunderland AFC FotMob senior squad (shirt #39); previously at Olympique Lyon.","none","2024-01-09","N/A",true
"cmuihw43o0c6bsexp9qshid9u","Jacopo Sardo","993212","cmuihqb6900a7h29eb12tdj1t","AC Milan","NONE","Unassigned","WE_SHOW_SOURCE_DOES_NOT","detach","detach: Absent from FotMob declared squad for AC Milan.","none","N/A","N/A",true
"FM_2022740","Leo Paul Bouyer","N/A","NONE","Unassigned","cmuihqb6900a7h29eb12tdj1t","AC Milan","SOURCE_SHOWS_WE_DO_NOT","create new player","create new player: Ingest new senior player from FotMob squad (shirt #41).","none","N/A","N/A",true
"FM_1669433","Sankhoun Diawara","N/A","NONE","Unassigned","cmuihqb6900a7h29eb12tdj1t","AC Milan","SOURCE_SHOWS_WE_DO_NOT","create new player","create new player: Ingest new senior player from FotMob squad (shirt #13).","none","N/A","N/A",true
"cmuihw24509uvsexpnr7e46y3","Mario Gila","618341","cmuihq8em008nh29e1swv1hng","Società Sportiva Lazio S.p.A.","cmuihqb6900a7h29eb12tdj1t","AC Milan","SOURCE_SHOWS_WE_DO_NOT","reassign","reassign: Present in AC Milan FotMob senior squad (shirt #34); previously at Società Sportiva Lazio S.p.A..","none","2022-07-11","N/A",true
"cmuihw4r30csqsexpd2jyxceg","Valeri Vladimirov","1136279","NONE","Unassigned","cmuihqb6900a7h29eb12tdj1t","AC Milan","SOURCE_SHOWS_WE_DO_NOT","attach","attach: Present in AC Milan FotMob squad (shirt #35); attach detached player.","none","N/A","N/A",true
"FM_1787535","Christian Comotto","N/A","NONE","Unassigned","cmuihqb6900a7h29eb12tdj1t","AC Milan","SOURCE_SHOWS_WE_DO_NOT","create new player","create new player: Ingest new senior player from FotMob squad (shirt #28).","none","N/A","N/A",true
"cmuihw43f0c0isexpj2ajfmp7","Alphadjo Cissè","964087","NONE","Unassigned","cmuihqb6900a7h29eb12tdj1t","AC Milan","SOURCE_SHOWS_WE_DO_NOT","attach","attach: Present in AC Milan FotMob squad (shirt #70); attach detached player.","none","N/A","N/A",true
"cmuihw1d4098wsexp89s4yr4m","Gonçalo Ramos","550550","cmuihqbws00ajh29e1ujz5fht","Paris Saint-Germain","cmuihqb6900a7h29eb12tdj1t","AC Milan","SOURCE_SHOWS_WE_DO_NOT","reassign","reassign: Present in AC Milan FotMob senior squad (shirt #9); previously at Paris Saint-Germain.","none","2023-12-31","N/A",true
"cmuihw2pz0aulsexpujgcu4g1","Omari Hutchinson","741238","NONE","Unassigned","cmuihqb6900a7h29eb12tdj1t","AC Milan","SOURCE_SHOWS_WE_DO_NOT","attach","attach: Present in AC Milan FotMob squad (shirt #20); attach detached player.","none","N/A","N/A",true
"cmuihw24k0a6gsexpuc6683wc","Diego Moreira","655006","cmuihqd8900bbh29em5y4p2o4","RC Strasbourg Alsace","cmuihqb6900a7h29eb12tdj1t","AC Milan","SOURCE_SHOWS_WE_DO_NOT","reassign","reassign: Present in AC Milan FotMob senior squad (shirt #22); previously at RC Strasbourg Alsace.","none","2024-08-15","N/A",true
"FM_1794177","Cheveyo Mul-Balentien","N/A","NONE","Unassigned","cmuihqb6900a7h29eb12tdj1t","AC Milan","SOURCE_SHOWS_WE_DO_NOT","create new player","create new player: Ingest new senior player from FotMob squad (shirt #25).","none","N/A","N/A",true
"cmuihw24o0aabsexpki4cuxwz","Ronnie Hollingshead","667490","cmuihq8vi008xh29edz4vg4xw","Aston Villa","NONE","Unassigned","WE_SHOW_SOURCE_DOES_NOT","detach","detach: Absent from FotMob declared squad for Aston Villa.","none","N/A","N/A",true
"cmuihw0is0857sexpky0i4v42","Zion Suzuki","432298","cmuihouiw002pb23fjq3m9qng","Parma Calcio 1913","cmuihq8vi008xh29edz4vg4xw","Aston Villa","SOURCE_SHOWS_WE_DO_NOT","reassign","reassign: Present in Aston Villa FotMob senior squad (shirt #1); previously at Parma Calcio 1913.","none","2024-07-14","N/A",true
"cmuihw0k908sysexp1djixsok","Taylor Harwood-Bellis","503977","NONE","Unassigned","cmuihq8vi008xh29edz4vg4xw","Aston Villa","SOURCE_SHOWS_WE_DO_NOT","attach","attach: Present in Aston Villa FotMob squad (shirt #4); attach detached player.","none","N/A","N/A",true
"cmuihw24409u6sexpti4q2ldj","Matteo Ruggeri","616631","NONE","Unassigned","cmuihq8vi008xh29edz4vg4xw","Aston Villa","SOURCE_SHOWS_WE_DO_NOT","attach","attach: Present in Aston Villa FotMob squad (shirt #13); attach detached player.","none","N/A","N/A",true
"cmuihw0jy08ktsexp0la5teas","Aaron Wan-Bissaka","477758","cmuihq7mj0089h29e0q3gm3nk","West Ham United","cmuihq8vi008xh29edz4vg4xw","Aston Villa","SOURCE_SHOWS_WE_DO_NOT","reassign","reassign: Present in Aston Villa FotMob senior squad (shirt #29); previously at West Ham United.","none","2024-08-12","N/A",true
"FM_1714552","Modou Kéba Cissé","N/A","NONE","Unassigned","cmuihq8vi008xh29edz4vg4xw","Aston Villa","SOURCE_SHOWS_WE_DO_NOT","create new player","create new player: Ingest new senior player from FotMob squad (shirt #48).","none","N/A","N/A",true
"cmuihvwrz03zgsexpuj9kiyen","Leon Goretzka","153084","cmuihq3qa0061h29eyxx4xw43","Bayern Munich","cmuihq8vi008xh29edz4vg4xw","Aston Villa","SOURCE_SHOWS_WE_DO_NOT","reassign","reassign: Present in Aston Villa FotMob senior squad (shirt #27); previously at Bayern Munich.","none","2018-06-30","N/A",true
"cmuihw2py0atdsexpdepfhuvq","João Gomes","735570","cmuihqbq700ahh29euibcxp0b","Wolverhampton Wanderers","cmuihq8vi008xh29edz4vg4xw","Aston Villa","SOURCE_SHOWS_WE_DO_NOT","reassign","reassign: Present in Aston Villa FotMob senior squad (shirt #35); previously at Wolverhampton Wanderers.","none","2023-01-29","N/A",true
"cmuihw3f50bq9sexpufbun6ue","Johan Manzambi","927353","cmuihqc7a00anh29ekc5foq1r","SC Freiburg","cmuihq8vi008xh29edz4vg4xw","Aston Villa","SOURCE_SHOWS_WE_DO_NOT","reassign","reassign: Present in Aston Villa FotMob senior squad (shirt #44); previously at SC Freiburg.","none","2024-06-30","N/A",true
"cmuihw43u0causexpww52xv2c","George Hemmings","1023191","NONE","Unassigned","cmuihq8vi008xh29edz4vg4xw","Aston Villa","SOURCE_SHOWS_WE_DO_NOT","attach","attach: Present in Aston Villa FotMob squad (shirt #53); attach detached player.","none","N/A","N/A",true
"cmuihw2q80azisexph36zzipm","Nicolas Jackson","776890","cmuihqcpo00b1h29edf8q9ksb","Chelsea FC","cmuihq8vi008xh29edz4vg4xw","Aston Villa","SOURCE_SHOWS_WE_DO_NOT","reassign","reassign: Present in Aston Villa FotMob senior squad (shirt #11); previously at Chelsea FC.","none","2026-06-29","N/A",true
"cmuihw2qf0b52sexpn07mu3sh","Alejandro Garnacho","811779","cmuihqcpo00b1h29edf8q9ksb","Chelsea FC","cmuihq8vi008xh29edz4vg4xw","Aston Villa","SOURCE_SHOWS_WE_DO_NOT","reassign","reassign: Present in Aston Villa FotMob senior squad (shirt #17); previously at Chelsea FC.","none","2025-08-29","N/A",true
"FM_749661","Tammy Abraham","N/A","NONE","Unassigned","cmuihq8vi008xh29edz4vg4xw","Aston Villa","SOURCE_SHOWS_WE_DO_NOT","create new player","create new player: Ingest new senior player from FotMob squad (shirt #18).","none","N/A","N/A",true
"cmuihw4rg0cxwsexp41fcbuke","Ibrahim Mbaye","1185888","cmuihqbws00ajh29e1ujz5fht","Paris Saint-Germain","cmuihq8vi008xh29edz4vg4xw","Aston Villa","SOURCE_SHOWS_WE_DO_NOT","reassign","reassign: Present in Aston Villa FotMob senior squad (shirt #19); previously at Paris Saint-Germain.","none","2025-06-30","N/A",true
"cmuihw4rm0d0vsexpeqhueb89","Brian Madjo","1226357","NONE","Unassigned","cmuihq8vi008xh29edz4vg4xw","Aston Villa","SOURCE_SHOWS_WE_DO_NOT","attach","attach: Present in Aston Villa FotMob squad (shirt #39); attach detached player.","none","N/A","N/A",true
"FM_1656860","Alysson Edward","N/A","NONE","Unassigned","cmuihq8vi008xh29edz4vg4xw","Aston Villa","SOURCE_SHOWS_WE_DO_NOT","create new player","create new player: Ingest new senior player from FotMob squad (shirt #47).","none","N/A","N/A",true
"cmuihw3fd0bx2sexphjywk1ei","Alex Almansa","946269","cmuihqdqh00bnh29e1s0pnnhq","RCD Espanyol Barcelona","NONE","Unassigned","WE_SHOW_SOURCE_DOES_NOT","detach","detach: Absent from FotMob declared squad for RCD Espanyol Barcelona.","none","2024-07-18","N/A",true
"cmuihw24a09yysexpxqjef35v","Pablo Ramón","629511","cmuihqdqh00bnh29e1s0pnnhq","RCD Espanyol Barcelona","cmundu78o0003zjoefys30gje","Racing Santander","WE_SHOW_SOURCE_DOES_NOT","reassign","reassign: Player is registered in Racing Santander current FotMob squad (shirt #5).","none","N/A","N/A",true
"cmuihw4r90cuasexplzlx8ugh","Adama Timera","1154003","cmuihqdqh00bnh29e1s0pnnhq","RCD Espanyol Barcelona","NONE","Unassigned","WE_SHOW_SOURCE_DOES_NOT","detach","detach: Absent from FotMob declared squad for RCD Espanyol Barcelona.","none","N/A","N/A",true
"cmuihw3ei0ba7sexp6awjlze7","Antoniu Roca","834744","cmuihqdqh00bnh29e1s0pnnhq","RCD Espanyol Barcelona","NONE","Unassigned","WE_SHOW_SOURCE_DOES_NOT","detach","detach: Absent from FotMob declared squad for RCD Espanyol Barcelona.","none","2024-06-30","N/A",true
"cmuihw4r40ct1sexprbj4plqo","Llorenç Serred","1141128","cmuihqdqh00bnh29e1s0pnnhq","RCD Espanyol Barcelona","NONE","Unassigned","WE_SHOW_SOURCE_DOES_NOT","detach","detach: Absent from FotMob declared squad for RCD Espanyol Barcelona.","none","N/A","N/A",true
"cmuihvvw3034ssexposoxn0ut","Marko Dmitrovic","94308","NONE","Unassigned","cmuihqdqh00bnh29e1s0pnnhq","RCD Espanyol Barcelona","SOURCE_SHOWS_WE_DO_NOT","attach","attach: Present in RCD Espanyol Barcelona FotMob squad (shirt #13); attach detached player.","none","N/A","N/A",true
"cmuihw24009q4sexp3eqkgc10","Pol Tristán","605528","NONE","Unassigned","cmuihqdqh00bnh29e1s0pnnhq","RCD Espanyol Barcelona","SOURCE_SHOWS_WE_DO_NOT","attach","attach: Present in RCD Espanyol Barcelona FotMob squad (shirt #30); attach detached player.","none","N/A","N/A",true
"cmuihvyqx067dsexp4oz087qa","Andoni Gorosabel","289255","cmuihqcpi00azh29e0ihjlfsq","Athletic Bilbao","cmuihqdqh00bnh29e1s0pnnhq","RCD Espanyol Barcelona","SOURCE_SHOWS_WE_DO_NOT","reassign","reassign: Present in RCD Espanyol Barcelona FotMob senior squad (shirt #2); previously at Athletic Bilbao.","none","2024-06-30","N/A",true
"cmuihw1bg08w2sexpjxsdx8my","Quilindschy Hartman","514285","cmuihoaiv001rb23fn6cviuyz","Burnley FC","cmuihqdqh00bnh29e1s0pnnhq","RCD Espanyol Barcelona","SOURCE_SHOWS_WE_DO_NOT","reassign","reassign: Present in RCD Espanyol Barcelona FotMob senior squad (shirt #3); previously at Burnley FC.","none","2025-06-30","N/A",true
"cmuihw2pg0ag8sexpgjj7j0fk","Clemens Riedel","692070","NONE","Unassigned","cmuihqdqh00bnh29e1s0pnnhq","RCD Espanyol Barcelona","SOURCE_SHOWS_WE_DO_NOT","attach","attach: Present in RCD Espanyol Barcelona FotMob squad (shirt #5); attach detached player.","none","N/A","N/A",true
"cmuihvzb006uisexp9qk8xyvx","Unai Núñez","338285","cmuihqg9e00czh29eqgxwp7l7","Celta de Vigo","cmuihqdqh00bnh29e1s0pnnhq","RCD Espanyol Barcelona","SOURCE_SHOWS_WE_DO_NOT","reassign","reassign: Present in RCD Espanyol Barcelona FotMob senior squad (shirt #14); previously at Celta de Vigo.","none","2026-06-29","N/A",true
"FM_955204","Vanja Drkušić","N/A","NONE","Unassigned","cmuihqdqh00bnh29e1s0pnnhq","RCD Espanyol Barcelona","SOURCE_SHOWS_WE_DO_NOT","create new player","create new player: Ingest new senior player from FotMob squad (shirt #16).","none","N/A","N/A",true
"FM_1187767","Urko González","N/A","NONE","Unassigned","cmuihqdqh00bnh29e1s0pnnhq","RCD Espanyol Barcelona","SOURCE_SHOWS_WE_DO_NOT","create new player","create new player: Ingest new senior player from FotMob squad (shirt #4).","none","N/A","N/A",true
"cmuihw44a0cmtsexpd1sy139b","Gabriel Moscardo","1086636","NONE","Unassigned","cmuihqdqh00bnh29e1s0pnnhq","RCD Espanyol Barcelona","SOURCE_SHOWS_WE_DO_NOT","attach","attach: Present in RCD Espanyol Barcelona FotMob squad (shirt #20); attach detached player.","none","N/A","N/A",true
"cmuihw2pu0aq3sexpwnlqx3vb","Roberto Fernández","720518","NONE","Unassigned","cmuihqdqh00bnh29e1s0pnnhq","RCD Espanyol Barcelona","SOURCE_SHOWS_WE_DO_NOT","attach","attach: Present in RCD Espanyol Barcelona FotMob squad (shirt #9); attach detached player.","none","N/A","N/A",true
"cmuihw2ps0aogsexp9y28iv8f","Bryan Zaragoza","713644","cmuihq3qa0061h29eyxx4xw43","Bayern Munich","cmuihqdqh00bnh29e1s0pnnhq","RCD Espanyol Barcelona","SOURCE_SHOWS_WE_DO_NOT","reassign","reassign: Present in RCD Espanyol Barcelona FotMob senior squad (shirt #15); previously at Bayern Munich.","none","2026-06-29","N/A",true
"cmuihw3fe0bxfsexpvo50hrxi","Marcos Fernández","947432","NONE","Unassigned","cmuihqdqh00bnh29e1s0pnnhq","RCD Espanyol Barcelona","SOURCE_SHOWS_WE_DO_NOT","attach","attach: Present in RCD Espanyol Barcelona FotMob squad (shirt #18); attach detached player.","none","N/A","N/A",true
"cmuihvvw2034esexppnv0exog","Kike García","93936","NONE","Unassigned","cmuihqdqh00bnh29e1s0pnnhq","RCD Espanyol Barcelona","SOURCE_SHOWS_WE_DO_NOT","attach","attach: Present in RCD Espanyol Barcelona FotMob squad (shirt #19); attach detached player.","none","N/A","N/A",true
"cmuihw24c0a08sexpmjgkz3tv","Álex Calatrava","633111","NONE","Unassigned","cmuihqdqh00bnh29e1s0pnnhq","RCD Espanyol Barcelona","SOURCE_SHOWS_WE_DO_NOT","attach","attach: Present in RCD Espanyol Barcelona FotMob squad (shirt #22); attach detached player.","none","N/A","N/A",true
"cmuihw24i0a4bsexpncqdyh1s","Tyrhys Dolan","647435","NONE","Unassigned","cmuihqdqh00bnh29e1s0pnnhq","RCD Espanyol Barcelona","SOURCE_SHOWS_WE_DO_NOT","attach","attach: Present in RCD Espanyol Barcelona FotMob squad (shirt #24); attach detached player.","none","N/A","N/A",true
"cmuihw2pz0audsexpxp5f8s17","Eldin Lolic","740517","NONE","Unassigned","cmuihqgcj00d1h29e5nz2aiov","Frosinone Calcio","SOURCE_SHOWS_WE_DO_NOT","attach","attach: Present in Frosinone Calcio FotMob squad (shirt #N/A); attach detached player.","none","N/A","N/A",false
"FM_415425","Matteo Pisseri","N/A","NONE","Unassigned","cmuihqgcj00d1h29e5nz2aiov","Frosinone Calcio","SOURCE_SHOWS_WE_DO_NOT","create new player","create new player: Ingest new senior player from FotMob squad (shirt #12).","none","N/A","N/A",true
"cmuihw2po0akwsexp28mwm39s","Lorenzo Palmisani","705355","NONE","Unassigned","cmuihqgcj00d1h29e5nz2aiov","Frosinone Calcio","SOURCE_SHOWS_WE_DO_NOT","attach","attach: Present in Frosinone Calcio FotMob squad (shirt #22); attach detached player.","none","N/A","N/A",true
"cmuihw1df09e4sexp3d3qso24","Sebastiano Desplanches","567465","NONE","Unassigned","cmuihqgcj00d1h29e5nz2aiov","Frosinone Calcio","SOURCE_SHOWS_WE_DO_NOT","attach","attach: Present in Frosinone Calcio FotMob squad (shirt #91); attach detached player.","none","N/A","N/A",true
"cmuihw24409u5sexpp8y2x4kz","Giorgio Cittadini","616628","NONE","Unassigned","cmuihqgcj00d1h29e5nz2aiov","Frosinone Calcio","SOURCE_SHOWS_WE_DO_NOT","attach","attach: Present in Frosinone Calcio FotMob squad (shirt #2); attach detached player.","none","N/A","N/A",true
"FM_1415326","Gabriele Calvani","N/A","NONE","Unassigned","cmuihqgcj00d1h29e5nz2aiov","Frosinone Calcio","SOURCE_SHOWS_WE_DO_NOT","create new player","create new player: Ingest new senior player from FotMob squad (shirt #3).","none","N/A","N/A",true
"cmuihw3ef0b7bsexp2uy3jvfx","Wisdom Amey","818878","NONE","Unassigned","cmuihqgcj00d1h29e5nz2aiov","Frosinone Calcio","SOURCE_SHOWS_WE_DO_NOT","attach","attach: Present in Frosinone Calcio FotMob squad (shirt #5); attach detached player.","none","N/A","N/A",true
"cmuihw2qc0b31sexpzf8hbo05","Anthony Oyono","804812","NONE","Unassigned","cmuihqgcj00d1h29e5nz2aiov","Frosinone Calcio","SOURCE_SHOWS_WE_DO_NOT","attach","attach: Present in Frosinone Calcio FotMob squad (shirt #20); attach detached player.","none","N/A","N/A",true
"cmuihvws4043fsexped9uhox1","Kevin Akpoguma","160241","NONE","Unassigned","cmuihqgcj00d1h29e5nz2aiov","Frosinone Calcio","SOURCE_SHOWS_WE_DO_NOT","attach","attach: Present in Frosinone Calcio FotMob squad (shirt #25); attach detached player.","none","N/A","N/A",true
"cmuihw1d4098tsexpf4oregeq","Ilario Monterisi","550116","NONE","Unassigned","cmuihqgcj00d1h29e5nz2aiov","Frosinone Calcio","SOURCE_SHOWS_WE_DO_NOT","attach","attach: Present in Frosinone Calcio FotMob squad (shirt #30); attach detached player.","none","N/A","N/A",true
"FM_992025","Aleksa Terzić","N/A","NONE","Unassigned","cmuihqgcj00d1h29e5nz2aiov","Frosinone Calcio","SOURCE_SHOWS_WE_DO_NOT","create new player","create new player: Ingest new senior player from FotMob squad (shirt #71).","none","N/A","N/A",true
"cmuihw43v0cc6sexpqyba2e9g","Omar Fayed","1036405","NONE","Unassigned","cmuihqgcj00d1h29e5nz2aiov","Frosinone Calcio","SOURCE_SHOWS_WE_DO_NOT","attach","attach: Present in Frosinone Calcio FotMob squad (shirt #74); attach detached player.","none","N/A","N/A",true
"FM_1396091","Gabriele Bracaglia","N/A","NONE","Unassigned","cmuihqgcj00d1h29e5nz2aiov","Frosinone Calcio","SOURCE_SHOWS_WE_DO_NOT","create new player","create new player: Ingest new senior player from FotMob squad (shirt #79).","none","N/A","N/A",true
"cmuihw3ej0bb1sexpll3hwj2g","Enzo Tchato","842338","NONE","Unassigned","cmuihqgcj00d1h29e5nz2aiov","Frosinone Calcio","SOURCE_SHOWS_WE_DO_NOT","attach","attach: Present in Frosinone Calcio FotMob squad (shirt #90); attach detached player.","none","N/A","N/A",true
"cmuihvzb9071wsexp5h6gkkfp","Romano Schmid","346853","cmuihqfqk00cnh29e7bfyem85","SV Werder Bremen","cmuihqgcj00d1h29e5nz2aiov","Frosinone Calcio","SOURCE_SHOWS_WE_DO_NOT","reassign","reassign: Present in Frosinone Calcio FotMob senior squad (shirt #10); previously at SV Werder Bremen.","none","2020-07-30","N/A",true
"cmuihvyr606dysexpft5bv1cl","Giacomo Calò","301235","NONE","Unassigned","cmuihqgcj00d1h29e5nz2aiov","Frosinone Calcio","SOURCE_SHOWS_WE_DO_NOT","attach","attach: Present in Frosinone Calcio FotMob squad (shirt #14); attach detached player.","none","N/A","N/A",true
"FM_1670272","Matteo Cichella","N/A","NONE","Unassigned","cmuihqgcj00d1h29e5nz2aiov","Frosinone Calcio","SOURCE_SHOWS_WE_DO_NOT","create new player","create new player: Ingest new senior player from FotMob squad (shirt #16).","none","N/A","N/A",true
"cmuihw0iu085tsexp4d23shv2","Alessio Zerbin","433584","cmuihqcp500axh29eqi1p52xi","SSC Napoli","cmuihqgcj00d1h29e5nz2aiov","Frosinone Calcio","SOURCE_SHOWS_WE_DO_NOT","reassign","reassign: Present in Frosinone Calcio FotMob senior squad (shirt #24); previously at SSC Napoli.","none","2026-06-29","N/A",true
"cmuihvxg504pmsexp88le02ob","Florian Grillitsch","195736","cmuihnyer0015b23fholjonq1","SC Braga","cmuihqgcj00d1h29e5nz2aiov","Frosinone Calcio","SOURCE_SHOWS_WE_DO_NOT","reassign","reassign: Present in Frosinone Calcio FotMob senior squad (shirt #27); previously at SC Braga.","none","2025-08-28","N/A",true
"cmuihw1eu09mlsexp9pkrk65v","Anouar El Azzouzi","593774","NONE","Unassigned","cmuihqgcj00d1h29e5nz2aiov","Frosinone Calcio","SOURCE_SHOWS_WE_DO_NOT","attach","attach: Present in Frosinone Calcio FotMob squad (shirt #34); attach detached player.","none","N/A","N/A",true
"cmuihw2pv0ar1sexpbx47yn93","Luis Hasa","724178","cmuihqcp500axh29eqi1p52xi","SSC Napoli","cmuihqgcj00d1h29e5nz2aiov","Frosinone Calcio","SOURCE_SHOWS_WE_DO_NOT","reassign","reassign: Present in Frosinone Calcio FotMob senior squad (shirt #70); previously at SSC Napoli.","none","2026-06-29","N/A",true
"cmuihw0jg08dmsexp4lk3fep3","Patrizio Masini","459665","cmuihq3ak005th29eolz9qqct","Genoa CFC","cmuihqgcj00d1h29e5nz2aiov","Frosinone Calcio","SOURCE_SHOWS_WE_DO_NOT","reassign","reassign: Present in Frosinone Calcio FotMob senior squad (shirt #73); previously at Genoa CFC.","none","2024-06-29","N/A",true
"FM_908328","Benjamin Lhassine Kone","N/A","NONE","Unassigned","cmuihqgcj00d1h29e5nz2aiov","Frosinone Calcio","SOURCE_SHOWS_WE_DO_NOT","create new player","create new player: Ingest new senior player from FotMob squad (shirt #92).","none","N/A","N/A",true
"cmuihvzaz06u7sexpyv1txlid","Francesco Gelli","337811","NONE","Unassigned","cmuihqgcj00d1h29e5nz2aiov","Frosinone Calcio","SOURCE_SHOWS_WE_DO_NOT","attach","attach: Present in Frosinone Calcio FotMob squad (shirt #96); attach detached player.","none","N/A","N/A",true
"cmuihw3eu0bi9sexp21rg0152","Farès Ghedjemis","888738","NONE","Unassigned","cmuihqgcj00d1h29e5nz2aiov","Frosinone Calcio","SOURCE_SHOWS_WE_DO_NOT","attach","attach: Present in Frosinone Calcio FotMob squad (shirt #7); attach detached player.","none","N/A","N/A",true
"cmuihw3ef0b7esexp46sp0s75","Antonio Raimondo","818888","NONE","Unassigned","cmuihqgcj00d1h29e5nz2aiov","Frosinone Calcio","SOURCE_SHOWS_WE_DO_NOT","attach","attach: Present in Frosinone Calcio FotMob squad (shirt #9); attach detached player.","none","N/A","N/A",true
"FM_1135820","Daniel Bîrligea","N/A","NONE","Unassigned","cmuihqgcj00d1h29e5nz2aiov","Frosinone Calcio","SOURCE_SHOWS_WE_DO_NOT","create new player","create new player: Ingest new senior player from FotMob squad (shirt #11).","none","N/A","N/A",true
"FM_1581056","Alejandro Cichero","N/A","NONE","Unassigned","cmuihqgcj00d1h29e5nz2aiov","Frosinone Calcio","SOURCE_SHOWS_WE_DO_NOT","create new player","create new player: Ingest new senior player from FotMob squad (shirt #29).","none","N/A","N/A",true
"cmuihw3eq0bf9sexpy1bfcpgm","Seydou Fini","866250","cmuihq3ak005th29eolz9qqct","Genoa CFC","cmuihqgcj00d1h29e5nz2aiov","Frosinone Calcio","SOURCE_SHOWS_WE_DO_NOT","reassign","reassign: Present in Frosinone Calcio FotMob senior squad (shirt #40); previously at Genoa CFC.","none","2024-06-29","N/A",true
"FM_1024946","Tomás Bobček","N/A","NONE","Unassigned","cmuihqgcj00d1h29e5nz2aiov","Frosinone Calcio","SOURCE_SHOWS_WE_DO_NOT","create new player","create new player: Ingest new senior player from FotMob squad (shirt #89).","none","N/A","N/A",true
"cmuihw2q30axosexpvt1rg1t4","Vincent Manuba","747957","cmuihq3qa0061h29eyxx4xw43","Bayern Munich","NONE","Unassigned","WE_SHOW_SOURCE_DOES_NOT","detach","detach: Absent from FotMob declared squad for Bayern Munich.","none","N/A","N/A",true
"cmuihw43r0c8wsexpcszx4fra","Leon Klanac","1009439","NONE","Unassigned","cmuihq3qa0061h29eyxx4xw43","Bayern Munich","SOURCE_SHOWS_WE_DO_NOT","attach","attach: Present in Bayern Munich FotMob squad (shirt #48); attach detached player.","none","N/A","N/A",true
"cmuihw2q00aw7sexpswg6tdpy","Tarek Buchmann","744729","NONE","Unassigned","cmuihq3qa0061h29eyxx4xw43","Bayern Munich","SOURCE_SHOWS_WE_DO_NOT","attach","attach: Present in Bayern Munich FotMob squad (shirt #N/A); attach detached player.","none","N/A","N/A",false
"cmuihw2pg0ag3sexp5rq6fir8","Nathaniel Brown","691892","cmuihq2b80057h29e0r17uj2f","Eintracht Frankfurt","cmuihq3qa0061h29eyxx4xw43","Bayern Munich","SOURCE_SHOWS_WE_DO_NOT","reassign","reassign: Present in Bayern Munich FotMob senior squad (shirt #11); previously at Eintracht Frankfurt.","none","2024-06-29","N/A",true
"cmuihw4rs0d2gsexpu7li44m5","Cassiano Kiala","1259870","NONE","Unassigned","cmuihq3qa0061h29eyxx4xw43","Bayern Munich","SOURCE_SHOWS_WE_DO_NOT","attach","attach: Present in Bayern Munich FotMob squad (shirt #30); attach detached player.","none","N/A","N/A",true
"cmuihw2pk0ajmsexptp44k1b5","Ismael Saibari","702869","cmuihq7yg008dh29eacwmi5po","PSV Eindhoven","cmuihq3qa0061h29eyxx4xw43","Bayern Munich","SOURCE_SHOWS_WE_DO_NOT","reassign","reassign: Present in Bayern Munich FotMob senior squad (shirt #34); previously at PSV Eindhoven.","none","2022-06-30","N/A",true
"cmuihw4rw0d5csexp9aj0gtv4","Erblin Osmani","1330946","NONE","Unassigned","cmuihq3qa0061h29eyxx4xw43","Bayern Munich","SOURCE_SHOWS_WE_DO_NOT","attach","attach: Present in Bayern Munich FotMob squad (shirt #38); attach detached player.","none","N/A","N/A",true
"FM_1798782","Bara Ndiaye","N/A","NONE","Unassigned","cmuihq3qa0061h29eyxx4xw43","Bayern Munich","SOURCE_SHOWS_WE_DO_NOT","create new player","create new player: Ingest new senior player from FotMob squad (shirt #39).","none","N/A","N/A",true
"cmuihw4qy0cqgsexp0m9y3k0d","David Santos Daiber","1118495","NONE","Unassigned","cmuihq3qa0061h29eyxx4xw43","Bayern Munich","SOURCE_SHOWS_WE_DO_NOT","attach","attach: Present in Bayern Munich FotMob squad (shirt #47); attach detached player.","none","N/A","N/A",true
"cmuihw4si0d6nsexps2ky63f4","Bastian Assomo","1379284","NONE","Unassigned","cmuihq3qa0061h29eyxx4xw43","Bayern Munich","SOURCE_SHOWS_WE_DO_NOT","attach","attach: Present in Bayern Munich FotMob squad (shirt #48); attach detached player.","none","N/A","N/A",true
"cmuihvxfq04exsexp69b8qtmo","Michy Batshuayi","179184","cmuihq2b80057h29e0r17uj2f","Eintracht Frankfurt","NONE","Unassigned","WE_SHOW_SOURCE_DOES_NOT","detach","detach: Absent from FotMob declared squad for Eintracht Frankfurt.","none","2025-02-02","N/A",true
"cmuihvyqy068lsexpkgi3k77y","Ellyes Skhiri","290587","cmuihq2b80057h29e0r17uj2f","Eintracht Frankfurt","cmuihq50l006th29e3bm3uces","1.FC Köln","WE_SHOW_SOURCE_DOES_NOT","reassign","reassign: Player is registered in 1.FC Köln current FotMob squad (shirt #6).","none","2023-07-04","N/A",true
"cmuihvzvp07cosexpppijmg4l","Arthur Theate","368891","cmuihq2b80057h29e0r17uj2f","Eintracht Frankfurt","cmuihnmx8000jb23fowusi2kw","Bologna Football Club 1909","WE_SHOW_SOURCE_DOES_NOT","reassign","reassign: Player is registered in Bologna Football Club 1909 current FotMob squad (shirt #3).","none","2025-02-01","N/A",true
"cmuihw2q80azrsexpg3n61zns","Fousseny Doumbia","782187","cmuihq2b80057h29e0r17uj2f","Eintracht Frankfurt","NONE","Unassigned","WE_SHOW_SOURCE_DOES_NOT","detach","detach: Absent from FotMob declared squad for Eintracht Frankfurt.","none","N/A","N/A",true
"cmuihw2pg0ag3sexp5rq6fir8","Nathaniel Brown","691892","cmuihq2b80057h29e0r17uj2f","Eintracht Frankfurt","cmuihq3qa0061h29eyxx4xw43","Bayern Munich","WE_SHOW_SOURCE_DOES_NOT","reassign","reassign: Player is registered in Bayern Munich current FotMob squad (shirt #11).","none","2024-06-29","N/A",true
"cmuihw3fb0bvmsexp375mkdmo","Jean-Mattéo Bahoya","939964","cmuihq2b80057h29e0r17uj2f","Eintracht Frankfurt","cmuihq8hv008ph29ejwdrv7xd","Leeds United","WE_SHOW_SOURCE_DOES_NOT","reassign","reassign: Player is registered in Leeds United current FotMob squad (shirt #23).","none","2024-01-24","N/A",true
"cmuihw3f70bs2sexpla9v2tqi","Hugo Larsson","931838","cmuihq2b80057h29e0r17uj2f","Eintracht Frankfurt","cmuihqg9600cxh29echnkyx9e","Fulham FC","WE_SHOW_SOURCE_DOES_NOT","reassign","reassign: Player is registered in Fulham FC current FotMob squad (shirt #15).","none","2023-06-30","N/A",true
"cmuihw43p0c6wsexpekcjewdg","Kauã Santos","997861","cmuihq2b80057h29e0r17uj2f","Eintracht Frankfurt","NONE","Unassigned","WE_SHOW_SOURCE_DOES_NOT","detach","detach: Absent from FotMob declared squad for Eintracht Frankfurt.","none","2023-08-28","N/A",true
"cmuihw1br08zgsexprhrsmrkq","Noah Atubolu","526845","cmuihqc7a00anh29ekc5foq1r","SC Freiburg","cmuihq2b80057h29e0r17uj2f","Eintracht Frankfurt","SOURCE_SHOWS_WE_DO_NOT","reassign","reassign: Present in Eintracht Frankfurt FotMob senior squad (shirt #1); previously at SC Freiburg.","none","2021-06-30","N/A",true
"cmuihw4490cllsexpkvlg1ztr","Amil Siljevic","1079622","NONE","Unassigned","cmuihq2b80057h29e0r17uj2f","Eintracht Frankfurt","SOURCE_SHOWS_WE_DO_NOT","attach","attach: Present in Eintracht Frankfurt FotMob squad (shirt #39); attach detached player.","none","N/A","N/A",true
"FM_1418816","Kauã","N/A","NONE","Unassigned","cmuihq2b80057h29e0r17uj2f","Eintracht Frankfurt","SOURCE_SHOWS_WE_DO_NOT","create new player","create new player: Ingest new senior player from FotMob squad (shirt #40).","none","N/A","N/A",true
"cmuihw2q10aw8sexpi4mnj6m3","Elias Baum","744857","NONE","Unassigned","cmuihq2b80057h29e0r17uj2f","Eintracht Frankfurt","SOURCE_SHOWS_WE_DO_NOT","attach","attach: Present in Eintracht Frankfurt FotMob squad (shirt #2); attach detached player.","none","N/A","N/A",true
"cmuihw0k408nnsexpdkhr4z7m","Lilian Brassier","485960","cmuihq3s40065h29eahz6rosv","Stade Rennais FC","cmuihq2b80057h29e0r17uj2f","Eintracht Frankfurt","SOURCE_SHOWS_WE_DO_NOT","reassign","reassign: Present in Eintracht Frankfurt FotMob senior squad (shirt #3); previously at Stade Rennais FC.","none","2025-06-30","N/A",true
"cmuihw44b0cnzsexpsvl5y632","Otávio","1094885","cmuihq2sq005hh29en9069nxw","CF Estrela Amadora","cmuihq2b80057h29e0r17uj2f","Eintracht Frankfurt","SOURCE_SHOWS_WE_DO_NOT","reassign","reassign: Present in Eintracht Frankfurt FotMob senior squad (shirt #5); previously at CF Estrela Amadora.","none","2025-10-19","N/A",true
"cmuihw4r60ctusexpyielgruk","Keita Kosugi","1146988","NONE","Unassigned","cmuihq2b80057h29e0r17uj2f","Eintracht Frankfurt","SOURCE_SHOWS_WE_DO_NOT","attach","attach: Present in Eintracht Frankfurt FotMob squad (shirt #26); attach detached player.","none","N/A","N/A",true
"FM_1671553","Jeremiaha Maluze","N/A","NONE","Unassigned","cmuihq2b80057h29e0r17uj2f","Eintracht Frankfurt","SOURCE_SHOWS_WE_DO_NOT","create new player","create new player: Ingest new senior player from FotMob squad (shirt #37).","none","N/A","N/A",true
"FM_2130230","Collin Etse","N/A","NONE","Unassigned","cmuihq2b80057h29e0r17uj2f","Eintracht Frankfurt","SOURCE_SHOWS_WE_DO_NOT","create new player","create new player: Ingest new academy player from FotMob squad (shirt #none).","none","N/A","N/A",false
"cmuihw4r00cr9sexpaw3ntinq","Marvin Dills","1124856","NONE","Unassigned","cmuihq2b80057h29e0r17uj2f","Eintracht Frankfurt","SOURCE_SHOWS_WE_DO_NOT","attach","attach: Present in Eintracht Frankfurt FotMob squad (shirt #N/A); attach detached player.","none","N/A","N/A",false
"cmuihw3ey0bldsexpizgf6vcw","Noel Aseko","904974","NONE","Unassigned","cmuihq2b80057h29e0r17uj2f","Eintracht Frankfurt","SOURCE_SHOWS_WE_DO_NOT","attach","attach: Present in Eintracht Frankfurt FotMob squad (shirt #15); attach detached player.","none","N/A","N/A",true
"cmuihvzbk0791sexpgpgjd9vv","Ritsu Doan","358504","NONE","Unassigned","cmuihq2b80057h29e0r17uj2f","Eintracht Frankfurt","SOURCE_SHOWS_WE_DO_NOT","attach","attach: Present in Eintracht Frankfurt FotMob squad (shirt #20); attach detached player.","none","N/A","N/A",true
"FM_1126768","Raphael Onyedika","N/A","NONE","Unassigned","cmuihq2b80057h29e0r17uj2f","Eintracht Frankfurt","SOURCE_SHOWS_WE_DO_NOT","create new player","create new player: Ingest new senior player from FotMob squad (shirt #25).","none","N/A","N/A",true
"FM_1083717","Jessic Ngankam","N/A","NONE","Unassigned","cmuihq2b80057h29e0r17uj2f","Eintracht Frankfurt","SOURCE_SHOWS_WE_DO_NOT","create new player","create new player: Ingest new academy player from FotMob squad (shirt #none).","none","N/A","N/A",false
"cmuihvzas06qpsexp7cm6wzky","Jonathan Burkardt","333647","NONE","Unassigned","cmuihq2b80057h29e0r17uj2f","Eintracht Frankfurt","SOURCE_SHOWS_WE_DO_NOT","attach","attach: Present in Eintracht Frankfurt FotMob squad (shirt #9); attach detached player.","none","N/A","N/A",true
"cmuihw2ph0agesexpo7wzb7ij","Younes Ebnoutalib","692368","NONE","Unassigned","cmuihq2b80057h29e0r17uj2f","Eintracht Frankfurt","SOURCE_SHOWS_WE_DO_NOT","attach","attach: Present in Eintracht Frankfurt FotMob squad (shirt #11); attach detached player.","none","N/A","N/A",true
"cmuihw2qb0b1ysexp6trqsjjw","Ayoube Amaimouni-Echghouyab","799993","NONE","Unassigned","cmuihq2b80057h29e0r17uj2f","Eintracht Frankfurt","SOURCE_SHOWS_WE_DO_NOT","attach","attach: Present in Eintracht Frankfurt FotMob squad (shirt #29); attach detached player.","none","N/A","N/A",true
"cmuihw4rg0cxssexpb0ayj2qj","Love Arrhov","1184986","NONE","Unassigned","cmuihq2b80057h29e0r17uj2f","Eintracht Frankfurt","SOURCE_SHOWS_WE_DO_NOT","attach","attach: Present in Eintracht Frankfurt FotMob squad (shirt #31); attach detached player.","none","N/A","N/A",true
"FM_1690128","Malik Pimpong","N/A","NONE","Unassigned","cmuihq2b80057h29e0r17uj2f","Eintracht Frankfurt","SOURCE_SHOWS_WE_DO_NOT","create new player","create new player: Ingest new senior player from FotMob squad (shirt #35).","none","N/A","N/A",true
"cmuihvzw507oosexpdn7wvl5q","Jusuf Gazibegovic","393745","cmuihq50l006th29e3bm3uces","1.FC Köln","NONE","Unassigned","WE_SHOW_SOURCE_DOES_NOT","detach","detach: Absent from FotMob declared squad for 1.FC Köln.","none","2026-06-29","N/A",true
"cmuihvzwj07vwsexpp6ry2f6m","Jakub Kamiński","407098","cmuihq50l006th29e3bm3uces","1.FC Köln","cmuihq4q6006lh29eutf0qltf","SL Benfica","WE_SHOW_SOURCE_DOES_NOT","reassign","reassign: Player is registered in SL Benfica current FotMob squad (shirt #13).","none","2026-06-30","N/A",true
"cmuihw3fd0bwmsexpns5zxp3p","Youssoupha Niang","944331","cmuihq50l006th29e3bm3uces","1.FC Köln","NONE","Unassigned","WE_SHOW_SOURCE_DOES_NOT","detach","detach: Absent from FotMob declared squad for 1.FC Köln.","none","2025-12-31","N/A",true
"cmuihw4qy0cqesexp5n87dt2g","Fynn Schenten","1118293","cmuihq50l006th29e3bm3uces","1.FC Köln","NONE","Unassigned","WE_SHOW_SOURCE_DOES_NOT","detach","detach: Absent from FotMob declared squad for 1.FC Köln.","none","2026-01-28","N/A",true
"cmuihw4480cl4sexpbyt1gq99","Martin James","1077676","NONE","Unassigned","cmuihq50l006th29e3bm3uces","1.FC Köln","SOURCE_SHOWS_WE_DO_NOT","attach","attach: Present in 1.FC Köln FotMob squad (shirt #21); attach detached player.","none","N/A","N/A",true
"cmuihw43h0c21sexpce5rn89h","Cenny Neumann","974581","NONE","Unassigned","cmuihq50l006th29e3bm3uces","1.FC Köln","SOURCE_SHOWS_WE_DO_NOT","attach","attach: Present in 1.FC Köln FotMob squad (shirt #N/A); attach detached player.","none","N/A","N/A",false
"cmuihvzwb07rdsexprebs0p3b","Gideon Mensah","397171","cmuihq4bo006eh29ep1anor93","AJ Auxerre","cmuihq50l006th29e3bm3uces","1.FC Köln","SOURCE_SHOWS_WE_DO_NOT","reassign","reassign: Present in 1.FC Köln FotMob senior squad (shirt #14); previously at AJ Auxerre.","none","2022-08-12","N/A",true
"FM_748620","Alessio Castro-Montes","N/A","NONE","Unassigned","cmuihq50l006th29e3bm3uces","1.FC Köln","SOURCE_SHOWS_WE_DO_NOT","create new player","create new player: Ingest new senior player from FotMob squad (shirt #17).","none","N/A","N/A",true
"cmuihw3fc0bwasexp209c1yjc","Jahmai Simpson-Pusey","942497","NONE","Unassigned","cmuihq50l006th29e3bm3uces","1.FC Köln","SOURCE_SHOWS_WE_DO_NOT","attach","attach: Present in 1.FC Köln FotMob squad (shirt #22); attach detached player.","none","N/A","N/A",true
"cmuihvzb8070psexpf2ykhogl","Luka Lochoshvili","345189","cmuihq8i1008rh29ezyaa5yr4","1.FC Nuremberg","cmuihq50l006th29e3bm3uces","1.FC Köln","SOURCE_SHOWS_WE_DO_NOT","reassign","reassign: Present in 1.FC Köln FotMob senior squad (shirt #24); previously at 1.FC Nuremberg.","none","2025-07-11","N/A",true
"cmuihvyr306aysexpbg4y034s","Borna Sosa","293194","cmuihqfqr00cqh29e2077zt3y","Crystal Palace","cmuihq50l006th29e3bm3uces","1.FC Köln","SOURCE_SHOWS_WE_DO_NOT","reassign","reassign: Present in 1.FC Köln FotMob senior squad (shirt #3); previously at Crystal Palace.","none","2025-07-10","N/A",true
"cmuihvyqy068lsexpkgi3k77y","Ellyes Skhiri","290587","cmuihq2b80057h29e0r17uj2f","Eintracht Frankfurt","cmuihq50l006th29e3bm3uces","1.FC Köln","SOURCE_SHOWS_WE_DO_NOT","reassign","reassign: Present in 1.FC Köln FotMob senior squad (shirt #6); previously at Eintracht Frankfurt.","none","2023-07-04","N/A",true
"FM_1527363","Paul Okon-Engstler","N/A","NONE","Unassigned","cmuihq50l006th29e3bm3uces","1.FC Köln","SOURCE_SHOWS_WE_DO_NOT","create new player","create new player: Ingest new senior player from FotMob squad (shirt #23).","none","N/A","N/A",true
"FM_1766349","Gil Neves","N/A","NONE","Unassigned","cmuihq50l006th29e3bm3uces","1.FC Köln","SOURCE_SHOWS_WE_DO_NOT","create new player","create new player: Ingest new senior player from FotMob squad (shirt #31).","none","N/A","N/A",true
"cmuihw4400cfwsexpn20dh240","Reigan Heskey","1056437","NONE","Unassigned","cmuihq50l006th29e3bm3uces","1.FC Köln","SOURCE_SHOWS_WE_DO_NOT","attach","attach: Present in 1.FC Köln FotMob squad (shirt #11); attach detached player.","none","N/A","N/A",true
"FM_916092","Imad Rondić","N/A","NONE","Unassigned","cmuihq50l006th29e3bm3uces","1.FC Köln","SOURCE_SHOWS_WE_DO_NOT","create new player","create new player: Ingest new senior player from FotMob squad (shirt #15).","none","N/A","N/A",true
"cmuihw1cs094dsexpo8yt1gwk","Thijs Dallinga","538964","cmuihnmx8000jb23fowusi2kw","Bologna Football Club 1909","cmuihq50l006th29e3bm3uces","1.FC Köln","SOURCE_SHOWS_WE_DO_NOT","reassign","reassign: Present in 1.FC Köln FotMob senior squad (shirt #27); previously at Bologna Football Club 1909.","none","2024-07-22","N/A",true
"FM_1407250","Mikey Moore","N/A","NONE","Unassigned","cmuihq50l006th29e3bm3uces","1.FC Köln","SOURCE_SHOWS_WE_DO_NOT","create new player","create new player: Ingest new senior player from FotMob squad (shirt #47).","none","N/A","N/A",true
"cmuihvxg304npsexp7hkzqcv5","Nico Elvedi","192635","cmuihq0qz004fh29e00fpn7fy","Borussia Mönchengladbach","cmuihq8hv008ph29ejwdrv7xd","Leeds United","WE_SHOW_SOURCE_DOES_NOT","reassign","reassign: Player is registered in Leeds United current FotMob squad (shirt #30).","none","2015-06-30","N/A",true
"cmuihw3eg0b80sexp5jojlu3b","Jan Urbich","820723","cmuihq0qz004fh29e00fpn7fy","Borussia Mönchengladbach","NONE","Unassigned","WE_SHOW_SOURCE_DOES_NOT","detach","detach: Absent from FotMob declared squad for Borussia Mönchengladbach.","none","N/A","N/A",true
"cmuihw0ka08tesexpupn3v3u5","Joe Scally","504153","cmuihq0qz004fh29e00fpn7fy","Borussia Mönchengladbach","NONE","Unassigned","WE_SHOW_SOURCE_DOES_NOT","detach","detach: Absent from FotMob declared squad for Borussia Mönchengladbach.","none","2020-12-31","N/A",true
"cmuihw24a09z2sexp1td26114","Nathan Ngoumou","629588","cmuihq0qz004fh29e00fpn7fy","Borussia Mönchengladbach","NONE","Unassigned","WE_SHOW_SOURCE_DOES_NOT","detach","detach: Absent from FotMob declared squad for Borussia Mönchengladbach.","none","2022-08-29","N/A",true
"cmuihw3f40bpwsexp7iciwyej","Tiago Pereira Cardoso","926301","cmuihq0qz004fh29e00fpn7fy","Borussia Mönchengladbach","NONE","Unassigned","WE_SHOW_SOURCE_DOES_NOT","detach","detach: Absent from FotMob declared squad for Borussia Mönchengladbach.","none","2025-02-28","N/A",true
"cmuihw43r0c91sexp4puossrt","Niklas Swider","1009463","cmuihq0qz004fh29e00fpn7fy","Borussia Mönchengladbach","NONE","Unassigned","WE_SHOW_SOURCE_DOES_NOT","detach","detach: Absent from FotMob declared squad for Borussia Mönchengladbach.","none","2024-12-16","N/A",true
"cmuihw0jc08bvsexp26bdwpyv","Jan Olschowsky","455922","NONE","Unassigned","cmuihq0qz004fh29e00fpn7fy","Borussia Mönchengladbach","SOURCE_SHOWS_WE_DO_NOT","attach","attach: Present in Borussia Mönchengladbach FotMob squad (shirt #23); attach detached player.","none","N/A","N/A",true
"cmuihvvvw031vsexp4ef0rukp","Daniel Batz","90317","NONE","Unassigned","cmuihq0qz004fh29e00fpn7fy","Borussia Mönchengladbach","SOURCE_SHOWS_WE_DO_NOT","attach","attach: Present in Borussia Mönchengladbach FotMob squad (shirt #33); attach detached player.","none","N/A","N/A",true
"cmuihvzau06rksexpb75wmkjj","Kevin Diks","335209","NONE","Unassigned","cmuihq0qz004fh29e00fpn7fy","Borussia Mönchengladbach","SOURCE_SHOWS_WE_DO_NOT","attach","attach: Present in Borussia Mönchengladbach FotMob squad (shirt #4); attach detached player.","none","N/A","N/A",true
"FM_1660228","Jan Leszczyński","N/A","NONE","Unassigned","cmuihq0qz004fh29e00fpn7fy","Borussia Mönchengladbach","SOURCE_SHOWS_WE_DO_NOT","create new player","create new player: Ingest new senior player from FotMob squad (shirt #5).","none","N/A","N/A",true
"cmuihvzbi0773sexp4ongha72","Ko Itakura","355816","cmuihq5qq0075h29elabq5hjd","FC Schalke 04","cmuihq0qz004fh29e00fpn7fy","Borussia Mönchengladbach","SOURCE_SHOWS_WE_DO_NOT","reassign","reassign: Present in Borussia Mönchengladbach FotMob senior squad (shirt #6); previously at FC Schalke 04.","none","2025-08-07","N/A",true
"FM_878296","Daiki Hashioka","N/A","NONE","Unassigned","cmuihq0qz004fh29e00fpn7fy","Borussia Mönchengladbach","SOURCE_SHOWS_WE_DO_NOT","create new player","create new player: Ingest new senior player from FotMob squad (shirt #14).","none","N/A","N/A",true
"FM_1356589","David Herold","N/A","NONE","Unassigned","cmuihq0qz004fh29e00fpn7fy","Borussia Mönchengladbach","SOURCE_SHOWS_WE_DO_NOT","create new player","create new player: Ingest new senior player from FotMob squad (shirt #20).","none","N/A","N/A",true
"FM_1054026","Yukhym Konoplya","N/A","NONE","Unassigned","cmuihq0qz004fh29e00fpn7fy","Borussia Mönchengladbach","SOURCE_SHOWS_WE_DO_NOT","create new player","create new player: Ingest new senior player from FotMob squad (shirt #22).","none","N/A","N/A",true
"FM_2030060","Josiah Uwakhonye","N/A","NONE","Unassigned","cmuihq0qz004fh29e00fpn7fy","Borussia Mönchengladbach","SOURCE_SHOWS_WE_DO_NOT","create new player","create new player: Ingest new academy player from FotMob squad (shirt #none).","none","N/A","N/A",false
"FM_1301517","Enzo Leopold","N/A","NONE","Unassigned","cmuihq0qz004fh29e00fpn7fy","Borussia Mönchengladbach","SOURCE_SHOWS_WE_DO_NOT","create new player","create new player: Ingest new senior player from FotMob squad (shirt #8).","none","N/A","N/A",true
"cmuihw24309t4sexp40ialn1v","Jens Castrop","613192","NONE","Unassigned","cmuihq0qz004fh29e00fpn7fy","Borussia Mönchengladbach","SOURCE_SHOWS_WE_DO_NOT","attach","attach: Present in Borussia Mönchengladbach FotMob squad (shirt #17); attach detached player.","none","N/A","N/A",true
"cmuihw4460cj8sexphkyyuycw","Fritz Fleck","1067439","NONE","Unassigned","cmuihq0qz004fh29e00fpn7fy","Borussia Mönchengladbach","SOURCE_SHOWS_WE_DO_NOT","attach","attach: Present in Borussia Mönchengladbach FotMob squad (shirt #27); attach detached player.","none","N/A","N/A",true
"FM_959696","Joseph Scally","N/A","NONE","Unassigned","cmuihq0qz004fh29e00fpn7fy","Borussia Mönchengladbach","SOURCE_SHOWS_WE_DO_NOT","create new player","create new player: Ingest new senior player from FotMob squad (shirt #29).","none","N/A","N/A",true
"FM_1975572","Mathieu Nguefack","N/A","NONE","Unassigned","cmuihq0qz004fh29e00fpn7fy","Borussia Mönchengladbach","SOURCE_SHOWS_WE_DO_NOT","create new player","create new player: Ingest new senior player from FotMob squad (shirt #34).","none","N/A","N/A",true
"cmuihw4460cjosexplzuocd8o","Wael Mohya","1070979","NONE","Unassigned","cmuihq0qz004fh29e00fpn7fy","Borussia Mönchengladbach","SOURCE_SHOWS_WE_DO_NOT","attach","attach: Present in Borussia Mönchengladbach FotMob squad (shirt #36); attach detached player.","none","N/A","N/A",true
"cmuihw24o0aa7sexpvyg3n44a","Hugo Bolin","667251","NONE","Unassigned","cmuihq0qz004fh29e00fpn7fy","Borussia Mönchengladbach","SOURCE_SHOWS_WE_DO_NOT","attach","attach: Present in Borussia Mönchengladbach FotMob squad (shirt #38); attach detached player.","none","N/A","N/A",true
"FM_1337143","Zento Uno","N/A","NONE","Unassigned","cmuihq0qz004fh29e00fpn7fy","Borussia Mönchengladbach","SOURCE_SHOWS_WE_DO_NOT","create new player","create new player: Ingest new senior player from FotMob squad (shirt #47).","none","N/A","N/A",true
"cmuihvzan06m6sexpo668x60u","Isac Lidberg","322073","NONE","Unassigned","cmuihq0qz004fh29e00fpn7fy","Borussia Mönchengladbach","SOURCE_SHOWS_WE_DO_NOT","attach","attach: Present in Borussia Mönchengladbach FotMob squad (shirt #3); attach detached player.","none","N/A","N/A",true
"cmuihw1d4098xsexpjia82rw0","Shuto Machino","550580","NONE","Unassigned","cmuihq0qz004fh29e00fpn7fy","Borussia Mönchengladbach","SOURCE_SHOWS_WE_DO_NOT","attach","attach: Present in Borussia Mönchengladbach FotMob squad (shirt #18); attach detached player.","none","N/A","N/A",true
"FM_888745","Nicolas-Gerrit Kühn","N/A","NONE","Unassigned","cmuihq0qz004fh29e00fpn7fy","Borussia Mönchengladbach","SOURCE_SHOWS_WE_DO_NOT","create new player","create new player: Ingest new senior player from FotMob squad (shirt #19).","none","N/A","N/A",true
"FM_1904630","Iaia Manco Danfa","N/A","NONE","Unassigned","cmuihq0qz004fh29e00fpn7fy","Borussia Mönchengladbach","SOURCE_SHOWS_WE_DO_NOT","create new player","create new player: Ingest new senior player from FotMob squad (shirt #39).","none","N/A","N/A",true
"cmuihvzb70703sexpuhm7d9fu","Malang Sarr","344596","cmuihqfi000cjh29exp3khwxc","RC Lens","NONE","Unassigned","WE_SHOW_SOURCE_DOES_NOT","detach","detach: Absent from FotMob declared squad for RC Lens.","none","2024-07-25","N/A",true
"cmuihvzwn07z8sexpk4xh8ix7","Hervé Koffi","415383","cmuihqfi000cjh29exp3khwxc","RC Lens","NONE","Unassigned","WE_SHOW_SOURCE_DOES_NOT","detach","detach: Absent from FotMob declared squad for RC Lens.","none","2026-06-29","N/A",true
"cmuihw1bq08ywsexpado8nuto","Goduine Koyalipou","525140","cmuihqfi000cjh29exp3khwxc","RC Lens","NONE","Unassigned","WE_SHOW_SOURCE_DOES_NOT","detach","detach: Absent from FotMob declared squad for RC Lens.","none","2026-06-29","N/A",true
"cmuihw4rb0cuxsexpis4sq5ny","Rayan Fofana","1160814","cmuihqfi000cjh29exp3khwxc","RC Lens","cmuihqelr00bzh29ek4d30ziu","Le Havre AC","WE_SHOW_SOURCE_DOES_NOT","reassign","reassign: Player is registered in Le Havre AC current FotMob squad (shirt #38).","none","2025-06-30","N/A",true
"cmuihw2qd0b44sexp7rlb55h5","Mamadou Sangaré","808348","cmuihqfi000cjh29exp3khwxc","RC Lens","cmuihocpq001vb23fu3cm5yh8","Brentford FC","WE_SHOW_SOURCE_DOES_NOT","reassign","reassign: Player is registered in Brentford FC current FotMob squad (shirt #18).","none","2025-08-19","N/A",true
"cmuihw3f10bnxsexpqce70tnt","Rémy Labeau Lascary","917778","cmuihqfi000cjh29exp3khwxc","RC Lens","cmuihq4bo006eh29ep1anor93","AJ Auxerre","WE_SHOW_SOURCE_DOES_NOT","reassign","reassign: Player is registered in AJ Auxerre current FotMob squad (shirt #3).","none","2026-06-29","N/A",true
"cmuihw43d0bz5sexpurr78s2h","Fodé Sylla","955359","cmuihqfi000cjh29exp3khwxc","RC Lens","NONE","Unassigned","WE_SHOW_SOURCE_DOES_NOT","detach","detach: Absent from FotMob declared squad for RC Lens.","none","2025-06-30","N/A",true
"cmuihw44a0cn5sexpp2drb3ej","Anthony Bermont","1088110","cmuihqfi000cjh29exp3khwxc","RC Lens","cmuihpysp003bh29eh8ctgbgf","Angers SCO","WE_SHOW_SOURCE_DOES_NOT","reassign","reassign: Player is registered in Angers SCO current FotMob squad (shirt #26).","none","2025-06-29","N/A",true
"cmuihw4re0cwjsexpcbq31bdk","Erawan Garnier","1176271","cmuihqfi000cjh29exp3khwxc","RC Lens","NONE","Unassigned","WE_SHOW_SOURCE_DOES_NOT","detach","detach: Absent from FotMob declared squad for RC Lens.","none","2025-10-23","N/A",true
"cmuihw4rk0cznsexps0nq0gar","Ilan Jourdren","1200424","NONE","Unassigned","cmuihqfi000cjh29exp3khwxc","RC Lens","SOURCE_SHOWS_WE_DO_NOT","attach","attach: Present in RC Lens FotMob squad (shirt #60); attach detached player.","none","N/A","N/A",true
"FM_1191194","Jhoanner Chávez","N/A","NONE","Unassigned","cmuihqfi000cjh29exp3khwxc","RC Lens","SOURCE_SHOWS_WE_DO_NOT","create new player","create new player: Ingest new academy player from FotMob squad (shirt #none).","none","N/A","N/A",false
"FM_1053713","Maik Nawrocki","N/A","NONE","Unassigned","cmuihqfi000cjh29exp3khwxc","RC Lens","SOURCE_SHOWS_WE_DO_NOT","create new player","create new player: Ingest new senior player from FotMob squad (shirt #3).","none","N/A","N/A",true
"cmuihw23z09pusexpqddfd5oe","Jean-Clair Todibo","605184","cmuihq5qq0075h29elabq5hjd","FC Schalke 04","cmuihqfi000cjh29exp3khwxc","RC Lens","SOURCE_SHOWS_WE_DO_NOT","reassign","reassign: Present in RC Lens FotMob senior squad (shirt #20); previously at FC Schalke 04.","none","2025-06-30","N/A",true
"cmuihw4rb0cutsexpfc31u6b6","Souleymane Sagnan","1160378","NONE","Unassigned","cmuihqfi000cjh29exp3khwxc","RC Lens","SOURCE_SHOWS_WE_DO_NOT","attach","attach: Present in RC Lens FotMob squad (shirt #31); attach detached player.","none","N/A","N/A",true
"FM_1288907","Yacine Titraoui","N/A","NONE","Unassigned","cmuihqfi000cjh29exp3khwxc","RC Lens","SOURCE_SHOWS_WE_DO_NOT","create new player","create new player: Ingest new senior player from FotMob squad (shirt #8).","none","N/A","N/A",true
"FM_264190","Thorgan Hazard","N/A","NONE","Unassigned","cmuihqfi000cjh29exp3khwxc","RC Lens","SOURCE_SHOWS_WE_DO_NOT","create new player","create new player: Ingest new senior player from FotMob squad (shirt #9).","none","N/A","N/A",true
"FM_954190","Michał Skóras","N/A","NONE","Unassigned","cmuihqfi000cjh29exp3khwxc","RC Lens","SOURCE_SHOWS_WE_DO_NOT","create new player","create new player: Ingest new senior player from FotMob squad (shirt #22).","none","N/A","N/A",true
"cmuihvzb70705sexprh5s9ho8","Michaël Cuisance","344600","NONE","Unassigned","cmuihqfi000cjh29exp3khwxc","RC Lens","SOURCE_SHOWS_WE_DO_NOT","attach","attach: Present in RC Lens FotMob squad (shirt #27); attach detached player.","none","N/A","N/A",true
"FM_1980586","Mezian Mesloub Soares","N/A","NONE","Unassigned","cmuihqfi000cjh29exp3khwxc","RC Lens","SOURCE_SHOWS_WE_DO_NOT","create new player","create new player: Ingest new senior player from FotMob squad (shirt #38).","none","N/A","N/A",true
"FM_1334534","Junior Kadile","N/A","NONE","Unassigned","cmuihqfi000cjh29exp3khwxc","RC Lens","SOURCE_SHOWS_WE_DO_NOT","create new player","create new player: Ingest new senior player from FotMob squad (shirt #28).","none","N/A","N/A",true
"FM_1406419","Franjo Ivanović","N/A","NONE","Unassigned","cmuihqfi000cjh29exp3khwxc","RC Lens","SOURCE_SHOWS_WE_DO_NOT","create new player","create new player: Ingest new senior player from FotMob squad (shirt #29).","none","N/A","N/A",true
"cmuihvwrd03i5sexpsfr398r8","Loïc Nego","122840","cmuihqelr00bzh29ek4d30ziu","Le Havre AC","NONE","Unassigned","WE_SHOW_SOURCE_DOES_NOT","detach","detach: Absent from FotMob declared squad for Le Havre AC.","none","2023-06-30","N/A",true
"cmuihvxfr04g5sexpgn35cvcq","Ally Samatta","182201","cmuihqelr00bzh29ek4d30ziu","Le Havre AC","NONE","Unassigned","WE_SHOW_SOURCE_DOES_NOT","detach","detach: Absent from FotMob declared squad for Le Havre AC.","none","2025-08-04","N/A",true
"cmuihvwsb047csexpsy45bkno","Mory Diaw","164904","cmuihqelr00bzh29ek4d30ziu","Le Havre AC","NONE","Unassigned","WE_SHOW_SOURCE_DOES_NOT","detach","detach: Absent from FotMob declared squad for Le Havre AC.","none","2025-07-11","N/A",true
"cmuihvxfr04fnsexpomb7getf","Abdoulaye Touré","181382","cmuihqelr00bzh29ek4d30ziu","Le Havre AC","NONE","Unassigned","WE_SHOW_SOURCE_DOES_NOT","detach","detach: Absent from FotMob declared squad for Le Havre AC.","none","2023-07-25","N/A",true
"cmuihvy6j05lksexpgt58jqyc","Gautier Lloris","249636","cmuihqelr00bzh29ek4d30ziu","Le Havre AC","cmuihq8e9008lh29ed3170t61","Stade Brestois 29","WE_SHOW_SOURCE_DOES_NOT","reassign","reassign: Player is registered in Stade Brestois 29 current FotMob squad (shirt #4).","none","2022-07-11","N/A",true
"cmuihw24o0aajsexpbly5r0wt","Yassine Kechta","667967","cmuihqelr00bzh29ek4d30ziu","Le Havre AC","NONE","Unassigned","WE_SHOW_SOURCE_DOES_NOT","detach","detach: Absent from FotMob declared squad for Le Havre AC.","none","2022-06-30","N/A",true
"cmuihw1dh09f1sexpjwjtpws6","Issa Soumaré","568698","cmuihqelr00bzh29ek4d30ziu","Le Havre AC","cmuihq3s40065h29eahz6rosv","Stade Rennais FC","WE_SHOW_SOURCE_DOES_NOT","reassign","reassign: Player is registered in Stade Rennais FC current FotMob squad (shirt #90).","none","2024-06-29","N/A",true
"cmuihw24f0a2csexpimcjdgia","Étienne Youté Kinkoué","639712","cmuihqelr00bzh29ek4d30ziu","Le Havre AC","NONE","Unassigned","WE_SHOW_SOURCE_DOES_NOT","detach","detach: Absent from FotMob declared squad for Le Havre AC.","none","2023-01-10","N/A",true
"cmuihw24j0a5lsexpevod1txk","Godson Kyeremeh","651973","cmuihqelr00bzh29ek4d30ziu","Le Havre AC","NONE","Unassigned","WE_SHOW_SOURCE_DOES_NOT","detach","detach: Absent from FotMob declared squad for Le Havre AC.","none","2025-07-10","N/A",true
"cmuihw2pg0ag2sexpwxxadwra","Yanis Zouaoui","691841","cmuihqelr00bzh29ek4d30ziu","Le Havre AC","NONE","Unassigned","WE_SHOW_SOURCE_DOES_NOT","detach","detach: Absent from FotMob declared squad for Le Havre AC.","none","2024-07-04","N/A",true
"cmuihw4rb0cv4sexpk0xrdmze","Noam Obougou","1162654","cmuihqelr00bzh29ek4d30ziu","Le Havre AC","NONE","Unassigned","WE_SHOW_SOURCE_DOES_NOT","detach","detach: Absent from FotMob declared squad for Le Havre AC.","none","2026-01-13","N/A",true
"cmuihw4rs0d2rsexp7inj0fa3","Adams Diabaté","1268390","cmuihqelr00bzh29ek4d30ziu","Le Havre AC","NONE","Unassigned","WE_SHOW_SOURCE_DOES_NOT","detach","detach: Absent from FotMob declared squad for Le Havre AC.","none","N/A","N/A",true
"cmuihw2qa0b1usexpcb0mzw6x","Fodé Doucouré","798925","cmuihqelr00bzh29ek4d30ziu","Le Havre AC","NONE","Unassigned","WE_SHOW_SOURCE_DOES_NOT","detach","detach: Absent from FotMob declared squad for Le Havre AC.","none","2025-07-21","N/A",true
"cmuihw43k0c53sexpx8v9to39","Paul Argney","988275","cmuihqelr00bzh29ek4d30ziu","Le Havre AC","NONE","Unassigned","WE_SHOW_SOURCE_DOES_NOT","detach","detach: Absent from FotMob declared squad for Le Havre AC.","none","2025-06-29","N/A",true
"cmuihw4r40ct9sexpeqjy6351","Yanis Beau Djellel","1143517","cmuihqelr00bzh29ek4d30ziu","Le Havre AC","NONE","Unassigned","WE_SHOW_SOURCE_DOES_NOT","detach","detach: Absent from FotMob declared squad for Le Havre AC.","none","N/A","N/A",true
"cmuihvzwo07zusexp5rwbncc6","Arnaud Bodart","417278","NONE","Unassigned","cmuihqelr00bzh29ek4d30ziu","Le Havre AC","SOURCE_SHOWS_WE_DO_NOT","attach","attach: Present in Le Havre AC FotMob squad (shirt #16); attach detached player.","none","N/A","N/A",true
"cmuihw4qz0cqosexpkih20dg9","Alex Teixeira","1119876","NONE","Unassigned","cmuihqelr00bzh29ek4d30ziu","Le Havre AC","SOURCE_SHOWS_WE_DO_NOT","attach","attach: Present in Le Havre AC FotMob squad (shirt #40); attach detached player.","none","N/A","N/A",true
"FM_348409","Gauthier Gallon","N/A","NONE","Unassigned","cmuihqelr00bzh29ek4d30ziu","Le Havre AC","SOURCE_SHOWS_WE_DO_NOT","create new player","create new player: Ingest new senior player from FotMob squad (shirt #93).","none","N/A","N/A",true
"FM_792653","Ahmed Touba","N/A","NONE","Unassigned","cmuihqelr00bzh29ek4d30ziu","Le Havre AC","SOURCE_SHOWS_WE_DO_NOT","create new player","create new player: Ingest new senior player from FotMob squad (shirt #5).","none","N/A","N/A",true
"FM_1305787","Elias Jelert","N/A","NONE","Unassigned","cmuihqelr00bzh29ek4d30ziu","Le Havre AC","SOURCE_SHOWS_WE_DO_NOT","create new player","create new player: Ingest new senior player from FotMob squad (shirt #12).","none","N/A","N/A",true
"cmuihvwrc03hnsexprtxkohhn","Vincent Sasso","122115","NONE","Unassigned","cmuihqelr00bzh29ek4d30ziu","Le Havre AC","SOURCE_SHOWS_WE_DO_NOT","attach","attach: Present in Le Havre AC FotMob squad (shirt #23); attach detached player.","none","N/A","N/A",true
"cmuihw43s0c9hsexpfu8polvj","Junior Mwanga","1011200","NONE","Unassigned","cmuihqelr00bzh29ek4d30ziu","Le Havre AC","SOURCE_SHOWS_WE_DO_NOT","attach","attach: Present in Le Havre AC FotMob squad (shirt #6); attach detached player.","none","N/A","N/A",true
"cmuihw3ev0bjhsexppo3ks26y","Amir Richardson","893675","NONE","Unassigned","cmuihqelr00bzh29ek4d30ziu","Le Havre AC","SOURCE_SHOWS_WE_DO_NOT","attach","attach: Present in Le Havre AC FotMob squad (shirt #7); attach detached player.","none","N/A","N/A",true
"cmuihw24u0adpsexpc45gwd5z","Kaito Mizuta","677794","NONE","Unassigned","cmuihqelr00bzh29ek4d30ziu","Le Havre AC","SOURCE_SHOWS_WE_DO_NOT","attach","attach: Present in Le Havre AC FotMob squad (shirt #17); attach detached player.","none","N/A","N/A",true
"FM_2156004","Djibril Ouziad","N/A","NONE","Unassigned","cmuihqelr00bzh29ek4d30ziu","Le Havre AC","SOURCE_SHOWS_WE_DO_NOT","create new player","create new player: Ingest new senior player from FotMob squad (shirt #20).","none","N/A","N/A",true
"FM_1667648","Guy Zohouri","N/A","NONE","Unassigned","cmuihqelr00bzh29ek4d30ziu","Le Havre AC","SOURCE_SHOWS_WE_DO_NOT","create new player","create new player: Ingest new senior player from FotMob squad (shirt #24).","none","N/A","N/A",true
"FM_1714197","Sota Nakamura","N/A","NONE","Unassigned","cmuihqelr00bzh29ek4d30ziu","Le Havre AC","SOURCE_SHOWS_WE_DO_NOT","create new player","create new player: Ingest new senior player from FotMob squad (shirt #30).","none","N/A","N/A",true
"cmuihw1ct094nsexpn292sopa","Timothée Pembélé","538998","cmuihq47i006bh29e3kejf8oh","Sunderland AFC","cmuihqelr00bzh29ek4d30ziu","Le Havre AC","SOURCE_SHOWS_WE_DO_NOT","reassign","reassign: Present in Le Havre AC FotMob senior squad (shirt #32); previously at Sunderland AFC.","none","2026-06-29","N/A",true
"cmuihw2q70ayzsexpcup9fz92","Elysée Logbo","770407","NONE","Unassigned","cmuihqelr00bzh29ek4d30ziu","Le Havre AC","SOURCE_SHOWS_WE_DO_NOT","attach","attach: Present in Le Havre AC FotMob squad (shirt #N/A); attach detached player.","none","N/A","N/A",false
"cmuihw0ja08b9sexpat717gki","Josh Maja","453824","NONE","Unassigned","cmuihqelr00bzh29ek4d30ziu","Le Havre AC","SOURCE_SHOWS_WE_DO_NOT","attach","attach: Present in Le Havre AC FotMob squad (shirt #9); attach detached player.","none","N/A","N/A",true
"cmuihw43h0c29sexp7eg55mpe","Joan Tincres","975348","NONE","Unassigned","cmuihqelr00bzh29ek4d30ziu","Le Havre AC","SOURCE_SHOWS_WE_DO_NOT","attach","attach: Present in Le Havre AC FotMob squad (shirt #19); attach detached player.","none","N/A","N/A",true
"FM_437329","Mbwana Samatta","N/A","NONE","Unassigned","cmuihqelr00bzh29ek4d30ziu","Le Havre AC","SOURCE_SHOWS_WE_DO_NOT","create new player","create new player: Ingest new senior player from FotMob squad (shirt #25).","none","N/A","N/A",true
"FM_2221625","Hakim Dongopandji","N/A","NONE","Unassigned","cmuihqelr00bzh29ek4d30ziu","Le Havre AC","SOURCE_SHOWS_WE_DO_NOT","create new player","create new player: Ingest new senior player from FotMob squad (shirt #33).","none","N/A","N/A",true
"cmuihw4rb0cuxsexpis4sq5ny","Rayan Fofana","1160814","cmuihqfi000cjh29exp3khwxc","RC Lens","cmuihqelr00bzh29ek4d30ziu","Le Havre AC","SOURCE_SHOWS_WE_DO_NOT","reassign","reassign: Present in Le Havre AC FotMob senior squad (shirt #38); previously at RC Lens.","none","2025-06-30","N/A",true
"cmuihw43e0bzjsexpz92njn4j","Tiago Andrade","957740","cmuihqe6h00brh29ew01veugs","FC Porto","cmuihqgut00dbh29eg5w6uzl6","Moreirense FC","WE_SHOW_SOURCE_DOES_NOT","reassign","reassign: Player is registered in Moreirense FC current FotMob squad (shirt #19).","none","N/A","N/A",true
"cmuihw44a0cmpsexpzs86disn","Souza","1086258","NONE","Unassigned","cmuihqe6h00brh29ew01veugs","FC Porto","SOURCE_SHOWS_WE_DO_NOT","attach","attach: Present in FC Porto FotMob squad (shirt #33); attach detached player.","none","N/A","N/A",true
"cmuihvzvo07bwsexpqqam2x9n","In-beom Hwang","365394","cmuihq1t5004zh29exb9q00c1","Feyenoord Rotterdam","cmuihqe6h00brh29ew01veugs","FC Porto","SOURCE_SHOWS_WE_DO_NOT","reassign","reassign: Present in FC Porto FotMob senior squad (shirt #16); previously at Feyenoord Rotterdam.","none","2024-09-01","N/A",true
"FM_1665982","Gabriel Mec","N/A","NONE","Unassigned","cmuihqe6h00brh29ew01veugs","FC Porto","SOURCE_SHOWS_WE_DO_NOT","create new player","create new player: Ingest new senior player from FotMob squad (shirt #37).","none","N/A","N/A",true
"cmuihvxft04gwsexpywhsdwpc","Seko Fofana","182893","cmuihq3s40065h29eahz6rosv","Stade Rennais FC","cmuihqe6h00brh29ew01veugs","FC Porto","SOURCE_SHOWS_WE_DO_NOT","reassign","reassign: Present in FC Porto FotMob senior squad (shirt #42); previously at Stade Rennais FC.","none","2026-06-29","N/A",true
"FM_1646517","Cardoso Varela","N/A","NONE","Unassigned","cmuihqe6h00brh29ew01veugs","FC Porto","SOURCE_SHOWS_WE_DO_NOT","create new player","create new player: Ingest new academy player from FotMob squad (shirt #none).","none","N/A","N/A",false
"cmuihvxg804rwsexpwqorbyt2","André Silva","198008","NONE","Unassigned","cmuihqe6h00brh29ew01veugs","FC Porto","SOURCE_SHOWS_WE_DO_NOT","attach","attach: Present in FC Porto FotMob squad (shirt #19); attach detached player.","none","N/A","N/A",true
"cmuihw1d6099hsexpnh24acwl","Santiago Gimenez","552955","cmuihqb6900a7h29eb12tdj1t","AC Milan","cmuihqe6h00brh29ew01veugs","FC Porto","SOURCE_SHOWS_WE_DO_NOT","reassign","reassign: Present in FC Porto FotMob senior squad (shirt #29); previously at AC Milan.","none","2025-02-02","N/A",true
"FM_1766344","Duarte Cunha","N/A","NONE","Unassigned","cmuihqe6h00brh29ew01veugs","FC Porto","SOURCE_SHOWS_WE_DO_NOT","create new player","create new player: Ingest new senior player from FotMob squad (shirt #57).","none","N/A","N/A",true
"cmuihvyqt063qsexpe1qozez7","Sandro Lima","284739","cmuihq3b2005vh29e4cxx0zua","FC Alverca","NONE","Unassigned","WE_SHOW_SOURCE_DOES_NOT","detach","detach: Absent from FotMob declared squad for FC Alverca.","none","2025-08-01","N/A",true
"cmuihvzbb0744sexp7tcpidkt","Lincoln","351738","cmuihq3b2005vh29e4cxx0zua","FC Alverca","NONE","Unassigned","WE_SHOW_SOURCE_DOES_NOT","detach","detach: Absent from FotMob declared squad for FC Alverca.","none","2025-08-27","N/A",true
"cmuihw2qf0b5asexpe4w14pnm","Mateus","813121","cmuihq3b2005vh29e4cxx0zua","FC Alverca","NONE","Unassigned","WE_SHOW_SOURCE_DOES_NOT","detach","detach: Absent from FotMob declared squad for FC Alverca.","none","2025-07-16","N/A",true
"cmuihw0ip0844sexpfv572bfz","Stéphane Diarra","428954","cmuihq3b2005vh29e4cxx0zua","FC Alverca","NONE","Unassigned","WE_SHOW_SOURCE_DOES_NOT","detach","detach: Absent from FotMob declared squad for FC Alverca.","none","2025-07-15","N/A",true
"cmuihw1d10981sexpb1bwhrzl","Diogo Martins","548332","cmuihq3b2005vh29e4cxx0zua","FC Alverca","NONE","Unassigned","WE_SHOW_SOURCE_DOES_NOT","detach","detach: Absent from FotMob declared squad for FC Alverca.","none","N/A","N/A",true
"cmuihw2pi0ahfsexpmm2rrzi4","Tiago Leite","696507","cmuihq3b2005vh29e4cxx0zua","FC Alverca","NONE","Unassigned","WE_SHOW_SOURCE_DOES_NOT","detach","detach: Absent from FotMob declared squad for FC Alverca.","none","N/A","N/A",true
"cmuihw2pl0ajssexpemnpk64c","Figueiredo","703324","cmuihq3b2005vh29e4cxx0zua","FC Alverca","NONE","Unassigned","WE_SHOW_SOURCE_DOES_NOT","detach","detach: Absent from FotMob declared squad for FC Alverca.","none","2025-08-31","N/A",true
"cmuihw3es0bg6sexpvhm3f4ri","Gian Cabezas","873528","cmuihq3b2005vh29e4cxx0zua","FC Alverca","NONE","Unassigned","WE_SHOW_SOURCE_DOES_NOT","detach","detach: Absent from FotMob declared squad for FC Alverca.","none","N/A","N/A",true
"cmuihw4490cm3sexpy1x72vgp","Talisca","1082584","cmuihq3b2005vh29e4cxx0zua","FC Alverca","NONE","Unassigned","WE_SHOW_SOURCE_DOES_NOT","detach","detach: Absent from FotMob declared squad for FC Alverca.","none","N/A","N/A",true
"cmuihw4rm0d0qsexp5oez9gk8","Kauan","1223074","cmuihq3b2005vh29e4cxx0zua","FC Alverca","NONE","Unassigned","WE_SHOW_SOURCE_DOES_NOT","detach","detach: Absent from FotMob declared squad for FC Alverca.","none","N/A","N/A",true
"cmuihw43j0c4fsexpy5h1u01l","Noah Raveyre","986180","NONE","Unassigned","cmuihq3b2005vh29e4cxx0zua","FC Alverca","SOURCE_SHOWS_WE_DO_NOT","attach","attach: Present in FC Alverca FotMob squad (shirt #N/A); attach detached player.","none","N/A","N/A",false
"FM_1208004","Mateus Oliveira","N/A","NONE","Unassigned","cmuihq3b2005vh29e4cxx0zua","FC Alverca","SOURCE_SHOWS_WE_DO_NOT","create new player","create new player: Ingest new senior player from FotMob squad (shirt #26).","none","N/A","N/A",true
"cmuihvxgk0505sexpplep4c0p","Jhonatan","212216","NONE","Unassigned","cmuihq3b2005vh29e4cxx0zua","FC Alverca","SOURCE_SHOWS_WE_DO_NOT","attach","attach: Present in FC Alverca FotMob squad (shirt #91); attach detached player.","none","N/A","N/A",true
"FM_1614740","Gabriel Carioca","N/A","NONE","Unassigned","cmuihq3b2005vh29e4cxx0zua","FC Alverca","SOURCE_SHOWS_WE_DO_NOT","create new player","create new player: Ingest new academy player from FotMob squad (shirt #none).","none","N/A","N/A",false
"FM_1604179","Yaya Bojang","N/A","NONE","Unassigned","cmuihq3b2005vh29e4cxx0zua","FC Alverca","SOURCE_SHOWS_WE_DO_NOT","create new player","create new player: Ingest new senior player from FotMob squad (shirt #4).","none","N/A","N/A",true
"FM_1667547","Mofe Jemide","N/A","NONE","Unassigned","cmuihq3b2005vh29e4cxx0zua","FC Alverca","SOURCE_SHOWS_WE_DO_NOT","create new player","create new player: Ingest new senior player from FotMob squad (shirt #24).","none","N/A","N/A",true
"FM_1801070","Toni Tamarit","N/A","NONE","Unassigned","cmuihq3b2005vh29e4cxx0zua","FC Alverca","SOURCE_SHOWS_WE_DO_NOT","create new player","create new player: Ingest new senior player from FotMob squad (shirt #27).","none","N/A","N/A",true
"FM_1842328","Óscar Torrellas","N/A","NONE","Unassigned","cmuihq3b2005vh29e4cxx0zua","FC Alverca","SOURCE_SHOWS_WE_DO_NOT","create new player","create new player: Ingest new senior player from FotMob squad (shirt #77).","none","N/A","N/A",true
"FM_1817035","Lucca Giuntini","N/A","NONE","Unassigned","cmuihq3b2005vh29e4cxx0zua","FC Alverca","SOURCE_SHOWS_WE_DO_NOT","create new player","create new player: Ingest new academy player from FotMob squad (shirt #none).","none","N/A","N/A",false
"FM_2080970","Tiago Octavio","N/A","NONE","Unassigned","cmuihq3b2005vh29e4cxx0zua","FC Alverca","SOURCE_SHOWS_WE_DO_NOT","create new player","create new player: Ingest new academy player from FotMob squad (shirt #none).","none","N/A","N/A",false
"cmuihw4ro0d1xsexprpqr8ef2","Zakaria Kassary","1245251","NONE","Unassigned","cmuihq3b2005vh29e4cxx0zua","FC Alverca","SOURCE_SHOWS_WE_DO_NOT","attach","attach: Present in FC Alverca FotMob squad (shirt #18); attach detached player.","none","N/A","N/A",true
"FM_1459547","Ian Luccas","N/A","NONE","Unassigned","cmuihq3b2005vh29e4cxx0zua","FC Alverca","SOURCE_SHOWS_WE_DO_NOT","create new player","create new player: Ingest new senior player from FotMob squad (shirt #25).","none","N/A","N/A",true
"cmuihw44a0cn1sexp3vuis005","Rayan Lucas","1087842","cmuihq6jo007lh29e9jpaabxs","Sporting CP","cmuihq3b2005vh29e4cxx0zua","FC Alverca","SOURCE_SHOWS_WE_DO_NOT","reassign","reassign: Present in FC Alverca FotMob senior squad (shirt #35); previously at Sporting CP.","none","N/A","N/A",true
"FM_1524671","Francisco Chissumba","N/A","NONE","Unassigned","cmuihq3b2005vh29e4cxx0zua","FC Alverca","SOURCE_SHOWS_WE_DO_NOT","create new player","create new player: Ingest new senior player from FotMob squad (shirt #55).","none","N/A","N/A",true
"FM_319796","Zé Rafael","N/A","NONE","Unassigned","cmuihq3b2005vh29e4cxx0zua","FC Alverca","SOURCE_SHOWS_WE_DO_NOT","create new player","create new player: Ingest new senior player from FotMob squad (shirt #93).","none","N/A","N/A",true
"FM_1752129","Rodrigo Pereira","N/A","NONE","Unassigned","cmuihq3b2005vh29e4cxx0zua","FC Alverca","SOURCE_SHOWS_WE_DO_NOT","create new player","create new player: Ingest new academy player from FotMob squad (shirt #none).","none","N/A","N/A",false
"cmuihw0io083jsexprg65a17y","André Vidigal","426624","NONE","Unassigned","cmuihq3b2005vh29e4cxx0zua","FC Alverca","SOURCE_SHOWS_WE_DO_NOT","attach","attach: Present in FC Alverca FotMob squad (shirt #7); attach detached player.","none","N/A","N/A",true
"cmuihw43s0c9vsexpz28oe7wg","Vivaldo Semedo","1014243","NONE","Unassigned","cmuihq3b2005vh29e4cxx0zua","FC Alverca","SOURCE_SHOWS_WE_DO_NOT","attach","attach: Present in FC Alverca FotMob squad (shirt #9); attach detached player.","none","N/A","N/A",true
"cmuihw4rm0d0msexpez21tyaz","Samy Jr. Merheg","1218658","NONE","Unassigned","cmuihq3b2005vh29e4cxx0zua","FC Alverca","SOURCE_SHOWS_WE_DO_NOT","attach","attach: Present in FC Alverca FotMob squad (shirt #17); attach detached player.","none","N/A","N/A",true
"cmuihw3ev0bj0sexpoviivkwt","Dawda Camara","891923","cmuiholli0029b23fvytgha8z","Girona FC","cmuihq3b2005vh29e4cxx0zua","FC Alverca","SOURCE_SHOWS_WE_DO_NOT","reassign","reassign: Present in FC Alverca FotMob senior squad (shirt #19); previously at Girona FC.","none","2026-06-29","N/A",true
"FM_1130711","Lucas Figueiredo","N/A","NONE","Unassigned","cmuihq3b2005vh29e4cxx0zua","FC Alverca","SOURCE_SHOWS_WE_DO_NOT","create new player","create new player: Ingest new senior player from FotMob squad (shirt #22).","none","N/A","N/A",true
"FM_1316124","Matheus França","N/A","NONE","Unassigned","cmuihq3b2005vh29e4cxx0zua","FC Alverca","SOURCE_SHOWS_WE_DO_NOT","create new player","create new player: Ingest new senior player from FotMob squad (shirt #26).","none","N/A","N/A",true
"cmuihvxg804rvsexppwlzzwpo","Rafa Soares","198006","cmuihq66x007fh29elwopl3td","FC Famalicão","cmuihq2sq005hh29en9069nxw","CF Estrela Amadora","WE_SHOW_SOURCE_DOES_NOT","reassign","reassign: Player is registered in CF Estrela Amadora current FotMob squad (shirt #55).","none","2024-09-01","N/A",true
"cmuihvyqy0680sexpntq7eq52","Rochinha","290336","cmuihq66x007fh29elwopl3td","FC Famalicão","cmuihq5nq0073h29e11xogoc5","Casa Pia AC","WE_SHOW_SOURCE_DOES_NOT","reassign","reassign: Player is registered in Casa Pia AC current FotMob squad (shirt #10).","none","2024-06-30","N/A",true
"cmuihw43i0c3fsexpfsk0wmws","Gustavo Sá","982575","cmuihq66x007fh29elwopl3td","FC Famalicão","NONE","Unassigned","WE_SHOW_SOURCE_DOES_NOT","detach","detach: Absent from FotMob declared squad for FC Famalicão.","none","2022-06-30","N/A",true
"cmuihw4420chhsexpgixxgzp3","Rudi Almeida","1061686","cmuihq66x007fh29elwopl3td","FC Famalicão","NONE","Unassigned","WE_SHOW_SOURCE_DOES_NOT","detach","detach: Absent from FotMob declared squad for FC Famalicão.","none","N/A","N/A",true
"cmuihw1dn09h3sexp6ldkk9dk","Garcia","574758","cmuihq66x007fh29elwopl3td","FC Famalicão","NONE","Unassigned","WE_SHOW_SOURCE_DOES_NOT","detach","detach: Absent from FotMob declared squad for FC Famalicão.","none","2025-07-05","N/A",true
"cmuihw2pv0arcsexppuawx1zr","Otar Mamageishvili","724966","cmuihq66x007fh29elwopl3td","FC Famalicão","NONE","Unassigned","WE_SHOW_SOURCE_DOES_NOT","detach","detach: Absent from FotMob declared squad for FC Famalicão.","none","2025-01-29","N/A",true
"cmuihw2qc0b2wsexp2uf87eyh","Simon Elisor","804661","cmuihq66x007fh29elwopl3td","FC Famalicão","NONE","Unassigned","WE_SHOW_SOURCE_DOES_NOT","detach","detach: Absent from FotMob declared squad for FC Famalicão.","none","2025-01-21","N/A",true
"cmuihw44c0co3sexpqn21h7y3","Renan Santana","1096224","cmuihq66x007fh29elwopl3td","FC Famalicão","NONE","Unassigned","WE_SHOW_SOURCE_DOES_NOT","detach","detach: Absent from FotMob declared squad for FC Famalicão.","none","2025-07-21","N/A",true
"cmuihw4ri0cyusexp1vez4sym","Ibrahima Ba","1191154","cmuihq66x007fh29elwopl3td","FC Famalicão","cmuihq6jo007lh29e9jpaabxs","Sporting CP","WE_SHOW_SOURCE_DOES_NOT","reassign","reassign: Player is registered in Sporting CP current FotMob squad (shirt #55).","none","2025-06-30","N/A",true
"FM_1256650","Gustavo Garcia","N/A","NONE","Unassigned","cmuihq66x007fh29elwopl3td","FC Famalicão","SOURCE_SHOWS_WE_DO_NOT","create new player","create new player: Ingest new senior player from FotMob squad (shirt #2).","none","N/A","N/A",true
"FM_1363788","Finn van Breemen","N/A","NONE","Unassigned","cmuihq66x007fh29elwopl3td","FC Famalicão","SOURCE_SHOWS_WE_DO_NOT","create new player","create new player: Ingest new senior player from FotMob squad (shirt #4).","none","N/A","N/A",true
"FM_1383372","Leny Meyer","N/A","NONE","Unassigned","cmuihq66x007fh29elwopl3td","FC Famalicão","SOURCE_SHOWS_WE_DO_NOT","create new player","create new player: Ingest new senior player from FotMob squad (shirt #5).","none","N/A","N/A",true
"cmuihw2pr0an9sexp3nw3m0n5","Víctor Rofino","709999","NONE","Unassigned","cmuihq66x007fh29elwopl3td","FC Famalicão","SOURCE_SHOWS_WE_DO_NOT","attach","attach: Present in FC Famalicão FotMob squad (shirt #15); attach detached player.","none","N/A","N/A",true
"cmuihvzvu07fksexprgdjrxsr","Paulo Moreira","375392","cmuihq2sq005hh29en9069nxw","CF Estrela Amadora","cmuihq66x007fh29elwopl3td","FC Famalicão","SOURCE_SHOWS_WE_DO_NOT","reassign","reassign: Present in FC Famalicão FotMob senior squad (shirt #19); previously at CF Estrela Amadora.","none","2024-06-30","N/A",true
"FM_1315571","Tamás Szucs","N/A","NONE","Unassigned","cmuihq66x007fh29elwopl3td","FC Famalicão","SOURCE_SHOWS_WE_DO_NOT","create new player","create new player: Ingest new senior player from FotMob squad (shirt #21).","none","N/A","N/A",true
"cmuihw4rg0cxvsexpakcv2vid","Mathis Jangéal","1185887","NONE","Unassigned","cmuihq66x007fh29elwopl3td","FC Famalicão","SOURCE_SHOWS_WE_DO_NOT","attach","attach: Present in FC Famalicão FotMob squad (shirt #24); attach detached player.","none","N/A","N/A",true
"FM_1513185","Patricio Salas","N/A","NONE","Unassigned","cmuihq66x007fh29elwopl3td","FC Famalicão","SOURCE_SHOWS_WE_DO_NOT","create new player","create new player: Ingest new senior player from FotMob squad (shirt #33).","none","N/A","N/A",true
"FM_1169353","Georgios Koutsias","N/A","NONE","Unassigned","cmuihq66x007fh29elwopl3td","FC Famalicão","SOURCE_SHOWS_WE_DO_NOT","create new player","create new player: Ingest new senior player from FotMob squad (shirt #70).","none","N/A","N/A",true
"cmuihvy6j05m1sexpudh6bj6q","Arno Verschueren","250591","cmuihq5k60071h29e42akmqnf","FC Twente Enschede","NONE","Unassigned","WE_SHOW_SOURCE_DOES_NOT","detach","detach: Absent from FotMob declared squad for FC Twente Enschede.","none","2025-01-27","N/A",true
"cmuihvu4m01hlsexp1412elk1","Przemyslaw Tyton","33210","cmuihq5k60071h29e42akmqnf","FC Twente Enschede","NONE","Unassigned","WE_SHOW_SOURCE_DOES_NOT","detach","detach: Absent from FotMob declared squad for FC Twente Enschede.","none","2022-06-30","N/A",true
"cmuihvzw007k0sexp1ejaqiol","Sam Lammers","386914","cmuihq5k60071h29e42akmqnf","FC Twente Enschede","cmuihq7yg008dh29eacwmi5po","PSV Eindhoven","WE_SHOW_SOURCE_DOES_NOT","reassign","reassign: Player is registered in PSV Eindhoven current FotMob squad (shirt #N/A).","none","2024-07-25","N/A",true
"cmuihw1as08vrsexpfes8kloa","Taylor Booth","513963","cmuihq5k60071h29e42akmqnf","FC Twente Enschede","NONE","Unassigned","WE_SHOW_SOURCE_DOES_NOT","detach","detach: Absent from FotMob declared squad for FC Twente Enschede.","none","2025-02-03","N/A",true
"cmuihw1bs0900sexpafducpfi","Mathias Kjølø","528652","cmuihq5k60071h29e42akmqnf","FC Twente Enschede","cmuihqcp500axh29eqi1p52xi","SSC Napoli","WE_SHOW_SOURCE_DOES_NOT","reassign","reassign: Player is registered in SSC Napoli current FotMob squad (shirt #17).","none","2022-06-30","N/A",true
"cmuihw1dc09cgsexpeq5epg5f","Mees Hilgers","562702","cmuihq5k60071h29e42akmqnf","FC Twente Enschede","cmuihq5gp006xh29ew3zgy2a2","SC Heerenveen","WE_SHOW_SOURCE_DOES_NOT","reassign","reassign: Player is registered in SC Heerenveen current FotMob squad (shirt #2).","none","2020-10-16","N/A",true
"cmuihw2pl0ajzsexpv6yunq76","Sam Karssies","703779","cmuihq5k60071h29e42akmqnf","FC Twente Enschede","NONE","Unassigned","WE_SHOW_SOURCE_DOES_NOT","detach","detach: Absent from FotMob declared squad for FC Twente Enschede.","none","2022-06-30","N/A",true
"cmuihw0iq084ksexpk63vdizd","Issam El Maach","430475","NONE","Unassigned","cmuihq5k60071h29e42akmqnf","FC Twente Enschede","SOURCE_SHOWS_WE_DO_NOT","attach","attach: Present in FC Twente Enschede FotMob squad (shirt #N/A); attach detached player.","none","N/A","N/A",false
"cmuihvzas06qosexploa65wef","Joël Drommel","333640","cmuihq7yg008dh29eacwmi5po","PSV Eindhoven","cmuihq5k60071h29e42akmqnf","FC Twente Enschede","SOURCE_SHOWS_WE_DO_NOT","reassign","reassign: Present in FC Twente Enschede FotMob senior squad (shirt #16); previously at PSV Eindhoven.","none","2026-06-29","N/A",true
"cmuihvu48019nsexpxm8rjmb3","Remko Pasveer","25520","NONE","Unassigned","cmuihq5k60071h29e42akmqnf","FC Twente Enschede","SOURCE_SHOWS_WE_DO_NOT","attach","attach: Present in FC Twente Enschede FotMob squad (shirt #22); attach detached player.","none","N/A","N/A",true
"cmuihw43s0c9usexplq626rlx","Yannick Gerritsen","1014172","NONE","Unassigned","cmuihq5k60071h29e42akmqnf","FC Twente Enschede","SOURCE_SHOWS_WE_DO_NOT","attach","attach: Present in FC Twente Enschede FotMob squad (shirt #31); attach detached player.","none","N/A","N/A",true
"cmuihw4r60ctzsexp234hritm","Björn Titulaer","1150220","NONE","Unassigned","cmuihq5k60071h29e42akmqnf","FC Twente Enschede","SOURCE_SHOWS_WE_DO_NOT","attach","attach: Present in FC Twente Enschede FotMob squad (shirt #N/A); attach detached player.","none","N/A","N/A",false
"cmuihw2pz0av7sexpr7wx0wii","Michał Rosiak","742943","NONE","Unassigned","cmuihq5k60071h29e42akmqnf","FC Twente Enschede","SOURCE_SHOWS_WE_DO_NOT","attach","attach: Present in FC Twente Enschede FotMob squad (shirt #2); attach detached player.","none","N/A","N/A",true
"cmuihvxge04v8sexp0w624tn9","Robin Pröpper","202788","NONE","Unassigned","cmuihq5k60071h29e42akmqnf","FC Twente Enschede","SOURCE_SHOWS_WE_DO_NOT","attach","attach: Present in FC Twente Enschede FotMob squad (shirt #3); attach detached player.","none","N/A","N/A",true
"cmuihw4rh0cyhsexpd7ojquvs","Ruud Nijstad","1189172","NONE","Unassigned","cmuihq5k60071h29e42akmqnf","FC Twente Enschede","SOURCE_SHOWS_WE_DO_NOT","attach","attach: Present in FC Twente Enschede FotMob squad (shirt #4); attach detached player.","none","N/A","N/A",true
"cmuihw2q60aybsexpeptpd4qx","Stav Lemkin","761326","NONE","Unassigned","cmuihq5k60071h29e42akmqnf","FC Twente Enschede","SOURCE_SHOWS_WE_DO_NOT","attach","attach: Present in FC Twente Enschede FotMob squad (shirt #23); attach detached player.","none","N/A","N/A",true
"FM_1526656","Krzysztof Kurowski","N/A","NONE","Unassigned","cmuihq5k60071h29e42akmqnf","FC Twente Enschede","SOURCE_SHOWS_WE_DO_NOT","create new player","create new player: Ingest new senior player from FotMob squad (shirt #24).","none","N/A","N/A",true
"cmuihw24k0a6ysexpqgh8m9ir","Aske Adelgaard","656132","cmuihpzcq003nh29eowpx0ee9","Go Ahead Eagles","cmuihq5k60071h29e42akmqnf","FC Twente Enschede","SOURCE_SHOWS_WE_DO_NOT","reassign","reassign: Present in FC Twente Enschede FotMob senior squad (shirt #29); previously at Go Ahead Eagles.","none","2024-08-18","N/A",true
"FM_2168463","Jip Meilink","N/A","NONE","Unassigned","cmuihq5k60071h29e42akmqnf","FC Twente Enschede","SOURCE_SHOWS_WE_DO_NOT","create new player","create new player: Ingest new senior player from FotMob squad (shirt #39).","none","N/A","N/A",true
"cmuihw3ew0bjrsexpw6mopku4","Juliën Mesbahi","895089","NONE","Unassigned","cmuihq5k60071h29e42akmqnf","FC Twente Enschede","SOURCE_SHOWS_WE_DO_NOT","attach","attach: Present in FC Twente Enschede FotMob squad (shirt #44); attach detached player.","none","N/A","N/A",true
"cmuihvzwo07zssexpzod0e33u","Ramiz Zerrouki","416660","cmuihq1t5004zh29exb9q00c1","Feyenoord Rotterdam","cmuihq5k60071h29e42akmqnf","FC Twente Enschede","SOURCE_SHOWS_WE_DO_NOT","reassign","reassign: Present in FC Twente Enschede FotMob senior squad (shirt #6); previously at Feyenoord Rotterdam.","none","2026-06-29","N/A",true
"cmuihw2qd0b4bsexpsrpsp85r","Daouda Weidmann","808578","NONE","Unassigned","cmuihq5k60071h29e42akmqnf","FC Twente Enschede","SOURCE_SHOWS_WE_DO_NOT","attach","attach: Present in FC Twente Enschede FotMob squad (shirt #8); attach detached player.","none","N/A","N/A",true
"cmuihw3er0bfbsexp35gpeh8i","Younes Taha","866328","NONE","Unassigned","cmuihq5k60071h29e42akmqnf","FC Twente Enschede","SOURCE_SHOWS_WE_DO_NOT","attach","attach: Present in FC Twente Enschede FotMob squad (shirt #10); attach detached player.","none","N/A","N/A",true
"cmuihw2ph0agqsexpakjenwsy","Kristian Hlynsson","694186","NONE","Unassigned","cmuihq5k60071h29e42akmqnf","FC Twente Enschede","SOURCE_SHOWS_WE_DO_NOT","attach","attach: Present in FC Twente Enschede FotMob squad (shirt #14); attach detached player.","none","N/A","N/A",true
"cmuihw43u0cazsexpbt9n4r2s","Jordy Bawuah","1024739","NONE","Unassigned","cmuihq5k60071h29e42akmqnf","FC Twente Enschede","SOURCE_SHOWS_WE_DO_NOT","attach","attach: Present in FC Twente Enschede FotMob squad (shirt #18); attach detached player.","none","N/A","N/A",true
"cmuihvzwm07yasexpk5nn2re2","Thomas van den Belt","412941","NONE","Unassigned","cmuihq5k60071h29e42akmqnf","FC Twente Enschede","SOURCE_SHOWS_WE_DO_NOT","attach","attach: Present in FC Twente Enschede FotMob squad (shirt #20); attach detached player.","none","N/A","N/A",true
"cmuihw43k0c4usexp5zoq8qdf","Benjamin Nagel","987360","NONE","Unassigned","cmuihq5k60071h29e42akmqnf","FC Twente Enschede","SOURCE_SHOWS_WE_DO_NOT","attach","attach: Present in FC Twente Enschede FotMob squad (shirt #26); attach detached player.","none","N/A","N/A",true
"cmuihw2pm0ak2sexpey4d4z6w","Gijs Besselink","704075","NONE","Unassigned","cmuihq5k60071h29e42akmqnf","FC Twente Enschede","SOURCE_SHOWS_WE_DO_NOT","attach","attach: Present in FC Twente Enschede FotMob squad (shirt #41); attach detached player.","none","N/A","N/A",true
"cmuihvxgh04xssexpc8d0usx2","Marko Pjaca","205940","cmuihq5qq0075h29elabq5hjd","FC Schalke 04","cmuihq5k60071h29e42akmqnf","FC Twente Enschede","SOURCE_SHOWS_WE_DO_NOT","reassign","reassign: Present in FC Twente Enschede FotMob senior squad (shirt #7); previously at FC Schalke 04.","none","2025-09-01","N/A",true
"cmuihvy620587sexpq53ebl2e","Wout Weghorst","228645","cmuihqce400ath29e227zx42b","Ajax Amsterdam","cmuihq5k60071h29e42akmqnf","FC Twente Enschede","SOURCE_SHOWS_WE_DO_NOT","reassign","reassign: Present in FC Twente Enschede FotMob senior squad (shirt #9); previously at Ajax Amsterdam.","none","2024-08-28","N/A",true
"FM_1460786","Filip Thorvaldsen","N/A","NONE","Unassigned","cmuihq5k60071h29e42akmqnf","FC Twente Enschede","SOURCE_SHOWS_WE_DO_NOT","create new player","create new player: Ingest new senior player from FotMob squad (shirt #17).","none","N/A","N/A",true
"cmuihw43p0c6usexpu3n2lk6x","Lucas Vennegoor of Hesselink","997646","NONE","Unassigned","cmuihq5k60071h29e42akmqnf","FC Twente Enschede","SOURCE_SHOWS_WE_DO_NOT","attach","attach: Present in FC Twente Enschede FotMob squad (shirt #25); attach detached player.","none","N/A","N/A",true
"cmuihw43q0c7hsexpdg27edrr","Sondre Ørjasæter","1002305","NONE","Unassigned","cmuihq5k60071h29e42akmqnf","FC Twente Enschede","SOURCE_SHOWS_WE_DO_NOT","attach","attach: Present in FC Twente Enschede FotMob squad (shirt #27); attach detached player.","none","N/A","N/A",true
"cmuihw4rt0d30sexph32zzmy2","Nigel Groenewald","1274531","NONE","Unassigned","cmuihq5k60071h29e42akmqnf","FC Twente Enschede","SOURCE_SHOWS_WE_DO_NOT","attach","attach: Present in FC Twente Enschede FotMob squad (shirt #36); attach detached player.","none","N/A","N/A",true
"cmuihw0kd08unsexphx0q7c7a","Naci Ünüvar","508639","NONE","Unassigned","cmuihq5k60071h29e42akmqnf","FC Twente Enschede","SOURCE_SHOWS_WE_DO_NOT","attach","attach: Present in FC Twente Enschede FotMob squad (shirt #37); attach detached player.","none","N/A","N/A",true
"cmuihvxfw04hssexpzng7mah4","Mike van Duinen","183397","cmuihqf1z00c9h29ewetm83qg","Excelsior Rotterdam","NONE","Unassigned","WE_SHOW_SOURCE_DOES_NOT","detach","detach: Absent from FotMob declared squad for Excelsior Rotterdam.","none","2022-08-18","N/A",true
"cmuihw0k308nhsexpyxkjev6r","Calvin Raatsie","485588","cmuihqf1z00c9h29ewetm83qg","Excelsior Rotterdam","NONE","Unassigned","WE_SHOW_SOURCE_DOES_NOT","detach","detach: Absent from FotMob declared squad for Excelsior Rotterdam.","none","2024-07-15","N/A",true
"cmuihw4400cgasexp9prp3819","Chris-Kévin Nadje","1057565","cmuihqf1z00c9h29ewetm83qg","Excelsior Rotterdam","NONE","Unassigned","WE_SHOW_SOURCE_DOES_NOT","detach","detach: Absent from FotMob declared squad for Excelsior Rotterdam.","none","N/A","N/A",true
"cmuihw24109rfsexpkjq6ypcl","Derensili Sanches Fernandes","608407","cmuihqf1z00c9h29ewetm83qg","Excelsior Rotterdam","NONE","Unassigned","WE_SHOW_SOURCE_DOES_NOT","detach","detach: Absent from FotMob declared squad for Excelsior Rotterdam.","none","2023-07-14","N/A",true
"cmuihw2pu0aq1sexppae1twib","Nolan Martens","720189","cmuihqf1z00c9h29ewetm83qg","Excelsior Rotterdam","NONE","Unassigned","WE_SHOW_SOURCE_DOES_NOT","detach","detach: Absent from FotMob declared squad for Excelsior Rotterdam.","none","N/A","N/A",true
"cmuihw4r40ct6sexp2mq52ikn","Jerolldino Bergraaf","1142631","cmuihqf1z00c9h29ewetm83qg","Excelsior Rotterdam","NONE","Unassigned","WE_SHOW_SOURCE_DOES_NOT","detach","detach: Absent from FotMob declared squad for Excelsior Rotterdam.","none","2024-06-30","N/A",true
"cmuihw4ru0d3xsexpvqkvecwo","Stijn Middendorp","1299824","cmuihqf1z00c9h29ewetm83qg","Excelsior Rotterdam","NONE","Unassigned","WE_SHOW_SOURCE_DOES_NOT","detach","detach: Absent from FotMob declared squad for Excelsior Rotterdam.","none","N/A","N/A",true
"cmuihvyr606e4sexpc5nx4pmt","Stijn van Gassel","301696","NONE","Unassigned","cmuihqf1z00c9h29ewetm83qg","Excelsior Rotterdam","SOURCE_SHOWS_WE_DO_NOT","attach","attach: Present in Excelsior Rotterdam FotMob squad (shirt #1); attach detached player.","none","N/A","N/A",true
"cmuihw0jl08fbsexp0hv1w0t4","Celton Biai","461963","NONE","Unassigned","cmuihqf1z00c9h29ewetm83qg","Excelsior Rotterdam","SOURCE_SHOWS_WE_DO_NOT","attach","attach: Present in Excelsior Rotterdam FotMob squad (shirt #16); attach detached player.","none","N/A","N/A",true
"cmuihw44a0cn4sexp78v6ruy8","Tijmen Holla","1088035","NONE","Unassigned","cmuihqf1z00c9h29ewetm83qg","Excelsior Rotterdam","SOURCE_SHOWS_WE_DO_NOT","attach","attach: Present in Excelsior Rotterdam FotMob squad (shirt #40); attach detached player.","none","N/A","N/A",true
"FM_1797146","Marlon van de Wetering","N/A","NONE","Unassigned","cmuihqf1z00c9h29ewetm83qg","Excelsior Rotterdam","SOURCE_SHOWS_WE_DO_NOT","create new player","create new player: Ingest new academy player from FotMob squad (shirt #none).","none","N/A","N/A",false
"cmuihw3ew0bkbsexpmib4shv8","Eric da Silva Moreira","897481","NONE","Unassigned","cmuihqf1z00c9h29ewetm83qg","Excelsior Rotterdam","SOURCE_SHOWS_WE_DO_NOT","attach","attach: Present in Excelsior Rotterdam FotMob squad (shirt #2); attach detached player.","none","N/A","N/A",true
"cmuihw23v09nksexpzwhpnhxp","Rick Meissen","596178","NONE","Unassigned","cmuihqf1z00c9h29ewetm83qg","Excelsior Rotterdam","SOURCE_SHOWS_WE_DO_NOT","attach","attach: Present in Excelsior Rotterdam FotMob squad (shirt #3); attach detached player.","none","N/A","N/A",true
"cmuihw2q10awnsexpv5sqol0o","Jan Plug","745625","cmuihq1t5004zh29exb9q00c1","Feyenoord Rotterdam","cmuihqf1z00c9h29ewetm83qg","Excelsior Rotterdam","SOURCE_SHOWS_WE_DO_NOT","reassign","reassign: Present in Excelsior Rotterdam FotMob senior squad (shirt #14); previously at Feyenoord Rotterdam.","none","N/A","N/A",true
"cmuihw0jd08ccsexpn7n2jfe3","Simon Janssen","457092","NONE","Unassigned","cmuihqf1z00c9h29ewetm83qg","Excelsior Rotterdam","SOURCE_SHOWS_WE_DO_NOT","attach","attach: Present in Excelsior Rotterdam FotMob squad (shirt #15); attach detached player.","none","N/A","N/A",true
"FM_1830760","Osman Mohamed Turay","N/A","NONE","Unassigned","cmuihqf1z00c9h29ewetm83qg","Excelsior Rotterdam","SOURCE_SHOWS_WE_DO_NOT","create new player","create new player: Ingest new senior player from FotMob squad (shirt #22).","none","N/A","N/A",true
"cmuihw4rd0cwasexpr9ktny50","Guilliano Cairo","1175060","NONE","Unassigned","cmuihqf1z00c9h29ewetm83qg","Excelsior Rotterdam","SOURCE_SHOWS_WE_DO_NOT","attach","attach: Present in Excelsior Rotterdam FotMob squad (shirt #24); attach detached player.","none","N/A","N/A",true
"FM_1301320","Daniël van Vianen","N/A","NONE","Unassigned","cmuihqf1z00c9h29ewetm83qg","Excelsior Rotterdam","SOURCE_SHOWS_WE_DO_NOT","create new player","create new player: Ingest new senior player from FotMob squad (shirt #6).","none","N/A","N/A",true
"cmuihw2qc0b3jsexpaxk2bq7m","Irakli Yegoian","806245","NONE","Unassigned","cmuihqf1z00c9h29ewetm83qg","Excelsior Rotterdam","SOURCE_SHOWS_WE_DO_NOT","attach","attach: Present in Excelsior Rotterdam FotMob squad (shirt #8); attach detached player.","none","N/A","N/A",true
"cmuihw3fc0bvysexp7wl13sii","Mario Domínguez","941867","cmuihnufg000xb23fs4poj6rc","Valencia CF","cmuihqf1z00c9h29ewetm83qg","Excelsior Rotterdam","SOURCE_SHOWS_WE_DO_NOT","reassign","reassign: Present in Excelsior Rotterdam FotMob senior squad (shirt #9); previously at Valencia CF.","none","2023-06-30","N/A",true
"FM_1357944","Valentin Sulzbacher","N/A","NONE","Unassigned","cmuihqf1z00c9h29ewetm83qg","Excelsior Rotterdam","SOURCE_SHOWS_WE_DO_NOT","create new player","create new player: Ingest new senior player from FotMob squad (shirt #18).","none","N/A","N/A",true
"FM_1901433","Gijs van den Berg","N/A","NONE","Unassigned","cmuihqf1z00c9h29ewetm83qg","Excelsior Rotterdam","SOURCE_SHOWS_WE_DO_NOT","create new player","create new player: Ingest new senior player from FotMob squad (shirt #25).","none","N/A","N/A",true
"cmuihw2q80azasexpb6qu853x","Aymen Sliti","775257","cmuihq1t5004zh29exb9q00c1","Feyenoord Rotterdam","cmuihqf1z00c9h29ewetm83qg","Excelsior Rotterdam","SOURCE_SHOWS_WE_DO_NOT","reassign","reassign: Present in Excelsior Rotterdam FotMob senior squad (shirt #7); previously at Feyenoord Rotterdam.","none","2025-09-14","N/A",true
"FM_466890","Alireza Jahanbakhsh","N/A","NONE","Unassigned","cmuihqf1z00c9h29ewetm83qg","Excelsior Rotterdam","SOURCE_SHOWS_WE_DO_NOT","create new player","create new player: Ingest new senior player from FotMob squad (shirt #11).","none","N/A","N/A",true
"cmuihw4r90cucsexp3v74ymlb","Kasey Bos","1154876","NONE","Unassigned","cmuihqf1z00c9h29ewetm83qg","Excelsior Rotterdam","SOURCE_SHOWS_WE_DO_NOT","attach","attach: Present in Excelsior Rotterdam FotMob squad (shirt #12); attach detached player.","none","N/A","N/A",true
"FM_1406446","David Garden","N/A","NONE","Unassigned","cmuihqf1z00c9h29ewetm83qg","Excelsior Rotterdam","SOURCE_SHOWS_WE_DO_NOT","create new player","create new player: Ingest new senior player from FotMob squad (shirt #19).","none","N/A","N/A",true
"FM_1665413","Ilano Silva Timas","N/A","NONE","Unassigned","cmuihqf1z00c9h29ewetm83qg","Excelsior Rotterdam","SOURCE_SHOWS_WE_DO_NOT","create new player","create new player: Ingest new senior player from FotMob squad (shirt #21).","none","N/A","N/A",true
"FM_1603365","Yaqub Finey","N/A","NONE","Unassigned","cmuihqf1z00c9h29ewetm83qg","Excelsior Rotterdam","SOURCE_SHOWS_WE_DO_NOT","create new player","create new player: Ingest new senior player from FotMob squad (shirt #23).","none","N/A","N/A",true
"FM_1284359","Ágúst Thorsteinsson","N/A","NONE","Unassigned","cmuihqf1z00c9h29ewetm83qg","Excelsior Rotterdam","SOURCE_SHOWS_WE_DO_NOT","create new player","create new player: Ingest new senior player from FotMob squad (shirt #30).","none","N/A","N/A",true
"cmuihvyqj05wnsexpo3thhe8i","Ronald Koeman Jr.","271549","cmuihpzab003lh29emxyfpwie","SC Telstar","NONE","Unassigned","WE_SHOW_SOURCE_DOES_NOT","detach","detach: Absent from FotMob declared squad for SC Telstar.","none","2021-06-30","N/A",true
"cmuihvyqm05xasexpufl27j87","Mohamed Hamdaoui","272698","cmuihpzab003lh29emxyfpwie","SC Telstar","NONE","Unassigned","WE_SHOW_SOURCE_DOES_NOT","detach","detach: Absent from FotMob declared squad for SC Telstar.","none","N/A","N/A",true
"cmuihw2q50axvsexp6cf54eot","Devon Koswal","748604","cmuihpzab003lh29emxyfpwie","SC Telstar","NONE","Unassigned","WE_SHOW_SOURCE_DOES_NOT","detach","detach: Absent from FotMob declared squad for SC Telstar.","none","2023-08-10","N/A",true
"cmuihw2q80azmsexprfkml0i3","Soufiane Hetli","779752","cmuihpzab003lh29emxyfpwie","SC Telstar","NONE","Unassigned","WE_SHOW_SOURCE_DOES_NOT","detach","detach: Absent from FotMob declared squad for SC Telstar.","none","2024-06-30","N/A",true
"cmuihw2qc0b35sexp0vf2m22g","Sebastiaan Hagedoorn","804906","cmuihpzab003lh29emxyfpwie","SC Telstar","NONE","Unassigned","WE_SHOW_SOURCE_DOES_NOT","detach","detach: Absent from FotMob declared squad for SC Telstar.","none","N/A","N/A",true
"cmuihw0j40883sexpz5woj4nh","Kay Tejan","442885","cmuihpzab003lh29emxyfpwie","SC Telstar","NONE","Unassigned","WE_SHOW_SOURCE_DOES_NOT","detach","detach: Absent from FotMob declared squad for SC Telstar.","none","2025-08-28","N/A",true
"cmuihw24n0a9jsexpmxgma6ih","Tyrick Bodak","663961","cmuihpzab003lh29emxyfpwie","SC Telstar","NONE","Unassigned","WE_SHOW_SOURCE_DOES_NOT","detach","detach: Absent from FotMob declared squad for SC Telstar.","none","2024-06-30","N/A",true
"cmuihw2pq0am3sexp2jugithx","Tyrese Noslin","708005","cmuihpzab003lh29emxyfpwie","SC Telstar","NONE","Unassigned","WE_SHOW_SOURCE_DOES_NOT","detach","detach: Absent from FotMob declared squad for SC Telstar.","none","2024-08-07","N/A",true
"cmuihw4ss0d75sexpnvmbd8lz","Rayyan Koubini","1412729","cmuihpzab003lh29emxyfpwie","SC Telstar","NONE","Unassigned","WE_SHOW_SOURCE_DOES_NOT","detach","detach: Absent from FotMob declared squad for SC Telstar.","none","N/A","N/A",true
"FM_369295","Ronald Koeman","N/A","NONE","Unassigned","cmuihpzab003lh29emxyfpwie","SC Telstar","SOURCE_SHOWS_WE_DO_NOT","create new player","create new player: Ingest new senior player from FotMob squad (shirt #1).","none","N/A","N/A",true
"cmuihw4r50ctqsexpwas6akze","Finn Mulder","1146456","NONE","Unassigned","cmuihpzab003lh29emxyfpwie","SC Telstar","SOURCE_SHOWS_WE_DO_NOT","attach","attach: Present in SC Telstar FotMob squad (shirt #13); attach detached player.","none","N/A","N/A",true
"cmuihw4r50ctrsexpa089efuw","Amin Bouchouari","1146467","NONE","Unassigned","cmuihpzab003lh29emxyfpwie","SC Telstar","SOURCE_SHOWS_WE_DO_NOT","attach","attach: Present in SC Telstar FotMob squad (shirt #N/A); attach detached player.","none","N/A","N/A",false
"FM_1792483","Abdelnor Soualhia","N/A","NONE","Unassigned","cmuihpzab003lh29emxyfpwie","SC Telstar","SOURCE_SHOWS_WE_DO_NOT","create new player","create new player: Ingest new senior player from FotMob squad (shirt #4).","none","N/A","N/A",true
"FM_1381588","Prince Aning","N/A","NONE","Unassigned","cmuihpzab003lh29emxyfpwie","SC Telstar","SOURCE_SHOWS_WE_DO_NOT","create new player","create new player: Ingest new senior player from FotMob squad (shirt #5).","none","N/A","N/A",true
"cmuihw24309t0sexpj13zjjf7","Sem Valk","612824","NONE","Unassigned","cmuihpzab003lh29emxyfpwie","SC Telstar","SOURCE_SHOWS_WE_DO_NOT","attach","attach: Present in SC Telstar FotMob squad (shirt #16); attach detached player.","none","N/A","N/A",true
"cmuihw44a0cmwsexpi21ly146","Abdelraffie Benzzine","1086915","NONE","Unassigned","cmuihpzab003lh29emxyfpwie","SC Telstar","SOURCE_SHOWS_WE_DO_NOT","attach","attach: Present in SC Telstar FotMob squad (shirt #24); attach detached player.","none","N/A","N/A",true
"FM_1714781","Mano Olfers","N/A","NONE","Unassigned","cmuihpzab003lh29emxyfpwie","SC Telstar","SOURCE_SHOWS_WE_DO_NOT","create new player","create new player: Ingest new senior player from FotMob squad (shirt #25).","none","N/A","N/A",true
"cmuihvwrg03kmsexp094n0ewi","Marvin Peersman","125769","cmuihq181004ph29eat3v78na","FC Groningen","cmuihpzab003lh29emxyfpwie","SC Telstar","SOURCE_SHOWS_WE_DO_NOT","reassign","reassign: Present in SC Telstar FotMob senior squad (shirt #43); previously at FC Groningen.","none","2023-07-02","N/A",true
"FM_2088598","Amine Mahdar","N/A","NONE","Unassigned","cmuihpzab003lh29emxyfpwie","SC Telstar","SOURCE_SHOWS_WE_DO_NOT","create new player","create new player: Ingest new academy player from FotMob squad (shirt #none).","none","N/A","N/A",false
"cmuihw3ev0biysexpf3ngb4at","Gerald Alders","891854","NONE","Unassigned","cmuihpzab003lh29emxyfpwie","SC Telstar","SOURCE_SHOWS_WE_DO_NOT","attach","attach: Present in SC Telstar FotMob squad (shirt #3); attach detached player.","none","N/A","N/A",true
"cmuihw3et0bhxsexp2ecj55dn","Isaiah Ahmed","886252","cmuihq5gp006xh29ew3zgy2a2","SC Heerenveen","cmuihpzab003lh29emxyfpwie","SC Telstar","SOURCE_SHOWS_WE_DO_NOT","reassign","reassign: Present in SC Telstar FotMob senior squad (shirt #6); previously at SC Heerenveen.","none","2023-06-30","N/A",true
"cmuihvzw007kisexplvn62dpu","Rui Mendes","387996","cmuihq181004ph29eat3v78na","FC Groningen","cmuihpzab003lh29emxyfpwie","SC Telstar","SOURCE_SHOWS_WE_DO_NOT","reassign","reassign: Present in SC Telstar FotMob senior squad (shirt #7); previously at FC Groningen.","none","2024-01-23","N/A",true
"cmuihw3fa0btzsexp7cu9av9m","Harrie Kuster","936605","NONE","Unassigned","cmuihpzab003lh29emxyfpwie","SC Telstar","SOURCE_SHOWS_WE_DO_NOT","attach","attach: Present in SC Telstar FotMob squad (shirt #14); attach detached player.","none","N/A","N/A",true
"cmuihw24i0a4ksexpyh42ov8u","Gabi Caschili","648541","NONE","Unassigned","cmuihpzab003lh29emxyfpwie","SC Telstar","SOURCE_SHOWS_WE_DO_NOT","attach","attach: Present in SC Telstar FotMob squad (shirt #18); attach detached player.","none","N/A","N/A",true
"FM_1825940","Noach Shenkman","N/A","NONE","Unassigned","cmuihpzab003lh29emxyfpwie","SC Telstar","SOURCE_SHOWS_WE_DO_NOT","create new player","create new player: Ingest new senior player from FotMob squad (shirt #23).","none","N/A","N/A",true
"cmuihw3f10bo5sexpe2z0l1st","Emirhan Demircan","918445","cmuihq181004nh29e2ib1sw4p","FC Utrecht","cmuihpzab003lh29emxyfpwie","SC Telstar","SOURCE_SHOWS_WE_DO_NOT","reassign","reassign: Present in SC Telstar FotMob senior squad (shirt #8); previously at FC Utrecht.","none","2025-06-30","N/A",true
"cmuihvzvx07hysexpx7fq052f","Nökkvi Thórisson","381349","NONE","Unassigned","cmuihpzab003lh29emxyfpwie","SC Telstar","SOURCE_SHOWS_WE_DO_NOT","attach","attach: Present in SC Telstar FotMob squad (shirt #11); attach detached player.","none","N/A","N/A",true
"FM_1553366","Fabiano Rust","N/A","NONE","Unassigned","cmuihpzab003lh29emxyfpwie","SC Telstar","SOURCE_SHOWS_WE_DO_NOT","create new player","create new player: Ingest new senior player from FotMob squad (shirt #19).","none","N/A","N/A",true
"cmuihw24r0aclsexpndyvv8e7","Fofin Turay","671736","NONE","Unassigned","cmuihpzab003lh29emxyfpwie","SC Telstar","SOURCE_SHOWS_WE_DO_NOT","attach","attach: Present in SC Telstar FotMob squad (shirt #21); attach detached player.","none","N/A","N/A",true
"FM_1180735","Arjany Martha","N/A","NONE","Unassigned","cmuihpzab003lh29emxyfpwie","SC Telstar","SOURCE_SHOWS_WE_DO_NOT","create new player","create new player: Ingest new senior player from FotMob squad (shirt #42).","none","N/A","N/A",true
"cmuihw1de09drsexp8ars2p0y","James Trafford","566799","cmuihq3vs0069h29ebm5xqhye","Manchester City","cmuihq8hv008ph29ejwdrv7xd","Leeds United","SOURCE_SHOWS_WE_DO_NOT","reassign","reassign: Present in Leeds United FotMob senior squad (shirt #1); previously at Manchester City.","none","2025-07-28","N/A",true
"cmuihvxg604q7sexpwidro8nd","Michael Zetterer","196813","NONE","Unassigned","cmuihq8hv008ph29ejwdrv7xd","Leeds United","SOURCE_SHOWS_WE_DO_NOT","attach","attach: Present in Leeds United FotMob squad (shirt #16); attach detached player.","none","N/A","N/A",true
"cmuihw24u0ae3sexpcsi96yqi","Tarik Muharemović","679423","NONE","Unassigned","cmuihq8hv008ph29ejwdrv7xd","Leeds United","SOURCE_SHOWS_WE_DO_NOT","attach","attach: Present in Leeds United FotMob squad (shirt #5); attach detached player.","none","N/A","N/A",true
"cmuihvzvr07dzsexperdps3g2","Jaka Bijol","371851","NONE","Unassigned","cmuihq8hv008ph29ejwdrv7xd","Leeds United","SOURCE_SHOWS_WE_DO_NOT","attach","attach: Present in Leeds United FotMob squad (shirt #15); attach detached player.","none","N/A","N/A",true
"cmuihvzwm07ypsexpm9yaiwcr","James Justin","413220","NONE","Unassigned","cmuihq8hv008ph29ejwdrv7xd","Leeds United","SOURCE_SHOWS_WE_DO_NOT","attach","attach: Present in Leeds United FotMob squad (shirt #24); attach detached player.","none","N/A","N/A",true
"cmuihw1bv091esexpig2cqnz6","Melvin Bard","532775","cmuihq9ie009bh29e4ay5p2yp","OGC Nice","cmuihq8hv008ph29ejwdrv7xd","Leeds United","SOURCE_SHOWS_WE_DO_NOT","reassign","reassign: Present in Leeds United FotMob senior squad (shirt #26); previously at OGC Nice.","none","2021-07-15","N/A",true
"cmuihvxg304npsexp7hkzqcv5","Nico Elvedi","192635","cmuihq0qz004fh29e00fpn7fy","Borussia Mönchengladbach","cmuihq8hv008ph29ejwdrv7xd","Leeds United","SOURCE_SHOWS_WE_DO_NOT","reassign","reassign: Present in Leeds United FotMob senior squad (shirt #30); previously at Borussia Mönchengladbach.","none","2015-06-30","N/A",true
"cmuihvzbl07aksexpn86qa6nt","Gabriel Gudmundsson","362108","NONE","Unassigned","cmuihq8hv008ph29ejwdrv7xd","Leeds United","SOURCE_SHOWS_WE_DO_NOT","attach","attach: Present in Leeds United FotMob squad (shirt #3); attach detached player.","none","N/A","N/A",true
"cmuihvzb9071ssexpuohcwyal","Sean Longstaff","346707","NONE","Unassigned","cmuihq8hv008ph29ejwdrv7xd","Leeds United","SOURCE_SHOWS_WE_DO_NOT","attach","attach: Present in Leeds United FotMob squad (shirt #8); attach detached player.","none","N/A","N/A",true
"cmuihvzb706zrsexp8kly9192","Anton Stach","344069","NONE","Unassigned","cmuihq8hv008ph29ejwdrv7xd","Leeds United","SOURCE_SHOWS_WE_DO_NOT","attach","attach: Present in Leeds United FotMob squad (shirt #18); attach detached player.","none","N/A","N/A",true
"cmuihw3ei0ba6sexpihfi9nwn","Mateo Joseph","834742","NONE","Unassigned","cmuihq8hv008ph29ejwdrv7xd","Leeds United","SOURCE_SHOWS_WE_DO_NOT","attach","attach: Present in Leeds United FotMob squad (shirt #N/A); attach detached player.","none","N/A","N/A",false
"cmuihvyr806fasexpyz5d3lhb","Dominic Calvert-Lewin","306024","NONE","Unassigned","cmuihq8hv008ph29ejwdrv7xd","Leeds United","SOURCE_SHOWS_WE_DO_NOT","attach","attach: Present in Leeds United FotMob squad (shirt #9); attach detached player.","none","N/A","N/A",true
"cmuihvyqq060jsexp26ft7zga","Harry Wilson","279455","cmuihqg9600cxh29echnkyx9e","Fulham FC","cmuihq8hv008ph29ejwdrv7xd","Leeds United","SOURCE_SHOWS_WE_DO_NOT","reassign","reassign: Present in Leeds United FotMob senior squad (shirt #10); previously at Fulham FC.","none","2021-07-23","N/A",true
"cmuihvyra06htsexpi51v0uxk","Lukas Nmecha","314288","NONE","Unassigned","cmuihq8hv008ph29ejwdrv7xd","Leeds United","SOURCE_SHOWS_WE_DO_NOT","attach","attach: Present in Leeds United FotMob squad (shirt #14); attach detached player.","none","N/A","N/A",true
"cmuihvzb9071ysexpumpma9he","Noah Okafor","346890","NONE","Unassigned","cmuihq8hv008ph29ejwdrv7xd","Leeds United","SOURCE_SHOWS_WE_DO_NOT","attach","attach: Present in Leeds United FotMob squad (shirt #19); attach detached player.","none","N/A","N/A",true
"cmuihw3fb0bvmsexp375mkdmo","Jean-Mattéo Bahoya","939964","cmuihq2b80057h29e0r17uj2f","Eintracht Frankfurt","cmuihq8hv008ph29ejwdrv7xd","Leeds United","SOURCE_SHOWS_WE_DO_NOT","reassign","reassign: Present in Leeds United FotMob senior squad (shirt #23); previously at Eintracht Frankfurt.","none","2024-01-24","N/A",true
"cmuihw3eq0befsexpy6echsfc","Tommy Pilling","861577","cmuihq5k0006zh29erp4cykkk","Liverpool FC","NONE","Unassigned","WE_SHOW_SOURCE_DOES_NOT","detach","detach: Absent from FotMob declared squad for Liverpool FC.","none","N/A","N/A",true
"cmuihw3fe0bxcsexpeb82ym8t","Michael Laffey","947407","cmuihq5k0006zh29erp4cykkk","Liverpool FC","NONE","Unassigned","WE_SHOW_SOURCE_DOES_NOT","detach","detach: Absent from FotMob declared squad for Liverpool FC.","none","N/A","N/A",true
"cmuihw3f80bsbsexpejaetk2o","Ármin Pécsi","933215","cmuihq5k0006zh29erp4cykkk","Liverpool FC","NONE","Unassigned","WE_SHOW_SOURCE_DOES_NOT","detach","detach: Absent from FotMob declared squad for Liverpool FC.","none","N/A","N/A",true
"FM_319784","Alisson Becker","N/A","NONE","Unassigned","cmuihq5k0006zh29erp4cykkk","Liverpool FC","SOURCE_SHOWS_WE_DO_NOT","create new player","create new player: Ingest new senior player from FotMob squad (shirt #1).","none","N/A","N/A",true
"FM_568571","Joseph Gomez","N/A","NONE","Unassigned","cmuihq5k0006zh29erp4cykkk","Liverpool FC","SOURCE_SHOWS_WE_DO_NOT","create new player","create new player: Ingest new senior player from FotMob squad (shirt #2).","none","N/A","N/A",true
"cmuihw0k008lqsexpq4opbdwx","Ronald Araujo","480267","cmuihoy3o002vb23f8egwo6vd","FC Barcelona","cmuihq5k0006zh29erp4cykkk","Liverpool FC","SOURCE_SHOWS_WE_DO_NOT","reassign","reassign: Present in Liverpool FC FotMob senior squad (shirt #33); previously at FC Barcelona.","none","2020-10-04","N/A",true
"cmuihw3f90bt9sexpzyhu00fv","Víctor Muñoz","935231","cmuihq61m0079h29efscx2qh5","CA Osasuna","cmuihq5k0006zh29erp4cykkk","Liverpool FC","SOURCE_SHOWS_WE_DO_NOT","reassign","reassign: Present in Liverpool FC FotMob senior squad (shirt #23); previously at CA Osasuna.","none","2025-07-10","N/A",true
"cmuihw2pq0am9sexpi3o8vxvy","Bradley Barcola","708265","cmuihqbws00ajh29e1ujz5fht","Paris Saint-Germain","cmuihq5k0006zh29erp4cykkk","Liverpool FC","SOURCE_SHOWS_WE_DO_NOT","reassign","reassign: Present in Liverpool FC FotMob senior squad (shirt #29); previously at Paris Saint-Germain.","none","2023-08-30","N/A",true
"cmuihw3f20borsexpl2oubz28","Lewis Koumas","922462","NONE","Unassigned","cmuihq5k0006zh29erp4cykkk","Liverpool FC","SOURCE_SHOWS_WE_DO_NOT","attach","attach: Present in Liverpool FC FotMob squad (shirt #67); attach detached player.","none","N/A","N/A",true
"cmuihvvyd03crsexpq3s988l5","Allan Nyom","111508","cmuihq7jc0087h29e9nzoxp6q","Getafe CF","NONE","Unassigned","WE_SHOW_SOURCE_DOES_NOT","detach","detach: Absent from FotMob declared squad for Getafe CF.","none","2025-09-19","N/A",true
"cmuihvy5y0543sexpcea5fc5n","Dakonam Djené","221150","cmuihq7jc0087h29e9nzoxp6q","Getafe CF","NONE","Unassigned","WE_SHOW_SOURCE_DOES_NOT","detach","detach: Absent from FotMob declared squad for Getafe CF.","none","2017-07-23","N/A",true
"cmuihvy6j05lisexp0j9axxjg","Diego Rico","249513","cmuihq7jc0087h29e9nzoxp6q","Getafe CF","cmuihq61m0079h29efscx2qh5","CA Osasuna","WE_SHOW_SOURCE_DOES_NOT","reassign","reassign: Player is registered in CA Osasuna current FotMob squad (shirt #15).","none","2024-07-15","N/A",true
"cmuihvvsw02rnsexpjmsibpnu","Kiko Femenía","76467","cmuihq7jc0087h29e9nzoxp6q","Getafe CF","NONE","Unassigned","WE_SHOW_SOURCE_DOES_NOT","detach","detach: Absent from FotMob declared squad for Getafe CF.","none","2025-06-30","N/A",true
"cmuihvy6p05pqsexpqvxik3ps","Domingos Duarte","257376","cmuihq7jc0087h29e9nzoxp6q","Getafe CF","NONE","Unassigned","WE_SHOW_SOURCE_DOES_NOT","detach","detach: Absent from FotMob declared squad for Getafe CF.","none","2022-07-10","N/A",true
"cmuihvyqr061isexp6ugjqym3","Luis Milla","281989","cmuihq7jc0087h29e9nzoxp6q","Getafe CF","cmuihntg0000vb23fquzb7c6q","Como 1907","WE_SHOW_SOURCE_DOES_NOT","reassign","reassign: Player is registered in Como 1907 current FotMob squad (shirt #6).","none","2022-07-24","N/A",true
"cmuihvyqr061zsexpl3anq7xp","Javi Muñoz","282421","cmuihq7jc0087h29e9nzoxp6q","Getafe CF","NONE","Unassigned","WE_SHOW_SOURCE_DOES_NOT","detach","detach: Absent from FotMob declared squad for Getafe CF.","none","2025-07-03","N/A",true
"cmuihvyqx067usexpweaulj8u","Mauro Arambarri","290249","cmuihq7jc0087h29e9nzoxp6q","Getafe CF","NONE","Unassigned","WE_SHOW_SOURCE_DOES_NOT","detach","detach: Absent from FotMob declared squad for Getafe CF.","none","2018-06-30","N/A",true
"cmuihw1da09bqsexpl221sza3","Álex Sancris","560705","cmuihq7jc0087h29e9nzoxp6q","Getafe CF","NONE","Unassigned","WE_SHOW_SOURCE_DOES_NOT","detach","detach: Absent from FotMob declared squad for Getafe CF.","none","2025-07-01","N/A",true
"cmuihw3ek0bbhsexpima899f5","Damián Cáceres","845638","cmuihq7jc0087h29e9nzoxp6q","Getafe CF","NONE","Unassigned","WE_SHOW_SOURCE_DOES_NOT","detach","detach: Absent from FotMob declared squad for Getafe CF.","none","N/A","N/A",true
"cmuihw4rg0cxnsexpi4j6wuia","Yassin Tallal","1184137","cmuihq7jc0087h29e9nzoxp6q","Getafe CF","NONE","Unassigned","WE_SHOW_SOURCE_DOES_NOT","detach","detach: Absent from FotMob declared squad for Getafe CF.","none","2024-06-30","N/A",true
"cmuihw0jr08i9sexp2b6iet12","Yvan Neyou","469669","cmuihq7jc0087h29e9nzoxp6q","Getafe CF","NONE","Unassigned","WE_SHOW_SOURCE_DOES_NOT","detach","detach: Absent from FotMob declared squad for Getafe CF.","none","2026-06-29","N/A",true
"cmuihw2pr0anasexp2nkdn6fb","Peter Federico","710004","cmuihq7jc0087h29e9nzoxp6q","Getafe CF","NONE","Unassigned","WE_SHOW_SOURCE_DOES_NOT","detach","detach: Absent from FotMob declared squad for Getafe CF.","none","2026-06-29","N/A",true
"cmuihw4qy0cqdsexpe3mw56bo","Alejandro Mestanza","1118201","cmuihq7jc0087h29e9nzoxp6q","Getafe CF","cmundu9bs0009zjoe6j4u149k","Académico Viseu FC","WE_SHOW_SOURCE_DOES_NOT","reassign","reassign: Player is registered in Académico Viseu FC current FotMob squad (shirt #45).","none","N/A","N/A",true
"cmuihw4qz0cqzsexp4fybqlmv","Mykyta Aleksandrov","1122007","cmuihq7jc0087h29e9nzoxp6q","Getafe CF","NONE","Unassigned","WE_SHOW_SOURCE_DOES_NOT","detach","detach: Absent from FotMob declared squad for Getafe CF.","none","N/A","N/A",true
"cmuihw4ru0d3rsexpdf3fcqnz","Alberto Cordero","1294868","cmuihq7jc0087h29e9nzoxp6q","Getafe CF","NONE","Unassigned","WE_SHOW_SOURCE_DOES_NOT","detach","detach: Absent from FotMob declared squad for Getafe CF.","none","N/A","N/A",true
"cmuihw43h0c1vsexp5bxccq5w","Luca Lohr","973690","NONE","Unassigned","cmuihq7jc0087h29e9nzoxp6q","Getafe CF","SOURCE_SHOWS_WE_DO_NOT","attach","attach: Present in Getafe CF FotMob squad (shirt #N/A); attach detached player.","none","N/A","N/A",false
"FM_421365","Djené","N/A","NONE","Unassigned","cmuihq7jc0087h29e9nzoxp6q","Getafe CF","SOURCE_SHOWS_WE_DO_NOT","create new player","create new player: Ingest new senior player from FotMob squad (shirt #2).","none","N/A","N/A",true
"cmuihw24k0a6psexpg5lez19e","Saba Sazonov","655456","NONE","Unassigned","cmuihq7jc0087h29e9nzoxp6q","Getafe CF","SOURCE_SHOWS_WE_DO_NOT","attach","attach: Present in Getafe CF FotMob squad (shirt #4); attach detached player.","none","N/A","N/A",true
"cmuihvvsb02pjsexplbczs9cx","Nemanja Gudelj","74294","NONE","Unassigned","cmuihq7jc0087h29e9nzoxp6q","Getafe CF","SOURCE_SHOWS_WE_DO_NOT","attach","attach: Present in Getafe CF FotMob squad (shirt #8); attach detached player.","none","N/A","N/A",true
"cmuihw3f80bsjsexp4kirrtqu","Kiko","934031","cmuihqgut00dbh29eg5w6uzl6","Moreirense FC","cmuihq7jc0087h29e9nzoxp6q","Getafe CF","SOURCE_SHOWS_WE_DO_NOT","reassign","reassign: Present in Getafe CF FotMob senior squad (shirt #17); previously at Moreirense FC.","none","2025-07-01","N/A",true
"cmuihw4430chusexphsnro9ac","Andrés García","1063329","cmuihq8vi008xh29edz4vg4xw","Aston Villa","cmuihq7jc0087h29e9nzoxp6q","Getafe CF","SOURCE_SHOWS_WE_DO_NOT","reassign","reassign: Present in Getafe CF FotMob senior squad (shirt #21); previously at Aston Villa.","none","2025-01-20","N/A",true
"cmuihvyqf05t2sexpqlevgfkg","Johan Mojica","262939","cmuihq1xp0053h29euecr73cd","RCD Mallorca","cmuihq7jc0087h29e9nzoxp6q","Getafe CF","SOURCE_SHOWS_WE_DO_NOT","reassign","reassign: Present in Getafe CF FotMob senior squad (shirt #22); previously at RCD Mallorca.","none","2024-07-22","N/A",true
"FM_1118199","Zaid Abner Romero","N/A","NONE","Unassigned","cmuihq7jc0087h29e9nzoxp6q","Getafe CF","SOURCE_SHOWS_WE_DO_NOT","create new player","create new player: Ingest new senior player from FotMob squad (shirt #24).","none","N/A","N/A",true
"cmuihw4rv0d46sexp8ywy240j","Jean Ives Valou","1305564","cmuihnwfv0011b23f8wv3zc51","Villarreal CF","cmuihq7jc0087h29e9nzoxp6q","Getafe CF","SOURCE_SHOWS_WE_DO_NOT","reassign","reassign: Present in Getafe CF FotMob senior squad (shirt #26); previously at Villarreal CF.","none","2024-06-30","N/A",true
"FM_1697367","Mohamed Hamdoune","N/A","NONE","Unassigned","cmuihq7jc0087h29e9nzoxp6q","Getafe CF","SOURCE_SHOWS_WE_DO_NOT","create new player","create new player: Ingest new senior player from FotMob squad (shirt #31).","none","N/A","N/A",true
"FM_2110840","Alvaro Gutierrez","N/A","NONE","Unassigned","cmuihq7jc0087h29e9nzoxp6q","Getafe CF","SOURCE_SHOWS_WE_DO_NOT","create new player","create new player: Ingest new academy player from FotMob squad (shirt #none).","none","N/A","N/A",false
"FM_2110836","Mady Macalou","N/A","NONE","Unassigned","cmuihq7jc0087h29e9nzoxp6q","Getafe CF","SOURCE_SHOWS_WE_DO_NOT","create new player","create new player: Ingest new academy player from FotMob squad (shirt #none).","none","N/A","N/A",false
"FM_1694764","Oscar Lopez","N/A","NONE","Unassigned","cmuihq7jc0087h29e9nzoxp6q","Getafe CF","SOURCE_SHOWS_WE_DO_NOT","create new player","create new player: Ingest new academy player from FotMob squad (shirt #none).","none","N/A","N/A",false
"cmuihw2q80azysexpvr3hndsf","Ramón Terrats","783396","cmuihnwfv0011b23f8wv3zc51","Villarreal CF","cmuihq7jc0087h29e9nzoxp6q","Getafe CF","SOURCE_SHOWS_WE_DO_NOT","reassign","reassign: Present in Getafe CF FotMob senior squad (shirt #11); previously at Villarreal CF.","none","2026-06-29","N/A",true
"FM_1183650","Francho Serrano","N/A","NONE","Unassigned","cmuihq7jc0087h29e9nzoxp6q","Getafe CF","SOURCE_SHOWS_WE_DO_NOT","create new player","create new player: Ingest new senior player from FotMob squad (shirt #16).","none","N/A","N/A",true
"cmuihvyqx067lsexpphkvd8ei","Orel Mangala","289592","NONE","Unassigned","cmuihq7jc0087h29e9nzoxp6q","Getafe CF","SOURCE_SHOWS_WE_DO_NOT","attach","attach: Present in Getafe CF FotMob squad (shirt #23); attach detached player.","none","N/A","N/A",true
"cmuihvy6k05mesexpkxjae5ka","Enes Ünal","251106","cmuihqh6y00dfh29eokvzxktp","AFC Bournemouth","cmuihq7jc0087h29e9nzoxp6q","Getafe CF","SOURCE_SHOWS_WE_DO_NOT","reassign","reassign: Present in Getafe CF FotMob senior squad (shirt #19); previously at AFC Bournemouth.","none","2024-06-30","N/A",true
"cmuihw24c0a0dsexpwid59h1x","Iván Azón","633306","NONE","Unassigned","cmuihq7jc0087h29e9nzoxp6q","Getafe CF","SOURCE_SHOWS_WE_DO_NOT","attach","attach: Present in Getafe CF FotMob squad (shirt #20); attach detached player.","none","N/A","N/A",true
"FM_1455481","Álex Lozano","N/A","NONE","Unassigned","cmuihq7jc0087h29e9nzoxp6q","Getafe CF","SOURCE_SHOWS_WE_DO_NOT","create new player","create new player: Ingest new senior player from FotMob squad (shirt #27).","none","N/A","N/A",true
"cmuihvyqm05xgsexpx77u9hsy","Kingsley Ehizibue","272812","cmuihq93e0093h29eq2t4j538","Udinese Calcio","cmuihq3ak005th29eolz9qqct","Genoa CFC","WE_SHOW_SOURCE_DOES_NOT","reassign","reassign: Player is registered in Genoa CFC current FotMob squad (shirt #3).","none","2022-08-28","N/A",true
"cmuihw1dg09exsexpkrl4mjr9","Răzvan Sava","568617","cmuihq93e0093h29eq2t4j538","Udinese Calcio","NONE","Unassigned","WE_SHOW_SOURCE_DOES_NOT","detach","detach: Absent from FotMob declared squad for Udinese Calcio.","none","2024-08-22","N/A",true
"cmuihw24c0a0hsexpik7i5re4","Jordan Zemura","633530","cmuihq93e0093h29eq2t4j538","Udinese Calcio","NONE","Unassigned","WE_SHOW_SOURCE_DOES_NOT","detach","detach: Absent from FotMob declared squad for Udinese Calcio.","none","2023-06-30","N/A",true
"cmuihw2pi0ai5sexp1pcdw39q","Thomas Kristensen","698259","cmuihq93e0093h29eq2t4j538","Udinese Calcio","cmuihqf7m00ceh29eo8vo509b","Atalanta BC","WE_SHOW_SOURCE_DOES_NOT","reassign","reassign: Player is registered in Atalanta BC current FotMob squad (shirt #31).","none","2023-08-31","N/A",true
"FM_770994","Bartosz Mrozek","N/A","NONE","Unassigned","cmuihq93e0093h29eq2t4j538","Udinese Calcio","SOURCE_SHOWS_WE_DO_NOT","create new player","create new player: Ingest new senior player from FotMob squad (shirt #41).","none","N/A","N/A",true
"cmuihw24309sqsexpbcvjz2ow","Edoardo Piana","612059","NONE","Unassigned","cmuihq93e0093h29eq2t4j538","Udinese Calcio","SOURCE_SHOWS_WE_DO_NOT","attach","attach: Present in Udinese Calcio FotMob squad (shirt #99); attach detached player.","none","N/A","N/A",true
"cmuihw24c0a02sexpmaacy7dw","Nicolò Bertola","632831","NONE","Unassigned","cmuihq93e0093h29eq2t4j538","Udinese Calcio","SOURCE_SHOWS_WE_DO_NOT","attach","attach: Present in Udinese Calcio FotMob squad (shirt #13); attach detached player.","none","N/A","N/A",true
"cmuihw24i0a4hsexpzpgd3lbm","James Abankwah","648032","NONE","Unassigned","cmuihq93e0093h29eq2t4j538","Udinese Calcio","SOURCE_SHOWS_WE_DO_NOT","attach","attach: Present in Udinese Calcio FotMob squad (shirt #14); attach detached player.","none","N/A","N/A",true
"cmuihw4400cgjsexp7ngg8v2q","Matteo Palma","1058354","NONE","Unassigned","cmuihq93e0093h29eq2t4j538","Udinese Calcio","SOURCE_SHOWS_WE_DO_NOT","attach","attach: Present in Udinese Calcio FotMob squad (shirt #16); attach detached player.","none","N/A","N/A",true
"cmuihw4qy0cqfsexpxjzrpsgx","Juan Arizala","1118347","NONE","Unassigned","cmuihq93e0093h29eq2t4j538","Udinese Calcio","SOURCE_SHOWS_WE_DO_NOT","attach","attach: Present in Udinese Calcio FotMob squad (shirt #20); attach detached player.","none","N/A","N/A",true
"cmuihvzb606z6sexpapjic30f","Enzo Ebosse","342877","NONE","Unassigned","cmuihq93e0093h29eq2t4j538","Udinese Calcio","SOURCE_SHOWS_WE_DO_NOT","attach","attach: Present in Udinese Calcio FotMob squad (shirt #77); attach detached player.","none","N/A","N/A",true
"cmuihvyqh05vesexpxxvjq0x9","Sandi Lovrić","268429","NONE","Unassigned","cmuihq93e0093h29eq2t4j538","Udinese Calcio","SOURCE_SHOWS_WE_DO_NOT","attach","attach: Present in Udinese Calcio FotMob squad (shirt #4); attach detached player.","none","N/A","N/A",true
"cmuihvzav06sgsexpw3m6lbuu","Mërgim Vojvoda","336125","cmuihntg0000vb23fquzb7c6q","Como 1907","cmuihq93e0093h29eq2t4j538","Udinese Calcio","SOURCE_SHOWS_WE_DO_NOT","reassign","reassign: Present in Udinese Calcio FotMob senior squad (shirt #23); previously at Como 1907.","none","2025-02-02","N/A",true
"cmuihvzvv07g6sexpxvio6jtz","Jakub Piotrowski","377243","NONE","Unassigned","cmuihq93e0093h29eq2t4j538","Udinese Calcio","SOURCE_SHOWS_WE_DO_NOT","attach","attach: Present in Udinese Calcio FotMob squad (shirt #24); attach detached player.","none","N/A","N/A",true
"cmuihvzwm07xvsexpw4wyy1e9","Giorgi Chakvetadze","412616","cmuihnlvh000hb23fzna6vhfo","Watford FC","cmuihq93e0093h29eq2t4j538","Udinese Calcio","SOURCE_SHOWS_WE_DO_NOT","reassign","reassign: Present in Udinese Calcio FotMob senior squad (shirt #30); previously at Watford FC.","none","2024-01-31","N/A",true
"cmuihw3f30bpgsexp9uq6ovsf","Lennon Miller","924857","NONE","Unassigned","cmuihq93e0093h29eq2t4j538","Udinese Calcio","SOURCE_SHOWS_WE_DO_NOT","attach","attach: Present in Udinese Calcio FotMob squad (shirt #38); attach detached player.","none","N/A","N/A",true
"cmuihw3ei0ba8sexp4swuvocx","Unai Gómez","834752","cmuihqcpi00azh29e0ihjlfsq","Athletic Bilbao","cmuihq93e0093h29eq2t4j538","Udinese Calcio","SOURCE_SHOWS_WE_DO_NOT","reassign","reassign: Present in Udinese Calcio FotMob senior squad (shirt #46); previously at Athletic Bilbao.","none","2023-06-30","N/A",true
"cmuihvzwb07rgsexp5l37150j","Alessandro Zanoli","397225","cmuihqcp500axh29eqi1p52xi","SSC Napoli","cmuihq93e0093h29eq2t4j538","Udinese Calcio","SOURCE_SHOWS_WE_DO_NOT","reassign","reassign: Present in Udinese Calcio FotMob senior squad (shirt #59); previously at SSC Napoli.","none","2026-06-29","N/A",true
"cmuihw4re0cwwsexpwfkzyjo6","Idrissa Gueye","1178488","NONE","Unassigned","cmuihq93e0093h29eq2t4j538","Udinese Calcio","SOURCE_SHOWS_WE_DO_NOT","attach","attach: Present in Udinese Calcio FotMob squad (shirt #7); attach detached player.","none","N/A","N/A",true
"cmuihvzw307mnsexp1jrffknu","Nicolò Zaniolo","392085","NONE","Unassigned","cmuihq93e0093h29eq2t4j538","Udinese Calcio","SOURCE_SHOWS_WE_DO_NOT","attach","attach: Present in Udinese Calcio FotMob squad (shirt #10); attach detached player.","none","N/A","N/A",true
"FM_644738","Vakoun Issouf Bayo","N/A","NONE","Unassigned","cmuihq93e0093h29eq2t4j538","Udinese Calcio","SOURCE_SHOWS_WE_DO_NOT","create new player","create new player: Ingest new senior player from FotMob squad (shirt #15).","none","N/A","N/A",true
"cmuihw4480clcsexph1nk03so","Giulio Vinciati","1078784","NONE","Unassigned","cmuihq93e0093h29eq2t4j538","Udinese Calcio","SOURCE_SHOWS_WE_DO_NOT","attach","attach: Present in Udinese Calcio FotMob squad (shirt #45); attach detached player.","none","N/A","N/A",true
"cmuihw43r0c95sexpy0yvnixm","David Pejičić","1009633","NONE","Unassigned","cmuihq93e0093h29eq2t4j538","Udinese Calcio","SOURCE_SHOWS_WE_DO_NOT","attach","attach: Present in Udinese Calcio FotMob squad (shirt #79); attach detached player.","none","N/A","N/A",true
"cmuihw3ew0bkcsexpr5i1fxte","Lazar Jovanovic","897505","NONE","Unassigned","cmuihq93e0093h29eq2t4j538","Udinese Calcio","SOURCE_SHOWS_WE_DO_NOT","attach","attach: Present in Udinese Calcio FotMob squad (shirt #91); attach detached player.","none","N/A","N/A",true
"cmuihvws7045bsexpv3mloras","Alberto Paleari","163048","cmuihq9hw0099h29erttwt92h","Torino FC","NONE","Unassigned","WE_SHOW_SOURCE_DOES_NOT","detach","detach: Absent from FotMob declared squad for Torino FC.","none","2024-07-18","N/A",true
"cmuihw0it085jsexp2ke52q01","Tino Anjorin","433181","cmuihq9hw0099h29erttwt92h","Torino FC","NONE","Unassigned","WE_SHOW_SOURCE_DOES_NOT","detach","detach: Absent from FotMob declared squad for Torino FC.","none","2026-06-30","N/A",true
"cmuihvzb8070ssexperbxg4un","Sebastian Walukiewicz","345458","cmuihq9hw0099h29erttwt92h","Torino FC","cmuihqd7y00b9h29e7s5ob4n6","US Sassuolo","WE_SHOW_SOURCE_DOES_NOT","reassign","reassign: Player is registered in US Sassuolo current FotMob squad (shirt #6).","none","2026-06-29","N/A",true
"cmuihw43i0c31sexpru76ha6s","Sergiu Perciun","980632","cmuihq9hw0099h29erttwt92h","Torino FC","NONE","Unassigned","WE_SHOW_SOURCE_DOES_NOT","detach","detach: Absent from FotMob declared squad for Torino FC.","none","2025-04-14","N/A",true
"cmuihw0js08issexp6979lh5p","Ivan Ilić","470794","cmuihq9hw0099h29erttwt92h","Torino FC","cmuihnki5000fb23fj5zntsyp","US Lecce","WE_SHOW_SOURCE_DOES_NOT","reassign","reassign: Player is registered in US Lecce current FotMob squad (shirt #20).","none","2023-06-30","N/A",true
"cmuihw1ej09jrsexp1ayxnyrn","Marcus Pedersen","583404","cmuihq9hw0099h29erttwt92h","Torino FC","NONE","Unassigned","WE_SHOW_SOURCE_DOES_NOT","detach","detach: Absent from FotMob declared squad for Torino FC.","none","2025-06-30","N/A",true
"cmuihw3f80bswsexpirtzoxtf","Alieu Njie","934527","cmuihq9hw0099h29erttwt92h","Torino FC","cmuihqa6q009nh29eeao6masx","ACF Fiorentina","WE_SHOW_SOURCE_DOES_NOT","reassign","reassign: Player is registered in ACF Fiorentina current FotMob squad (shirt #25).","none","2024-06-30","N/A",true
"cmuihw43q0c7rsexpo7joprg5","Ali Dembélé","1004344","cmuihq9hw0099h29erttwt92h","Torino FC","cmuihnki5000fb23fj5zntsyp","US Lecce","WE_SHOW_SOURCE_DOES_NOT","reassign","reassign: Player is registered in US Lecce current FotMob squad (shirt #2).","none","2024-06-29","N/A",true
"cmuihw4410cgrsexp4on9pycr","Côme Bianay Balcot","1059298","cmuihq9hw0099h29erttwt92h","Torino FC","NONE","Unassigned","WE_SHOW_SOURCE_DOES_NOT","detach","detach: Absent from FotMob declared squad for Torino FC.","none","2024-06-30","N/A",true
"cmuihvzbc074jsexpoun6sog0","Lucas Perri","352041","NONE","Unassigned","cmuihq9hw0099h29erttwt92h","Torino FC","SOURCE_SHOWS_WE_DO_NOT","attach","attach: Present in Torino FC FotMob squad (shirt #20); attach detached player.","none","N/A","N/A",true
"FM_1577119","Diego Mascardi","N/A","NONE","Unassigned","cmuihq9hw0099h29erttwt92h","Torino FC","SOURCE_SHOWS_WE_DO_NOT","create new player","create new player: Ingest new senior player from FotMob squad (shirt #26).","none","N/A","N/A",true
"cmuihvzwu082ksexpkmi7f97w","Nathan Patterson","424015","cmuihq4bo006fh29ef9sfod5p","Everton FC","cmuihq9hw0099h29erttwt92h","Torino FC","SOURCE_SHOWS_WE_DO_NOT","reassign","reassign: Present in Torino FC FotMob senior squad (shirt #2); previously at Everton FC.","none","2022-01-03","N/A",true
"cmuihvyr606desexpbq99iq0m","Eray Cömert","298583","cmuihnufg000xb23fs4poj6rc","Valencia CF","cmuihq9hw0099h29erttwt92h","Torino FC","SOURCE_SHOWS_WE_DO_NOT","reassign","reassign: Present in Torino FC FotMob senior squad (shirt #5); previously at Valencia CF.","none","2025-06-29","N/A",true
"cmuihvvvo02zqsexpwhautq88","Ricardo Rodríguez","86784","cmuihpzzw003zh29esiigzvql","Real Betis Balompié","cmuihq9hw0099h29erttwt92h","Torino FC","SOURCE_SHOWS_WE_DO_NOT","reassign","reassign: Present in Torino FC FotMob senior squad (shirt #13); previously at Real Betis Balompié.","none","2024-08-04","N/A",true
"cmuihw2q20awzsexplvimn7jv","Pietro Comuzzo","746712","cmuihqa6q009nh29eeao6masx","ACF Fiorentina","cmuihq9hw0099h29erttwt92h","Torino FC","SOURCE_SHOWS_WE_DO_NOT","reassign","reassign: Present in Torino FC FotMob senior squad (shirt #15); previously at ACF Fiorentina.","none","2023-06-30","N/A",true
"cmuihw43j0c46sexp9a98nl2p","Niccolò Fortini","984964","NONE","Unassigned","cmuihq9hw0099h29erttwt92h","Torino FC","SOURCE_SHOWS_WE_DO_NOT","attach","attach: Present in Torino FC FotMob squad (shirt #29); attach detached player.","none","N/A","N/A",true
"FM_2182262","Manuel Carrascosa","N/A","NONE","Unassigned","cmuihq9hw0099h29erttwt92h","Torino FC","SOURCE_SHOWS_WE_DO_NOT","create new player","create new player: Ingest new senior player from FotMob squad (shirt #63).","none","N/A","N/A",true
"cmuihvyr806ftsexpde5hy3dh","Rolando Mandragora","308279","cmuihqa6q009nh29eeao6masx","ACF Fiorentina","cmuihq9hw0099h29erttwt92h","Torino FC","SOURCE_SHOWS_WE_DO_NOT","reassign","reassign: Present in Torino FC FotMob senior squad (shirt #8); previously at ACF Fiorentina.","none","2022-07-03","N/A",true
"cmuihw0jl08f9sexpivxj0jg5","Daniel Bragança","461943","cmuihq6jo007lh29e9jpaabxs","Sporting CP","cmuihq9hw0099h29erttwt92h","Torino FC","SOURCE_SHOWS_WE_DO_NOT","reassign","reassign: Present in Torino FC FotMob senior squad (shirt #21); previously at Sporting CP.","none","2020-08-02","N/A",true
"cmuihw1d909bgsexp6rwgjq3h","Kian Fitz-Jim","559333","cmuihqce400ath29e227zx42b","Ajax Amsterdam","cmuihq9hw0099h29erttwt92h","Torino FC","SOURCE_SHOWS_WE_DO_NOT","reassign","reassign: Present in Torino FC FotMob senior squad (shirt #28); previously at Ajax Amsterdam.","none","2024-01-10","N/A",true
"FM_1231029","Rafik Belghali","N/A","NONE","Unassigned","cmuihq9hw0099h29erttwt92h","Torino FC","SOURCE_SHOWS_WE_DO_NOT","create new player","create new player: Ingest new senior player from FotMob squad (shirt #45).","none","N/A","N/A",true
"cmuihw4rh0cyesexpimzp0jpc","Alessio Cacciamani","1188619","NONE","Unassigned","cmuihq9hw0099h29erttwt92h","Torino FC","SOURCE_SHOWS_WE_DO_NOT","attach","attach: Present in Torino FC FotMob squad (shirt #77); attach detached player.","none","N/A","N/A",true
"FM_1762472","Andrea Luongo","N/A","NONE","Unassigned","cmuihq9hw0099h29erttwt92h","Torino FC","SOURCE_SHOWS_WE_DO_NOT","create new player","create new player: Ingest new senior player from FotMob squad (shirt #79).","none","N/A","N/A",true
"cmuihvzbm07b4sexpx8dzdyky","Pietro Pellegri","364133","NONE","Unassigned","cmuihq9hw0099h29erttwt92h","Torino FC","SOURCE_SHOWS_WE_DO_NOT","attach","attach: Present in Torino FC FotMob squad (shirt #9); attach detached player.","none","N/A","N/A",true
"cmuihw24309t5sexpq8rrblwh","Gaetano Oristanio","613393","cmuihqc8e00arh29e87zakfd6","Venezia FC","cmuihq9hw0099h29erttwt92h","Torino FC","SOURCE_SHOWS_WE_DO_NOT","reassign","reassign: Present in Torino FC FotMob senior squad (shirt #11); previously at Venezia FC.","none","2026-06-29","N/A",true
"cmuihvuxh0246sexpkcbv3wfl","Kevin Kampl","53418","cmuihq1z60055h29emzy2ewj7","RB Leipzig","NONE","Unassigned","WE_SHOW_SOURCE_DOES_NOT","detach","detach: Absent from FotMob declared squad for RB Leipzig.","none","2017-08-30","N/A",true
"cmuihvuxr028ysexpnlk3f45l","Péter Gulácsi","57071","cmuihq1z60055h29emzy2ewj7","RB Leipzig","cmuihnwfv0011b23f8wv3zc51","Villarreal CF","WE_SHOW_SOURCE_DOES_NOT","reassign","reassign: Player is registered in Villarreal CF current FotMob squad (shirt #25).","none","2015-06-30","N/A",true
"cmuihw2q90b0fsexpn5wkg01m","El Chadaille Bitshiabu","787912","cmuihq1z60055h29emzy2ewj7","RB Leipzig","NONE","Unassigned","WE_SHOW_SOURCE_DOES_NOT","detach","detach: Absent from FotMob declared squad for RB Leipzig.","none","2023-07-17","N/A",true
"FM_73409","Ørjan Håskjold Nyland","N/A","NONE","Unassigned","cmuihq1z60055h29emzy2ewj7","RB Leipzig","SOURCE_SHOWS_WE_DO_NOT","create new player","create new player: Ingest new senior player from FotMob squad (shirt #1).","none","N/A","N/A",true
"cmuihw4r00crmsexpn068j7ae","Abdoul Koné","1130445","NONE","Unassigned","cmuihq1z60055h29emzy2ewj7","RB Leipzig","SOURCE_SHOWS_WE_DO_NOT","attach","attach: Present in RB Leipzig FotMob squad (shirt #2); attach detached player.","none","N/A","N/A",true
"cmuihw3ej0bb2sexpg1pkjmxu","Maxime Estève","842341","cmuihoaiv001rb23fn6cviuyz","Burnley FC","cmuihq1z60055h29emzy2ewj7","RB Leipzig","SOURCE_SHOWS_WE_DO_NOT","reassign","reassign: Present in RB Leipzig FotMob senior squad (shirt #3); previously at Burnley FC.","none","2024-06-30","N/A",true
"cmuihw2qe0b4rsexpzzpupzyp","Max Finkgräfe","810649","NONE","Unassigned","cmuihq1z60055h29emzy2ewj7","RB Leipzig","SOURCE_SHOWS_WE_DO_NOT","attach","attach: Present in RB Leipzig FotMob squad (shirt #35); attach detached player.","none","N/A","N/A",true
"cmuihw3eq0bf4sexp8nbhq4z0","Ezechiel Banzuzi","865682","NONE","Unassigned","cmuihq1z60055h29emzy2ewj7","RB Leipzig","SOURCE_SHOWS_WE_DO_NOT","attach","attach: Present in RB Leipzig FotMob squad (shirt #6); attach detached player.","none","N/A","N/A",true
"cmuihw0jq08hhsexpvqmiiz32","Rocco Reitz","467434","NONE","Unassigned","cmuihq1z60055h29emzy2ewj7","RB Leipzig","SOURCE_SHOWS_WE_DO_NOT","attach","attach: Present in RB Leipzig FotMob squad (shirt #20); attach detached player.","none","N/A","N/A",true
"cmuihw3ex0bktsexpsh142jdi","Neil El Aynaoui","901019","NONE","Unassigned","cmuihq1z60055h29emzy2ewj7","RB Leipzig","SOURCE_SHOWS_WE_DO_NOT","attach","attach: Present in RB Leipzig FotMob squad (shirt #21); attach detached player.","none","N/A","N/A",true
"cmuihw43c0bygsexp2ouy9qru","Andrija Maksimovic","952779","NONE","Unassigned","cmuihq1z60055h29emzy2ewj7","RB Leipzig","SOURCE_SHOWS_WE_DO_NOT","attach","attach: Present in RB Leipzig FotMob squad (shirt #30); attach detached player.","none","N/A","N/A",true
"cmuihw4rt0d35sexpyssixfg9","Benno Kaltefleiter","1279157","NONE","Unassigned","cmuihq1z60055h29emzy2ewj7","RB Leipzig","SOURCE_SHOWS_WE_DO_NOT","attach","attach: Present in RB Leipzig FotMob squad (shirt #37); attach detached player.","none","N/A","N/A",true
"cmuihw4470ckfsexpdndxxhm7","Viggo Gebel","1074526","NONE","Unassigned","cmuihq1z60055h29emzy2ewj7","RB Leipzig","SOURCE_SHOWS_WE_DO_NOT","attach","attach: Present in RB Leipzig FotMob squad (shirt #47); attach detached player.","none","N/A","N/A",true
"cmuihw3fb0bv6sexp5tyyprpr","Marc Guiu","938158","cmuihqcpo00b1h29edf8q9ksb","Chelsea FC","cmuihq1z60055h29emzy2ewj7","RB Leipzig","SOURCE_SHOWS_WE_DO_NOT","reassign","reassign: Present in RB Leipzig FotMob senior squad (shirt #9); previously at Chelsea FC.","none","2025-08-31","N/A",true
"cmuihw2pj0airsexpa44dihy2","Brajan Gruda","700106","NONE","Unassigned","cmuihq1z60055h29emzy2ewj7","RB Leipzig","SOURCE_SHOWS_WE_DO_NOT","attach","attach: Present in RB Leipzig FotMob squad (shirt #10); attach detached player.","none","N/A","N/A",true
"cmuihw1dd09d7sexpa2ac6j6q","Johan Bakayoko","565424","NONE","Unassigned","cmuihq1z60055h29emzy2ewj7","RB Leipzig","SOURCE_SHOWS_WE_DO_NOT","attach","attach: Present in RB Leipzig FotMob squad (shirt #11); attach detached player.","none","N/A","N/A",true
"cmuihvzb706zvsexpx93x8o63","Christopher Nkunku","344381","cmuihqb6900a7h29eb12tdj1t","AC Milan","cmuihq1z60055h29emzy2ewj7","RB Leipzig","SOURCE_SHOWS_WE_DO_NOT","reassign","reassign: Present in RB Leipzig FotMob senior squad (shirt #28); previously at AC Milan.","none","2025-08-29","N/A",true
"cmuihw43e0bzlsexpksvopnmu","Rômulo","957874","NONE","Unassigned","cmuihq1z60055h29emzy2ewj7","RB Leipzig","SOURCE_SHOWS_WE_DO_NOT","attach","attach: Present in RB Leipzig FotMob squad (shirt #40); attach detached player.","none","N/A","N/A",true
"cmuihw4si0d6psexpra8en299","Samba Konaté","1380977","NONE","Unassigned","cmuihq1z60055h29emzy2ewj7","RB Leipzig","SOURCE_SHOWS_WE_DO_NOT","attach","attach: Present in RB Leipzig FotMob squad (shirt #45); attach detached player.","none","N/A","N/A",true
"cmuihvy62058fsexpo7x77vo7","Thilo Kehrer","228948","cmuihq0az0047h29ew2gfpbqj","AS Monaco","cmuihqce400ath29e227zx42b","Ajax Amsterdam","WE_SHOW_SOURCE_DOES_NOT","reassign","reassign: Player is registered in Ajax Amsterdam current FotMob squad (shirt #6).","none","2024-06-30","N/A",true
"cmuihvzwr080xsexpab6o9o8g","Caio Henrique","420064","cmuihq0az0047h29ew2gfpbqj","AS Monaco","cmuihqce400ath29e227zx42b","Ajax Amsterdam","WE_SHOW_SOURCE_DOES_NOT","reassign","reassign: Player is registered in Ajax Amsterdam current FotMob squad (shirt #12).","none","2020-08-26","N/A",true
"cmuihw2q10awesexpv53xk4f1","Maghnes Akliouche","745200","cmuihq0az0047h29ew2gfpbqj","AS Monaco","cmuihqbws00ajh29e1ujz5fht","Paris Saint-Germain","WE_SHOW_SOURCE_DOES_NOT","reassign","reassign: Player is registered in Paris Saint-Germain current FotMob squad (shirt #11).","none","2022-06-30","N/A",true
"cmuihw3fe0bxasexpdnikrjyj","Kassoum Ouattara","947360","cmuihq0az0047h29ew2gfpbqj","AS Monaco","NONE","Unassigned","WE_SHOW_SOURCE_DOES_NOT","detach","detach: Absent from FotMob declared squad for AS Monaco.","none","2023-10-31","N/A",true
"cmuihw0k608pdsexpoxn1batg","Krépin Diatta","490426","cmuihq0az0047h29ew2gfpbqj","AS Monaco","NONE","Unassigned","WE_SHOW_SOURCE_DOES_NOT","detach","detach: Absent from FotMob declared squad for AS Monaco.","none","2021-01-20","N/A",true
"cmuihw4480ckqsexp5h01wtfl","Jules Stawiecki","1075582","cmuihq0az0047h29ew2gfpbqj","AS Monaco","NONE","Unassigned","WE_SHOW_SOURCE_DOES_NOT","detach","detach: Absent from FotMob declared squad for AS Monaco.","none","2024-01-29","N/A",true
"cmuihw2q10awgsexpdrh5h8ku","Yann Lienard","745341","cmuihq0az0047h29ew2gfpbqj","AS Monaco","NONE","Unassigned","WE_SHOW_SOURCE_DOES_NOT","detach","detach: Absent from FotMob declared squad for AS Monaco.","none","2023-06-30","N/A",true
"cmuihvux701zmsexpsyy557rr","Lukas Hradecky","48015","NONE","Unassigned","cmuihq0az0047h29ew2gfpbqj","AS Monaco","SOURCE_SHOWS_WE_DO_NOT","attach","attach: Present in AS Monaco FotMob squad (shirt #1); attach detached player.","none","N/A","N/A",true
"cmuihvxfo04desexpuapdnxbh","Eric Dier","175722","NONE","Unassigned","cmuihq0az0047h29ew2gfpbqj","AS Monaco","SOURCE_SHOWS_WE_DO_NOT","attach","attach: Present in AS Monaco FotMob squad (shirt #15); attach detached player.","none","N/A","N/A",true
"FM_1239590","Flávio Nazinho","N/A","NONE","Unassigned","cmuihq0az0047h29ew2gfpbqj","AS Monaco","SOURCE_SHOWS_WE_DO_NOT","create new player","create new player: Ingest new senior player from FotMob squad (shirt #20).","none","N/A","N/A",true
"cmuihw43i0c35sexpe4weyjuw","Samuel Nibombe","981700","NONE","Unassigned","cmuihq0az0047h29ew2gfpbqj","AS Monaco","SOURCE_SHOWS_WE_DO_NOT","attach","attach: Present in AS Monaco FotMob squad (shirt #44); attach detached player.","none","N/A","N/A",true
"cmuihw44e0cpxsexp6nc00boy","Sadibou Sané","1111777","cmuihq6mo007ph29enroholtq","FC Metz","cmuihq0az0047h29ew2gfpbqj","AS Monaco","SOURCE_SHOWS_WE_DO_NOT","reassign","reassign: Present in AS Monaco FotMob senior squad (shirt #72); previously at FC Metz.","none","2023-07-21","N/A",true
"FM_1651122","Oumar Konaté","N/A","NONE","Unassigned","cmuihq0az0047h29ew2gfpbqj","AS Monaco","SOURCE_SHOWS_WE_DO_NOT","create new player","create new player: Ingest new academy player from FotMob squad (shirt #none).","none","N/A","N/A",false
"FM_1791739","Pape Cabral","N/A","NONE","Unassigned","cmuihq0az0047h29ew2gfpbqj","AS Monaco","SOURCE_SHOWS_WE_DO_NOT","create new player","create new player: Ingest new senior player from FotMob squad (shirt #19).","none","N/A","N/A",true
"cmuihw2q10awbsexpyg95n2kx","Mamadou Coulibaly","745173","NONE","Unassigned","cmuihq0az0047h29ew2gfpbqj","AS Monaco","SOURCE_SHOWS_WE_DO_NOT","attach","attach: Present in AS Monaco FotMob squad (shirt #28); attach detached player.","none","N/A","N/A",true
"cmuihw0jp08hbsexp8hr5bbiz","Ansu Fati","466810","NONE","Unassigned","cmuihq0az0047h29ew2gfpbqj","AS Monaco","SOURCE_SHOWS_WE_DO_NOT","attach","attach: Present in AS Monaco FotMob squad (shirt #31); attach detached player.","none","N/A","N/A",true
"FM_1385897","Edan Diop","N/A","NONE","Unassigned","cmuihq0az0047h29ew2gfpbqj","AS Monaco","SOURCE_SHOWS_WE_DO_NOT","create new player","create new player: Ingest new senior player from FotMob squad (shirt #37).","none","N/A","N/A",true
"FM_1830663","Aymen Assab","N/A","NONE","Unassigned","cmuihq0az0047h29ew2gfpbqj","AS Monaco","SOURCE_SHOWS_WE_DO_NOT","create new player","create new player: Ingest new senior player from FotMob squad (shirt #41).","none","N/A","N/A",true
"FM_2130847","Anis Soubeir","N/A","NONE","Unassigned","cmuihq0az0047h29ew2gfpbqj","AS Monaco","SOURCE_SHOWS_WE_DO_NOT","create new player","create new player: Ingest new senior player from FotMob squad (shirt #46).","none","N/A","N/A",true
"FM_1815791","Ilane Touré","N/A","NONE","Unassigned","cmuihq0az0047h29ew2gfpbqj","AS Monaco","SOURCE_SHOWS_WE_DO_NOT","create new player","create new player: Ingest new senior player from FotMob squad (shirt #49).","none","N/A","N/A",true
"FM_1709473","Mathys Detourbet","N/A","NONE","Unassigned","cmuihq0az0047h29ew2gfpbqj","AS Monaco","SOURCE_SHOWS_WE_DO_NOT","create new player","create new player: Ingest new senior player from FotMob squad (shirt #7).","none","N/A","N/A",true
"cmuihw24m0a89sexprhbx7i11","Matthis Abline","659543","cmuihqhd100djh29et2cb4bdz","FC Nantes","cmuihq0az0047h29ew2gfpbqj","AS Monaco","SOURCE_SHOWS_WE_DO_NOT","reassign","reassign: Present in AS Monaco FotMob senior squad (shirt #11); previously at FC Nantes.","none","2024-07-02","N/A",true
"cmuihw2q00avbsexpv809ltzy","Stanis Idumbo","743387","NONE","Unassigned","cmuihq0az0047h29ew2gfpbqj","AS Monaco","SOURCE_SHOWS_WE_DO_NOT","attach","attach: Present in AS Monaco FotMob squad (shirt #17); attach detached player.","none","N/A","N/A",true
"cmuihw3f10bo4sexp9lxf13be","Paris Brunner","918414","NONE","Unassigned","cmuihq0az0047h29ew2gfpbqj","AS Monaco","SOURCE_SHOWS_WE_DO_NOT","attach","attach: Present in AS Monaco FotMob squad (shirt #29); attach detached player.","none","N/A","N/A",true
"FM_1845327","Safouane Benzahra","N/A","NONE","Unassigned","cmuihq0az0047h29ew2gfpbqj","AS Monaco","SOURCE_SHOWS_WE_DO_NOT","create new player","create new player: Ingest new senior player from FotMob squad (shirt #47).","none","N/A","N/A",true
"cmuihvy63058psexp5iw8bj2r","Gerónimo Rulli","229604","cmuihq2sw005jh29e5ugg799e","Olympique Marseille","cmuihq3vs0069h29ebm5xqhye","Manchester City","WE_SHOW_SOURCE_DOES_NOT","reassign","reassign: Player is registered in Manchester City current FotMob squad (shirt #28).","none","2024-08-10","N/A",true
"cmuihw1do09hfsexpl7wmyu36","Leonardo Balerdi","575998","cmuihq2sw005jh29e5ugg799e","Olympique Marseille","cmuihoj9l0025b23fj4mplye4","Associazione Sportiva Roma","WE_SHOW_SOURCE_DOES_NOT","reassign","reassign: Player is registered in Associazione Sportiva Roma current FotMob squad (shirt #26).","none","2021-07-02","N/A",true
"cmuihw24m0a86sexpeatli6q7","Bilal Nadir","659520","cmuihq2sw005jh29e5ugg799e","Olympique Marseille","cmuihq9070091h29ex9cb7wyt","Hamburger SV","WE_SHOW_SOURCE_DOES_NOT","reassign","reassign: Player is registered in Hamburger SV current FotMob squad (shirt #4).","none","2023-06-30","N/A",true
"cmuihw4rb0cv8sexp7setmzi3","Nouhoum Kamissoko","1164662","cmuihq2sw005jh29e5ugg799e","Olympique Marseille","NONE","Unassigned","WE_SHOW_SOURCE_DOES_NOT","detach","detach: Absent from FotMob declared squad for Olympique Marseille.","none","N/A","N/A",true
"cmuihw1bv091hsexprfjcicv5","Mason Greenwood","532826","cmuihq2sw005jh29e5ugg799e","Olympique Marseille","NONE","Unassigned","WE_SHOW_SOURCE_DOES_NOT","detach","detach: Absent from FotMob declared squad for Olympique Marseille.","none","2024-07-17","N/A",true
"cmuihw4qy0cqcsexp8et4pfkt","Ange Lago","1117771","cmuihq2sw005jh29e5ugg799e","Olympique Marseille","NONE","Unassigned","WE_SHOW_SOURCE_DOES_NOT","detach","detach: Absent from FotMob declared squad for Olympique Marseille.","none","2023-06-30","N/A",true
"cmuihw1dq09iysexp82xd81mn","CJ Egan-Riley","581669","NONE","Unassigned","cmuihq2sw005jh29e5ugg799e","Olympique Marseille","SOURCE_SHOWS_WE_DO_NOT","attach","attach: Present in Olympique Marseille FotMob squad (shirt #4); attach detached player.","none","N/A","N/A",true
"cmuihvzap06ofsexp6q2u8l44","Derek Cornelius","328609","NONE","Unassigned","cmuihq2sw005jh29e5ugg799e","Olympique Marseille","SOURCE_SHOWS_WE_DO_NOT","attach","attach: Present in Olympique Marseille FotMob squad (shirt #13); attach detached player.","none","N/A","N/A",true
"cmuihw2qd0b3wsexpqepgj6mt","Bamo Meïté","807165","NONE","Unassigned","cmuihq2sw005jh29e5ugg799e","Olympique Marseille","SOURCE_SHOWS_WE_DO_NOT","attach","attach: Present in Olympique Marseille FotMob squad (shirt #18); attach detached player.","none","N/A","N/A",true
"cmuihvzbl07aisexpoha0ektq","Nayef Aguerd","361914","NONE","Unassigned","cmuihq2sw005jh29e5ugg799e","Olympique Marseille","SOURCE_SHOWS_WE_DO_NOT","attach","attach: Present in Olympique Marseille FotMob squad (shirt #21); attach detached player.","none","N/A","N/A",true
"cmuihvzvq07dgsexpt3gl37yw","Timothy Weah","370846","NONE","Unassigned","cmuihq2sw005jh29e5ugg799e","Olympique Marseille","SOURCE_SHOWS_WE_DO_NOT","attach","attach: Present in Olympique Marseille FotMob squad (shirt #22); attach detached player.","none","N/A","N/A",true
"cmuihvxg304nosexp50dynk7b","Ulisses Garcia","192616","NONE","Unassigned","cmuihq2sw005jh29e5ugg799e","Olympique Marseille","SOURCE_SHOWS_WE_DO_NOT","attach","attach: Present in Olympique Marseille FotMob squad (shirt #25); attach detached player.","none","N/A","N/A",true
"cmuihvu4w01p9sexp78kke8s1","Émerson","39073","NONE","Unassigned","cmuihq2sw005jh29e5ugg799e","Olympique Marseille","SOURCE_SHOWS_WE_DO_NOT","attach","attach: Present in Olympique Marseille FotMob squad (shirt #33); attach detached player.","none","N/A","N/A",true
"cmuihw4rf0cxisexpaawre1sn","Kelyann Bezahaf","1183715","NONE","Unassigned","cmuihq2sw005jh29e5ugg799e","Olympique Marseille","SOURCE_SHOWS_WE_DO_NOT","attach","attach: Present in Olympique Marseille FotMob squad (shirt #74); attach detached player.","none","N/A","N/A",true
"cmuihw3f20boesexpmlifp8sm","Tochukwu Nnadi","920470","NONE","Unassigned","cmuihq2sw005jh29e5ugg799e","Olympique Marseille","SOURCE_SHOWS_WE_DO_NOT","attach","attach: Present in Olympique Marseille FotMob squad (shirt #6); attach detached player.","none","N/A","N/A",true
"cmuihvzw407nqsexp3yvhauax","Angel Gomes","392770","NONE","Unassigned","cmuihq2sw005jh29e5ugg799e","Olympique Marseille","SOURCE_SHOWS_WE_DO_NOT","attach","attach: Present in Olympique Marseille FotMob squad (shirt #7); attach detached player.","none","N/A","N/A",true
"cmuihw1et09m9sexpy6ivhtd3","Himad Abdelli","592979","NONE","Unassigned","cmuihq2sw005jh29e5ugg799e","Olympique Marseille","SOURCE_SHOWS_WE_DO_NOT","attach","attach: Present in Olympique Marseille FotMob squad (shirt #8); attach detached player.","none","N/A","N/A",true
"cmuihvxfi048vsexpr82o0duc","Pierre-Emile Højbjerg","167799","cmuihq5qq0075h29elabq5hjd","FC Schalke 04","cmuihq2sw005jh29e5ugg799e","Olympique Marseille","SOURCE_SHOWS_WE_DO_NOT","reassign","reassign: Present in Olympique Marseille FotMob senior squad (shirt #23); previously at FC Schalke 04.","none","2025-06-30","N/A",true
"cmuihvy5x0531sexpkbz8h328","Neal Maupay","217115","NONE","Unassigned","cmuihq2sw005jh29e5ugg799e","Olympique Marseille","SOURCE_SHOWS_WE_DO_NOT","attach","attach: Present in Olympique Marseille FotMob squad (shirt #11); attach detached player.","none","N/A","N/A",true
"cmuihw24j0a5xsexp94hozkf5","Igor Paixão","653610","NONE","Unassigned","cmuihq2sw005jh29e5ugg799e","Olympique Marseille","SOURCE_SHOWS_WE_DO_NOT","attach","attach: Present in Olympique Marseille FotMob squad (shirt #14); attach detached player.","none","N/A","N/A",true
"cmuihw23y09olsexp689m6wm5","Faris Moumbagna","599663","NONE","Unassigned","cmuihq2sw005jh29e5ugg799e","Olympique Marseille","SOURCE_SHOWS_WE_DO_NOT","attach","attach: Present in Olympique Marseille FotMob squad (shirt #29); attach detached player.","none","N/A","N/A",true
"cmuihw4rk0d00sexphj669o2j","Tadjidine Mmadi","1206824","NONE","Unassigned","cmuihq2sw005jh29e5ugg799e","Olympique Marseille","SOURCE_SHOWS_WE_DO_NOT","attach","attach: Present in Olympique Marseille FotMob squad (shirt #43); attach detached player.","none","N/A","N/A",true
"cmuihw4rf0cxksexpj3g2i1y0","Keyliane Abdallah","1183719","NONE","Unassigned","cmuihq2sw005jh29e5ugg799e","Olympique Marseille","SOURCE_SHOWS_WE_DO_NOT","attach","attach: Present in Olympique Marseille FotMob squad (shirt #48); attach detached player.","none","N/A","N/A",true
"cmuihvzvs07eisexpbp2dadnx","Amine Harit","372711","cmuihq5qq0075h29elabq5hjd","FC Schalke 04","cmuihq2sw005jh29e5ugg799e","Olympique Marseille","SOURCE_SHOWS_WE_DO_NOT","reassign","reassign: Present in Olympique Marseille FotMob senior squad (shirt #77); previously at FC Schalke 04.","none","2026-06-29","N/A",true
"cmuihvxfk04a8sexpk1r2gcma","Frederico Venâncio","169681","cmuihq2dd005bh29e4dnqmt8q","CD Santa Clara","NONE","Unassigned","WE_SHOW_SOURCE_DOES_NOT","detach","detach: Absent from FotMob declared squad for CD Santa Clara.","none","2024-07-17","N/A",true
"cmuihw2pg0afhsexp6fizvj44","Vinícius Lopes","688881","cmuihq2dd005bh29e4dnqmt8q","CD Santa Clara","NONE","Unassigned","WE_SHOW_SOURCE_DOES_NOT","detach","detach: Absent from FotMob declared squad for CD Santa Clara.","none","2024-07-01","N/A",true
"cmuihw3ej0balsexp8gd8mk88","Serginho","836547","cmuihq2dd005bh29e4dnqmt8q","CD Santa Clara","NONE","Unassigned","WE_SHOW_SOURCE_DOES_NOT","detach","detach: Absent from FotMob declared squad for CD Santa Clara.","none","2023-07-02","N/A",true
"cmuihvzwa07qzsexpdl3bovb6","Diogo Calila","396429","cmuihq2dd005bh29e4dnqmt8q","CD Santa Clara","NONE","Unassigned","WE_SHOW_SOURCE_DOES_NOT","detach","detach: Absent from FotMob declared squad for CD Santa Clara.","none","2022-08-18","N/A",true
"cmuihvzwf07thsexpaggzuvv2","Gabriel Batista","401535","cmuihq2dd005bh29e4dnqmt8q","CD Santa Clara","NONE","Unassigned","WE_SHOW_SOURCE_DOES_NOT","detach","detach: Absent from FotMob declared squad for CD Santa Clara.","none","2022-08-24","N/A",true
"cmuihw24909xusexpyug5tfl2","Gabriel Silva","627224","cmuihq2dd005bh29e4dnqmt8q","CD Santa Clara","cmuihnyer0015b23fholjonq1","SC Braga","WE_SHOW_SOURCE_DOES_NOT","reassign","reassign: Player is registered in SC Braga current FotMob squad (shirt #11).","none","2023-07-31","N/A",true
"cmuihw24l0a75sexpo1pbboch","Sidney Lima","657155","cmuihq2dd005bh29e4dnqmt8q","CD Santa Clara","NONE","Unassigned","WE_SHOW_SOURCE_DOES_NOT","detach","detach: Absent from FotMob declared squad for CD Santa Clara.","none","2023-06-30","N/A",true
"cmuihw3eo0bdisexptzdw5i6v","João Costa","856423","cmuihq2dd005bh29e4dnqmt8q","CD Santa Clara","cmuihqe6h00brh29ew01veugs","FC Porto","WE_SHOW_SOURCE_DOES_NOT","reassign","reassign: Player is registered in FC Porto current FotMob squad (shirt #24).","none","2024-06-30","N/A",true
"cmuihvzwq080csexpcf6elvu9","Lucas França","418615","NONE","Unassigned","cmuihq2dd005bh29e4dnqmt8q","CD Santa Clara","SOURCE_SHOWS_WE_DO_NOT","attach","attach: Present in CD Santa Clara FotMob squad (shirt #1); attach detached player.","none","N/A","N/A",true
"cmuihw43j0c3usexp87uukrlr","Neneca","983843","NONE","Unassigned","cmuihq2dd005bh29e4dnqmt8q","CD Santa Clara","SOURCE_SHOWS_WE_DO_NOT","attach","attach: Present in CD Santa Clara FotMob squad (shirt #12); attach detached player.","none","N/A","N/A",true
"cmuihw43s0c9rsexpt9cmdius","Tomé Sousa","1013713","NONE","Unassigned","cmuihq2dd005bh29e4dnqmt8q","CD Santa Clara","SOURCE_SHOWS_WE_DO_NOT","attach","attach: Present in CD Santa Clara FotMob squad (shirt #76); attach detached player.","none","N/A","N/A",true
"FM_1900187","Henzo dos Santos","N/A","NONE","Unassigned","cmuihq2dd005bh29e4dnqmt8q","CD Santa Clara","SOURCE_SHOWS_WE_DO_NOT","create new player","create new player: Ingest new academy player from FotMob squad (shirt #none).","none","N/A","N/A",false
"cmuihw4490cmbsexpao1cse78","Henrique Silva","1083239","NONE","Unassigned","cmuihq2dd005bh29e4dnqmt8q","CD Santa Clara","SOURCE_SHOWS_WE_DO_NOT","attach","attach: Present in CD Santa Clara FotMob squad (shirt #3); attach detached player.","none","N/A","N/A",true
"cmuihw1bi08x7sexpe0b4dt72","Guilherme Romão","519879","NONE","Unassigned","cmuihq2dd005bh29e4dnqmt8q","CD Santa Clara","SOURCE_SHOWS_WE_DO_NOT","attach","attach: Present in CD Santa Clara FotMob squad (shirt #5); attach detached player.","none","N/A","N/A",true
"FM_1513360","Ythallo","N/A","NONE","Unassigned","cmuihq2dd005bh29e4dnqmt8q","CD Santa Clara","SOURCE_SHOWS_WE_DO_NOT","create new player","create new player: Ingest new senior player from FotMob squad (shirt #19).","none","N/A","N/A",true
"FM_1521229","Emanuel Moreira","N/A","NONE","Unassigned","cmuihq2dd005bh29e4dnqmt8q","CD Santa Clara","SOURCE_SHOWS_WE_DO_NOT","create new player","create new player: Ingest new senior player from FotMob squad (shirt #21).","none","N/A","N/A",true
"FM_1560815","Kamika","N/A","NONE","Unassigned","cmuihq2dd005bh29e4dnqmt8q","CD Santa Clara","SOURCE_SHOWS_WE_DO_NOT","create new player","create new player: Ingest new senior player from FotMob squad (shirt #85).","none","N/A","N/A",true
"FM_1451111","Pedro Jesus","N/A","NONE","Unassigned","cmuihq2dd005bh29e4dnqmt8q","CD Santa Clara","SOURCE_SHOWS_WE_DO_NOT","create new player","create new player: Ingest new academy player from FotMob squad (shirt #none).","none","N/A","N/A",false
"FM_1759728","Djé Tavares","N/A","NONE","Unassigned","cmuihq2dd005bh29e4dnqmt8q","CD Santa Clara","SOURCE_SHOWS_WE_DO_NOT","create new player","create new player: Ingest new senior player from FotMob squad (shirt #8).","none","N/A","N/A",true
"cmuihw3ew0bkgsexpem5stx7i","Vasconcelos","898715","cmuihnyer0015b23fholjonq1","SC Braga","cmuihq2dd005bh29e4dnqmt8q","CD Santa Clara","SOURCE_SHOWS_WE_DO_NOT","reassign","reassign: Present in CD Santa Clara FotMob senior squad (shirt #17); previously at SC Braga.","none","2023-05-31","N/A",true
"cmuihw0ka08t9sexpe8pblb30","Tiago Ribeiro","504084","NONE","Unassigned","cmuihq2dd005bh29e4dnqmt8q","CD Santa Clara","SOURCE_SHOWS_WE_DO_NOT","attach","attach: Present in CD Santa Clara FotMob squad (shirt #20); attach detached player.","none","N/A","N/A",true
"FM_1843166","Frederico Silva","N/A","NONE","Unassigned","cmuihq2dd005bh29e4dnqmt8q","CD Santa Clara","SOURCE_SHOWS_WE_DO_NOT","create new player","create new player: Ingest new senior player from FotMob squad (shirt #25).","none","N/A","N/A",true
"FM_1615930","Daniel Borges","N/A","NONE","Unassigned","cmuihq2dd005bh29e4dnqmt8q","CD Santa Clara","SOURCE_SHOWS_WE_DO_NOT","create new player","create new player: Ingest new senior player from FotMob squad (shirt #41).","none","N/A","N/A",true
"FM_2173070","Seydou Fofana","N/A","NONE","Unassigned","cmuihq2dd005bh29e4dnqmt8q","CD Santa Clara","SOURCE_SHOWS_WE_DO_NOT","create new player","create new player: Ingest new senior player from FotMob squad (shirt #81).","none","N/A","N/A",true
"FM_1570655","Luis Fernando","N/A","NONE","Unassigned","cmuihq2dd005bh29e4dnqmt8q","CD Santa Clara","SOURCE_SHOWS_WE_DO_NOT","create new player","create new player: Ingest new senior player from FotMob squad (shirt #7).","none","N/A","N/A",true
"cmuihvxfr04fqsexpb47x9esm","Gonçalo Paciência","181547","cmuihq5qq0075h29elabq5hjd","FC Schalke 04","cmuihq2dd005bh29e4dnqmt8q","CD Santa Clara","SOURCE_SHOWS_WE_DO_NOT","reassign","reassign: Present in CD Santa Clara FotMob senior squad (shirt #9); previously at FC Schalke 04.","none","2026-01-26","N/A",true
"cmuihw43h0c1wsexpg6kftfzg","Brenner","973703","NONE","Unassigned","cmuihq2dd005bh29e4dnqmt8q","CD Santa Clara","SOURCE_SHOWS_WE_DO_NOT","attach","attach: Present in CD Santa Clara FotMob squad (shirt #10); attach detached player.","none","N/A","N/A",true
"FM_1072255","Welinton","N/A","NONE","Unassigned","cmuihq2dd005bh29e4dnqmt8q","CD Santa Clara","SOURCE_SHOWS_WE_DO_NOT","create new player","create new player: Ingest new senior player from FotMob squad (shirt #11).","none","N/A","N/A",true
"FM_1530312","Afonso Duarte","N/A","NONE","Unassigned","cmuihq2dd005bh29e4dnqmt8q","CD Santa Clara","SOURCE_SHOWS_WE_DO_NOT","create new player","create new player: Ingest new senior player from FotMob squad (shirt #18).","none","N/A","N/A",true
"cmuihw2qa0b1jsexpwoa05q1i","Vitinho","796742","NONE","Unassigned","cmuihq2dd005bh29e4dnqmt8q","CD Santa Clara","SOURCE_SHOWS_WE_DO_NOT","attach","attach: Present in CD Santa Clara FotMob squad (shirt #22); attach detached player.","none","N/A","N/A",true
"cmuihw4ru0d3isexpnrz2ugot","Vital Maia","1293043","NONE","Unassigned","cmuihq2dd005bh29e4dnqmt8q","CD Santa Clara","SOURCE_SHOWS_WE_DO_NOT","attach","attach: Present in CD Santa Clara FotMob squad (shirt #51); attach detached player.","none","N/A","N/A",true
"cmuihvu5701uysexpf0rnl2yk","Vinicius","44172","NONE","Unassigned","cmuihq2dd005bh29e4dnqmt8q","CD Santa Clara","SOURCE_SHOWS_WE_DO_NOT","attach","attach: Present in CD Santa Clara FotMob squad (shirt #70); attach detached player.","none","N/A","N/A",true
"FM_1801079","Léo Jacó","N/A","NONE","Unassigned","cmuihq2dd005bh29e4dnqmt8q","CD Santa Clara","SOURCE_SHOWS_WE_DO_NOT","create new player","create new player: Ingest new senior player from FotMob squad (shirt #73).","none","N/A","N/A",true
"cmuihw3er0bfssexp6blf030b","Sorriso","868101","cmuihq66x007fh29elwopl3td","FC Famalicão","cmuihq2dd005bh29e4dnqmt8q","CD Santa Clara","SOURCE_SHOWS_WE_DO_NOT","reassign","reassign: Present in CD Santa Clara FotMob senior squad (shirt #99); previously at FC Famalicão.","none","2025-06-30","N/A",true
"cmuihw24l0a7isexpk7u6jvj2","Jakob Breum","657957","cmuihpzcq003nh29eowpx0ee9","Go Ahead Eagles","NONE","Unassigned","WE_SHOW_SOURCE_DOES_NOT","detach","detach: Absent from FotMob declared squad for Go Ahead Eagles.","none","2023-06-30","N/A",true
"cmuihw0io083msexpxivvu6bm","Jari De Busser","426849","cmuihpzcq003nh29eowpx0ee9","Go Ahead Eagles","cmuiho33d001db23ffg0co70a","AZ Alkmaar","WE_SHOW_SOURCE_DOES_NOT","reassign","reassign: Player is registered in AZ Alkmaar current FotMob squad (shirt #28).","none","2024-08-20","N/A",true
"cmuihw0jo08gdsexpk01mkusr","Stefán Ingi Sigurdarson","464454","cmuihpzcq003nh29eowpx0ee9","Go Ahead Eagles","NONE","Unassigned","WE_SHOW_SOURCE_DOES_NOT","detach","detach: Absent from FotMob declared squad for Go Ahead Eagles.","none","2026-02-01","N/A",true
"cmuihw0k708qrsexpz8qicwcj","Xander Blomme","496873","cmuihpzcq003nh29eowpx0ee9","Go Ahead Eagles","NONE","Unassigned","WE_SHOW_SOURCE_DOES_NOT","detach","detach: Absent from FotMob declared squad for Go Ahead Eagles.","none","2026-06-29","N/A",true
"cmuihw24309sysexpv4x5sr81","Calvin Twigt","612758","cmuihpzcq003nh29eowpx0ee9","Go Ahead Eagles","cmuihq8us008vh29erfb05jp3","Willem II Tilburg","WE_SHOW_SOURCE_DOES_NOT","reassign","reassign: Player is registered in Willem II Tilburg current FotMob squad (shirt #6).","none","2026-06-29","N/A",true
"cmuihw24k0a6ysexpqgh8m9ir","Aske Adelgaard","656132","cmuihpzcq003nh29eowpx0ee9","Go Ahead Eagles","cmuihq5k60071h29e42akmqnf","FC Twente Enschede","WE_SHOW_SOURCE_DOES_NOT","reassign","reassign: Player is registered in FC Twente Enschede current FotMob squad (shirt #29).","none","2024-08-18","N/A",true
"cmuihvws2041wsexpz7x6mhrg","Nick Marsman","158104","NONE","Unassigned","cmuihpzcq003nh29eowpx0ee9","Go Ahead Eagles","SOURCE_SHOWS_WE_DO_NOT","attach","attach: Present in Go Ahead Eagles FotMob squad (shirt #22); attach detached player.","none","N/A","N/A",true
"FM_2173270","Thomas Hulleman","N/A","NONE","Unassigned","cmuihpzcq003nh29eowpx0ee9","Go Ahead Eagles","SOURCE_SHOWS_WE_DO_NOT","create new player","create new player: Ingest new senior player from FotMob squad (shirt #30).","none","N/A","N/A",true
"FM_1779869","Tino Jukić","N/A","NONE","Unassigned","cmuihpzcq003nh29eowpx0ee9","Go Ahead Eagles","SOURCE_SHOWS_WE_DO_NOT","create new player","create new player: Ingest new senior player from FotMob squad (shirt #6).","none","N/A","N/A",true
"FM_1424835","Tomas Galvez","N/A","NONE","Unassigned","cmuihpzcq003nh29eowpx0ee9","Go Ahead Eagles","SOURCE_SHOWS_WE_DO_NOT","create new player","create new player: Ingest new senior player from FotMob squad (shirt #27).","none","N/A","N/A",true
"cmuihw4rv0d4hsexp3p7ywkss","Dani Tijman","1309041","NONE","Unassigned","cmuihpzcq003nh29eowpx0ee9","Go Ahead Eagles","SOURCE_SHOWS_WE_DO_NOT","attach","attach: Present in Go Ahead Eagles FotMob squad (shirt #31); attach detached player.","none","N/A","N/A",true
"FM_2173271","Terence Lantveld","N/A","NONE","Unassigned","cmuihpzcq003nh29eowpx0ee9","Go Ahead Eagles","SOURCE_SHOWS_WE_DO_NOT","create new player","create new player: Ingest new senior player from FotMob squad (shirt #35).","none","N/A","N/A",true
"FM_1044355","Stefán Sigurðarson","N/A","NONE","Unassigned","cmuihpzcq003nh29eowpx0ee9","Go Ahead Eagles","SOURCE_SHOWS_WE_DO_NOT","create new player","create new player: Ingest new senior player from FotMob squad (shirt #9).","none","N/A","N/A",true
"FM_1255835","Erik Flataker","N/A","NONE","Unassigned","cmuihpzcq003nh29eowpx0ee9","Go Ahead Eagles","SOURCE_SHOWS_WE_DO_NOT","create new player","create new player: Ingest new senior player from FotMob squad (shirt #29).","none","N/A","N/A",true
"cmuihw24d0a0tsexpedktyv7c","Miguel Rodríguez","634427","cmuihq181004nh29e2ib1sw4p","FC Utrecht","cmuiho7e5001lb23fhy6pl2ep","Deportivo Alavés","WE_SHOW_SOURCE_DOES_NOT","reassign","reassign: Player is registered in Deportivo Alavés current FotMob squad (shirt #22).","none","2025-06-30","N/A",true
"cmuihvy64059qsexp4lj3hw5e","Michael Brouwer","231650","cmuihq181004nh29e2ib1sw4p","FC Utrecht","cmuihqaou009xh29ehzb7sgiz","Sparta Rotterdam","WE_SHOW_SOURCE_DOES_NOT","reassign","reassign: Player is registered in Sparta Rotterdam current FotMob squad (shirt #1).","none","2024-07-24","N/A",true
"cmuihvxfy04jwsexp31rce8v2","Mike van der Hoorn","187105","cmuihq181004nh29e2ib1sw4p","FC Utrecht","NONE","Unassigned","WE_SHOW_SOURCE_DOES_NOT","detach","detach: Absent from FotMob declared squad for FC Utrecht.","none","2022-06-30","N/A",true
"cmuihvzwi07vesexpkufolybu","Can Bozdogan","406609","cmuihq181004nh29e2ib1sw4p","FC Utrecht","NONE","Unassigned","WE_SHOW_SOURCE_DOES_NOT","detach","detach: Absent from FotMob declared squad for FC Utrecht.","none","2023-06-30","N/A",true
"cmuihw0je08cisexp0ou15fbc","Derry Murkin","457341","cmuihq181004nh29e2ib1sw4p","FC Utrecht","NONE","Unassigned","WE_SHOW_SOURCE_DOES_NOT","detach","detach: Absent from FotMob declared squad for FC Utrecht.","none","2023-08-29","N/A",true
"cmuihw0k208misexplty59rpw","Mike Eerdhuijzen","482141","cmuihq181004nh29e2ib1sw4p","FC Utrecht","NONE","Unassigned","WE_SHOW_SOURCE_DOES_NOT","detach","detach: Absent from FotMob declared squad for FC Utrecht.","none","2025-06-30","N/A",true
"cmuihw23z09pssexp75hy8f7x","David Min","604813","cmuihq181004nh29e2ib1sw4p","FC Utrecht","NONE","Unassigned","WE_SHOW_SOURCE_DOES_NOT","detach","detach: Absent from FotMob declared squad for FC Utrecht.","none","2024-06-30","N/A",true
"cmuihw2py0atvsexprf6x8zfk","Rafik El Arguioui","738479","cmuihq181004nh29e2ib1sw4p","FC Utrecht","cmuihpy3m002zh29ew56izgoh","SC Cambuur Leeuwarden","WE_SHOW_SOURCE_DOES_NOT","reassign","reassign: Player is registered in SC Cambuur Leeuwarden current FotMob squad (shirt #10).","none","2025-06-30","N/A",true
"cmuihw4qx0cq2sexp35aozm9o","Emeka Adiele","1112524","cmuihq181004nh29e2ib1sw4p","FC Utrecht","NONE","Unassigned","WE_SHOW_SOURCE_DOES_NOT","detach","detach: Absent from FotMob declared squad for FC Utrecht.","none","2026-02-01","N/A",true
"cmuihw2q80az9sexp45w2wx98","Neal Viereck","775244","cmuihq181004nh29e2ib1sw4p","FC Utrecht","NONE","Unassigned","WE_SHOW_SOURCE_DOES_NOT","detach","detach: Absent from FotMob declared squad for FC Utrecht.","none","N/A","N/A",true
"cmuihw3f10bo5sexpe2z0l1st","Emirhan Demircan","918445","cmuihq181004nh29e2ib1sw4p","FC Utrecht","cmuihpzab003lh29emxyfpwie","SC Telstar","WE_SHOW_SOURCE_DOES_NOT","reassign","reassign: Player is registered in SC Telstar current FotMob squad (shirt #8).","none","2025-06-30","N/A",true
"cmuihvvv502tpsexpnluowjjp","Sergio Padt","79573","NONE","Unassigned","cmuihq181004nh29e2ib1sw4p","FC Utrecht","SOURCE_SHOWS_WE_DO_NOT","attach","attach: Present in FC Utrecht FotMob squad (shirt #22); attach detached player.","none","N/A","N/A",true
"cmuihw3f80bsisexpddrqfhw8","Mees Eppink","933914","NONE","Unassigned","cmuihq181004nh29e2ib1sw4p","FC Utrecht","SOURCE_SHOWS_WE_DO_NOT","attach","attach: Present in FC Utrecht FotMob squad (shirt #31); attach detached player.","none","N/A","N/A",true
"FM_988798","Nikolas Panayiotou","N/A","NONE","Unassigned","cmuihq181004nh29e2ib1sw4p","FC Utrecht","SOURCE_SHOWS_WE_DO_NOT","create new player","create new player: Ingest new senior player from FotMob squad (shirt #5).","none","N/A","N/A",true
"cmuihw0k508ovsexpmxi4a70i","Jakov Medic","488755","NONE","Unassigned","cmuihq181004nh29e2ib1sw4p","FC Utrecht","SOURCE_SHOWS_WE_DO_NOT","attach","attach: Present in FC Utrecht FotMob squad (shirt #18); attach detached player.","none","N/A","N/A",true
"cmuihw1by092vsexpw64g38to","Arthur Zagré","536477","NONE","Unassigned","cmuihq181004nh29e2ib1sw4p","FC Utrecht","SOURCE_SHOWS_WE_DO_NOT","attach","attach: Present in FC Utrecht FotMob squad (shirt #92); attach detached player.","none","N/A","N/A",true
"cmuihvxfs04gisexpyzd7nqrh","Joris van Overeem","182582","cmuihq5gp006xh29ew3zgy2a2","SC Heerenveen","cmuihq181004nh29e2ib1sw4p","FC Utrecht","SOURCE_SHOWS_WE_DO_NOT","reassign","reassign: Present in FC Utrecht FotMob senior squad (shirt #8); previously at SC Heerenveen.","none","2025-06-30","N/A",true
"cmuihw2ps0anysexpc2pmixby","Kevin Paredes","711517","NONE","Unassigned","cmuihq181004nh29e2ib1sw4p","FC Utrecht","SOURCE_SHOWS_WE_DO_NOT","attach","attach: Present in FC Utrecht FotMob squad (shirt #30); attach detached player.","none","N/A","N/A",true
"cmuihw43x0cdcsexpx2np7zpr","Artem Stepanov","1045344","cmuihpzti003xh29ejh2oa78u","Bayer 04 Leverkusen","cmuihq181004nh29e2ib1sw4p","FC Utrecht","SOURCE_SHOWS_WE_DO_NOT","reassign","reassign: Present in FC Utrecht FotMob senior squad (shirt #9); previously at Bayer 04 Leverkusen.","none","2026-01-29","N/A",true
"cmuihw3f40bpzsexp1ko8cs34","Sem van Duijn","926491","NONE","Unassigned","cmuihq181004nh29e2ib1sw4p","FC Utrecht","SOURCE_SHOWS_WE_DO_NOT","attach","attach: Present in FC Utrecht FotMob squad (shirt #17); attach detached player.","none","N/A","N/A",true
"FM_46120","Nordin Amrabat","N/A","NONE","Unassigned","cmuihq181004nh29e2ib1sw4p","FC Utrecht","SOURCE_SHOWS_WE_DO_NOT","create new player","create new player: Ingest new senior player from FotMob squad (shirt #39).","none","N/A","N/A",true
"cmuihw3ex0bl3sexp8ftmn0f5","Marius Broholm","903359","NONE","Unassigned","cmuihq181004nh29e2ib1sw4p","FC Utrecht","SOURCE_SHOWS_WE_DO_NOT","attach","attach: Present in FC Utrecht FotMob squad (shirt #80); attach detached player.","none","N/A","N/A",true
"cmuihvxgh04xcsexpa7yqrtue","Marc-Aurèle Caillard","205465","cmuihnzfj0017b23f7qeka8w7","LOSC Lille","NONE","Unassigned","WE_SHOW_SOURCE_DOES_NOT","detach","detach: Absent from FotMob declared squad for LOSC Lille.","none","2024-08-29","N/A",true
"cmuihvvv602u5sexpzz9vi8ux","Aïssa Mandi","80293","cmuihnzfj0017b23f7qeka8w7","LOSC Lille","cmuihq6me007nh29ezmai1c1u","Levante UD","WE_SHOW_SOURCE_DOES_NOT","reassign","reassign: Player is registered in Levante UD current FotMob squad (shirt #2).","none","2024-07-31","N/A",true
"cmuihw4qz0cqtsexpuecshkoq","Morgan Costarelli","1119911","cmuihnzfj0017b23f7qeka8w7","LOSC Lille","cmuihpy3m002zh29ew56izgoh","SC Cambuur Leeuwarden","WE_SHOW_SOURCE_DOES_NOT","reassign","reassign: Player is registered in SC Cambuur Leeuwarden current FotMob squad (shirt #28).","none","2024-06-30","N/A",true
"cmuihw24i0a4dsexp8ydh9eku","Alexsandro","648020","cmuihnzfj0017b23f7qeka8w7","LOSC Lille","NONE","Unassigned","WE_SHOW_SOURCE_DOES_NOT","detach","detach: Absent from FotMob declared squad for LOSC Lille.","none","2022-06-30","N/A",true
"cmuihw2pv0ar0sexpmnrbhk2n","Matias Fernandez-Pardo","724129","cmuihnzfj0017b23f7qeka8w7","LOSC Lille","cmuihqepp00c5h29e6dizfj3r","Newcastle United","WE_SHOW_SOURCE_DOES_NOT","reassign","reassign: Player is registered in Newcastle United current FotMob squad (shirt #20).","none","2024-08-29","N/A",true
"cmuihw43v0cc2sexp5nu2ub0h","Younes Lachaab","1035659","cmuihnzfj0017b23f7qeka8w7","LOSC Lille","NONE","Unassigned","WE_SHOW_SOURCE_DOES_NOT","detach","detach: Absent from FotMob declared squad for LOSC Lille.","none","2023-06-30","N/A",true
"cmuihw44c0co7sexp82u7eq1j","Ayyoub Bouaddi","1097139","cmuihnzfj0017b23f7qeka8w7","LOSC Lille","cmuihq3vs0069h29ebm5xqhye","Manchester City","WE_SHOW_SOURCE_DOES_NOT","reassign","reassign: Player is registered in Manchester City current FotMob squad (shirt #32).","none","2023-06-30","N/A",true
"cmuihvzbl07acsexprnifd69s","Berke Özer","361256","NONE","Unassigned","cmuihnzfj0017b23f7qeka8w7","LOSC Lille","SOURCE_SHOWS_WE_DO_NOT","attach","attach: Present in LOSC Lille FotMob squad (shirt #1); attach detached player.","none","N/A","N/A",true
"FM_1683391","Orlando Gill","N/A","NONE","Unassigned","cmuihnzfj0017b23f7qeka8w7","LOSC Lille","SOURCE_SHOWS_WE_DO_NOT","create new player","create new player: Ingest new senior player from FotMob squad (shirt #12).","none","N/A","N/A",true
"FM_1660370","Loun Srdanovic","N/A","NONE","Unassigned","cmuihnzfj0017b23f7qeka8w7","LOSC Lille","SOURCE_SHOWS_WE_DO_NOT","create new player","create new player: Ingest new senior player from FotMob squad (shirt #2).","none","N/A","N/A",true
"cmuihw1d10980sexp0iif3yna","Nathan Ngoy","548254","NONE","Unassigned","cmuihnzfj0017b23f7qeka8w7","LOSC Lille","SOURCE_SHOWS_WE_DO_NOT","attach","attach: Present in LOSC Lille FotMob squad (shirt #3); attach detached player.","none","N/A","N/A",true
"FM_1186553","Alexsandro Ribeiro","N/A","NONE","Unassigned","cmuihnzfj0017b23f7qeka8w7","LOSC Lille","SOURCE_SHOWS_WE_DO_NOT","create new player","create new player: Ingest new senior player from FotMob squad (shirt #4).","none","N/A","N/A",true
"cmuihvzal06knsexp44w39lla","Romain Perraud","318523","NONE","Unassigned","cmuihnzfj0017b23f7qeka8w7","LOSC Lille","SOURCE_SHOWS_WE_DO_NOT","attach","attach: Present in LOSC Lille FotMob squad (shirt #15); attach detached player.","none","N/A","N/A",true
"cmuihw1ct094msexppy24dn6z","Tanguy Nianzou","538996","cmuihq7is0085h29ez260bgnc","Sevilla FC","cmuihnzfj0017b23f7qeka8w7","LOSC Lille","SOURCE_SHOWS_WE_DO_NOT","reassign","reassign: Present in LOSC Lille FotMob senior squad (shirt #23); previously at Sevilla FC.","none","2022-08-16","N/A",true
"cmuihvy6r05qysexp54y9fjzw","Calvin Verdonk","258364","NONE","Unassigned","cmuihnzfj0017b23f7qeka8w7","LOSC Lille","SOURCE_SHOWS_WE_DO_NOT","attach","attach: Present in LOSC Lille FotMob squad (shirt #24); attach detached player.","none","N/A","N/A",true
"cmuihw4rb0cuvsexpk1owu0pb","Isaac Cossier","1160753","NONE","Unassigned","cmuihnzfj0017b23f7qeka8w7","LOSC Lille","SOURCE_SHOWS_WE_DO_NOT","attach","attach: Present in LOSC Lille FotMob squad (shirt #26); attach detached player.","none","N/A","N/A",true
"cmuihw1cu095dsexpeefo1ewh","Dilane Bakwa","540664","NONE","Unassigned","cmuihnzfj0017b23f7qeka8w7","LOSC Lille","SOURCE_SHOWS_WE_DO_NOT","attach","attach: Present in LOSC Lille FotMob squad (shirt #7); attach detached player.","none","N/A","N/A",true
"FM_1070404","Maurits Kjærgaard","N/A","NONE","Unassigned","cmuihnzfj0017b23f7qeka8w7","LOSC Lille","SOURCE_SHOWS_WE_DO_NOT","create new player","create new player: Ingest new senior player from FotMob squad (shirt #14).","none","N/A","N/A",true
"cmuihw3eq0beusexpdvr79tc9","Başar Önal","864112","cmuihqali009vh29e33t7l1kw","NEC Nijmegen","cmuihnzfj0017b23f7qeka8w7","LOSC Lille","SOURCE_SHOWS_WE_DO_NOT","reassign","reassign: Present in LOSC Lille FotMob senior squad (shirt #19); previously at NEC Nijmegen.","none","2024-07-04","N/A",true
"cmuihw2qg0b6csexpm7bxhitd","Tiago Morais","815652","NONE","Unassigned","cmuihnzfj0017b23f7qeka8w7","LOSC Lille","SOURCE_SHOWS_WE_DO_NOT","attach","attach: Present in LOSC Lille FotMob squad (shirt #N/A); attach detached player.","none","N/A","N/A",false
"cmuihvvva02vlsexpicfypwhc","Olivier Giroud","82442","NONE","Unassigned","cmuihnzfj0017b23f7qeka8w7","LOSC Lille","SOURCE_SHOWS_WE_DO_NOT","attach","attach: Present in LOSC Lille FotMob squad (shirt #9); attach detached player.","none","N/A","N/A",true
"cmuihw1er09lasexpx1dw7gbm","Ayase Ueda","589128","cmuihq1t5004zh29exb9q00c1","Feyenoord Rotterdam","cmuihnzfj0017b23f7qeka8w7","LOSC Lille","SOURCE_SHOWS_WE_DO_NOT","reassign","reassign: Present in LOSC Lille FotMob senior squad (shirt #18); previously at Feyenoord Rotterdam.","none","2023-08-02","N/A",true
"cmuihvzbf075jsexpqabxgp87","Gaëtan Perrin","353404","NONE","Unassigned","cmuihnzfj0017b23f7qeka8w7","LOSC Lille","SOURCE_SHOWS_WE_DO_NOT","attach","attach: Present in LOSC Lille FotMob squad (shirt #28); attach detached player.","none","N/A","N/A",true
"cmuihw3et0bhtsexp8l2iar97","Hamza Igamane","885445","NONE","Unassigned","cmuihnzfj0017b23f7qeka8w7","LOSC Lille","SOURCE_SHOWS_WE_DO_NOT","attach","attach: Present in LOSC Lille FotMob squad (shirt #29); attach detached player.","none","N/A","N/A",true
"cmuihw4rf0cxlsexpr93zd63t","Soriba Diaoune","1184007","NONE","Unassigned","cmuihnzfj0017b23f7qeka8w7","LOSC Lille","SOURCE_SHOWS_WE_DO_NOT","attach","attach: Present in LOSC Lille FotMob squad (shirt #35); attach detached player.","none","N/A","N/A",true
"cmuihvvvo02zqsexpwhautq88","Ricardo Rodríguez","86784","cmuihpzzw003zh29esiigzvql","Real Betis Balompié","cmuihq9hw0099h29erttwt92h","Torino FC","WE_SHOW_SOURCE_DOES_NOT","reassign","reassign: Player is registered in Torino FC current FotMob squad (shirt #13).","none","2024-08-04","N/A",true
"cmuihvwri03m8sexpvdi6orcg","Cédric Bakambu","127048","cmuihpzzw003zh29esiigzvql","Real Betis Balompié","NONE","Unassigned","WE_SHOW_SOURCE_DOES_NOT","detach","detach: Absent from FotMob declared squad for Real Betis Balompié.","none","2024-01-31","N/A",true
"cmuihvxfi048qsexpwf1yx0if","Chimy Ávila","167721","cmuihpzzw003zh29esiigzvql","Real Betis Balompié","NONE","Unassigned","WE_SHOW_SOURCE_DOES_NOT","detach","detach: Absent from FotMob declared squad for Real Betis Balompié.","none","2024-01-31","N/A",true
"cmuihw43z0cfbsexp1eoqcfra","Pablo Busto","1054909","cmuihpzzw003zh29esiigzvql","Real Betis Balompié","NONE","Unassigned","WE_SHOW_SOURCE_DOES_NOT","detach","detach: Absent from FotMob declared squad for Real Betis Balompié.","none","2022-06-30","N/A",true
"cmuihw0jg08dhsexpw7dvz6vx","Cucho Hernández","459463","cmuihpzzw003zh29esiigzvql","Real Betis Balompié","NONE","Unassigned","WE_SHOW_SOURCE_DOES_NOT","detach","detach: Absent from FotMob declared squad for Real Betis Balompié.","none","2025-02-02","N/A",true
"cmuihw0jp08h5sexp3bxvky53","Sergi Altimira","466801","cmuihpzzw003zh29esiigzvql","Real Betis Balompié","cmuihq6jo007lh29e9jpaabxs","Sporting CP","WE_SHOW_SOURCE_DOES_NOT","reassign","reassign: Player is registered in Sporting CP current FotMob squad (shirt #5).","none","2023-08-10","N/A",true
"cmuihw43e0c00sexpg4qowctu","Félix Garreta","961945","cmuihpzzw003zh29esiigzvql","Real Betis Balompié","NONE","Unassigned","WE_SHOW_SOURCE_DOES_NOT","detach","detach: Absent from FotMob declared squad for Real Betis Balompié.","none","N/A","N/A",true
"cmuihw3ew0bjwsexp0mgv7erz","Dani Pérez","895331","cmuihpzzw003zh29esiigzvql","Real Betis Balompié","NONE","Unassigned","WE_SHOW_SOURCE_DOES_NOT","detach","detach: Absent from FotMob declared squad for Real Betis Balompié.","none","2022-07-05","N/A",true
"cmuihw43g0c1rsexplguo9pl6","Mawuli Mensah","972730","cmuihpzzw003zh29esiigzvql","Real Betis Balompié","NONE","Unassigned","WE_SHOW_SOURCE_DOES_NOT","detach","detach: Absent from FotMob declared squad for Real Betis Balompié.","none","N/A","N/A",true
"cmuihw43y0cejsexpp3qq1qcv","Darling Bladi","1052283","cmuihpzzw003zh29esiigzvql","Real Betis Balompié","cmuihq5gp006xh29ew3zgy2a2","SC Heerenveen","WE_SHOW_SOURCE_DOES_NOT","reassign","reassign: Player is registered in SC Heerenveen current FotMob squad (shirt #23).","none","N/A","N/A",true
"cmuihw4420ch6sexpiqz0z8dk","Germán García","1061277","cmuihpzzw003zh29esiigzvql","Real Betis Balompié","NONE","Unassigned","WE_SHOW_SOURCE_DOES_NOT","detach","detach: Absent from FotMob declared squad for Real Betis Balompié.","none","2023-10-31","N/A",true
"cmuihvzwp0801sexp2c9noeyp","Álvaro Valles","417913","NONE","Unassigned","cmuihpzzw003zh29esiigzvql","Real Betis Balompié","SOURCE_SHOWS_WE_DO_NOT","attach","attach: Present in Real Betis Balompié FotMob squad (shirt #1); attach detached player.","none","N/A","N/A",true
"cmuihvzb506ybsexp9b486t8e","Diego Conde","341713","cmuihnwfv0011b23f8wv3zc51","Villarreal CF","cmuihpzzw003zh29esiigzvql","Real Betis Balompié","SOURCE_SHOWS_WE_DO_NOT","reassign","reassign: Present in Real Betis Balompié FotMob senior squad (shirt #13); previously at Villarreal CF.","none","2024-07-01","N/A",true
"cmuihw4rm0d0tsexp2w2y00c9","Manu González","1225038","NONE","Unassigned","cmuihpzzw003zh29esiigzvql","Real Betis Balompié","SOURCE_SHOWS_WE_DO_NOT","attach","attach: Present in Real Betis Balompié FotMob squad (shirt #31); attach detached player.","none","N/A","N/A",true
"FM_1928170","Alvaro de Pablo","N/A","NONE","Unassigned","cmuihpzzw003zh29esiigzvql","Real Betis Balompié","SOURCE_SHOWS_WE_DO_NOT","create new player","create new player: Ingest new senior player from FotMob squad (shirt #40).","none","N/A","N/A",true
"cmuihw2py0atcsexp0cy8isv5","Natan","735568","NONE","Unassigned","cmuihpzzw003zh29esiigzvql","Real Betis Balompié","SOURCE_SHOWS_WE_DO_NOT","attach","attach: Present in Real Betis Balompié FotMob squad (shirt #4); attach detached player.","none","N/A","N/A",true
"cmuihvzb506xysexpt0vvhakn","Fran García","341264","cmuihq9wg009hh29ermlar2c7","Real Madrid","cmuihpzzw003zh29esiigzvql","Real Betis Balompié","SOURCE_SHOWS_WE_DO_NOT","reassign","reassign: Present in Real Betis Balompié FotMob senior squad (shirt #11); previously at Real Madrid.","none","2023-06-30","N/A",true
"cmuihw43j0c47sexp5zqp2r3r","Valentín Gómez","985383","NONE","Unassigned","cmuihpzzw003zh29esiigzvql","Real Betis Balompié","SOURCE_SHOWS_WE_DO_NOT","attach","attach: Present in Real Betis Balompié FotMob squad (shirt #16); attach detached player.","none","N/A","N/A",true
"cmuihvzvt07f4sexpf3ng92nz","Junior Firpo","374139","NONE","Unassigned","cmuihpzzw003zh29esiigzvql","Real Betis Balompié","SOURCE_SHOWS_WE_DO_NOT","attach","attach: Present in Real Betis Balompié FotMob squad (shirt #23); attach detached player.","none","N/A","N/A",true
"cmuihw4rv0d4fsexp33q4uvuj","Carlos de Roa","1307658","NONE","Unassigned","cmuihpzzw003zh29esiigzvql","Real Betis Balompié","SOURCE_SHOWS_WE_DO_NOT","attach","attach: Present in Real Betis Balompié FotMob squad (shirt #33); attach detached player.","none","N/A","N/A",true
"FM_1693392","Ismael Barea","N/A","NONE","Unassigned","cmuihpzzw003zh29esiigzvql","Real Betis Balompié","SOURCE_SHOWS_WE_DO_NOT","create new player","create new player: Ingest new academy player from FotMob squad (shirt #none).","none","N/A","N/A",false
"FM_1436133","Facundo Bernal","N/A","NONE","Unassigned","cmuihpzzw003zh29esiigzvql","Real Betis Balompié","SOURCE_SHOWS_WE_DO_NOT","create new player","create new player: Ingest new senior player from FotMob squad (shirt #6).","none","N/A","N/A",true
"cmuihw24c0a00sexpqns2qnhb","Iker Losada","632741","NONE","Unassigned","cmuihpzzw003zh29esiigzvql","Real Betis Balompié","SOURCE_SHOWS_WE_DO_NOT","attach","attach: Present in Real Betis Balompié FotMob squad (shirt #14); attach detached player.","none","N/A","N/A",true
"FM_895954","Álvaro Fidalgo","N/A","NONE","Unassigned","cmuihpzzw003zh29esiigzvql","Real Betis Balompié","SOURCE_SHOWS_WE_DO_NOT","create new player","create new player: Ingest new senior player from FotMob squad (shirt #15).","none","N/A","N/A",true
"cmuihw3ez0bm0sexpw7nq6g8p","Nelson Deossa","907559","NONE","Unassigned","cmuihpzzw003zh29esiigzvql","Real Betis Balompié","SOURCE_SHOWS_WE_DO_NOT","attach","attach: Present in Real Betis Balompié FotMob squad (shirt #18); attach detached player.","none","N/A","N/A",true
"cmuihvzam06l3sexp7okeqj6c","Dani Ceballos","319745","cmuihq9wg009hh29ermlar2c7","Real Madrid","cmuihpzzw003zh29esiigzvql","Real Betis Balompié","SOURCE_SHOWS_WE_DO_NOT","reassign","reassign: Present in Real Betis Balompié FotMob senior squad (shirt #25); previously at Real Madrid.","none","2021-06-29","N/A",true
"FM_1726794","Dylan Vanney","N/A","NONE","Unassigned","cmuihpzzw003zh29esiigzvql","Real Betis Balompié","SOURCE_SHOWS_WE_DO_NOT","create new player","create new player: Ingest new academy player from FotMob squad (shirt #none).","none","N/A","N/A",false
"FM_1580220","Yanis Senhadji","N/A","NONE","Unassigned","cmuihpzzw003zh29esiigzvql","Real Betis Balompié","SOURCE_SHOWS_WE_DO_NOT","create new player","create new player: Ingest new academy player from FotMob squad (shirt #none).","none","N/A","N/A",false
"cmuihw23z09p5sexpxhi3v365","Antony","602105","NONE","Unassigned","cmuihpzzw003zh29esiigzvql","Real Betis Balompié","SOURCE_SHOWS_WE_DO_NOT","attach","attach: Present in Real Betis Balompié FotMob squad (shirt #7); attach detached player.","none","N/A","N/A",true
"cmuihw43e0c05sexpjog434fl","Juan Hernández","962118","NONE","Unassigned","cmuihpzzw003zh29esiigzvql","Real Betis Balompié","SOURCE_SHOWS_WE_DO_NOT","attach","attach: Present in Real Betis Balompié FotMob squad (shirt #9); attach detached player.","none","N/A","N/A",true
"cmuihw0jk08essexp6ik416nd","Rodrigo Riquelme","461617","NONE","Unassigned","cmuihpzzw003zh29esiigzvql","Real Betis Balompié","SOURCE_SHOWS_WE_DO_NOT","attach","attach: Present in Real Betis Balompié FotMob squad (shirt #17); attach detached player.","none","N/A","N/A",true
"cmuihw1d6099fsexpx44h98po","Troy Parrott","552655","cmuiho33d001db23ffg0co70a","AZ Alkmaar","cmuihpzzw003zh29esiigzvql","Real Betis Balompié","SOURCE_SHOWS_WE_DO_NOT","reassign","reassign: Present in Real Betis Balompié FotMob senior squad (shirt #19); previously at AZ Alkmaar.","none","2024-07-12","N/A",true
"cmuihw4rw0d5hsexpleegzkqu","José Antonio Morante","1335870","NONE","Unassigned","cmuihpzzw003zh29esiigzvql","Real Betis Balompié","SOURCE_SHOWS_WE_DO_NOT","attach","attach: Present in Real Betis Balompié FotMob squad (shirt #27); attach detached player.","none","N/A","N/A",true
"cmuihvy6r05r1sexphax6k0bo","Nikola Maras","258475","cmuiho7e5001lb23fhy6pl2ep","Deportivo Alavés","NONE","Unassigned","WE_SHOW_SOURCE_DOES_NOT","detach","detach: Absent from FotMob declared squad for Deportivo Alavés.","none","2024-06-29","N/A",true
"cmuihw4440cicsexpqcssc9tk","Egoitz Muñoz","1064391","cmuiho7e5001lb23fhy6pl2ep","Deportivo Alavés","NONE","Unassigned","WE_SHOW_SOURCE_DOES_NOT","detach","detach: Absent from FotMob declared squad for Deportivo Alavés.","none","2023-06-30","N/A",true
"cmuihw4440cifsexpd49ple9c","Álvaro García","1064403","cmuiho7e5001lb23fhy6pl2ep","Deportivo Alavés","cmuihq7gc0083h29exnlti38f","Rayo Vallecano","WE_SHOW_SOURCE_DOES_NOT","reassign","reassign: Player is registered in Rayo Vallecano current FotMob squad (shirt #18).","none","2023-10-31","N/A",true
"cmuihw1cu0955sexpntby1jjr","Carlos Vicente","540536","cmuiho7e5001lb23fhy6pl2ep","Deportivo Alavés","NONE","Unassigned","WE_SHOW_SOURCE_DOES_NOT","detach","detach: Absent from FotMob declared squad for Deportivo Alavés.","none","2023-12-31","N/A",true
"cmuihw3fe0bxjsexpb4o4bzby","Rubén Montero","948253","cmuiho7e5001lb23fhy6pl2ep","Deportivo Alavés","NONE","Unassigned","WE_SHOW_SOURCE_DOES_NOT","detach","detach: Absent from FotMob declared squad for Deportivo Alavés.","none","2024-06-30","N/A",true
"cmuihw43v0cc0sexpm17mta8f","Diego Morcillo","1035156","cmuiho7e5001lb23fhy6pl2ep","Deportivo Alavés","NONE","Unassigned","WE_SHOW_SOURCE_DOES_NOT","detach","detach: Absent from FotMob declared squad for Deportivo Alavés.","none","N/A","N/A",true
"cmuihw24109rdsexpjssqxhr7","Adrián Rodríguez","608382","NONE","Unassigned","cmuiho7e5001lb23fhy6pl2ep","Deportivo Alavés","SOURCE_SHOWS_WE_DO_NOT","attach","attach: Present in Deportivo Alavés FotMob squad (shirt #13); attach detached player.","none","N/A","N/A",true
"cmuihw3ep0becsexp5v00gtbq","Nicolás Valentini","860992","NONE","Unassigned","cmuiho7e5001lb23fhy6pl2ep","Deportivo Alavés","SOURCE_SHOWS_WE_DO_NOT","attach","attach: Present in Deportivo Alavés FotMob squad (shirt #2); attach detached player.","none","N/A","N/A",true
"cmuihw2pz0auqsexpv391rnll","Youssef Enríquez","741289","NONE","Unassigned","cmuiho7e5001lb23fhy6pl2ep","Deportivo Alavés","SOURCE_SHOWS_WE_DO_NOT","attach","attach: Present in Deportivo Alavés FotMob squad (shirt #3); attach detached player.","none","N/A","N/A",true
"cmuihw24p0aaysexp9ac69u1k","Hugo Novoa","668276","NONE","Unassigned","cmuiho7e5001lb23fhy6pl2ep","Deportivo Alavés","SOURCE_SHOWS_WE_DO_NOT","attach","attach: Present in Deportivo Alavés FotMob squad (shirt #12); attach detached player.","none","N/A","N/A",true
"FM_1056461","Ville Koski","N/A","NONE","Unassigned","cmuiho7e5001lb23fhy6pl2ep","Deportivo Alavés","SOURCE_SHOWS_WE_DO_NOT","create new player","create new player: Ingest new senior player from FotMob squad (shirt #16).","none","N/A","N/A",true
"cmuihvxfo04d4sexp01auag4c","Jonny Otto","175446","NONE","Unassigned","cmuiho7e5001lb23fhy6pl2ep","Deportivo Alavés","SOURCE_SHOWS_WE_DO_NOT","attach","attach: Present in Deportivo Alavés FotMob squad (shirt #17); attach detached player.","none","N/A","N/A",true
"FM_1721181","Xanet Oláiz","N/A","NONE","Unassigned","cmuiho7e5001lb23fhy6pl2ep","Deportivo Alavés","SOURCE_SHOWS_WE_DO_NOT","create new player","create new player: Ingest new senior player from FotMob squad (shirt #27).","none","N/A","N/A",true
"cmuihw24h0a3vsexpymzjz4pw","Tomás Mendes","646734","NONE","Unassigned","cmuiho7e5001lb23fhy6pl2ep","Deportivo Alavés","SOURCE_SHOWS_WE_DO_NOT","attach","attach: Present in Deportivo Alavés FotMob squad (shirt #N/A); attach detached player.","none","N/A","N/A",false
"cmuihvwsb047isexpksfqggms","Denis Suárez","165007","NONE","Unassigned","cmuiho7e5001lb23fhy6pl2ep","Deportivo Alavés","SOURCE_SHOWS_WE_DO_NOT","attach","attach: Present in Deportivo Alavés FotMob squad (shirt #4); attach detached player.","none","N/A","N/A",true
"cmuihw4r00cr8sexp3z7rlb4y","Ángel Pérez","1124136","NONE","Unassigned","cmuiho7e5001lb23fhy6pl2ep","Deportivo Alavés","SOURCE_SHOWS_WE_DO_NOT","attach","attach: Present in Deportivo Alavés FotMob squad (shirt #7); attach detached player.","none","N/A","N/A",true
"cmuihvyqt063wsexp5m33gxhh","Carles Aleñá","284854","NONE","Unassigned","cmuiho7e5001lb23fhy6pl2ep","Deportivo Alavés","SOURCE_SHOWS_WE_DO_NOT","attach","attach: Present in Deportivo Alavés FotMob squad (shirt #10); attach detached player.","none","N/A","N/A",true
"cmuihw2pu0aqesexpvu1z89cg","Mikel Rodriguez","721660","NONE","Unassigned","cmuiho7e5001lb23fhy6pl2ep","Deportivo Alavés","SOURCE_SHOWS_WE_DO_NOT","attach","attach: Present in Deportivo Alavés FotMob squad (shirt #18); attach detached player.","none","N/A","N/A",true
"cmuihw2q90b06sexp5flhooww","Pablo Ibáñez","785353","NONE","Unassigned","cmuiho7e5001lb23fhy6pl2ep","Deportivo Alavés","SOURCE_SHOWS_WE_DO_NOT","attach","attach: Present in Deportivo Alavés FotMob squad (shirt #19); attach detached player.","none","N/A","N/A",true
"FM_1200941","Abderrahman Rebbach","N/A","NONE","Unassigned","cmuiho7e5001lb23fhy6pl2ep","Deportivo Alavés","SOURCE_SHOWS_WE_DO_NOT","create new player","create new player: Ingest new senior player from FotMob squad (shirt #21).","none","N/A","N/A",true
"cmuihw43z0cfdsexp5gf7bzx5","Selu Diallo","1054931","NONE","Unassigned","cmuiho7e5001lb23fhy6pl2ep","Deportivo Alavés","SOURCE_SHOWS_WE_DO_NOT","attach","attach: Present in Deportivo Alavés FotMob squad (shirt #24); attach detached player.","none","N/A","N/A",true
"cmuihvy5z055qsexpswujukal","Mariano Díaz","225020","NONE","Unassigned","cmuiho7e5001lb23fhy6pl2ep","Deportivo Alavés","SOURCE_SHOWS_WE_DO_NOT","attach","attach: Present in Deportivo Alavés FotMob squad (shirt #9); attach detached player.","none","N/A","N/A",true
"cmuihvzat06qzsexpa2qpgm1h","Lucas Boyé","334222","NONE","Unassigned","cmuiho7e5001lb23fhy6pl2ep","Deportivo Alavés","SOURCE_SHOWS_WE_DO_NOT","attach","attach: Present in Deportivo Alavés FotMob squad (shirt #15); attach detached player.","none","N/A","N/A",true
"cmuihw3f90btasexp1a7hyi8t","Aitor Mañas","935232","NONE","Unassigned","cmuiho7e5001lb23fhy6pl2ep","Deportivo Alavés","SOURCE_SHOWS_WE_DO_NOT","attach","attach: Present in Deportivo Alavés FotMob squad (shirt #20); attach detached player.","none","N/A","N/A",true
"cmuihw24d0a0tsexpedktyv7c","Miguel Rodríguez","634427","cmuihq181004nh29e2ib1sw4p","FC Utrecht","cmuiho7e5001lb23fhy6pl2ep","Deportivo Alavés","SOURCE_SHOWS_WE_DO_NOT","reassign","reassign: Present in Deportivo Alavés FotMob senior squad (shirt #22); previously at FC Utrecht.","none","2025-06-30","N/A",true
"cmuihw4ss0d77sexpsj3gorza","Izei Hernández","1427912","NONE","Unassigned","cmuiho7e5001lb23fhy6pl2ep","Deportivo Alavés","SOURCE_SHOWS_WE_DO_NOT","attach","attach: Present in Deportivo Alavés FotMob squad (shirt #29); attach detached player.","none","N/A","N/A",true
"cmuihw1cw0969sexp53ydbyps","Illan Meslier","542586","NONE","Unassigned","cmuiho5do001hb23froc57owj","Arsenal FC","SOURCE_SHOWS_WE_DO_NOT","attach","attach: Present in Arsenal FC FotMob squad (shirt #30); attach detached player.","none","N/A","N/A",true
"cmuihvzwn07yssexp5gygtk5p","Ezri Konsa","413403","cmuihq8vi008xh29edz4vg4xw","Aston Villa","cmuiho5do001hb23froc57owj","Arsenal FC","SOURCE_SHOWS_WE_DO_NOT","reassign","reassign: Present in Arsenal FC FotMob senior squad (shirt #15); previously at Aston Villa.","none","2019-07-10","N/A",true
"cmuihw1bi08xesexpk2swk1j9","Bruno Guimarães","520624","cmuihqepp00c5h29e6dizfj3r","Newcastle United","cmuiho5do001hb23froc57owj","Arsenal FC","SOURCE_SHOWS_WE_DO_NOT","reassign","reassign: Present in Arsenal FC FotMob senior squad (shirt #39); previously at Newcastle United.","none","2022-01-29","N/A",true
"FM_1157237","Christos Tzolis","N/A","NONE","Unassigned","cmuiho5do001hb23froc57owj","Arsenal FC","SOURCE_SHOWS_WE_DO_NOT","create new player","create new player: Ingest new senior player from FotMob squad (shirt #17).","none","N/A","N/A",true
"cmuihvzb506ybsexp9b486t8e","Diego Conde","341713","cmuihnwfv0011b23f8wv3zc51","Villarreal CF","cmuihpzzw003zh29esiigzvql","Real Betis Balompié","WE_SHOW_SOURCE_DOES_NOT","reassign","reassign: Player is registered in Real Betis Balompié current FotMob squad (shirt #13).","none","2024-07-01","N/A",true
"cmuihw2q80azpsexpofaa22sm","Willy Kambwala","780630","cmuihnwfv0011b23f8wv3zc51","Villarreal CF","cmuihntg0000vb23fquzb7c6q","Como 1907","WE_SHOW_SOURCE_DOES_NOT","reassign","reassign: Player is registered in Como 1907 current FotMob squad (shirt #53).","none","2024-07-14","N/A",true
"cmuihw2q80azysexpvr3hndsf","Ramón Terrats","783396","cmuihnwfv0011b23f8wv3zc51","Villarreal CF","cmuihq7jc0087h29e9nzoxp6q","Getafe CF","WE_SHOW_SOURCE_DOES_NOT","reassign","reassign: Player is registered in Getafe CF current FotMob squad (shirt #11).","none","2026-06-29","N/A",true
"cmuihw0jp08h2sexpvu3vlw5z","Arnau Tenas","466783","cmuihnwfv0011b23f8wv3zc51","Villarreal CF","NONE","Unassigned","WE_SHOW_SOURCE_DOES_NOT","detach","detach: Absent from FotMob declared squad for Villarreal CF.","none","2025-08-27","N/A",true
"cmuihw0jp08h9sexplfnru5ff","Adrià Altimira","466807","cmuihnwfv0011b23f8wv3zc51","Villarreal CF","cmuihqg6y00cvh29elaxzcvzv","Deportivo de La Coruña","WE_SHOW_SOURCE_DOES_NOT","reassign","reassign: Player is registered in Deportivo de La Coruña current FotMob squad (shirt #2).","none","2024-06-30","N/A",true
"cmuihw2pq0amosexp9npscapv","Rubén Gómez","709336","cmuihnwfv0011b23f8wv3zc51","Villarreal CF","NONE","Unassigned","WE_SHOW_SOURCE_DOES_NOT","detach","detach: Absent from FotMob declared squad for Villarreal CF.","none","N/A","N/A",true
"cmuihw2pr0amrsexpqbvl1nm0","Álex Forés","709380","cmuihnwfv0011b23f8wv3zc51","Villarreal CF","NONE","Unassigned","WE_SHOW_SOURCE_DOES_NOT","detach","detach: Absent from FotMob declared squad for Villarreal CF.","none","2026-06-29","N/A",true
"cmuihw4r00cresexpk3qvw00h","Thiago Fernández","1127730","cmuihnwfv0011b23f8wv3zc51","Villarreal CF","cmuihq6me007nh29ezmai1c1u","Levante UD","WE_SHOW_SOURCE_DOES_NOT","reassign","reassign: Player is registered in Levante UD current FotMob squad (shirt #24).","none","2026-06-29","N/A",true
"cmuihw4rv0d46sexp8ywy240j","Jean Ives Valou","1305564","cmuihnwfv0011b23f8wv3zc51","Villarreal CF","cmuihq7jc0087h29e9nzoxp6q","Getafe CF","WE_SHOW_SOURCE_DOES_NOT","reassign","reassign: Player is registered in Getafe CF current FotMob squad (shirt #26).","none","2024-06-30","N/A",true
"cmuihvuxr028ysexpnlk3f45l","Péter Gulácsi","57071","cmuihq1z60055h29emzy2ewj7","RB Leipzig","cmuihnwfv0011b23f8wv3zc51","Villarreal CF","SOURCE_SHOWS_WE_DO_NOT","reassign","reassign: Present in Villarreal CF FotMob senior squad (shirt #25); previously at RB Leipzig.","none","2015-06-30","N/A",true
"cmuihw4st0d7hsexpanrrvwze","Carlos Macià","1453066","NONE","Unassigned","cmuihnwfv0011b23f8wv3zc51","Villarreal CF","SOURCE_SHOWS_WE_DO_NOT","attach","attach: Present in Villarreal CF FotMob squad (shirt #16); attach detached player.","none","N/A","N/A",true
"FM_1216798","Nathan Saliba","N/A","NONE","Unassigned","cmuihnwfv0011b23f8wv3zc51","Villarreal CF","SOURCE_SHOWS_WE_DO_NOT","create new player","create new player: Ingest new senior player from FotMob squad (shirt #24).","none","N/A","N/A",true
"cmuihw4r10cs1sexpl3gi21dk","Mahamoud Barry","1132630","NONE","Unassigned","cmuihnwfv0011b23f8wv3zc51","Villarreal CF","SOURCE_SHOWS_WE_DO_NOT","attach","attach: Present in Villarreal CF FotMob squad (shirt #28); attach detached player.","none","N/A","N/A",true
"FM_2141015","Cheikh Tidiane Thiam","N/A","NONE","Unassigned","cmuihnwfv0011b23f8wv3zc51","Villarreal CF","SOURCE_SHOWS_WE_DO_NOT","create new player","create new player: Ingest new senior player from FotMob squad (shirt #30).","none","N/A","N/A",true
"cmuihvyqh05vgsexpbmo6z4b5","Renzo Saravia","268642","cmuihnufg000xb23fs4poj6rc","Valencia CF","NONE","Unassigned","WE_SHOW_SOURCE_DOES_NOT","detach","detach: Absent from FotMob declared squad for Valencia CF.","none","2026-02-22","N/A",true
"cmuihvyqt0647sexp5gosm8gh","Baptiste Santamaria","285323","cmuihnufg000xb23fs4poj6rc","Valencia CF","NONE","Unassigned","WE_SHOW_SOURCE_DOES_NOT","detach","detach: Absent from FotMob declared squad for Valencia CF.","none","2025-08-06","N/A",true
"cmuihvyr606desexpbq99iq0m","Eray Cömert","298583","cmuihnufg000xb23fs4poj6rc","Valencia CF","cmuihq9hw0099h29erttwt92h","Torino FC","WE_SHOW_SOURCE_DOES_NOT","reassign","reassign: Player is registered in Torino FC current FotMob squad (shirt #5).","none","2025-06-29","N/A",true
"cmuihvzvo07casexpq3mry9bf","Thierry Correia","367466","cmuihnufg000xb23fs4poj6rc","Valencia CF","cmuihqc8e00arh29e87zakfd6","Venezia FC","WE_SHOW_SOURCE_DOES_NOT","reassign","reassign: Player is registered in Venezia FC current FotMob squad (shirt #14).","none","2019-09-01","N/A",true
"cmuihw2pz0aumsexp90r7p7p1","Vicent Abril","741251","cmuihnufg000xb23fs4poj6rc","Valencia CF","NONE","Unassigned","WE_SHOW_SOURCE_DOES_NOT","detach","detach: Absent from FotMob declared squad for Valencia CF.","none","2024-06-30","N/A",true
"cmuihvzvu07fisexp85jrp5to","André Almeida","375382","cmuihnufg000xb23fs4poj6rc","Valencia CF","cmundu78o0003zjoefys30gje","Racing Santander","WE_SHOW_SOURCE_DOES_NOT","reassign","reassign: Player is registered in Racing Santander current FotMob squad (shirt #8).","none","2022-08-24","N/A",true
"cmuihw24409ttsexplogqy4of","Cenk Özkacar","615350","cmuihnufg000xb23fs4poj6rc","Valencia CF","NONE","Unassigned","WE_SHOW_SOURCE_DOES_NOT","detach","detach: Absent from FotMob declared squad for Valencia CF.","none","2026-06-29","N/A",true
"cmuihw24h0a41sexpljvhg7av","Javi Navarro","646743","cmuihnufg000xb23fs4poj6rc","Valencia CF","NONE","Unassigned","WE_SHOW_SOURCE_DOES_NOT","detach","detach: Absent from FotMob declared squad for Valencia CF.","none","2023-06-30","N/A",true
"cmuihw24p0aavsexpeqae17zx","Rubén Iranzo","668212","cmuihnufg000xb23fs4poj6rc","Valencia CF","NONE","Unassigned","WE_SHOW_SOURCE_DOES_NOT","detach","detach: Absent from FotMob declared squad for Valencia CF.","none","2021-06-30","N/A",true
"cmuihw4410cgzsexptx16o5q8","Marc Jurado","1060658","cmuihnufg000xb23fs4poj6rc","Valencia CF","NONE","Unassigned","WE_SHOW_SOURCE_DOES_NOT","detach","detach: Absent from FotMob declared squad for Valencia CF.","none","N/A","N/A",true
"cmuihw3fc0bvysexp7wl13sii","Mario Domínguez","941867","cmuihnufg000xb23fs4poj6rc","Valencia CF","cmuihqf1z00c9h29ewetm83qg","Excelsior Rotterdam","WE_SHOW_SOURCE_DOES_NOT","reassign","reassign: Player is registered in Excelsior Rotterdam current FotMob squad (shirt #9).","none","2023-06-30","N/A",true
"cmuihw4430chwsexpxj3n7bgh","Marcos Navarro","1063331","cmuihnufg000xb23fs4poj6rc","Valencia CF","NONE","Unassigned","WE_SHOW_SOURCE_DOES_NOT","detach","detach: Absent from FotMob declared squad for Valencia CF.","none","N/A","N/A",true
"cmuihw2q90b0rsexp1u4h4v32","Kayne van Oevelen","790669","cmuihqe7t00bvh29em81ogfx5","FC Volendam","cmuihnufg000xb23fs4poj6rc","Valencia CF","SOURCE_SHOWS_WE_DO_NOT","reassign","reassign: Present in Valencia CF FotMob senior squad (shirt #25); previously at FC Volendam.","none","2022-06-30","N/A",true
"cmuihw3eh0b8vsexpv4byma8i","Arnau Martínez","826224","cmuiholli0029b23fvytgha8z","Girona FC","cmuihnufg000xb23fs4poj6rc","Valencia CF","SOURCE_SHOWS_WE_DO_NOT","reassign","reassign: Present in Valencia CF FotMob senior squad (shirt #22); previously at Girona FC.","none","2021-03-31","N/A",true
"cmuihvy6k05mrsexprr7q1nma","Pablo Maffeo","251876","cmuihq1xp0053h29euecr73cd","RCD Mallorca","cmuihnufg000xb23fs4poj6rc","Valencia CF","SOURCE_SHOWS_WE_DO_NOT","reassign","reassign: Present in Valencia CF FotMob senior squad (shirt #24); previously at RCD Mallorca.","none","2022-06-30","N/A",true
"FM_1693341","Amos Wanjala","N/A","NONE","Unassigned","cmuihnufg000xb23fs4poj6rc","Valencia CF","SOURCE_SHOWS_WE_DO_NOT","create new player","create new player: Ingest new senior player from FotMob squad (shirt #32).","none","N/A","N/A",true
"cmuihw3ei0b9vsexpjpg28rru","Iker Córdoba","834463","NONE","Unassigned","cmuihnufg000xb23fs4poj6rc","Valencia CF","SOURCE_SHOWS_WE_DO_NOT","attach","attach: Present in Valencia CF FotMob squad (shirt #36); attach detached player.","none","N/A","N/A",true
"cmuihw1dd09ddsexp91i1kapk","Harvey Elliott","565822","cmuihq5k0006zh29erp4cykkk","Liverpool FC","cmuihnufg000xb23fs4poj6rc","Valencia CF","SOURCE_SHOWS_WE_DO_NOT","reassign","reassign: Present in Valencia CF FotMob senior squad (shirt #10); previously at Liverpool FC.","none","2026-06-29","N/A",true
"FM_723148","Aliou Dieng","N/A","NONE","Unassigned","cmuihnufg000xb23fs4poj6rc","Valencia CF","SOURCE_SHOWS_WE_DO_NOT","create new player","create new player: Ingest new senior player from FotMob squad (shirt #15).","none","N/A","N/A",true
"FM_800615","Filip Ugrinic","N/A","NONE","Unassigned","cmuihnufg000xb23fs4poj6rc","Valencia CF","SOURCE_SHOWS_WE_DO_NOT","create new player","create new player: Ingest new senior player from FotMob squad (shirt #23).","none","N/A","N/A",true
"cmuihw4st0d7ysexpnrgqocik","Aaron Mayol","1515724","NONE","Unassigned","cmuihnufg000xb23fs4poj6rc","Valencia CF","SOURCE_SHOWS_WE_DO_NOT","attach","attach: Present in Valencia CF FotMob squad (shirt #33); attach detached player.","none","N/A","N/A",true
"FM_1611149","Ryunosuke Sato","N/A","NONE","Unassigned","cmuihnufg000xb23fs4poj6rc","Valencia CF","SOURCE_SHOWS_WE_DO_NOT","create new player","create new player: Ingest new senior player from FotMob squad (shirt #39).","none","N/A","N/A",true
"FM_1793871","Aimar","N/A","NONE","Unassigned","cmuihnufg000xb23fs4poj6rc","Valencia CF","SOURCE_SHOWS_WE_DO_NOT","create new player","create new player: Ingest new academy player from FotMob squad (shirt #none).","none","N/A","N/A",false
"cmuihvy6k05mosexp2bnvlutp","Sergi Canós","251845","NONE","Unassigned","cmuihnufg000xb23fs4poj6rc","Valencia CF","SOURCE_SHOWS_WE_DO_NOT","attach","attach: Present in Valencia CF FotMob squad (shirt #N/A); attach detached player.","none","N/A","N/A",false
"FM_2209768","Lorenzo Luigi Ginelli","N/A","NONE","Unassigned","cmuihntg0000vb23fquzb7c6q","Como 1907","SOURCE_SHOWS_WE_DO_NOT","create new player","create new player: Ingest new senior player from FotMob squad (shirt #12).","none","N/A","N/A",true
"cmuihvzwg07u1sexpu0e6p4p6","Robert Sánchez","403151","cmuihqcpo00b1h29edf8q9ksb","Chelsea FC","cmuihntg0000vb23fquzb7c6q","Como 1907","SOURCE_SHOWS_WE_DO_NOT","reassign","reassign: Present in Como 1907 FotMob senior squad (shirt #97); previously at Chelsea FC.","none","2023-08-04","N/A",true
"cmuihw2pr0an0sexp1f2tl1n4","Álex Valle","709957","NONE","Unassigned","cmuihntg0000vb23fquzb7c6q","Como 1907","SOURCE_SHOWS_WE_DO_NOT","attach","attach: Present in Como 1907 FotMob squad (shirt #3); attach detached player.","none","N/A","N/A",true
"cmuihw3fe0bxqsexpwd6ajfic","Jacobo Ramón","948278","NONE","Unassigned","cmuihntg0000vb23fquzb7c6q","Como 1907","SOURCE_SHOWS_WE_DO_NOT","attach","attach: Present in Como 1907 FotMob squad (shirt #4); attach detached player.","none","N/A","N/A",true
"cmuihvzvy07j0sexp2clawa6g","Alberto Dossena","385394","NONE","Unassigned","cmuihntg0000vb23fquzb7c6q","Como 1907","SOURCE_SHOWS_WE_DO_NOT","attach","attach: Present in Como 1907 FotMob squad (shirt #13); attach detached player.","none","N/A","N/A",true
"FM_1459564","Kaiki","N/A","NONE","Unassigned","cmuihntg0000vb23fquzb7c6q","Como 1907","SOURCE_SHOWS_WE_DO_NOT","create new player","create new player: Ingest new senior player from FotMob squad (shirt #16).","none","N/A","N/A",true
"FM_2141204","Adam Asfour","N/A","NONE","Unassigned","cmuihntg0000vb23fquzb7c6q","Como 1907","SOURCE_SHOWS_WE_DO_NOT","create new player","create new player: Ingest new senior player from FotMob squad (shirt #31).","none","N/A","N/A",true
"cmuihw2q80azpsexpofaa22sm","Willy Kambwala","780630","cmuihnwfv0011b23f8wv3zc51","Villarreal CF","cmuihntg0000vb23fquzb7c6q","Como 1907","SOURCE_SHOWS_WE_DO_NOT","reassign","reassign: Present in Como 1907 FotMob senior squad (shirt #53); previously at Villarreal CF.","none","2024-07-14","N/A",true
"cmuihvzb80719sexp519zislh","Trevoh Chalobah","346314","cmuihqcpo00b1h29edf8q9ksb","Chelsea FC","cmuihntg0000vb23fquzb7c6q","Como 1907","SOURCE_SHOWS_WE_DO_NOT","reassign","reassign: Present in Como 1907 FotMob senior squad (shirt #99); previously at Chelsea FC.","none","2025-01-14","N/A",true
"cmuihw24p0ab3sexp69ifrujp","Máximo Perrone","668547","NONE","Unassigned","cmuihntg0000vb23fquzb7c6q","Como 1907","SOURCE_SHOWS_WE_DO_NOT","attach","attach: Present in Como 1907 FotMob squad (shirt #5); attach detached player.","none","N/A","N/A",true
"cmuihvyqr061isexp6ugjqym3","Luis Milla","281989","cmuihq7jc0087h29e9nzoxp6q","Getafe CF","cmuihntg0000vb23fquzb7c6q","Como 1907","SOURCE_SHOWS_WE_DO_NOT","reassign","reassign: Present in Como 1907 FotMob senior squad (shirt #6); previously at Getafe CF.","none","2022-07-24","N/A",true
"cmuihw0jq08hssexpbyxj3x6q","Samuele Ricci","467992","cmuihqb6900a7h29eb12tdj1t","AC Milan","cmuihntg0000vb23fquzb7c6q","Como 1907","SOURCE_SHOWS_WE_DO_NOT","reassign","reassign: Present in Como 1907 FotMob senior squad (shirt #21); previously at AC Milan.","none","2025-07-02","N/A",true
"cmuihw24909xvsexprfxjb1e3","Yan Couto","627228","cmuihq09e0045h29ednnt1hkq","Borussia Dortmund","cmuihntg0000vb23fquzb7c6q","Como 1907","SOURCE_SHOWS_WE_DO_NOT","reassign","reassign: Present in Como 1907 FotMob senior squad (shirt #27); previously at Borussia Dortmund.","none","2025-06-30","N/A",true
"cmuihw43l0c56sexp2riocxx7","Mattia Liberali","988964","NONE","Unassigned","cmuihntg0000vb23fquzb7c6q","Como 1907","SOURCE_SHOWS_WE_DO_NOT","attach","attach: Present in Como 1907 FotMob squad (shirt #30); attach detached player.","none","N/A","N/A",true
"cmuihw4rn0d19sexpq76swssd","Adrian Lahdo","1231993","NONE","Unassigned","cmuihntg0000vb23fquzb7c6q","Como 1907","SOURCE_SHOWS_WE_DO_NOT","attach","attach: Present in Como 1907 FotMob squad (shirt #15); attach detached player.","none","N/A","N/A",true
"cmuihw4rh0cynsexp90p0idkh","Jesús Rodríguez","1190411","NONE","Unassigned","cmuihntg0000vb23fquzb7c6q","Como 1907","SOURCE_SHOWS_WE_DO_NOT","attach","attach: Present in Como 1907 FotMob squad (shirt #17); attach detached player.","none","N/A","N/A",true
"cmuihw1dq09imsexp9caq58ae","Martin Baturina","580451","NONE","Unassigned","cmuihntg0000vb23fquzb7c6q","Como 1907","SOURCE_SHOWS_WE_DO_NOT","attach","attach: Present in Como 1907 FotMob squad (shirt #20); attach detached player.","none","N/A","N/A",true
"cmuihw2q30axksexpr02drvoi","Jayden Addai","747720","NONE","Unassigned","cmuihntg0000vb23fquzb7c6q","Como 1907","SOURCE_SHOWS_WE_DO_NOT","attach","attach: Present in Como 1907 FotMob squad (shirt #42); attach detached player.","none","N/A","N/A",true
"cmuihvzbm07b6sexp7mrrwntm","Moise Kean","364135","cmuihqa6q009nh29eeao6masx","ACF Fiorentina","cmuihntg0000vb23fquzb7c6q","Como 1907","SOURCE_SHOWS_WE_DO_NOT","reassign","reassign: Present in Como 1907 FotMob senior squad (shirt #90); previously at ACF Fiorentina.","none","2024-07-08","N/A",true
"cmuihvzaw06sksexpy06jb4ox","Christian Früchtl","336307","cmuihnki5000fb23fj5zntsyp","US Lecce","NONE","Unassigned","WE_SHOW_SOURCE_DOES_NOT","detach","detach: Absent from FotMob declared squad for US Lecce.","none","2024-06-30","N/A",true
"cmuihw24g0a2wsexpkdoq32d8","Balthazar Pierret","642002","cmuihnki5000fb23fj5zntsyp","US Lecce","NONE","Unassigned","WE_SHOW_SOURCE_DOES_NOT","detach","detach: Absent from FotMob declared squad for US Lecce.","none","N/A","N/A",true
"cmuihw2ps0aoesexpzoeiekac","Jasper Samooja","712911","cmuihnki5000fb23fj5zntsyp","US Lecce","NONE","Unassigned","WE_SHOW_SOURCE_DOES_NOT","detach","detach: Absent from FotMob declared squad for US Lecce.","none","2022-06-30","N/A",true
"cmuihw3ej0bajsexp9hqjw2b3","Gaspar","836441","cmuihnki5000fb23fj5zntsyp","US Lecce","NONE","Unassigned","WE_SHOW_SOURCE_DOES_NOT","detach","detach: Absent from FotMob declared squad for US Lecce.","none","2024-06-30","N/A",true
"cmuihw4400cg9sexp02v5fbbr","Christ-Owen Kouassi","1057563","cmuihnki5000fb23fj5zntsyp","US Lecce","NONE","Unassigned","WE_SHOW_SOURCE_DOES_NOT","detach","detach: Absent from FotMob declared squad for US Lecce.","none","N/A","N/A",true
"cmuihvzwq080bsexpz0jyrvxv","Hamza Rafia","418571","cmuihnki5000fb23fj5zntsyp","US Lecce","NONE","Unassigned","WE_SHOW_SOURCE_DOES_NOT","detach","detach: Absent from FotMob declared squad for US Lecce.","none","2023-07-17","N/A",true
"cmuihw0j4087ysexppc5ze6ec","Ylber Ramadani","442703","cmuihnki5000fb23fj5zntsyp","US Lecce","NONE","Unassigned","WE_SHOW_SOURCE_DOES_NOT","detach","detach: Absent from FotMob declared squad for US Lecce.","none","2023-08-03","N/A",true
"cmuihw1cx0973sexpkv4xlfsh","Lameck Banda","545538","cmuihnki5000fb23fj5zntsyp","US Lecce","NONE","Unassigned","WE_SHOW_SOURCE_DOES_NOT","detach","detach: Absent from FotMob declared squad for US Lecce.","none","2022-08-03","N/A",true
"cmuihw1d709aasexpzntgrjed","Filip Marchwinski","555106","cmuihnki5000fb23fj5zntsyp","US Lecce","NONE","Unassigned","WE_SHOW_SOURCE_DOES_NOT","detach","detach: Absent from FotMob declared squad for US Lecce.","none","2024-07-25","N/A",true
"cmuihvy5v051zsexp00ofisg7","Marco Bleve","215167","NONE","Unassigned","cmuihnki5000fb23fj5zntsyp","US Lecce","SOURCE_SHOWS_WE_DO_NOT","attach","attach: Present in US Lecce FotMob squad (shirt #1); attach detached player.","none","N/A","N/A",true
"cmuihw24o0aafsexp1h01rbak","Alexandru Borbei","667640","NONE","Unassigned","cmuihnki5000fb23fj5zntsyp","US Lecce","SOURCE_SHOWS_WE_DO_NOT","attach","attach: Present in US Lecce FotMob squad (shirt #32); attach detached player.","none","N/A","N/A",true
"cmuihw44a0cmisexpb7zsqpcm","Plamen Penev","1084756","NONE","Unassigned","cmuihnki5000fb23fj5zntsyp","US Lecce","SOURCE_SHOWS_WE_DO_NOT","attach","attach: Present in US Lecce FotMob squad (shirt #33); attach detached player.","none","N/A","N/A",true
"FM_1452771","Sebastian Esposito","N/A","NONE","Unassigned","cmuihnki5000fb23fj5zntsyp","US Lecce","SOURCE_SHOWS_WE_DO_NOT","create new player","create new player: Ingest new academy player from FotMob squad (shirt #none).","none","N/A","N/A",false
"cmuihw43t0ca5sexpquzuezk0","Vernon Addo","1017950","NONE","Unassigned","cmuihnki5000fb23fj5zntsyp","US Lecce","SOURCE_SHOWS_WE_DO_NOT","attach","attach: Present in US Lecce FotMob squad (shirt #N/A); attach detached player.","none","N/A","N/A",false
"cmuihw43q0c7rsexpo7joprg5","Ali Dembélé","1004344","cmuihq9hw0099h29erttwt92h","Torino FC","cmuihnki5000fb23fj5zntsyp","US Lecce","SOURCE_SHOWS_WE_DO_NOT","reassign","reassign: Present in US Lecce FotMob senior squad (shirt #2); previously at Torino FC.","none","2024-06-29","N/A",true
"cmuihw0it085qsexpo3tii9ja","Corrie Ndaba","433329","cmuihqdak00bdh29e51a0c9yd","Ipswich Town","cmuihnki5000fb23fj5zntsyp","US Lecce","SOURCE_SHOWS_WE_DO_NOT","reassign","reassign: Present in US Lecce FotMob senior squad (shirt #3); previously at Ipswich Town.","none","2025-07-27","N/A",true
"FM_1206806","Kialonda Gaspar","N/A","NONE","Unassigned","cmuihnki5000fb23fj5zntsyp","US Lecce","SOURCE_SHOWS_WE_DO_NOT","create new player","create new player: Ingest new senior player from FotMob squad (shirt #4).","none","N/A","N/A",true
"cmuihw23z09plsexppgsaux7k","Jamil Siebert","604113","NONE","Unassigned","cmuihnki5000fb23fj5zntsyp","US Lecce","SOURCE_SHOWS_WE_DO_NOT","attach","attach: Present in US Lecce FotMob squad (shirt #5); attach detached player.","none","N/A","N/A",true
"cmuihw44c0coysexpvrrl08xi","Elijah Scott","1105124","NONE","Unassigned","cmuihnki5000fb23fj5zntsyp","US Lecce","SOURCE_SHOWS_WE_DO_NOT","attach","attach: Present in US Lecce FotMob squad (shirt #31); attach detached player.","none","N/A","N/A",true
"FM_1898344","Marlon Ubani","N/A","NONE","Unassigned","cmuihnki5000fb23fj5zntsyp","US Lecce","SOURCE_SHOWS_WE_DO_NOT","create new player","create new player: Ingest new senior player from FotMob squad (shirt #36).","none","N/A","N/A",true
"cmuihw24g0a38sexpbb9dfpow","Sadik Fofana","644613","NONE","Unassigned","cmuihnki5000fb23fj5zntsyp","US Lecce","SOURCE_SHOWS_WE_DO_NOT","attach","attach: Present in US Lecce FotMob squad (shirt #8); attach detached player.","none","N/A","N/A",true
"cmuihvzao06n0sexpoo04wyqg","Youssef Maleh","324377","NONE","Unassigned","cmuihnki5000fb23fj5zntsyp","US Lecce","SOURCE_SHOWS_WE_DO_NOT","attach","attach: Present in US Lecce FotMob squad (shirt #14); attach detached player.","none","N/A","N/A",true
"cmuihw2q80azosexpsf5h23ya","Omri Gandelman","780548","NONE","Unassigned","cmuihnki5000fb23fj5zntsyp","US Lecce","SOURCE_SHOWS_WE_DO_NOT","attach","attach: Present in US Lecce FotMob squad (shirt #16); attach detached player.","none","N/A","N/A",true
"cmuihw0js08issexp6979lh5p","Ivan Ilić","470794","cmuihq9hw0099h29erttwt92h","Torino FC","cmuihnki5000fb23fj5zntsyp","US Lecce","SOURCE_SHOWS_WE_DO_NOT","reassign","reassign: Present in US Lecce FotMob senior squad (shirt #20); previously at Torino FC.","none","2023-06-30","N/A",true
"cmuihw3ez0bmisexp8chgvoju","Mohamed Kaba","911328","NONE","Unassigned","cmuihnki5000fb23fj5zntsyp","US Lecce","SOURCE_SHOWS_WE_DO_NOT","attach","attach: Present in US Lecce FotMob squad (shirt #77); attach detached player.","none","N/A","N/A",true
"cmuihw43i0c2zsexpvh7a33o9","Oumar Ngom","980575","NONE","Unassigned","cmuihnki5000fb23fj5zntsyp","US Lecce","SOURCE_SHOWS_WE_DO_NOT","attach","attach: Present in US Lecce FotMob squad (shirt #79); attach detached player.","none","N/A","N/A",true
"FM_1311977","Amar Fatah","N/A","NONE","Unassigned","cmuihnki5000fb23fj5zntsyp","US Lecce","SOURCE_SHOWS_WE_DO_NOT","create new player","create new player: Ingest new senior player from FotMob squad (shirt #7).","none","N/A","N/A",true
"cmuihw23v09n7sexpxvcs1pju","Nikola Stulic","595650","NONE","Unassigned","cmuihnki5000fb23fj5zntsyp","US Lecce","SOURCE_SHOWS_WE_DO_NOT","attach","attach: Present in US Lecce FotMob squad (shirt #9); attach detached player.","none","N/A","N/A",true
"FM_1417101","Paco Esteban","N/A","NONE","Unassigned","cmuihnki5000fb23fj5zntsyp","US Lecce","SOURCE_SHOWS_WE_DO_NOT","create new player","create new player: Ingest new senior player from FotMob squad (shirt #22).","none","N/A","N/A",true
"FM_1666063","Hjalte Laerke","N/A","NONE","Unassigned","cmuihnki5000fb23fj5zntsyp","US Lecce","SOURCE_SHOWS_WE_DO_NOT","create new player","create new player: Ingest new senior player from FotMob squad (shirt #34).","none","N/A","N/A",true
"cmuihw0jn08g0sexpz3wjti57","Willem Geubbels","463620","cmuihnihk000bb23fi54xeh0d","Paris FC","cmuihnki5000fb23fj5zntsyp","US Lecce","SOURCE_SHOWS_WE_DO_NOT","reassign","reassign: Present in US Lecce FotMob senior squad (shirt #69); previously at Paris FC.","none","2025-08-16","N/A",true
"FM_1187691","Joël Monteiro","N/A","NONE","Unassigned","cmuihnki5000fb23fj5zntsyp","US Lecce","SOURCE_SHOWS_WE_DO_NOT","create new player","create new player: Ingest new senior player from FotMob squad (shirt #99).","none","N/A","N/A",true
"FM_210682","Zacharie Boucher","N/A","NONE","Unassigned","cmuiho49g001fb23fa7sw5ed8","ESTAC Troyes","SOURCE_SHOWS_WE_DO_NOT","create new player","create new player: Ingest new senior player from FotMob squad (shirt #1).","none","N/A","N/A",true
"FM_1335765","Patrick Beach","N/A","NONE","Unassigned","cmuiho49g001fb23fa7sw5ed8","ESTAC Troyes","SOURCE_SHOWS_WE_DO_NOT","create new player","create new player: Ingest new senior player from FotMob squad (shirt #33).","none","N/A","N/A",true
"FM_560896","Hillel Konaté","N/A","NONE","Unassigned","cmuiho49g001fb23fa7sw5ed8","ESTAC Troyes","SOURCE_SHOWS_WE_DO_NOT","create new player","create new player: Ingest new senior player from FotMob squad (shirt #40).","none","N/A","N/A",true
"FM_1330942","Lucas Maronnier","N/A","NONE","Unassigned","cmuiho49g001fb23fa7sw5ed8","ESTAC Troyes","SOURCE_SHOWS_WE_DO_NOT","create new player","create new player: Ingest new senior player from FotMob squad (shirt #2).","none","N/A","N/A",true
"FM_1797614","Anis Ouzenadji","N/A","NONE","Unassigned","cmuiho49g001fb23fa7sw5ed8","ESTAC Troyes","SOURCE_SHOWS_WE_DO_NOT","create new player","create new player: Ingest new senior player from FotMob squad (shirt #3).","none","N/A","N/A",true
"FM_1401205","Michel Diaz","N/A","NONE","Unassigned","cmuiho49g001fb23fa7sw5ed8","ESTAC Troyes","SOURCE_SHOWS_WE_DO_NOT","create new player","create new player: Ingest new senior player from FotMob squad (shirt #4).","none","N/A","N/A",true
"cmuihw0k508o6sexpdpevd87h","Paolo Gozzi","487333","NONE","Unassigned","cmuiho49g001fb23fa7sw5ed8","ESTAC Troyes","SOURCE_SHOWS_WE_DO_NOT","attach","attach: Present in ESTAC Troyes FotMob squad (shirt #5); attach detached player.","none","N/A","N/A",true
"FM_465719","Adrien Monfray","N/A","NONE","Unassigned","cmuiho49g001fb23fa7sw5ed8","ESTAC Troyes","SOURCE_SHOWS_WE_DO_NOT","create new player","create new player: Ingest new senior player from FotMob squad (shirt #6).","none","N/A","N/A",true
"FM_1844131","Noah Donkor","N/A","NONE","Unassigned","cmuiho49g001fb23fa7sw5ed8","ESTAC Troyes","SOURCE_SHOWS_WE_DO_NOT","create new player","create new player: Ingest new senior player from FotMob squad (shirt #31).","none","N/A","N/A",true
"FM_2222106","Lassana Simakha","N/A","NONE","Unassigned","cmuiho49g001fb23fa7sw5ed8","ESTAC Troyes","SOURCE_SHOWS_WE_DO_NOT","create new player","create new player: Ingest new senior player from FotMob squad (shirt #34).","none","N/A","N/A",true
"FM_1669439","Tom Akpakoun","N/A","NONE","Unassigned","cmuiho49g001fb23fa7sw5ed8","ESTAC Troyes","SOURCE_SHOWS_WE_DO_NOT","create new player","create new player: Ingest new senior player from FotMob squad (shirt #37).","none","N/A","N/A",true
"FM_1487935","Yvann Titi","N/A","NONE","Unassigned","cmuiho49g001fb23fa7sw5ed8","ESTAC Troyes","SOURCE_SHOWS_WE_DO_NOT","create new player","create new player: Ingest new senior player from FotMob squad (shirt #44).","none","N/A","N/A",true
"FM_1321149","Mouhamed Diop","N/A","NONE","Unassigned","cmuiho49g001fb23fa7sw5ed8","ESTAC Troyes","SOURCE_SHOWS_WE_DO_NOT","create new player","create new player: Ingest new senior player from FotMob squad (shirt #8).","none","N/A","N/A",true
"cmuihw2py0atosexpsaszptni","Jérémy Le Douaron","737781","NONE","Unassigned","cmuiho49g001fb23fa7sw5ed8","ESTAC Troyes","SOURCE_SHOWS_WE_DO_NOT","attach","attach: Present in ESTAC Troyes FotMob squad (shirt #9); attach detached player.","none","N/A","N/A",true
"FM_1030945","Iron Gomis","N/A","NONE","Unassigned","cmuiho49g001fb23fa7sw5ed8","ESTAC Troyes","SOURCE_SHOWS_WE_DO_NOT","create new player","create new player: Ingest new senior player from FotMob squad (shirt #11).","none","N/A","N/A",true
"FM_1797608","Roman Murcy","N/A","NONE","Unassigned","cmuiho49g001fb23fa7sw5ed8","ESTAC Troyes","SOURCE_SHOWS_WE_DO_NOT","create new player","create new player: Ingest new senior player from FotMob squad (shirt #16).","none","N/A","N/A",true
"FM_1342983","Antoine Mille","N/A","NONE","Unassigned","cmuiho49g001fb23fa7sw5ed8","ESTAC Troyes","SOURCE_SHOWS_WE_DO_NOT","create new player","create new player: Ingest new senior player from FotMob squad (shirt #17).","none","N/A","N/A",true
"FM_1411553","Hugo Picard","N/A","NONE","Unassigned","cmuiho49g001fb23fa7sw5ed8","ESTAC Troyes","SOURCE_SHOWS_WE_DO_NOT","create new player","create new player: Ingest new senior player from FotMob squad (shirt #22).","none","N/A","N/A",true
"cmuihw1em09kfsexp2tas0rjd","Alexandre Phliponeau","585951","NONE","Unassigned","cmuiho49g001fb23fa7sw5ed8","ESTAC Troyes","SOURCE_SHOWS_WE_DO_NOT","attach","attach: Present in ESTAC Troyes FotMob squad (shirt #26); attach detached player.","none","N/A","N/A",true
"cmuihw43g0c1asexpvbuats22","Dermane Karim","969447","NONE","Unassigned","cmuiho49g001fb23fa7sw5ed8","ESTAC Troyes","SOURCE_SHOWS_WE_DO_NOT","attach","attach: Present in ESTAC Troyes FotMob squad (shirt #29); attach detached player.","none","N/A","N/A",true
"cmuihw1dn09h8sexp2ygitk5o","Kandet Diawara","575319","NONE","Unassigned","cmuiho49g001fb23fa7sw5ed8","ESTAC Troyes","SOURCE_SHOWS_WE_DO_NOT","attach","attach: Present in ESTAC Troyes FotMob squad (shirt #7); attach detached player.","none","N/A","N/A",true
"FM_1523321","Merwan Ifnaou","N/A","NONE","Unassigned","cmuiho49g001fb23fa7sw5ed8","ESTAC Troyes","SOURCE_SHOWS_WE_DO_NOT","create new player","create new player: Ingest new senior player from FotMob squad (shirt #10).","none","N/A","N/A",true
"cmuihvy6505axsexpc9fgdnre","Renaud Ripart","234802","NONE","Unassigned","cmuiho49g001fb23fa7sw5ed8","ESTAC Troyes","SOURCE_SHOWS_WE_DO_NOT","attach","attach: Present in ESTAC Troyes FotMob squad (shirt #20); attach detached player.","none","N/A","N/A",true
"FM_1038058","Timothé Nkada","N/A","NONE","Unassigned","cmuiho49g001fb23fa7sw5ed8","ESTAC Troyes","SOURCE_SHOWS_WE_DO_NOT","create new player","create new player: Ingest new senior player from FotMob squad (shirt #23).","none","N/A","N/A",true
"FM_1643788","Ibrahim Traoré","N/A","NONE","Unassigned","cmuiho49g001fb23fa7sw5ed8","ESTAC Troyes","SOURCE_SHOWS_WE_DO_NOT","create new player","create new player: Ingest new senior player from FotMob squad (shirt #34).","none","N/A","N/A",true
"FM_1791933","Amadou Diakité","N/A","NONE","Unassigned","cmuiho49g001fb23fa7sw5ed8","ESTAC Troyes","SOURCE_SHOWS_WE_DO_NOT","create new player","create new player: Ingest new senior player from FotMob squad (shirt #36).","none","N/A","N/A",true
"FM_2155240","Yacouba Kone","N/A","NONE","Unassigned","cmuiho49g001fb23fa7sw5ed8","ESTAC Troyes","SOURCE_SHOWS_WE_DO_NOT","create new player","create new player: Ingest new senior player from FotMob squad (shirt #39).","none","N/A","N/A",true
"cmuihvxfr04g0sexp4djcv2go","Charles","181773","cmuihq2b80059h29ezwhg3ewt","Vitória Guimarães SC","NONE","Unassigned","WE_SHOW_SOURCE_DOES_NOT","detach","detach: Absent from FotMob declared squad for Vitória Guimarães SC.","none","2023-06-30","N/A",true
"cmuihw44a0cn2sexpk9ysfawr","Lucas Furtado","1087843","cmuihq2b80059h29ezwhg3ewt","Vitória Guimarães SC","NONE","Unassigned","WE_SHOW_SOURCE_DOES_NOT","detach","detach: Absent from FotMob declared squad for Vitória Guimarães SC.","none","N/A","N/A",true
"cmuihw24o0a9vsexptycrd51p","Beni Mukendi","666539","cmuihq2b80059h29ezwhg3ewt","Vitória Guimarães SC","NONE","Unassigned","WE_SHOW_SOURCE_DOES_NOT","detach","detach: Absent from FotMob declared squad for Vitória Guimarães SC.","none","2025-02-02","N/A",true
"cmuihw4480ckxsexpcafn7ehd","Hugo Nunes","1077059","cmuihq2b80059h29ezwhg3ewt","Vitória Guimarães SC","NONE","Unassigned","WE_SHOW_SOURCE_DOES_NOT","detach","detach: Absent from FotMob declared squad for Vitória Guimarães SC.","none","2023-08-05","N/A",true
"cmuihw4rg0cxpsexpyi4zxjld","Ejike Opara","1184662","cmuihq2b80059h29ezwhg3ewt","Vitória Guimarães SC","NONE","Unassigned","WE_SHOW_SOURCE_DOES_NOT","detach","detach: Absent from FotMob declared squad for Vitória Guimarães SC.","none","N/A","N/A",true
"cmuihw4rt0d34sexpjuude9fq","Guilherme Paula","1277216","cmuihq2b80059h29ezwhg3ewt","Vitória Guimarães SC","NONE","Unassigned","WE_SHOW_SOURCE_DOES_NOT","detach","detach: Absent from FotMob declared squad for Vitória Guimarães SC.","none","N/A","N/A",true
"FM_1477865","Juan Diego Castillo","N/A","NONE","Unassigned","cmuihq2b80059h29ezwhg3ewt","Vitória Guimarães SC","SOURCE_SHOWS_WE_DO_NOT","create new player","create new player: Ingest new senior player from FotMob squad (shirt #22).","none","N/A","N/A",true
"FM_1117055","Oliwier Zych","N/A","NONE","Unassigned","cmuihq2b80059h29ezwhg3ewt","Vitória Guimarães SC","SOURCE_SHOWS_WE_DO_NOT","create new player","create new player: Ingest new senior player from FotMob squad (shirt #48).","none","N/A","N/A",true
"cmuihw2qd0b48sexpsdb74yv3","Ahmed Sidibé","808477","NONE","Unassigned","cmuihq2b80059h29ezwhg3ewt","Vitória Guimarães SC","SOURCE_SHOWS_WE_DO_NOT","attach","attach: Present in Vitória Guimarães SC FotMob squad (shirt #5); attach detached player.","none","N/A","N/A",true
"FM_1627205","Yeimar Mosquera","N/A","NONE","Unassigned","cmuihq2b80059h29ezwhg3ewt","Vitória Guimarães SC","SOURCE_SHOWS_WE_DO_NOT","create new player","create new player: Ingest new senior player from FotMob squad (shirt #15).","none","N/A","N/A",true
"cmuihvzwa07qwsexpa5t8qlt1","Toni Borevković","396342","NONE","Unassigned","cmuihq2b80059h29ezwhg3ewt","Vitória Guimarães SC","SOURCE_SHOWS_WE_DO_NOT","attach","attach: Present in Vitória Guimarães SC FotMob squad (shirt #21); attach detached player.","none","N/A","N/A",true
"cmuihw43q0c81sexpfdhas64z","Tony Strata","1004681","NONE","Unassigned","cmuihq2b80059h29ezwhg3ewt","Vitória Guimarães SC","SOURCE_SHOWS_WE_DO_NOT","attach","attach: Present in Vitória Guimarães SC FotMob squad (shirt #23); attach detached player.","none","N/A","N/A",true
"cmuihw24q0abjsexpd41vp0lx","Marco Cruz","670682","NONE","Unassigned","cmuihq2b80059h29ezwhg3ewt","Vitória Guimarães SC","SOURCE_SHOWS_WE_DO_NOT","attach","attach: Present in Vitória Guimarães SC FotMob squad (shirt #N/A); attach detached player.","none","N/A","N/A",false
"cmuihw43e0bzpsexpyfdusfwo","Matija Mitrović","959979","NONE","Unassigned","cmuihq2b80059h29ezwhg3ewt","Vitória Guimarães SC","SOURCE_SHOWS_WE_DO_NOT","attach","attach: Present in Vitória Guimarães SC FotMob squad (shirt #6); attach detached player.","none","N/A","N/A",true
"cmuihw3es0bgpsexpkwnayyd4","Gonçalo Nogueira","877140","NONE","Unassigned","cmuihq2b80059h29ezwhg3ewt","Vitória Guimarães SC","SOURCE_SHOWS_WE_DO_NOT","attach","attach: Present in Vitória Guimarães SC FotMob squad (shirt #8); attach detached player.","none","N/A","N/A",true
"cmuihw0ip0842sexpwi7o5u90","Alan","428786","NONE","Unassigned","cmuihq2b80059h29ezwhg3ewt","Vitória Guimarães SC","SOURCE_SHOWS_WE_DO_NOT","attach","attach: Present in Vitória Guimarães SC FotMob squad (shirt #10); attach detached player.","none","N/A","N/A",true
"FM_1372284","Beni","N/A","NONE","Unassigned","cmuihq2b80059h29ezwhg3ewt","Vitória Guimarães SC","SOURCE_SHOWS_WE_DO_NOT","create new player","create new player: Ingest new senior player from FotMob squad (shirt #16).","none","N/A","N/A",true
"cmuihw3ei0b9ksexp2hwaf1av","Lohann Doucet","830265","cmuihnihk000bb23fi54xeh0d","Paris FC","cmuihq2b80059h29ezwhg3ewt","Vitória Guimarães SC","SOURCE_SHOWS_WE_DO_NOT","reassign","reassign: Present in Vitória Guimarães SC FotMob senior squad (shirt #44); previously at Paris FC.","none","N/A","N/A",true
"cmuihw43z0ceysexpbalmpydj","Oumar Camara","1053206","NONE","Unassigned","cmuihq2b80059h29ezwhg3ewt","Vitória Guimarães SC","SOURCE_SHOWS_WE_DO_NOT","attach","attach: Present in Vitória Guimarães SC FotMob squad (shirt #7); attach detached player.","none","N/A","N/A",true
"FM_766730","Arnel Jakupovic","N/A","NONE","Unassigned","cmuihq2b80059h29ezwhg3ewt","Vitória Guimarães SC","SOURCE_SHOWS_WE_DO_NOT","create new player","create new player: Ingest new senior player from FotMob squad (shirt #9).","none","N/A","N/A",true
"cmuihw4r20cslsexpaof6kl89","Miguel Nogueira","1135545","NONE","Unassigned","cmuihq2b80059h29ezwhg3ewt","Vitória Guimarães SC","SOURCE_SHOWS_WE_DO_NOT","attach","attach: Present in Vitória Guimarães SC FotMob squad (shirt #17); attach detached player.","none","N/A","N/A",true
"FM_1388225","Victor Andersson","N/A","NONE","Unassigned","cmuihq2b80059h29ezwhg3ewt","Vitória Guimarães SC","SOURCE_SHOWS_WE_DO_NOT","create new player","create new player: Ingest new senior player from FotMob squad (shirt #19).","none","N/A","N/A",true
"cmuihw2qd0b3usexpi26qwlk3","Alioune Ndoye","807124","NONE","Unassigned","cmuihq2b80059h29ezwhg3ewt","Vitória Guimarães SC","SOURCE_SHOWS_WE_DO_NOT","attach","attach: Present in Vitória Guimarães SC FotMob squad (shirt #24); attach detached player.","none","N/A","N/A",true
"cmuihw44c0cobsexpwb2tx7au","Patrick Ouotro","1099652","NONE","Unassigned","cmuihq2b80059h29ezwhg3ewt","Vitória Guimarães SC","SOURCE_SHOWS_WE_DO_NOT","attach","attach: Present in Vitória Guimarães SC FotMob squad (shirt #29); attach detached player.","none","N/A","N/A",true
"cmuihw24h0a3qsexpgwao5x5w","Maxim Dekker","646704","cmuiho33d001db23ffg0co70a","AZ Alkmaar","cmuihq8us008vh29erfb05jp3","Willem II Tilburg","WE_SHOW_SOURCE_DOES_NOT","reassign","reassign: Player is registered in Willem II Tilburg current FotMob squad (shirt #23).","none","2022-06-30","N/A",true
"cmuihw2pk0ajgsexpx6sygszs","Nick Twisk","702447","cmuiho33d001db23ffg0co70a","AZ Alkmaar","NONE","Unassigned","WE_SHOW_SOURCE_DOES_NOT","detach","detach: Absent from FotMob declared squad for AZ Alkmaar.","none","N/A","N/A",true
"cmuihw2qa0b14sexpw5mm56o7","Mayckel Lahdo","795274","cmuiho33d001db23ffg0co70a","AZ Alkmaar","NONE","Unassigned","WE_SHOW_SOURCE_DOES_NOT","detach","detach: Absent from FotMob declared squad for AZ Alkmaar.","none","2026-06-29","N/A",true
"cmuihw43e0bznsexp4uvj0r7n","Weslley Patati","959106","cmuiho33d001db23ffg0co70a","AZ Alkmaar","NONE","Unassigned","WE_SHOW_SOURCE_DOES_NOT","detach","detach: Absent from FotMob declared squad for AZ Alkmaar.","none","2025-08-27","N/A",true
"cmuihw43r0c8qsexpw7i46vva","Billy van Duijl","1008564","cmuiho33d001db23ffg0co70a","AZ Alkmaar","cmuihpy3m002zh29ew56izgoh","SC Cambuur Leeuwarden","WE_SHOW_SOURCE_DOES_NOT","reassign","reassign: Player is registered in SC Cambuur Leeuwarden current FotMob squad (shirt #14).","none","2025-08-03","N/A",true
"cmuihw0k008lbsexp2jyx9djx","Alexandre Penetra","479643","cmuiho33d001db23ffg0co70a","AZ Alkmaar","NONE","Unassigned","WE_SHOW_SOURCE_DOES_NOT","detach","detach: Absent from FotMob declared squad for AZ Alkmaar.","none","2023-07-23","N/A",true
"cmuihw1cw096nsexp0v3lvrt1","Ibrahim Sadiq","543501","cmuiho33d001db23ffg0co70a","AZ Alkmaar","NONE","Unassigned","WE_SHOW_SOURCE_DOES_NOT","detach","detach: Absent from FotMob declared squad for AZ Alkmaar.","none","2023-08-31","N/A",true
"cmuihw1d6099fsexpx44h98po","Troy Parrott","552655","cmuiho33d001db23ffg0co70a","AZ Alkmaar","cmuihpzzw003zh29esiigzvql","Real Betis Balompié","WE_SHOW_SOURCE_DOES_NOT","reassign","reassign: Player is registered in Real Betis Balompié current FotMob squad (shirt #19).","none","2024-07-12","N/A",true
"cmuihw1dp09i3sexpc4ptb0oh","Sven Mijnans","578804","cmuiho33d001db23ffg0co70a","AZ Alkmaar","cmuihq7yg008dh29eacwmi5po","PSV Eindhoven","WE_SHOW_SOURCE_DOES_NOT","reassign","reassign: Player is registered in PSV Eindhoven current FotMob squad (shirt #21).","none","2023-01-30","N/A",true
"cmuihw23v09nbsexp916p2hwr","Zico Buurmeester","595940","cmuiho33d001db23ffg0co70a","AZ Alkmaar","NONE","Unassigned","WE_SHOW_SOURCE_DOES_NOT","detach","detach: Absent from FotMob declared squad for AZ Alkmaar.","none","2026-06-29","N/A",true
"cmuihw2pw0as5sexpnzf65t65","Lequincio Zeefuik","728864","cmuiho33d001db23ffg0co70a","AZ Alkmaar","cmuihq80t008hh29edci2vstb","Fortuna Sittardia Combinatie","WE_SHOW_SOURCE_DOES_NOT","reassign","reassign: Player is registered in Fortuna Sittardia Combinatie current FotMob squad (shirt #25).","none","2026-06-29","N/A",true
"cmuihw2qb0b26sexpbn25666m","Ro-Zangelo Daal","800995","cmuiho33d001db23ffg0co70a","AZ Alkmaar","NONE","Unassigned","WE_SHOW_SOURCE_DOES_NOT","detach","detach: Absent from FotMob declared squad for AZ Alkmaar.","none","2025-01-06","N/A",true
"cmuihw2qb0b2hsexpcov1xkrz","Isak Jensen","801886","cmuiho33d001db23ffg0co70a","AZ Alkmaar","cmuihodrf001xb23fkcn0k6ut","FC Lorient","WE_SHOW_SOURCE_DOES_NOT","reassign","reassign: Player is registered in FC Lorient current FotMob squad (shirt #10).","none","2025-07-14","N/A",true
"cmuihw3f60bqysexpej3hnq26","Mathijs Menu","929130","cmuiho33d001db23ffg0co70a","AZ Alkmaar","NONE","Unassigned","WE_SHOW_SOURCE_DOES_NOT","detach","detach: Absent from FotMob declared squad for AZ Alkmaar.","none","N/A","N/A",true
"cmuihw3f90btssexpjlhmn4fg","Rion Ichihara","936294","cmuiho33d001db23ffg0co70a","AZ Alkmaar","NONE","Unassigned","WE_SHOW_SOURCE_DOES_NOT","detach","detach: Absent from FotMob declared squad for AZ Alkmaar.","none","2026-01-30","N/A",true
"cmuihw43k0c54sexp1ro230ca","Kasper Boogaard","988406","cmuiho33d001db23ffg0co70a","AZ Alkmaar","cmuihq8us008vh29erfb05jp3","Willem II Tilburg","WE_SHOW_SOURCE_DOES_NOT","reassign","reassign: Player is registered in Willem II Tilburg current FotMob squad (shirt #8).","none","2026-01-11","N/A",true
"cmuihw0io083msexpxivvu6bm","Jari De Busser","426849","cmuihpzcq003nh29eowpx0ee9","Go Ahead Eagles","cmuiho33d001db23ffg0co70a","AZ Alkmaar","SOURCE_SHOWS_WE_DO_NOT","reassign","reassign: Present in AZ Alkmaar FotMob senior squad (shirt #28); previously at Go Ahead Eagles.","none","2024-08-20","N/A",true
"cmuihw24d0a14sexp5qgpq6gy","Daniël Deen","635371","NONE","Unassigned","cmuiho33d001db23ffg0co70a","AZ Alkmaar","SOURCE_SHOWS_WE_DO_NOT","attach","attach: Present in AZ Alkmaar FotMob squad (shirt #31); attach detached player.","none","N/A","N/A",true
"cmuihw3fc0bvtsexp1hxfeuib","Jur Schipper","940640","NONE","Unassigned","cmuiho33d001db23ffg0co70a","AZ Alkmaar","SOURCE_SHOWS_WE_DO_NOT","attach","attach: Present in AZ Alkmaar FotMob squad (shirt #71); attach detached player.","none","N/A","N/A",true
"FM_465628","Wesley Hoedt","N/A","NONE","Unassigned","cmuiho33d001db23ffg0co70a","AZ Alkmaar","SOURCE_SHOWS_WE_DO_NOT","create new player","create new player: Ingest new senior player from FotMob squad (shirt #29).","none","N/A","N/A",true
"cmuihw2q90b0zsexpelu8h0ke","Stije Resink","793099","cmuihq181004ph29eat3v78na","FC Groningen","cmuiho33d001db23ffg0co70a","AZ Alkmaar","SOURCE_SHOWS_WE_DO_NOT","reassign","reassign: Present in AZ Alkmaar FotMob senior squad (shirt #16); previously at FC Groningen.","none","2024-08-29","N/A",true
"FM_1332217","Valdemar Byskov","N/A","NONE","Unassigned","cmuiho33d001db23ffg0co70a","AZ Alkmaar","SOURCE_SHOWS_WE_DO_NOT","create new player","create new player: Ingest new senior player from FotMob squad (shirt #17).","none","N/A","N/A",true
"FM_1383534","Weslley Pinto","N/A","NONE","Unassigned","cmuiho33d001db23ffg0co70a","AZ Alkmaar","SOURCE_SHOWS_WE_DO_NOT","create new player","create new player: Ingest new senior player from FotMob squad (shirt #7).","none","N/A","N/A",true
"cmuihvzwk07wdsexpx1d9eao8","Calvin Stengs","409344","cmuihq1t5004zh29exb9q00c1","Feyenoord Rotterdam","cmuiho33d001db23ffg0co70a","AZ Alkmaar","SOURCE_SHOWS_WE_DO_NOT","reassign","reassign: Present in AZ Alkmaar FotMob senior squad (shirt #14); previously at Feyenoord Rotterdam.","none","2026-06-29","N/A",true
"cmuihw43m0c5psexp7i5x74lm","Wassim Bouziane","990008","NONE","Unassigned","cmuiho33d001db23ffg0co70a","AZ Alkmaar","SOURCE_SHOWS_WE_DO_NOT","attach","attach: Present in AZ Alkmaar FotMob squad (shirt #27); attach detached player.","none","N/A","N/A",true
"cmuihvy6o05p9sexpodku9log","Filippo Romagna","256678","cmuihqd7y00b9h29e7s5ob4n6","US Sassuolo","NONE","Unassigned","WE_SHOW_SOURCE_DOES_NOT","detach","detach: Absent from FotMob declared squad for US Sassuolo.","none","2024-06-29","N/A",true
"cmuihw2pj0aipsexpjzcnvb12","Edoardo Iannoni","700053","cmuihqd7y00b9h29e7s5ob4n6","US Sassuolo","NONE","Unassigned","WE_SHOW_SOURCE_DOES_NOT","detach","detach: Absent from FotMob declared squad for US Sassuolo.","none","2024-08-22","N/A",true
"cmuihw0je08cjsexpqdvwec7w","Samuele Mulattieri","457422","cmuihqd7y00b9h29e7s5ob4n6","US Sassuolo","NONE","Unassigned","WE_SHOW_SOURCE_DOES_NOT","detach","detach: Absent from FotMob declared squad for US Sassuolo.","none","2023-07-06","N/A",true
"cmuihw23y09owsexptlldavyd","Luca Moro","600936","cmuihqd7y00b9h29e7s5ob4n6","US Sassuolo","NONE","Unassigned","WE_SHOW_SOURCE_DOES_NOT","detach","detach: Absent from FotMob declared squad for US Sassuolo.","none","2024-06-29","N/A",true
"cmuihw24j0a5bsexp5ek82c1j","Filippo Missori","650993","cmuihqd7y00b9h29e7s5ob4n6","US Sassuolo","NONE","Unassigned","WE_SHOW_SOURCE_DOES_NOT","detach","detach: Absent from FotMob declared squad for US Sassuolo.","none","2023-06-30","N/A",true
"cmuihw4rc0cvgsexpbscg0e6q","Lorenzo Nyarko","1168024","NONE","Unassigned","cmuihqd7y00b9h29e7s5ob4n6","US Sassuolo","SOURCE_SHOWS_WE_DO_NOT","attach","attach: Present in US Sassuolo FotMob squad (shirt #22); attach detached player.","none","N/A","N/A",true
"cmuihvzvq07dksexpcswtxjb4","Arijanet Murić","371021","NONE","Unassigned","cmuihqd7y00b9h29e7s5ob4n6","US Sassuolo","SOURCE_SHOWS_WE_DO_NOT","attach","attach: Present in US Sassuolo FotMob squad (shirt #49); attach detached player.","none","N/A","N/A",true
"cmuihw1cw096qsexpa5qmeeti","Stefano Turati","543666","NONE","Unassigned","cmuihqd7y00b9h29e7s5ob4n6","US Sassuolo","SOURCE_SHOWS_WE_DO_NOT","attach","attach: Present in US Sassuolo FotMob squad (shirt #80); attach detached player.","none","N/A","N/A",true
"cmuihw1bi08xdsexpe1b7mgxf","Fali Candé","520530","NONE","Unassigned","cmuihqd7y00b9h29e7s5ob4n6","US Sassuolo","SOURCE_SHOWS_WE_DO_NOT","attach","attach: Present in US Sassuolo FotMob squad (shirt #5); attach detached player.","none","N/A","N/A",true
"cmuihvzb8070ssexperbxg4un","Sebastian Walukiewicz","345458","cmuihq9hw0099h29erttwt92h","Torino FC","cmuihqd7y00b9h29e7s5ob4n6","US Sassuolo","SOURCE_SHOWS_WE_DO_NOT","reassign","reassign: Present in US Sassuolo FotMob senior squad (shirt #6); previously at Torino FC.","none","2026-06-29","N/A",true
"cmuihvy6905d3sexpwt47vsrj","Duje Caleta-Car","238266","NONE","Unassigned","cmuihqd7y00b9h29e7s5ob4n6","US Sassuolo","SOURCE_SHOWS_WE_DO_NOT","attach","attach: Present in US Sassuolo FotMob squad (shirt #15); attach detached player.","none","N/A","N/A",true
"FM_1203195","Fedde Leysen","N/A","NONE","Unassigned","cmuihqd7y00b9h29e7s5ob4n6","US Sassuolo","SOURCE_SHOWS_WE_DO_NOT","create new player","create new player: Ingest new senior player from FotMob squad (shirt #16).","none","N/A","N/A",true
"cmuihw0k608pcsexpwnsds0l9","Ignace Van der Brempt","490423","NONE","Unassigned","cmuihqd7y00b9h29e7s5ob4n6","US Sassuolo","SOURCE_SHOWS_WE_DO_NOT","attach","attach: Present in US Sassuolo FotMob squad (shirt #20); attach detached player.","none","N/A","N/A",true
"cmuihw1cy097hsexpgokkelbj","Jay Idzes","546926","NONE","Unassigned","cmuihqd7y00b9h29e7s5ob4n6","US Sassuolo","SOURCE_SHOWS_WE_DO_NOT","attach","attach: Present in US Sassuolo FotMob squad (shirt #21); attach detached player.","none","N/A","N/A",true
"cmuihw43t0cahsexpzi4i6lcj","Giorgio Vezzosi","1019116","NONE","Unassigned","cmuihqd7y00b9h29e7s5ob4n6","US Sassuolo","SOURCE_SHOWS_WE_DO_NOT","attach","attach: Present in US Sassuolo FotMob squad (shirt #36); attach detached player.","none","N/A","N/A",true
"cmuihw3f20bobsexpqmgzywj0","Simone Cinquegrano","919669","cmuihqald009th29eqj2x21un","Inter Milan","cmuihqd7y00b9h29e7s5ob4n6","US Sassuolo","SOURCE_SHOWS_WE_DO_NOT","reassign","reassign: Present in US Sassuolo FotMob senior squad (shirt #46); previously at Inter Milan.","none","N/A","N/A",true
"cmuihw3fd0bwqsexps7i1o1wh","Vasilije Adžić","944570","cmuihqb7i00a9h29e7t17vakf","Juventus FC","cmuihqd7y00b9h29e7s5ob4n6","US Sassuolo","SOURCE_SHOWS_WE_DO_NOT","reassign","reassign: Present in US Sassuolo FotMob senior squad (shirt #17); previously at Juventus FC.","none","2024-06-30","N/A",true
"cmuihvvss02pysexpac9sxpbc","Nemanja Matić","74683","NONE","Unassigned","cmuihqd7y00b9h29e7s5ob4n6","US Sassuolo","SOURCE_SHOWS_WE_DO_NOT","attach","attach: Present in US Sassuolo FotMob squad (shirt #18); attach detached player.","none","N/A","N/A",true
"FM_1167529","Rafael Obrador","N/A","NONE","Unassigned","cmuihqd7y00b9h29e7s5ob4n6","US Sassuolo","SOURCE_SHOWS_WE_DO_NOT","create new player","create new player: Ingest new senior player from FotMob squad (shirt #33).","none","N/A","N/A",true
"cmuihw4rc0cvosexpom1at2zg","Darryl Bakola","1170286","NONE","Unassigned","cmuihqd7y00b9h29e7s5ob4n6","US Sassuolo","SOURCE_SHOWS_WE_DO_NOT","attach","attach: Present in US Sassuolo FotMob squad (shirt #50); attach detached player.","none","N/A","N/A",true
"cmuihw43i0c39sexple7zoref","Ibrahim Sulemana","982267","NONE","Unassigned","cmuihqd7y00b9h29e7s5ob4n6","US Sassuolo","SOURCE_SHOWS_WE_DO_NOT","attach","attach: Present in US Sassuolo FotMob squad (shirt #55); attach detached player.","none","N/A","N/A",true
"cmuihw3f20bonsexpop91b4va","Ismaël Koné","921655","NONE","Unassigned","cmuihqd7y00b9h29e7s5ob4n6","US Sassuolo","SOURCE_SHOWS_WE_DO_NOT","attach","attach: Present in US Sassuolo FotMob squad (shirt #90); attach detached player.","none","N/A","N/A",true
"FM_982617","Kieron Bowie","N/A","NONE","Unassigned","cmuihqd7y00b9h29e7s5ob4n6","US Sassuolo","SOURCE_SHOWS_WE_DO_NOT","create new player","create new player: Ingest new senior player from FotMob squad (shirt #9).","none","N/A","N/A",true
"FM_2022716","Gabriel Kulla","N/A","NONE","Unassigned","cmuihqd7y00b9h29e7s5ob4n6","US Sassuolo","SOURCE_SHOWS_WE_DO_NOT","create new player","create new player: Ingest new senior player from FotMob squad (shirt #14).","none","N/A","N/A",true
"cmuihw43e0bzusexp4z0opun0","Benja Domínguez","961022","cmuihnmx8000jb23fowusi2kw","Bologna Football Club 1909","cmuihqd7y00b9h29e7s5ob4n6","US Sassuolo","SOURCE_SHOWS_WE_DO_NOT","reassign","reassign: Present in US Sassuolo FotMob senior squad (shirt #25); previously at Bologna Football Club 1909.","none","2024-08-27","N/A",true
"cmuihw1cs0946sexpp9ko6352","Sebastiano Esposito","538918","NONE","Unassigned","cmuihqd7y00b9h29e7s5ob4n6","US Sassuolo","SOURCE_SHOWS_WE_DO_NOT","attach","attach: Present in US Sassuolo FotMob squad (shirt #94); attach detached player.","none","N/A","N/A",true
"cmuihvzvq07d8sexpq4239ois","Andreas Hanche-Olsen","370683","cmuihq84d008jh29e385ruvj0","1.FSV Mainz 05","NONE","Unassigned","WE_SHOW_SOURCE_DOES_NOT","detach","detach: Absent from FotMob declared squad for 1.FSV Mainz 05.","none","2023-01-12","N/A",true
"cmuihw2qa0b19sexp92466i8n","Nelson Weiper","796213","cmuihq84d008jh29e385ruvj0","1.FSV Mainz 05","NONE","Unassigned","WE_SHOW_SOURCE_DOES_NOT","detach","detach: Absent from FotMob declared squad for 1.FSV Mainz 05.","none","2022-06-30","N/A",true
"cmuihw0k608pisexp0rtqha6v","Lasse Rieß","490609","cmuihq84d008jh29e385ruvj0","1.FSV Mainz 05","NONE","Unassigned","WE_SHOW_SOURCE_DOES_NOT","detach","detach: Absent from FotMob declared squad for 1.FSV Mainz 05.","none","2021-06-30","N/A",true
"FM_248437","Alexander Schwolow","N/A","NONE","Unassigned","cmuihq84d008jh29e385ruvj0","1.FSV Mainz 05","SOURCE_SHOWS_WE_DO_NOT","create new player","create new player: Ingest new senior player from FotMob squad (shirt #1).","none","N/A","N/A",true
"FM_1283288","Maximilian Kinzig","N/A","NONE","Unassigned","cmuihq84d008jh29e385ruvj0","1.FSV Mainz 05","SOURCE_SHOWS_WE_DO_NOT","create new player","create new player: Ingest new senior player from FotMob squad (shirt #40).","none","N/A","N/A",true
"FM_1958091","Daniel Imafidon","N/A","NONE","Unassigned","cmuihq84d008jh29e385ruvj0","1.FSV Mainz 05","SOURCE_SHOWS_WE_DO_NOT","create new player","create new player: Ingest new academy player from FotMob squad (shirt #none).","none","N/A","N/A",false
"cmuihw23u09mxsexp6jt35c56","Fabio Gruber","594731","cmuihq8i1008rh29ezyaa5yr4","1.FC Nuremberg","cmuihq84d008jh29e385ruvj0","1.FSV Mainz 05","SOURCE_SHOWS_WE_DO_NOT","reassign","reassign: Present in 1.FSV Mainz 05 FotMob senior squad (shirt #3); previously at 1.FC Nuremberg.","none","2025-02-02","N/A",true
"cmuihvy5z055dsexpe0aljot3","Stefan Posch","223974","NONE","Unassigned","cmuihq84d008jh29e385ruvj0","1.FSV Mainz 05","SOURCE_SHOWS_WE_DO_NOT","attach","attach: Present in 1.FSV Mainz 05 FotMob squad (shirt #4); attach detached player.","none","N/A","N/A",true
"FM_2140397","Rael Nakuzola","N/A","NONE","Unassigned","cmuihq84d008jh29e385ruvj0","1.FSV Mainz 05","SOURCE_SHOWS_WE_DO_NOT","create new player","create new player: Ingest new senior player from FotMob squad (shirt #47).","none","N/A","N/A",true
"cmuihw4470ck8sexp9s0ofo5b","Kacper Potulski","1073748","NONE","Unassigned","cmuihq84d008jh29e385ruvj0","1.FSV Mainz 05","SOURCE_SHOWS_WE_DO_NOT","attach","attach: Present in 1.FSV Mainz 05 FotMob squad (shirt #48); attach detached player.","none","N/A","N/A",true
"FM_1820817","Jeremiah Debrah","N/A","NONE","Unassigned","cmuihq84d008jh29e385ruvj0","1.FSV Mainz 05","SOURCE_SHOWS_WE_DO_NOT","create new player","create new player: Ingest new academy player from FotMob squad (shirt #none).","none","N/A","N/A",false
"cmuihw23w09nysexp0iz63n61","Eric Martel","597000","NONE","Unassigned","cmuihq84d008jh29e385ruvj0","1.FSV Mainz 05","SOURCE_SHOWS_WE_DO_NOT","attach","attach: Present in 1.FSV Mainz 05 FotMob squad (shirt #5); attach detached player.","none","N/A","N/A",true
"FM_1347994","Otto Ruoppi","N/A","NONE","Unassigned","cmuihq84d008jh29e385ruvj0","1.FSV Mainz 05","SOURCE_SHOWS_WE_DO_NOT","create new player","create new player: Ingest new senior player from FotMob squad (shirt #20).","none","N/A","N/A",true
"cmuihw2px0at0sexp43ofmtu2","Sota Kawasaki","733371","NONE","Unassigned","cmuihq84d008jh29e385ruvj0","1.FSV Mainz 05","SOURCE_SHOWS_WE_DO_NOT","attach","attach: Present in 1.FSV Mainz 05 FotMob squad (shirt #24); attach detached player.","none","N/A","N/A",true
"FM_1185629","Fabio Moreno Fell","N/A","NONE","Unassigned","cmuihq84d008jh29e385ruvj0","1.FSV Mainz 05","SOURCE_SHOWS_WE_DO_NOT","create new player","create new player: Ingest new academy player from FotMob squad (shirt #none).","none","N/A","N/A",false
"cmuihvyqw066msexp1o3t37rw","Phillip Tietz","288340","NONE","Unassigned","cmuihq84d008jh29e385ruvj0","1.FSV Mainz 05","SOURCE_SHOWS_WE_DO_NOT","attach","attach: Present in 1.FSV Mainz 05 FotMob squad (shirt #9); attach detached player.","none","N/A","N/A",true
"cmuihw0js08ihsexp0jzhozbg","Ransford Königsdörffer","470038","NONE","Unassigned","cmuihq84d008jh29e385ruvj0","1.FSV Mainz 05","SOURCE_SHOWS_WE_DO_NOT","attach","attach: Present in 1.FSV Mainz 05 FotMob squad (shirt #11); attach detached player.","none","N/A","N/A",true
"cmuihw0jb08bcsexplqqjgy5u","Benedict Hollerbach","453870","NONE","Unassigned","cmuihq84d008jh29e385ruvj0","1.FSV Mainz 05","SOURCE_SHOWS_WE_DO_NOT","attach","attach: Present in 1.FSV Mainz 05 FotMob squad (shirt #17); attach detached player.","none","N/A","N/A",true
"cmuihvxg004ldsexpdhem04l5","Sheraldo Becker","188888","NONE","Unassigned","cmuihq84d008jh29e385ruvj0","1.FSV Mainz 05","SOURCE_SHOWS_WE_DO_NOT","attach","attach: Present in 1.FSV Mainz 05 FotMob squad (shirt #23); attach detached player.","none","N/A","N/A",true
"FM_959404","Silas Katompa Mvumpa","N/A","NONE","Unassigned","cmuihq84d008jh29e385ruvj0","1.FSV Mainz 05","SOURCE_SHOWS_WE_DO_NOT","create new player","create new player: Ingest new senior player from FotMob squad (shirt #26).","none","N/A","N/A",true
"FM_2101304","Alynho Haidara","N/A","NONE","Unassigned","cmuihq84d008jh29e385ruvj0","1.FSV Mainz 05","SOURCE_SHOWS_WE_DO_NOT","create new player","create new player: Ingest new senior player from FotMob squad (shirt #39).","none","N/A","N/A",true
"cmuihw3ej0bb0sexptxxvvcuh","Christopher Olivier","842217","cmuihqeq600c7h29ej46szm8f","VfB Stuttgart","NONE","Unassigned","WE_SHOW_SOURCE_DOES_NOT","detach","detach: Absent from FotMob declared squad for VfB Stuttgart.","none","2024-06-30","N/A",true
"cmuihw2pu0aq0sexp24i5a3y3","Justin Diehl","720162","cmuihqeq600c7h29ej46szm8f","VfB Stuttgart","NONE","Unassigned","WE_SHOW_SOURCE_DOES_NOT","detach","detach: Absent from FotMob declared squad for VfB Stuttgart.","none","2024-06-30","N/A",true
"cmuihvxfl04atsexpn0kvw2gz","Marius Funk","170517","NONE","Unassigned","cmuihqeq600c7h29ej46szm8f","VfB Stuttgart","SOURCE_SHOWS_WE_DO_NOT","attach","attach: Present in VfB Stuttgart FotMob squad (shirt #33); attach detached player.","none","N/A","N/A",true
"cmuihw2qb0b23sexp72ueuajv","Dennis Seimen","800946","NONE","Unassigned","cmuihqeq600c7h29ej46szm8f","VfB Stuttgart","SOURCE_SHOWS_WE_DO_NOT","attach","attach: Present in VfB Stuttgart FotMob squad (shirt #41); attach detached player.","none","N/A","N/A",true
"cmuihw0kd08uisexpoam2mno7","Leonidas Stergiou","507345","NONE","Unassigned","cmuihqeq600c7h29ej46szm8f","VfB Stuttgart","SOURCE_SHOWS_WE_DO_NOT","attach","attach: Present in VfB Stuttgart FotMob squad (shirt #20); attach detached player.","none","N/A","N/A",true
"cmuihw2ps0ao4sexp8vlktwfv","Lorenz Assignon","711969","NONE","Unassigned","cmuihqeq600c7h29ej46szm8f","VfB Stuttgart","SOURCE_SHOWS_WE_DO_NOT","attach","attach: Present in VfB Stuttgart FotMob squad (shirt #22); attach detached player.","none","N/A","N/A",true
"cmuihw24k0a6esexphuqd9usj","Bilal El Khannouss","654982","NONE","Unassigned","cmuihqeq600c7h29ej46szm8f","VfB Stuttgart","SOURCE_SHOWS_WE_DO_NOT","attach","attach: Present in VfB Stuttgart FotMob squad (shirt #11); attach detached player.","none","N/A","N/A",true
"cmuihvy6505ahsexpt92cfw6b","Grischa Prömel","234029","NONE","Unassigned","cmuihqeq600c7h29ej46szm8f","VfB Stuttgart","SOURCE_SHOWS_WE_DO_NOT","attach","attach: Present in VfB Stuttgart FotMob squad (shirt #21); attach detached player.","none","N/A","N/A",true
"cmuihw24409u3sexp400gidul","Tiago Tomás","616344","NONE","Unassigned","cmuihqeq600c7h29ej46szm8f","VfB Stuttgart","SOURCE_SHOWS_WE_DO_NOT","attach","attach: Present in VfB Stuttgart FotMob squad (shirt #8); attach detached player.","none","N/A","N/A",true
"cmuihw3eg0b7rsexpb20x1hmi","Dzenan Pejcinovic","819636","NONE","Unassigned","cmuihqeq600c7h29ej46szm8f","VfB Stuttgart","SOURCE_SHOWS_WE_DO_NOT","attach","attach: Present in VfB Stuttgart FotMob squad (shirt #17); attach detached player.","none","N/A","N/A",true
"cmuihw2pr0annsexpuovcjxtw","Leo Sauer","710886","cmuihq1t5004zh29exb9q00c1","Feyenoord Rotterdam","cmuihqeq600c7h29ej46szm8f","VfB Stuttgart","SOURCE_SHOWS_WE_DO_NOT","reassign","reassign: Present in VfB Stuttgart FotMob senior squad (shirt #44); previously at Feyenoord Rotterdam.","none","2025-06-29","N/A",true
"cmuihvxfl04b5sexpunwa9y5s","Donovan Léon","170911","cmuihq4bo006eh29ep1anor93","AJ Auxerre","NONE","Unassigned","WE_SHOW_SOURCE_DOES_NOT","detach","detach: Absent from FotMob declared squad for AJ Auxerre.","none","2020-06-30","N/A",true
"cmuihvzvn07blsexp4qctf65p","Gabriel Osho","364409","cmuihq4bo006eh29ep1anor93","AJ Auxerre","NONE","Unassigned","WE_SHOW_SOURCE_DOES_NOT","detach","detach: Absent from FotMob declared squad for AJ Auxerre.","none","2024-07-10","N/A",true
"cmuihvzvr07dusexpt9huukxv","Francisco Sierralta","371436","cmuihq4bo006eh29ep1anor93","AJ Auxerre","NONE","Unassigned","WE_SHOW_SOURCE_DOES_NOT","detach","detach: Absent from FotMob declared squad for AJ Auxerre.","none","2025-06-30","N/A",true
"cmuihvzw607q2sexpqeqhnhw8","Elisha Owusu","395695","cmuihq4bo006eh29ep1anor93","AJ Auxerre","NONE","Unassigned","WE_SHOW_SOURCE_DOES_NOT","detach","detach: Absent from FotMob declared squad for AJ Auxerre.","none","2023-01-15","N/A",true
"cmuihvzwb07rdsexprebs0p3b","Gideon Mensah","397171","cmuihq4bo006eh29ep1anor93","AJ Auxerre","cmuihq50l006th29e3bm3uces","1.FC Köln","WE_SHOW_SOURCE_DOES_NOT","reassign","reassign: Player is registered in 1.FC Köln current FotMob squad (shirt #14).","none","2022-08-12","N/A",true
"cmuihw0k808rlsexpsv9lj83w","Theo Bair","501709","cmuihq4bo006eh29ep1anor93","AJ Auxerre","NONE","Unassigned","WE_SHOW_SOURCE_DOES_NOT","detach","detach: Absent from FotMob declared squad for AJ Auxerre.","none","2026-06-29","N/A",true
"cmuihw1d809amsexpayfql9iy","Saad Agouzoul","556865","cmuihq4bo006eh29ep1anor93","AJ Auxerre","NONE","Unassigned","WE_SHOW_SOURCE_DOES_NOT","detach","detach: Absent from FotMob declared squad for AJ Auxerre.","none","2026-06-29","N/A",true
"cmuihw1dh09f8sexpsyer2y54","Lassine Sinayoko","569140","cmuihq4bo006eh29ep1anor93","AJ Auxerre","cmuihnihk000bb23fi54xeh0d","Paris FC","WE_SHOW_SOURCE_DOES_NOT","reassign","reassign: Player is registered in Paris FC current FotMob squad (shirt #9).","none","2019-06-30","N/A",true
"cmuihw24l0a7osexps8p17vvj","Lasso Coulibaly","658534","cmuihq4bo006eh29ep1anor93","AJ Auxerre","NONE","Unassigned","WE_SHOW_SOURCE_DOES_NOT","detach","detach: Absent from FotMob declared squad for AJ Auxerre.","none","2024-06-30","N/A",true
"cmuihw2ph0ah2sexpn4glgfxz","Théo De Percin","695422","cmuihq4bo006eh29ep1anor93","AJ Auxerre","NONE","Unassigned","WE_SHOW_SOURCE_DOES_NOT","detach","detach: Absent from FotMob declared squad for AJ Auxerre.","none","2021-03-16","N/A",true
"cmuihw2q60aydsexphk8al4l7","Josué Casimir","763182","cmuihq4bo006eh29ep1anor93","AJ Auxerre","NONE","Unassigned","WE_SHOW_SOURCE_DOES_NOT","detach","detach: Absent from FotMob declared squad for AJ Auxerre.","none","2025-06-30","N/A",true
"cmuihw3er0bfgsexp0gk0ykr2","Tom Negrel","866916","cmuihq4bo006eh29ep1anor93","AJ Auxerre","NONE","Unassigned","WE_SHOW_SOURCE_DOES_NOT","detach","detach: Absent from FotMob declared squad for AJ Auxerre.","none","2024-07-09","N/A",true
"FM_291643","Paul Nardi","N/A","NONE","Unassigned","cmuihq4bo006eh29ep1anor93","AJ Auxerre","SOURCE_SHOWS_WE_DO_NOT","create new player","create new player: Ingest new senior player from FotMob squad (shirt #1).","none","N/A","N/A",true
"FM_1387237","Mamadou Diop","N/A","NONE","Unassigned","cmuihq4bo006eh29ep1anor93","AJ Auxerre","SOURCE_SHOWS_WE_DO_NOT","create new player","create new player: Ingest new senior player from FotMob squad (shirt #23).","none","N/A","N/A",true
"cmuihw4rc0cvfsexp5qpmy41w","Louis Mezerette","1167216","NONE","Unassigned","cmuihq4bo006eh29ep1anor93","AJ Auxerre","SOURCE_SHOWS_WE_DO_NOT","attach","attach: Present in AJ Auxerre FotMob squad (shirt #37); attach detached player.","none","N/A","N/A",true
"FM_1845354","Ackah-Tidiane Thiongane-Zoukrou","N/A","NONE","Unassigned","cmuihq4bo006eh29ep1anor93","AJ Auxerre","SOURCE_SHOWS_WE_DO_NOT","create new player","create new player: Ingest new academy player from FotMob squad (shirt #none).","none","N/A","N/A",false
"cmuihvzb506yhsexpz8ss045b","Axel Tuanzebe","342046","cmuihoaiv001rb23fn6cviuyz","Burnley FC","cmuihq4bo006eh29ep1anor93","AJ Auxerre","SOURCE_SHOWS_WE_DO_NOT","reassign","reassign: Present in AJ Auxerre FotMob senior squad (shirt #4); previously at Burnley FC.","none","2025-06-30","N/A",true
"FM_1474555","Christ Makosso","N/A","NONE","Unassigned","cmuihq4bo006eh29ep1anor93","AJ Auxerre","SOURCE_SHOWS_WE_DO_NOT","create new player","create new player: Ingest new senior player from FotMob squad (shirt #15).","none","N/A","N/A",true
"cmuihw4rt0d3dsexp2dzi2dy4","Elikya Legros","1291928","NONE","Unassigned","cmuihq4bo006eh29ep1anor93","AJ Auxerre","SOURCE_SHOWS_WE_DO_NOT","attach","attach: Present in AJ Auxerre FotMob squad (shirt #35); attach detached player.","none","N/A","N/A",true
"cmuihw4r50ctgsexpds7qxlko","Alvin Petit Dol","1144938","NONE","Unassigned","cmuihq4bo006eh29ep1anor93","AJ Auxerre","SOURCE_SHOWS_WE_DO_NOT","attach","attach: Present in AJ Auxerre FotMob squad (shirt #38); attach detached player.","none","N/A","N/A",true
"FM_1273881","Sékou Fofana","N/A","NONE","Unassigned","cmuihq4bo006eh29ep1anor93","AJ Auxerre","SOURCE_SHOWS_WE_DO_NOT","create new player","create new player: Ingest new senior player from FotMob squad (shirt #93).","none","N/A","N/A",true
"cmuihvzwm07y4sexpq0gmgblq","Eros Maddy","412934","NONE","Unassigned","cmuihq4bo006eh29ep1anor93","AJ Auxerre","SOURCE_SHOWS_WE_DO_NOT","attach","attach: Present in AJ Auxerre FotMob squad (shirt #N/A); attach detached player.","none","N/A","N/A",false
"cmuihw1cs094lsexpuajbzxg2","Pierre Ekwah","538994","NONE","Unassigned","cmuihq4bo006eh29ep1anor93","AJ Auxerre","SOURCE_SHOWS_WE_DO_NOT","attach","attach: Present in AJ Auxerre FotMob squad (shirt #17); attach detached player.","none","N/A","N/A",true
"cmuihw4rt0d3csexpua9gdeb4","Lamfia Dioubaté","1291922","NONE","Unassigned","cmuihq4bo006eh29ep1anor93","AJ Auxerre","SOURCE_SHOWS_WE_DO_NOT","attach","attach: Present in AJ Auxerre FotMob squad (shirt #34); attach detached player.","none","N/A","N/A",true
"FM_1441582","Arthur Piedfort","N/A","NONE","Unassigned","cmuihq4bo006eh29ep1anor93","AJ Auxerre","SOURCE_SHOWS_WE_DO_NOT","create new player","create new player: Ingest new senior player from FotMob squad (shirt #46).","none","N/A","N/A",true
"FM_1401248","Rémy Lascary","N/A","NONE","Unassigned","cmuihq4bo006eh29ep1anor93","AJ Auxerre","SOURCE_SHOWS_WE_DO_NOT","create new player","create new player: Ingest new senior player from FotMob squad (shirt #3).","none","N/A","N/A",true
"cmuihw1bw091vsexpmdp0lt8c","Cameron Archer","533662","NONE","Unassigned","cmuihq4bo006eh29ep1anor93","AJ Auxerre","SOURCE_SHOWS_WE_DO_NOT","attach","attach: Present in AJ Auxerre FotMob squad (shirt #9); attach detached player.","none","N/A","N/A",true
"cmuihw1d709a9sexpl01no323","Romain Faivre","555076","cmuihqh6y00dfh29eokvzxktp","AFC Bournemouth","cmuihq4bo006eh29ep1anor93","AJ Auxerre","SOURCE_SHOWS_WE_DO_NOT","reassign","reassign: Present in AJ Auxerre FotMob senior squad (shirt #21); previously at AFC Bournemouth.","none","2026-06-29","N/A",true
"FM_1810011","Rayan Mandengue","N/A","NONE","Unassigned","cmuihq4bo006eh29ep1anor93","AJ Auxerre","SOURCE_SHOWS_WE_DO_NOT","create new player","create new player: Ingest new senior player from FotMob squad (shirt #32).","none","N/A","N/A",true
"FM_1724185","Xiangxin Wei","N/A","NONE","Unassigned","cmuihq4bo006eh29ep1anor93","AJ Auxerre","SOURCE_SHOWS_WE_DO_NOT","create new player","create new player: Ingest new senior player from FotMob squad (shirt #49).","none","N/A","N/A",true
"cmuihw4rv0d4nsexp9x5djbr7","Aristide Zossou","1310513","NONE","Unassigned","cmuihq4bo006eh29ep1anor93","AJ Auxerre","SOURCE_SHOWS_WE_DO_NOT","attach","attach: Present in AJ Auxerre FotMob squad (shirt #77); attach detached player.","none","N/A","N/A",true
"cmuihw43j0c41sexp7414fy8t","Rodrigo Rêgo","984544","cmuihq4q6006lh29eutf0qltf","SL Benfica","NONE","Unassigned","WE_SHOW_SOURCE_DOES_NOT","detach","detach: Absent from FotMob declared squad for SL Benfica.","none","N/A","N/A",true
"cmuihvxft04h0sexpeqvgow54","Clément Lenglet","182904","NONE","Unassigned","cmuihq4q6006lh29eutf0qltf","SL Benfica","SOURCE_SHOWS_WE_DO_NOT","attach","attach: Present in SL Benfica FotMob squad (shirt #2); attach detached player.","none","N/A","N/A",true
"cmuihw3er0bfisexpqqs6l0c0","Alessandro Circati","867137","cmuihouiw002pb23fjq3m9qng","Parma Calcio 1913","cmuihq4q6006lh29eutf0qltf","SL Benfica","SOURCE_SHOWS_WE_DO_NOT","reassign","reassign: Present in SL Benfica FotMob senior squad (shirt #3); previously at Parma Calcio 1913.","none","2022-06-30","N/A",true
"FM_1817871","Gabriel Índio","N/A","NONE","Unassigned","cmuihq4q6006lh29eutf0qltf","SL Benfica","SOURCE_SHOWS_WE_DO_NOT","create new player","create new player: Ingest new senior player from FotMob squad (shirt #33).","none","N/A","N/A",true
"cmuihw1cv095ssexpcrx3z6qy","Souffian El Karouani","541134","NONE","Unassigned","cmuihq4q6006lh29eutf0qltf","SL Benfica","SOURCE_SHOWS_WE_DO_NOT","attach","attach: Present in SL Benfica FotMob squad (shirt #34); attach detached player.","none","N/A","N/A",true
"cmuihw4r20csdsexpwv0337lg","Daniel Banjaqui","1134199","NONE","Unassigned","cmuihq4q6006lh29eutf0qltf","SL Benfica","SOURCE_SHOWS_WE_DO_NOT","attach","attach: Present in SL Benfica FotMob squad (shirt #58); attach detached player.","none","N/A","N/A",true
"cmuihw24s0acrsexp2xeg7wrc","Enzo Barrenechea","671915","cmuihq8vi008xh29edz4vg4xw","Aston Villa","cmuihq4q6006lh29eutf0qltf","SL Benfica","SOURCE_SHOWS_WE_DO_NOT","reassign","reassign: Present in SL Benfica FotMob senior squad (shirt #5); previously at Aston Villa.","none","2026-06-29","N/A",true
"FM_1192398","Georgiy Sudakov","N/A","NONE","Unassigned","cmuihq4q6006lh29eutf0qltf","SL Benfica","SOURCE_SHOWS_WE_DO_NOT","create new player","create new player: Ingest new senior player from FotMob squad (shirt #10).","none","N/A","N/A",true
"cmuihvzwj07vwsexpp6ry2f6m","Jakub Kamiński","407098","cmuihq50l006th29e3bm3uces","1.FC Köln","cmuihq4q6006lh29eutf0qltf","SL Benfica","SOURCE_SHOWS_WE_DO_NOT","reassign","reassign: Present in SL Benfica FotMob senior squad (shirt #13); previously at 1.FC Köln.","none","2026-06-30","N/A",true
"FM_477023","Rafa Silva","N/A","NONE","Unassigned","cmuihq4q6006lh29eutf0qltf","SL Benfica","SOURCE_SHOWS_WE_DO_NOT","create new player","create new player: Ingest new senior player from FotMob squad (shirt #27).","none","N/A","N/A",true
"cmuihvy6p05pssexp73aqnxhs","João Palhinha","257455","cmuihq3qa0061h29eyxx4xw43","Bayern Munich","cmuihq4q6006lh29eutf0qltf","SL Benfica","SOURCE_SHOWS_WE_DO_NOT","reassign","reassign: Present in SL Benfica FotMob senior squad (shirt #36); previously at Bayern Munich.","none","2026-06-29","N/A",true
"cmuihw4rn0d1csexp0u8vjcds","José Neto","1233701","NONE","Unassigned","cmuihq4q6006lh29eutf0qltf","SL Benfica","SOURCE_SHOWS_WE_DO_NOT","attach","attach: Present in SL Benfica FotMob squad (shirt #62); attach detached player.","none","N/A","N/A",true
"cmuihw4st0d7bsexppzbjprkr","Miguel Figueiredo","1439651","NONE","Unassigned","cmuihq4q6006lh29eutf0qltf","SL Benfica","SOURCE_SHOWS_WE_DO_NOT","attach","attach: Present in SL Benfica FotMob squad (shirt #73); attach detached player.","none","N/A","N/A",true
"cmuihw4420chisexpgrqdk8b6","Gonçalo Moreira","1061744","NONE","Unassigned","cmuihq4q6006lh29eutf0qltf","SL Benfica","SOURCE_SHOWS_WE_DO_NOT","attach","attach: Present in SL Benfica FotMob squad (shirt #77); attach detached player.","none","N/A","N/A",true
"FM_1732772","Anisse Saidi","N/A","NONE","Unassigned","cmuihq4q6006lh29eutf0qltf","SL Benfica","SOURCE_SHOWS_WE_DO_NOT","create new player","create new player: Ingest new academy player from FotMob squad (shirt #none).","none","N/A","N/A",false
"FM_1088066","Jhon Durán","N/A","NONE","Unassigned","cmuihq4q6006lh29eutf0qltf","SL Benfica","SOURCE_SHOWS_WE_DO_NOT","create new player","create new player: Ingest new senior player from FotMob squad (shirt #22).","none","N/A","N/A",true
"cmuihw43o0c6fsexpz2b559eu","Claudio Echeverri","994536","NONE","Unassigned","cmuihq4q6006lh29eutf0qltf","SL Benfica","SOURCE_SHOWS_WE_DO_NOT","attach","attach: Present in SL Benfica FotMob squad (shirt #30); attach detached player.","none","N/A","N/A",true
"cmuihvxfo04czsexpgbzarmzc","Caio Secco","175188","cmuihqgut00dbh29eg5w6uzl6","Moreirense FC","NONE","Unassigned","WE_SHOW_SOURCE_DOES_NOT","detach","detach: Absent from FotMob declared squad for Moreirense FC.","none","2023-06-30","N/A",true
"cmuihvwrp03t0sexpi8y1soii","Mika","138285","cmuihqgut00dbh29eg5w6uzl6","Moreirense FC","NONE","Unassigned","WE_SHOW_SOURCE_DOES_NOT","detach","detach: Absent from FotMob declared squad for Moreirense FC.","none","2023-12-31","N/A",true
"cmuihw3eq0bemsexpnpxf8px3","Yan Maranhão","862568","cmuihqgut00dbh29eg5w6uzl6","Moreirense FC","NONE","Unassigned","WE_SHOW_SOURCE_DOES_NOT","detach","detach: Absent from FotMob declared squad for Moreirense FC.","none","2025-02-01","N/A",true
"cmuihw1by0936sexplono892o","Cedric Teguia","536831","cmuihqgut00dbh29eg5w6uzl6","Moreirense FC","NONE","Unassigned","WE_SHOW_SOURCE_DOES_NOT","detach","detach: Absent from FotMob declared squad for Moreirense FC.","none","2025-02-02","N/A",true
"cmuihw24c0a09sexpsgk3ey0z","Joel Jorquera","633114","cmuihqgut00dbh29eg5w6uzl6","Moreirense FC","NONE","Unassigned","WE_SHOW_SOURCE_DOES_NOT","detach","detach: Absent from FotMob declared squad for Moreirense FC.","none","2026-06-29","N/A",true
"cmuihw24p0aaosexp4atrlafb","Rodri Alonso","668178","cmuihqgut00dbh29eg5w6uzl6","Moreirense FC","NONE","Unassigned","WE_SHOW_SOURCE_DOES_NOT","detach","detach: Absent from FotMob declared squad for Moreirense FC.","none","2025-06-30","N/A",true
"FM_1791824","Aranha","N/A","NONE","Unassigned","cmuihqgut00dbh29eg5w6uzl6","Moreirense FC","SOURCE_SHOWS_WE_DO_NOT","create new player","create new player: Ingest new senior player from FotMob squad (shirt #1).","none","N/A","N/A",true
"FM_2233014","Francisco Barbosa","N/A","NONE","Unassigned","cmuihqgut00dbh29eg5w6uzl6","Moreirense FC","SOURCE_SHOWS_WE_DO_NOT","create new player","create new player: Ingest new senior player from FotMob squad (shirt #12).","none","N/A","N/A",true
"FM_1593374","Henrique Sa","N/A","NONE","Unassigned","cmuihqgut00dbh29eg5w6uzl6","Moreirense FC","SOURCE_SHOWS_WE_DO_NOT","create new player","create new player: Ingest new academy player from FotMob squad (shirt #none).","none","N/A","N/A",false
"FM_2131166","Pedro Jesus","N/A","NONE","Unassigned","cmuihqgut00dbh29eg5w6uzl6","Moreirense FC","SOURCE_SHOWS_WE_DO_NOT","create new player","create new player: Ingest new senior player from FotMob squad (shirt #31).","none","N/A","N/A",true
"FM_1736526","Janderson","N/A","NONE","Unassigned","cmuihqgut00dbh29eg5w6uzl6","Moreirense FC","SOURCE_SHOWS_WE_DO_NOT","create new player","create new player: Ingest new senior player from FotMob squad (shirt #32).","none","N/A","N/A",true
"FM_1420146","Koby Mottoh","N/A","NONE","Unassigned","cmuihqgut00dbh29eg5w6uzl6","Moreirense FC","SOURCE_SHOWS_WE_DO_NOT","create new player","create new player: Ingest new senior player from FotMob squad (shirt #77).","none","N/A","N/A",true
"cmuihw24f0a1usexpem4bii2r","João Veloso","637792","cmuihq4q6006lh29eutf0qltf","SL Benfica","cmuihqgut00dbh29eg5w6uzl6","Moreirense FC","SOURCE_SHOWS_WE_DO_NOT","reassign","reassign: Present in Moreirense FC FotMob senior squad (shirt #20); previously at SL Benfica.","none","2025-06-30","N/A",true
"cmuihvzbj0784sexpy0rbk4pc","Rodri","357565","cmuihoy3o002vb23f8egwo6vd","FC Barcelona","cmuihqgut00dbh29eg5w6uzl6","Moreirense FC","SOURCE_SHOWS_WE_DO_NOT","reassign","reassign: Present in Moreirense FC FotMob senior squad (shirt #21); previously at FC Barcelona.","none","2019-07-03","N/A",true
"cmuihw2py0au3sexpw36v37ds","Guilherme Liberato","739442","NONE","Unassigned","cmuihqgut00dbh29eg5w6uzl6","Moreirense FC","SOURCE_SHOWS_WE_DO_NOT","attach","attach: Present in Moreirense FC FotMob squad (shirt #65); attach detached player.","none","N/A","N/A",true
"cmuihw43s0c99sexpi1pgdn8u","Manuel Mendonça","1010120","NONE","Unassigned","cmuihqgut00dbh29eg5w6uzl6","Moreirense FC","SOURCE_SHOWS_WE_DO_NOT","attach","attach: Present in Moreirense FC FotMob squad (shirt #7); attach detached player.","none","N/A","N/A",true
"FM_1283074","Alexandre Duville-Parsemain","N/A","NONE","Unassigned","cmuihqgut00dbh29eg5w6uzl6","Moreirense FC","SOURCE_SHOWS_WE_DO_NOT","create new player","create new player: Ingest new senior player from FotMob squad (shirt #9).","none","N/A","N/A",true
"cmuihw43e0bzjsexpz92njn4j","Tiago Andrade","957740","cmuihqe6h00brh29ew01veugs","FC Porto","cmuihqgut00dbh29eg5w6uzl6","Moreirense FC","SOURCE_SHOWS_WE_DO_NOT","reassign","reassign: Present in Moreirense FC FotMob senior squad (shirt #19); previously at FC Porto.","none","N/A","N/A",true
"FM_1558824","Songa Chipyoka","N/A","NONE","Unassigned","cmuihqgut00dbh29eg5w6uzl6","Moreirense FC","SOURCE_SHOWS_WE_DO_NOT","create new player","create new player: Ingest new senior player from FotMob squad (shirt #28).","none","N/A","N/A",true
"FM_1432570","Michael Dacosta","N/A","NONE","Unassigned","cmuihqgut00dbh29eg5w6uzl6","Moreirense FC","SOURCE_SHOWS_WE_DO_NOT","create new player","create new player: Ingest new senior player from FotMob squad (shirt #44).","none","N/A","N/A",true
"FM_1313374","Leonardo Vonić","N/A","NONE","Unassigned","cmuihqgut00dbh29eg5w6uzl6","Moreirense FC","SOURCE_SHOWS_WE_DO_NOT","create new player","create new player: Ingest new senior player from FotMob squad (shirt #79).","none","N/A","N/A",true
"FM_1842911","Afonso Vieira","N/A","NONE","Unassigned","cmuihqgut00dbh29eg5w6uzl6","Moreirense FC","SOURCE_SHOWS_WE_DO_NOT","create new player","create new player: Ingest new senior player from FotMob squad (shirt #89).","none","N/A","N/A",true
"FM_2141135","Rodrigo Soares","N/A","NONE","Unassigned","cmuihqgut00dbh29eg5w6uzl6","Moreirense FC","SOURCE_SHOWS_WE_DO_NOT","create new player","create new player: Ingest new senior player from FotMob squad (shirt #90).","none","N/A","N/A",true
"cmuihw24g0a2ysexphohwb3of","Maranhão","642591","NONE","Unassigned","cmuihqgut00dbh29eg5w6uzl6","Moreirense FC","SOURCE_SHOWS_WE_DO_NOT","attach","attach: Present in Moreirense FC FotMob squad (shirt #99); attach detached player.","none","N/A","N/A",true
"cmuihvu46018qsexpbpz0nzfl","Ricardo Batista","24846","cmuihq5nq0073h29e11xogoc5","Casa Pia AC","NONE","Unassigned","WE_SHOW_SOURCE_DOES_NOT","detach","detach: Absent from FotMob declared squad for Casa Pia AC.","none","2020-08-30","N/A",true
"cmuihw0j2087bsexppts3d48w","Gaizka Larrazabal","439465","cmuihq5nq0073h29e11xogoc5","Casa Pia AC","NONE","Unassigned","WE_SHOW_SOURCE_DOES_NOT","detach","detach: Absent from FotMob declared squad for Casa Pia AC.","none","2023-07-02","N/A",true
"cmuihw0ka08t8sexpqvsjaz3n","Rafael Brito","504075","cmuihq5nq0073h29e11xogoc5","Casa Pia AC","NONE","Unassigned","WE_SHOW_SOURCE_DOES_NOT","detach","detach: Absent from FotMob declared squad for Casa Pia AC.","none","2023-06-30","N/A",true
"cmuihw1bt090asexpufau9ao9","Kiki","529730","cmuihq5nq0073h29e11xogoc5","Casa Pia AC","NONE","Unassigned","WE_SHOW_SOURCE_DOES_NOT","detach","detach: Absent from FotMob declared squad for Casa Pia AC.","none","2023-01-30","N/A",true
"cmuihw2pj0aihsexpqlgqy89j","Clau Mendes","699501","cmuihq5nq0073h29e11xogoc5","Casa Pia AC","NONE","Unassigned","WE_SHOW_SOURCE_DOES_NOT","detach","detach: Absent from FotMob declared squad for Casa Pia AC.","none","2024-07-02","N/A",true
"cmuihw43h0c27sexp29f661t2","Korede Osundina","975138","cmuihq5nq0073h29e11xogoc5","Casa Pia AC","NONE","Unassigned","WE_SHOW_SOURCE_DOES_NOT","detach","detach: Absent from FotMob declared squad for Casa Pia AC.","none","2025-01-30","N/A",true
"cmuihw2qc0b37sexpfqf1x7ho","Iyad Mohamed","805065","cmuihq5nq0073h29e11xogoc5","Casa Pia AC","NONE","Unassigned","WE_SHOW_SOURCE_DOES_NOT","detach","detach: Absent from FotMob declared squad for Casa Pia AC.","none","2025-02-02","N/A",true
"cmuihw4ro0d1rsexpn4ag69es","Kaly","1241219","cmuihq5nq0073h29e11xogoc5","Casa Pia AC","NONE","Unassigned","WE_SHOW_SOURCE_DOES_NOT","detach","detach: Absent from FotMob declared squad for Casa Pia AC.","none","2025-01-30","N/A",true
"cmuihvzvx07ifsexpssvig5gg","Daniel Azevedo","383008","NONE","Unassigned","cmuihq5nq0073h29e11xogoc5","Casa Pia AC","SOURCE_SHOWS_WE_DO_NOT","attach","attach: Present in Casa Pia AC FotMob squad (shirt #22); attach detached player.","none","N/A","N/A",true
"cmuihw24q0abnsexpbmuuv7x9","André Gomes","670710","NONE","Unassigned","cmuihq5nq0073h29e11xogoc5","Casa Pia AC","SOURCE_SHOWS_WE_DO_NOT","attach","attach: Present in Casa Pia AC FotMob squad (shirt #31); attach detached player.","none","N/A","N/A",true
"cmuihw2qg0b5xsexpc6xud6c1","Ivan Mandić","815219","NONE","Unassigned","cmuihq5nq0073h29e11xogoc5","Casa Pia AC","SOURCE_SHOWS_WE_DO_NOT","attach","attach: Present in Casa Pia AC FotMob squad (shirt #95); attach detached player.","none","N/A","N/A",true
"FM_1683704","Khaly","N/A","NONE","Unassigned","cmuihq5nq0073h29e11xogoc5","Casa Pia AC","SOURCE_SHOWS_WE_DO_NOT","create new player","create new player: Ingest new senior player from FotMob squad (shirt #3).","none","N/A","N/A",true
"cmuihw24c0a0esexpd0amh16c","Kaique Rocha","633377","NONE","Unassigned","cmuihq5nq0073h29e11xogoc5","Casa Pia AC","SOURCE_SHOWS_WE_DO_NOT","attach","attach: Present in Casa Pia AC FotMob squad (shirt #27); attach detached player.","none","N/A","N/A",true
"cmuihw2py0au9sexpo9v9jd8a","David Sousa","740159","NONE","Unassigned","cmuihq5nq0073h29e11xogoc5","Casa Pia AC","SOURCE_SHOWS_WE_DO_NOT","attach","attach: Present in Casa Pia AC FotMob squad (shirt #43); attach detached player.","none","N/A","N/A",true
"cmuihw3ez0bm4sexpswfopo7v","Felipe Silva","908236","NONE","Unassigned","cmuihq5nq0073h29e11xogoc5","Casa Pia AC","SOURCE_SHOWS_WE_DO_NOT","attach","attach: Present in Casa Pia AC FotMob squad (shirt #44); attach detached player.","none","N/A","N/A",true
"FM_1442442","Pedro Silva Rosas","N/A","NONE","Unassigned","cmuihq5nq0073h29e11xogoc5","Casa Pia AC","SOURCE_SHOWS_WE_DO_NOT","create new player","create new player: Ingest new senior player from FotMob squad (shirt #75).","none","N/A","N/A",true
"cmuihvzaz06u2sexpy6a0ap2c","Abdu Conté","337798","NONE","Unassigned","cmuihq5nq0073h29e11xogoc5","Casa Pia AC","SOURCE_SHOWS_WE_DO_NOT","attach","attach: Present in Casa Pia AC FotMob squad (shirt #5); attach detached player.","none","N/A","N/A",true
"FM_1436250","Gabi Pereira","N/A","NONE","Unassigned","cmuihq5nq0073h29e11xogoc5","Casa Pia AC","SOURCE_SHOWS_WE_DO_NOT","create new player","create new player: Ingest new senior player from FotMob squad (shirt #8).","none","N/A","N/A",true
"FM_1388078","Mohamed El Boukammiri","N/A","NONE","Unassigned","cmuihq5nq0073h29e11xogoc5","Casa Pia AC","SOURCE_SHOWS_WE_DO_NOT","create new player","create new player: Ingest new senior player from FotMob squad (shirt #11).","none","N/A","N/A",true
"cmuihw4420chfsexp8k88szw3","Selvi Clua","1061660","NONE","Unassigned","cmuihq5nq0073h29e11xogoc5","Casa Pia AC","SOURCE_SHOWS_WE_DO_NOT","attach","attach: Present in Casa Pia AC FotMob squad (shirt #16); attach detached player.","none","N/A","N/A",true
"FM_1299499","Evans Maurin","N/A","NONE","Unassigned","cmuihq5nq0073h29e11xogoc5","Casa Pia AC","SOURCE_SHOWS_WE_DO_NOT","create new player","create new player: Ingest new senior player from FotMob squad (shirt #17).","none","N/A","N/A",true
"cmuihvxfr04g4sexpp655fvdm","Seba Pérez","182108","NONE","Unassigned","cmuihq5nq0073h29e11xogoc5","Casa Pia AC","SOURCE_SHOWS_WE_DO_NOT","attach","attach: Present in Casa Pia AC FotMob squad (shirt #24); attach detached player.","none","N/A","N/A",true
"FM_1948618","Abdu Dafe","N/A","NONE","Unassigned","cmuihq5nq0073h29e11xogoc5","Casa Pia AC","SOURCE_SHOWS_WE_DO_NOT","create new player","create new player: Ingest new senior player from FotMob squad (shirt #59).","none","N/A","N/A",true
"cmuihw1by092nsexp49gyl6th","Lawrence Ofori","536081","NONE","Unassigned","cmuihq5nq0073h29e11xogoc5","Casa Pia AC","SOURCE_SHOWS_WE_DO_NOT","attach","attach: Present in Casa Pia AC FotMob squad (shirt #80); attach detached player.","none","N/A","N/A",true
"cmuihw24809xjsexpy2856ish","João Pedro","626724","cmuihqcpo00b1h29edf8q9ksb","Chelsea FC","cmuihq5nq0073h29e11xogoc5","Casa Pia AC","SOURCE_SHOWS_WE_DO_NOT","reassign","reassign: Present in Casa Pia AC FotMob senior squad (shirt #98); previously at Chelsea FC.","none","2025-07-01","N/A",true
"cmuihw24509uhsexp5l0piad7","Henrique Araújo","617267","cmuihq4q6006lh29eutf0qltf","SL Benfica","cmuihq5nq0073h29e11xogoc5","Casa Pia AC","SOURCE_SHOWS_WE_DO_NOT","reassign","reassign: Present in Casa Pia AC FotMob senior squad (shirt #9); previously at SL Benfica.","none","2025-06-29","N/A",true
"cmuihvyqy0680sexpntq7eq52","Rochinha","290336","cmuihq66x007fh29elwopl3td","FC Famalicão","cmuihq5nq0073h29e11xogoc5","Casa Pia AC","SOURCE_SHOWS_WE_DO_NOT","reassign","reassign: Present in Casa Pia AC FotMob senior squad (shirt #10); previously at FC Famalicão.","none","2024-06-30","N/A",true
"cmuihw4rm0d0osexpyk2rmdj1","Kevin Prieto","1221003","NONE","Unassigned","cmuihq5nq0073h29e11xogoc5","Casa Pia AC","SOURCE_SHOWS_WE_DO_NOT","attach","attach: Present in Casa Pia AC FotMob squad (shirt #19); attach detached player.","none","N/A","N/A",true
"FM_1033167","Alassana Jatta","N/A","NONE","Unassigned","cmuihq5nq0073h29e11xogoc5","Casa Pia AC","SOURCE_SHOWS_WE_DO_NOT","create new player","create new player: Ingest new senior player from FotMob squad (shirt #20).","none","N/A","N/A",true
"FM_1820280","Aymen Zouin","N/A","NONE","Unassigned","cmuihq5nq0073h29e11xogoc5","Casa Pia AC","SOURCE_SHOWS_WE_DO_NOT","create new player","create new player: Ingest new senior player from FotMob squad (shirt #21).","none","N/A","N/A",true
"cmuihw3f70brzsexp5a4a0krv","João Rego","931415","cmuihq4q6006lh29eutf0qltf","SL Benfica","cmuihq5nq0073h29e11xogoc5","Casa Pia AC","SOURCE_SHOWS_WE_DO_NOT","reassign","reassign: Present in Casa Pia AC FotMob senior squad (shirt #70); previously at SL Benfica.","none","2024-12-31","N/A",true
"cmuihw44c0corsexp8bxaiqnw","Benjamin Pauwels","1104143","cmuihonz1002db23fh4pcz91g","CD Leganés","cmuihq5nq0073h29e11xogoc5","Casa Pia AC","SOURCE_SHOWS_WE_DO_NOT","reassign","reassign: Present in Casa Pia AC FotMob senior squad (shirt #77); previously at CD Leganés.","none","2026-06-29","N/A",true
"cmuihvy620587sexpq53ebl2e","Wout Weghorst","228645","cmuihqce400ath29e227zx42b","Ajax Amsterdam","cmuihq5k60071h29e42akmqnf","FC Twente Enschede","WE_SHOW_SOURCE_DOES_NOT","reassign","reassign: Player is registered in FC Twente Enschede current FotMob squad (shirt #9).","none","2024-08-28","N/A",true
"cmuihw1d909basexpn0xndq40","Youri Regeer","559324","cmuihqce400ath29e227zx42b","Ajax Amsterdam","cmuihqfqk00cnh29e7bfyem85","SV Werder Bremen","WE_SHOW_SOURCE_DOES_NOT","reassign","reassign: Player is registered in SV Werder Bremen current FotMob squad (shirt #44).","none","2025-01-23","N/A",true
"cmuihw1d909bgsexp6rwgjq3h","Kian Fitz-Jim","559333","cmuihqce400ath29e227zx42b","Ajax Amsterdam","cmuihq9hw0099h29erttwt92h","Torino FC","WE_SHOW_SOURCE_DOES_NOT","reassign","reassign: Player is registered in Torino FC current FotMob squad (shirt #28).","none","2024-01-10","N/A",true
"cmuihvzvq07dhsexpg2xekoxr","Josip Sutalo","371001","cmuihqce400ath29e227zx42b","Ajax Amsterdam","cmuihq8em008nh29e1swv1hng","Società Sportiva Lazio S.p.A.","WE_SHOW_SOURCE_DOES_NOT","reassign","reassign: Player is registered in Società Sportiva Lazio S.p.A. current FotMob squad (shirt #37).","none","2023-08-19","N/A",true
"cmuihw43k0c4ssexpfxbw5k2v","Lucas Jetten","987355","cmuihqce400ath29e227zx42b","Ajax Amsterdam","cmuihpy3m002zh29ew56izgoh","SC Cambuur Leeuwarden","WE_SHOW_SOURCE_DOES_NOT","reassign","reassign: Player is registered in SC Cambuur Leeuwarden current FotMob squad (shirt #23).","none","2024-06-30","N/A",true
"cmuihw2q50axzsexpinqc05sf","Mika Godts","748804","cmuihqce400ath29e227zx42b","Ajax Amsterdam","cmuihqbws00ajh29e1ujz5fht","Paris Saint-Germain","WE_SHOW_SOURCE_DOES_NOT","reassign","reassign: Player is registered in Paris Saint-Germain current FotMob squad (shirt #22).","none","2023-12-31","N/A",true
"cmuihw43s0c9wsexp75tsy0sw","Paul Reverson","1015401","cmuihqce400ath29e227zx42b","Ajax Amsterdam","NONE","Unassigned","WE_SHOW_SOURCE_DOES_NOT","detach","detach: Absent from FotMob declared squad for Ajax Amsterdam.","none","2024-06-30","N/A",true
"FM_184554","Marc ter Stegen","N/A","NONE","Unassigned","cmuihqce400ath29e227zx42b","Ajax Amsterdam","SOURCE_SHOWS_WE_DO_NOT","create new player","create new player: Ingest new senior player from FotMob squad (shirt #1).","none","N/A","N/A",true
"cmuihvzw907qdsexpexpmv13s","Maarten Paes","396077","NONE","Unassigned","cmuihqce400ath29e227zx42b","Ajax Amsterdam","SOURCE_SHOWS_WE_DO_NOT","attach","attach: Present in Ajax Amsterdam FotMob squad (shirt #26); attach detached player.","none","N/A","N/A",true
"cmuihvy62058fsexpo7x77vo7","Thilo Kehrer","228948","cmuihq0az0047h29ew2gfpbqj","AS Monaco","cmuihqce400ath29e227zx42b","Ajax Amsterdam","SOURCE_SHOWS_WE_DO_NOT","reassign","reassign: Present in Ajax Amsterdam FotMob senior squad (shirt #6); previously at AS Monaco.","none","2024-06-30","N/A",true
"cmuihvzwr080xsexpab6o9o8g","Caio Henrique","420064","cmuihq0az0047h29ew2gfpbqj","AS Monaco","cmuihqce400ath29e227zx42b","Ajax Amsterdam","SOURCE_SHOWS_WE_DO_NOT","reassign","reassign: Present in Ajax Amsterdam FotMob senior squad (shirt #12); previously at AS Monaco.","none","2020-08-26","N/A",true
"cmuihs81101b1h29eguj431ee","Daley Blind","12282","cmuiholli0029b23fvytgha8z","Girona FC","cmuihqce400ath29e227zx42b","Ajax Amsterdam","SOURCE_SHOWS_WE_DO_NOT","reassign","reassign: Present in Ajax Amsterdam FotMob senior squad (shirt #17); previously at Girona FC.","none","2023-07-06","N/A",true
"cmuihw43s0c97sexpma22klmp","Jofre Torrents","1009765","NONE","Unassigned","cmuihqce400ath29e227zx42b","Ajax Amsterdam","SOURCE_SHOWS_WE_DO_NOT","attach","attach: Present in Ajax Amsterdam FotMob squad (shirt #21); attach detached player.","none","N/A","N/A",true
"cmuihw43k0c4wsexpd75om1sq","Aaron Bouwman","987366","NONE","Unassigned","cmuihqce400ath29e227zx42b","Ajax Amsterdam","SOURCE_SHOWS_WE_DO_NOT","attach","attach: Present in Ajax Amsterdam FotMob squad (shirt #30); attach detached player.","none","N/A","N/A",true
"cmuihw2q70aylsexpjovzget8","Dies Janse","765743","NONE","Unassigned","cmuihqce400ath29e227zx42b","Ajax Amsterdam","SOURCE_SHOWS_WE_DO_NOT","attach","attach: Present in Ajax Amsterdam FotMob squad (shirt #36); attach detached player.","none","N/A","N/A",true
"cmuihvzwk07wssexpdi6kkcmp","Yves Bissouma","410425","NONE","Unassigned","cmuihqce400ath29e227zx42b","Ajax Amsterdam","SOURCE_SHOWS_WE_DO_NOT","attach","attach: Present in Ajax Amsterdam FotMob squad (shirt #N/A); attach detached player.","none","N/A","N/A",false
"FM_593116","Sofyan Amrabat","N/A","NONE","Unassigned","cmuihqce400ath29e227zx42b","Ajax Amsterdam","SOURCE_SHOWS_WE_DO_NOT","create new player","create new player: Ingest new senior player from FotMob squad (shirt #4).","none","N/A","N/A",true
"cmuihvxfz04kjsexp8jb1q0o4","Julian Brandt","187492","NONE","Unassigned","cmuihqce400ath29e227zx42b","Ajax Amsterdam","SOURCE_SHOWS_WE_DO_NOT","attach","attach: Present in Ajax Amsterdam FotMob squad (shirt #8); attach detached player.","none","N/A","N/A",true
"FM_1337911","Oscar Gloukh","N/A","NONE","Unassigned","cmuihqce400ath29e227zx42b","Ajax Amsterdam","SOURCE_SHOWS_WE_DO_NOT","create new player","create new player: Ingest new senior player from FotMob squad (shirt #10).","none","N/A","N/A",true
"cmuihw44d0cp0sexp7w4rqoix","Jorthy Mokio","1105532","NONE","Unassigned","cmuihqce400ath29e227zx42b","Ajax Amsterdam","SOURCE_SHOWS_WE_DO_NOT","attach","attach: Present in Ajax Amsterdam FotMob squad (shirt #24); attach detached player.","none","N/A","N/A",true
"cmuihw4rj0cz8sexp7s1hgdzf","Abdellah Ouazane","1194905","NONE","Unassigned","cmuihqce400ath29e227zx42b","Ajax Amsterdam","SOURCE_SHOWS_WE_DO_NOT","attach","attach: Present in Ajax Amsterdam FotMob squad (shirt #68); attach detached player.","none","N/A","N/A",true
"cmuihw24l0a7psexpg8yiw4co","Simon Adingra","658536","cmuihq47i006bh29e3kejf8oh","Sunderland AFC","cmuihqce400ath29e227zx42b","Ajax Amsterdam","SOURCE_SHOWS_WE_DO_NOT","reassign","reassign: Present in Ajax Amsterdam FotMob senior squad (shirt #7); previously at Sunderland AFC.","none","2026-06-29","N/A",true
"FM_640742","Kasper Dolberg","N/A","NONE","Unassigned","cmuihqce400ath29e227zx42b","Ajax Amsterdam","SOURCE_SHOWS_WE_DO_NOT","create new player","create new player: Ingest new senior player from FotMob squad (shirt #9).","none","N/A","N/A",true
"FM_564847","Viktor Tsigankov","N/A","NONE","Unassigned","cmuihqce400ath29e227zx42b","Ajax Amsterdam","SOURCE_SHOWS_WE_DO_NOT","create new player","create new player: Ingest new senior player from FotMob squad (shirt #11).","none","N/A","N/A",true
"FM_1174663","Marcos Leonardo","N/A","NONE","Unassigned","cmuihqce400ath29e227zx42b","Ajax Amsterdam","SOURCE_SHOWS_WE_DO_NOT","create new player","create new player: Ingest new senior player from FotMob squad (shirt #38).","none","N/A","N/A",true
"cmuihw23x09oasexpdx77wy1s","Rayane Bounida","598491","NONE","Unassigned","cmuihqce400ath29e227zx42b","Ajax Amsterdam","SOURCE_SHOWS_WE_DO_NOT","attach","attach: Present in Ajax Amsterdam FotMob squad (shirt #43); attach detached player.","none","N/A","N/A",true
"FM_1072864","Tolu Arokodare","N/A","NONE","Unassigned","cmuihqce400ath29e227zx42b","Ajax Amsterdam","SOURCE_SHOWS_WE_DO_NOT","create new player","create new player: Ingest new senior player from FotMob squad (shirt #99).","none","N/A","N/A",true
"FM_876161","Michael Cooper","N/A","NONE","Unassigned","cmuihq7mj0089h29e0q3gm3nk","West Ham United","SOURCE_SHOWS_WE_DO_NOT","create new player","create new player: Ingest new senior player from FotMob squad (shirt #1).","none","N/A","N/A",true
"cmuihvwrc03h2sexp6vy8q2l8","Adam Davies","121254","cmuihq6yq007th29eswbnw486","Sheffield United","cmuihq7mj0089h29e0q3gm3nk","West Ham United","SOURCE_SHOWS_WE_DO_NOT","reassign","reassign: Present in West Ham United FotMob senior squad (shirt #17); previously at Sheffield United.","none","2022-01-24","N/A",true
"cmuihvxfm04bysexpxea8a7n4","Matt Doherty","171679","NONE","Unassigned","cmuihq7mj0089h29e0q3gm3nk","West Ham United","SOURCE_SHOWS_WE_DO_NOT","attach","attach: Present in West Ham United FotMob squad (shirt #2); attach detached player.","none","N/A","N/A",true
"cmuihw24609vbsexpdjd3gmm4","Sam McCallum","618901","NONE","Unassigned","cmuihq7mj0089h29e0q3gm3nk","West Ham United","SOURCE_SHOWS_WE_DO_NOT","attach","attach: Present in West Ham United FotMob squad (shirt #3); attach detached player.","none","N/A","N/A",true
"cmuihvzb8071esexpjycc8pws","Japhet Tanganga","346478","NONE","Unassigned","cmuihq7mj0089h29e0q3gm3nk","West Ham United","SOURCE_SHOWS_WE_DO_NOT","attach","attach: Present in West Ham United FotMob squad (shirt #5); attach detached player.","none","N/A","N/A",true
"cmuihvzb506y9sexpw0mn6h07","Hamza Choudhury","341501","NONE","Unassigned","cmuihq7mj0089h29e0q3gm3nk","West Ham United","SOURCE_SHOWS_WE_DO_NOT","attach","attach: Present in West Ham United FotMob squad (shirt #8); attach detached player.","none","N/A","N/A",true
"FM_877697","Harrison Burrows","N/A","NONE","Unassigned","cmuihq7mj0089h29e0q3gm3nk","West Ham United","SOURCE_SHOWS_WE_DO_NOT","create new player","create new player: Ingest new senior player from FotMob squad (shirt #14).","none","N/A","N/A",true
"FM_914399","Liam Kitching","N/A","NONE","Unassigned","cmuihq7mj0089h29e0q3gm3nk","West Ham United","SOURCE_SHOWS_WE_DO_NOT","create new player","create new player: Ingest new senior player from FotMob squad (shirt #15).","none","N/A","N/A",true
"cmuihw1bx092bsexptitfmfo0","Jamie Shackleton","534700","NONE","Unassigned","cmuihq7mj0089h29e0q3gm3nk","West Ham United","SOURCE_SHOWS_WE_DO_NOT","attach","attach: Present in West Ham United FotMob squad (shirt #16); attach detached player.","none","N/A","N/A",true
"FM_1109477","Mark McGuinness","N/A","NONE","Unassigned","cmuihq7mj0089h29e0q3gm3nk","West Ham United","SOURCE_SHOWS_WE_DO_NOT","create new player","create new player: Ingest new senior player from FotMob squad (shirt #25).","none","N/A","N/A",true
"cmuihw1cw096hsexpiggbunqu","Rhys Norrington-Davies","543164","NONE","Unassigned","cmuihq7mj0089h29e0q3gm3nk","West Ham United","SOURCE_SHOWS_WE_DO_NOT","attach","attach: Present in West Ham United FotMob squad (shirt #30); attach detached player.","none","N/A","N/A",true
"cmuihw24209s5sexpcxx688k6","Jamal Baptiste","610706","NONE","Unassigned","cmuihq7mj0089h29e0q3gm3nk","West Ham United","SOURCE_SHOWS_WE_DO_NOT","attach","attach: Present in West Ham United FotMob squad (shirt #33); attach detached player.","none","N/A","N/A",true
"cmuihw24f0a24sexpi5swiid1","Femi Seriki","638649","NONE","Unassigned","cmuihq7mj0089h29e0q3gm3nk","West Ham United","SOURCE_SHOWS_WE_DO_NOT","attach","attach: Present in West Ham United FotMob squad (shirt #38); attach detached player.","none","N/A","N/A",true
"FM_1344572","Ollie Arblaster","N/A","NONE","Unassigned","cmuihq7mj0089h29e0q3gm3nk","West Ham United","SOURCE_SHOWS_WE_DO_NOT","create new player","create new player: Ingest new senior player from FotMob squad (shirt #4).","none","N/A","N/A",true
"FM_613182","Joe Rothwell","N/A","NONE","Unassigned","cmuihq7mj0089h29e0q3gm3nk","West Ham United","SOURCE_SHOWS_WE_DO_NOT","create new player","create new player: Ingest new senior player from FotMob squad (shirt #7).","none","N/A","N/A",true
"cmuihw44b0cnmsexpaqvzpo4j","Romelle Donovan","1091562","cmuihocpq001vb23fu3cm5yh8","Brentford FC","cmuihq7mj0089h29e0q3gm3nk","West Ham United","SOURCE_SHOWS_WE_DO_NOT","reassign","reassign: Present in West Ham United FotMob senior squad (shirt #11); previously at Brentford FC.","none","2025-06-30","N/A",true
"cmuihvzb7070dsexpybo72m4i","Tahith Chong","344830","cmuihq6yq007th29eswbnw486","Sheffield United","cmuihq7mj0089h29e0q3gm3nk","West Ham United","SOURCE_SHOWS_WE_DO_NOT","reassign","reassign: Present in West Ham United FotMob senior squad (shirt #19); previously at Sheffield United.","none","2023-07-13","N/A",true
"cmuihvyra06hksexpvnb9aj71","Tom Davies","314210","NONE","Unassigned","cmuihq7mj0089h29e0q3gm3nk","West Ham United","SOURCE_SHOWS_WE_DO_NOT","attach","attach: Present in West Ham United FotMob squad (shirt #22); attach detached player.","none","N/A","N/A",true
"cmuihvzbb0746sexph6kh7tq2","Kalvin Phillips","351749","cmuihq3vs0069h29ebm5xqhye","Manchester City","cmuihq7mj0089h29e0q3gm3nk","West Ham United","SOURCE_SHOWS_WE_DO_NOT","reassign","reassign: Present in West Ham United FotMob senior squad (shirt #27); previously at Manchester City.","none","2026-06-29","N/A",true
"cmuihw2q10awssexpidi2gfrz","Sydie Peck","745851","NONE","Unassigned","cmuihq7mj0089h29e0q3gm3nk","West Ham United","SOURCE_SHOWS_WE_DO_NOT","attach","attach: Present in West Ham United FotMob squad (shirt #42); attach detached player.","none","N/A","N/A",true
"FM_496563","Jaïro Riedewald","N/A","NONE","Unassigned","cmuihq7mj0089h29e0q3gm3nk","West Ham United","SOURCE_SHOWS_WE_DO_NOT","create new player","create new player: Ingest new senior player from FotMob squad (shirt #44).","none","N/A","N/A",true
"FM_1113736","Thomas Cannon","N/A","NONE","Unassigned","cmuihq7mj0089h29e0q3gm3nk","West Ham United","SOURCE_SHOWS_WE_DO_NOT","create new player","create new player: Ingest new senior player from FotMob squad (shirt #9).","none","N/A","N/A",true
"cmuihvvwg03aasexp4imv6pkm","Jordan Ayew","108354","cmuihnjhl000db23fh1satlpq","Leicester City","cmuihq7mj0089h29e0q3gm3nk","West Ham United","SOURCE_SHOWS_WE_DO_NOT","reassign","reassign: Present in West Ham United FotMob senior squad (shirt #10); previously at Leicester City.","none","2024-08-22","N/A",true
"FM_820581","Ben Brereton","N/A","NONE","Unassigned","cmuihq7mj0089h29e0q3gm3nk","West Ham United","SOURCE_SHOWS_WE_DO_NOT","create new player","create new player: Ingest new senior player from FotMob squad (shirt #22).","none","N/A","N/A",true
"cmuihvzvx07iasexpt45jpv95","Tyrese Campbell","382554","NONE","Unassigned","cmuihq7mj0089h29e0q3gm3nk","West Ham United","SOURCE_SHOWS_WE_DO_NOT","attach","attach: Present in West Ham United FotMob squad (shirt #23); attach detached player.","none","N/A","N/A",true
"cmuihw43v0cbosexpbes4a8jx","Ryan Oné","1031293","NONE","Unassigned","cmuihq7mj0089h29e0q3gm3nk","West Ham United","SOURCE_SHOWS_WE_DO_NOT","attach","attach: Present in West Ham United FotMob squad (shirt #26); attach detached player.","none","N/A","N/A",true
"cmuihvxfv04hqsexp98wpdfcr","Patrick Bamford","183334","NONE","Unassigned","cmuihq7mj0089h29e0q3gm3nk","West Ham United","SOURCE_SHOWS_WE_DO_NOT","attach","attach: Present in West Ham United FotMob squad (shirt #45); attach detached player.","none","N/A","N/A",true
"cmuihw2pj0aivsexpxt70rl6p","Alfie Brooks","700461","cmuihqbq700ahh29euibcxp0b","Wolverhampton Wanderers","NONE","Unassigned","WE_SHOW_SOURCE_DOES_NOT","detach","detach: Absent from FotMob declared squad for Wolverhampton Wanderers.","none","N/A","N/A",true
"cmuihvzwe07swsexp2b1dw8gv","Mads Hermansen","400536","NONE","Unassigned","cmuihqbq700ahh29euibcxp0b","Wolverhampton Wanderers","SOURCE_SHOWS_WE_DO_NOT","attach","attach: Present in Wolverhampton Wanderers FotMob squad (shirt #1); attach detached player.","none","N/A","N/A",true
"cmuihvwrb03gqsexpddane82y","Alphonse Areola","120629","cmuihq7mj0089h29e0q3gm3nk","West Ham United","cmuihqbq700ahh29euibcxp0b","Wolverhampton Wanderers","SOURCE_SHOWS_WE_DO_NOT","reassign","reassign: Present in Wolverhampton Wanderers FotMob senior squad (shirt #23); previously at West Ham United.","none","2022-06-30","N/A",true
"cmuihw3el0bbysexpm80oyv1i","Finlay Herrick","848439","NONE","Unassigned","cmuihqbq700ahh29euibcxp0b","Wolverhampton Wanderers","SOURCE_SHOWS_WE_DO_NOT","attach","attach: Present in Wolverhampton Wanderers FotMob squad (shirt #49); attach detached player.","none","N/A","N/A",true
"cmuihvzb506xnsexppi35gm60","Kyle Walker-Peters","341051","NONE","Unassigned","cmuihqbq700ahh29euibcxp0b","Wolverhampton Wanderers","SOURCE_SHOWS_WE_DO_NOT","attach","attach: Present in Wolverhampton Wanderers FotMob squad (shirt #2); attach detached player.","none","N/A","N/A",true
"FM_865931","Max Kilman","N/A","NONE","Unassigned","cmuihqbq700ahh29euibcxp0b","Wolverhampton Wanderers","SOURCE_SHOWS_WE_DO_NOT","create new player","create new player: Ingest new senior player from FotMob squad (shirt #3).","none","N/A","N/A",true
"cmuihw24s0ad3sexp360xfzfm","Morato","673492","cmuihqdq000bkh29et7iwzrfd","Nottingham Forest","cmuihqbq700ahh29euibcxp0b","Wolverhampton Wanderers","SOURCE_SHOWS_WE_DO_NOT","reassign","reassign: Present in Wolverhampton Wanderers FotMob senior squad (shirt #5); previously at Nottingham Forest.","none","2024-08-29","N/A",true
"cmuihvzwn07zgsexp9x7eu68j","Konstantinos Mavropanos","415912","cmuihq7mj0089h29e0q3gm3nk","West Ham United","cmuihqbq700ahh29euibcxp0b","Wolverhampton Wanderers","SOURCE_SHOWS_WE_DO_NOT","reassign","reassign: Present in Wolverhampton Wanderers FotMob senior squad (shirt #15); previously at West Ham United.","none","2023-08-21","N/A",true
"cmuihw2pr0anisexp6f4g2v51","Adama Boiro","710671","cmuihqcpi00azh29e0ihjlfsq","Athletic Bilbao","cmuihqbq700ahh29euibcxp0b","Wolverhampton Wanderers","SOURCE_SHOWS_WE_DO_NOT","reassign","reassign: Present in Wolverhampton Wanderers FotMob senior squad (shirt #18); previously at Athletic Bilbao.","none","2024-06-30","N/A",true
"cmuihw3f20bousexp767vmh3o","Oliver Scarles","922563","cmuihq7mj0089h29e0q3gm3nk","West Ham United","cmuihqbq700ahh29euibcxp0b","Wolverhampton Wanderers","SOURCE_SHOWS_WE_DO_NOT","reassign","reassign: Present in Wolverhampton Wanderers FotMob senior squad (shirt #30); previously at West Ham United.","none","2024-12-31","N/A",true
"cmuihvvyc03c9sexpxvqmosjx","Joël Veltman","111195","NONE","Unassigned","cmuihqbq700ahh29euibcxp0b","Wolverhampton Wanderers","SOURCE_SHOWS_WE_DO_NOT","attach","attach: Present in Wolverhampton Wanderers FotMob squad (shirt #34); attach detached player.","none","N/A","N/A",true
"cmuihw44d0cpmsexpea96usia","Airidas Golambeckis","1108668","NONE","Unassigned","cmuihqbq700ahh29euibcxp0b","Wolverhampton Wanderers","SOURCE_SHOWS_WE_DO_NOT","attach","attach: Present in Wolverhampton Wanderers FotMob squad (shirt #58); attach detached player.","none","N/A","N/A",true
"cmuihw44d0cp8sexpkjcea9hv","Ezra Mayers","1107726","cmuihq7mj0089h29e0q3gm3nk","West Ham United","cmuihqbq700ahh29euibcxp0b","Wolverhampton Wanderers","SOURCE_SHOWS_WE_DO_NOT","reassign","reassign: Present in Wolverhampton Wanderers FotMob senior squad (shirt #63); previously at West Ham United.","none","2024-06-30","N/A",true
"cmuihvzwf07tcsexphwq16tcr","Edson Álvarez","401356","NONE","Unassigned","cmuihqbq700ahh29euibcxp0b","Wolverhampton Wanderers","SOURCE_SHOWS_WE_DO_NOT","attach","attach: Present in Wolverhampton Wanderers FotMob squad (shirt #4); attach detached player.","none","N/A","N/A",true
"FM_1178443","Arne Engels","N/A","NONE","Unassigned","cmuihqbq700ahh29euibcxp0b","Wolverhampton Wanderers","SOURCE_SHOWS_WE_DO_NOT","create new player","create new player: Ingest new senior player from FotMob squad (shirt #7).","none","N/A","N/A",true
"cmuihw43x0cdtsexpirrsavhc","Divine Mukasa","1047280","NONE","Unassigned","cmuihqbq700ahh29euibcxp0b","Wolverhampton Wanderers","SOURCE_SHOWS_WE_DO_NOT","attach","attach: Present in Wolverhampton Wanderers FotMob squad (shirt #14); attach detached player.","none","N/A","N/A",true
"cmuihw2q10awdsexpy5nr2k09","Soungoutou Magassa","745181","NONE","Unassigned","cmuihqbq700ahh29euibcxp0b","Wolverhampton Wanderers","SOURCE_SHOWS_WE_DO_NOT","attach","attach: Present in Wolverhampton Wanderers FotMob squad (shirt #27); attach detached player.","none","N/A","N/A",true
"cmuihvyqs0633sexpyuzjkxxc","Tomáš Souček","283628","cmuihq7mj0089h29e0q3gm3nk","West Ham United","cmuihqbq700ahh29euibcxp0b","Wolverhampton Wanderers","SOURCE_SHOWS_WE_DO_NOT","reassign","reassign: Present in Wolverhampton Wanderers FotMob senior squad (shirt #28); previously at West Ham United.","none","2020-07-26","N/A",true
"cmuihw3ek0bblsexpfz8lh4l1","Lewis Orford","845809","NONE","Unassigned","cmuihqbq700ahh29euibcxp0b","Wolverhampton Wanderers","SOURCE_SHOWS_WE_DO_NOT","attach","attach: Present in Wolverhampton Wanderers FotMob squad (shirt #61); attach detached player.","none","N/A","N/A",true
"cmuihw4r40csxsexpbnnplny6","Joshua Ajala","1138200","NONE","Unassigned","cmuihqbq700ahh29euibcxp0b","Wolverhampton Wanderers","SOURCE_SHOWS_WE_DO_NOT","attach","attach: Present in Wolverhampton Wanderers FotMob squad (shirt #66); attach detached player.","none","N/A","N/A",true
"cmuihvzvp07d5sexpj8xf70p9","Joël Piroe","369962","cmuihq8hv008ph29ejwdrv7xd","Leeds United","cmuihqbq700ahh29euibcxp0b","Wolverhampton Wanderers","SOURCE_SHOWS_WE_DO_NOT","reassign","reassign: Present in Wolverhampton Wanderers FotMob senior squad (shirt #9); previously at Leeds United.","none","2023-08-23","N/A",true
"cmuihvzwa07r2sexpq4lznsmn","Manor Solomon","396638","NONE","Unassigned","cmuihqbq700ahh29euibcxp0b","Wolverhampton Wanderers","SOURCE_SHOWS_WE_DO_NOT","attach","attach: Present in Wolverhampton Wanderers FotMob squad (shirt #10); attach detached player.","none","N/A","N/A",true
"FM_823658","Valentín Castellanos","N/A","NONE","Unassigned","cmuihqbq700ahh29euibcxp0b","Wolverhampton Wanderers","SOURCE_SHOWS_WE_DO_NOT","create new player","create new player: Ingest new senior player from FotMob squad (shirt #11).","none","N/A","N/A",true
"cmuihw3ef0b6zsexpnj1s9xde","Pablo","817665","NONE","Unassigned","cmuihqbq700ahh29euibcxp0b","Wolverhampton Wanderers","SOURCE_SHOWS_WE_DO_NOT","attach","attach: Present in Wolverhampton Wanderers FotMob squad (shirt #19); attach detached player.","none","N/A","N/A",true
"cmuihvyrb06i8sexpyrb45dpn","Jarrod Bowen","314875","cmuihq7mj0089h29e0q3gm3nk","West Ham United","cmuihqbq700ahh29euibcxp0b","Wolverhampton Wanderers","SOURCE_SHOWS_WE_DO_NOT","reassign","reassign: Present in Wolverhampton Wanderers FotMob senior squad (shirt #20); previously at West Ham United.","none","2020-01-30","N/A",true
"cmuihw43q0c7msexpav05j9ky","Keiber Lamadrid","1004203","NONE","Unassigned","cmuihqbq700ahh29euibcxp0b","Wolverhampton Wanderers","SOURCE_SHOWS_WE_DO_NOT","attach","attach: Present in Wolverhampton Wanderers FotMob squad (shirt #21); attach detached player.","none","N/A","N/A",true
"cmuihvy6505avsexp6yzq6iz3","Maxwel Cornet","234781","NONE","Unassigned","cmuihqbq700ahh29euibcxp0b","Wolverhampton Wanderers","SOURCE_SHOWS_WE_DO_NOT","attach","attach: Present in Wolverhampton Wanderers FotMob squad (shirt #22); attach detached player.","none","N/A","N/A",true
"FM_1367620","Edvin Austbø","N/A","NONE","Unassigned","cmuihqbq700ahh29euibcxp0b","Wolverhampton Wanderers","SOURCE_SHOWS_WE_DO_NOT","create new player","create new player: Ingest new senior player from FotMob squad (shirt #35).","none","N/A","N/A",true
"FM_1178602","Senne Lammens","N/A","NONE","Unassigned","cmuihqgxr00ddh29e8cr2u808","Manchester United","SOURCE_SHOWS_WE_DO_NOT","create new player","create new player: Ingest new senior player from FotMob squad (shirt #1).","none","N/A","N/A",true
"cmuihvvw8036ysexpibga9uvv","Karl Darlow","99397","cmuihq8hv008ph29ejwdrv7xd","Leeds United","cmuihqgxr00ddh29e8cr2u808","Manchester United","SOURCE_SHOWS_WE_DO_NOT","reassign","reassign: Present in Manchester United FotMob senior squad (shirt #12); previously at Leeds United.","none","2023-07-28","N/A",true
"cmuihw24609vssexp3n65h4ai","Dermot Mee","620362","NONE","Unassigned","cmuihqgxr00ddh29e8cr2u808","Manchester United","SOURCE_SHOWS_WE_DO_NOT","attach","attach: Present in Manchester United FotMob squad (shirt #45); attach detached player.","none","N/A","N/A",true
"cmuihw2q00avusexpi5wxxlyb","Andrey Santos","743600","cmuihqcpo00b1h29edf8q9ksb","Chelsea FC","cmuihqgxr00ddh29e8cr2u808","Manchester United","SOURCE_SHOWS_WE_DO_NOT","reassign","reassign: Present in Manchester United FotMob senior squad (shirt #17); previously at Chelsea FC.","none","2025-05-30","N/A",true
"cmuihvy6j05ljsexpm3b43eo2","Youri Tielemans","249565","cmuihq8vi008xh29edz4vg4xw","Aston Villa","cmuihqgxr00ddh29e8cr2u808","Manchester United","SOURCE_SHOWS_WE_DO_NOT","reassign","reassign: Present in Manchester United FotMob senior squad (shirt #18); previously at Aston Villa.","none","2023-06-30","N/A",true
"cmuihw43g0c1ssexp5lpf6ebj","Carlos Baleba","973085","cmuihomne002bb23fq0sdhdrm","Brighton & Hove Albion","cmuihqgxr00ddh29e8cr2u808","Manchester United","SOURCE_SHOWS_WE_DO_NOT","reassign","reassign: Present in Manchester United FotMob senior squad (shirt #20); previously at Brighton & Hove Albion.","none","2023-08-28","N/A",true
"cmuihw43y0cebsexpirsjfnb9","Tyler Fletcher","1049911","NONE","Unassigned","cmuihqgxr00ddh29e8cr2u808","Manchester United","SOURCE_SHOWS_WE_DO_NOT","attach","attach: Present in Manchester United FotMob squad (shirt #39); attach detached player.","none","N/A","N/A",true
"cmuihw43s0c9ksexpk7m36h4p","Harry Amass","1011738","NONE","Unassigned","cmuihqgxr00ddh29e8cr2u808","Manchester United","SOURCE_SHOWS_WE_DO_NOT","attach","attach: Present in Manchester United FotMob squad (shirt #41); attach detached player.","none","N/A","N/A",true
"cmuihw3f40bpxsexpxr16y1qp","Shea Lacey","926309","NONE","Unassigned","cmuihqgxr00ddh29e8cr2u808","Manchester United","SOURCE_SHOWS_WE_DO_NOT","attach","attach: Present in Manchester United FotMob squad (shirt #31); attach detached player.","none","N/A","N/A",true
"cmuihvvwf03a0sexp710iefpr","Jonas Meffert","107574","cmuihq9070091h29ex9cb7wyt","Hamburger SV","NONE","Unassigned","WE_SHOW_SOURCE_DOES_NOT","detach","detach: Absent from FotMob declared squad for Hamburger SV.","none","N/A","N/A",true
"cmuihvxg604pusexpgymlsef8","Robert Glatzel","196139","cmuihq9070091h29ex9cb7wyt","Hamburger SV","NONE","Unassigned","WE_SHOW_SOURCE_DOES_NOT","detach","detach: Absent from FotMob declared squad for Hamburger SV.","none","2021-06-30","N/A",true
"cmuihvyqz069fsexpycp55es5","Jean-Luc Dompé","291222","cmuihq9070091h29ex9cb7wyt","Hamburger SV","NONE","Unassigned","WE_SHOW_SOURCE_DOES_NOT","detach","detach: Absent from FotMob declared squad for Hamburger SV.","none","2022-08-17","N/A",true
"cmuihw2q00avjsexpc52jsqh4","William Mikelbrencis","743500","cmuihq9070091h29ex9cb7wyt","Hamburger SV","NONE","Unassigned","WE_SHOW_SOURCE_DOES_NOT","detach","detach: Absent from FotMob declared squad for Hamburger SV.","none","2022-08-30","N/A",true
"cmuihw0js08ifsexpskzhjx1y","Noah Katterbach","469949","cmuihq9070091h29ex9cb7wyt","Hamburger SV","NONE","Unassigned","WE_SHOW_SOURCE_DOES_NOT","detach","detach: Absent from FotMob declared squad for Hamburger SV.","none","2024-01-30","N/A",true
"cmuihw1bt090esexpxudnkj64","Daniel Elfadli","529895","cmuihq9070091h29ex9cb7wyt","Hamburger SV","NONE","Unassigned","WE_SHOW_SOURCE_DOES_NOT","detach","detach: Absent from FotMob declared squad for Hamburger SV.","none","2024-06-30","N/A",true
"cmuihw3ew0bjpsexpak2zm6rf","Hannes Hermann","894692","cmuihq9070091h29ex9cb7wyt","Hamburger SV","NONE","Unassigned","WE_SHOW_SOURCE_DOES_NOT","detach","detach: Absent from FotMob declared squad for Hamburger SV.","none","2024-06-30","N/A",true
"cmuihw3ez0bmesexp3ua0r8u9","Fábio Baldé","910541","cmuihq9070091h29ex9cb7wyt","Hamburger SV","cmuihqd8900bbh29em5y4p2o4","RC Strasbourg Alsace","WE_SHOW_SOURCE_DOES_NOT","reassign","reassign: Player is registered in RC Strasbourg Alsace current FotMob squad (shirt #19).","none","2024-06-30","N/A",true
"cmuihw43y0cepsexpr7m66iem","Aboubaka Soumahoro","1052420","cmuihq9070091h29ex9cb7wyt","Hamburger SV","NONE","Unassigned","WE_SHOW_SOURCE_DOES_NOT","detach","detach: Absent from FotMob declared squad for Hamburger SV.","none","N/A","N/A",true
"cmuihw4rl0d0fsexpkg1hg55s","Alexander Røssing-Lelesiit","1213681","cmuihq9070091h29ex9cb7wyt","Hamburger SV","NONE","Unassigned","WE_SHOW_SOURCE_DOES_NOT","detach","detach: Absent from FotMob declared squad for Hamburger SV.","none","2025-02-02","N/A",true
"cmuihw1d4098osexpgtrs3mt8","Sander Tangvik","549378","NONE","Unassigned","cmuihq9070091h29ex9cb7wyt","Hamburger SV","SOURCE_SHOWS_WE_DO_NOT","attach","attach: Present in Hamburger SV FotMob squad (shirt #12); attach detached player.","none","N/A","N/A",true
"cmuihw43y0ce5sexp09dp9j50","Fernando Dickes","1048715","NONE","Unassigned","cmuihq9070091h29ex9cb7wyt","Hamburger SV","SOURCE_SHOWS_WE_DO_NOT","attach","attach: Present in Hamburger SV FotMob squad (shirt #41); attach detached player.","none","N/A","N/A",true
"FM_1066260","Mario Vušković","N/A","NONE","Unassigned","cmuihq9070091h29ex9cb7wyt","Hamburger SV","SOURCE_SHOWS_WE_DO_NOT","create new player","create new player: Ingest new academy player from FotMob squad (shirt #none).","none","N/A","N/A",false
"cmuihw24n0a8usexpopnndrum","David Møller Wolfe","661427","NONE","Unassigned","cmuihq9070091h29ex9cb7wyt","Hamburger SV","SOURCE_SHOWS_WE_DO_NOT","attach","attach: Present in Hamburger SV FotMob squad (shirt #3); attach detached player.","none","N/A","N/A",true
"FM_1287871","Zakaria El Ouahdi","N/A","NONE","Unassigned","cmuihq9070091h29ex9cb7wyt","Hamburger SV","SOURCE_SHOWS_WE_DO_NOT","create new player","create new player: Ingest new senior player from FotMob squad (shirt #7).","none","N/A","N/A",true
"cmuihw2ps0ao8sexpw3dpsyzl","Warmed Omari","711996","NONE","Unassigned","cmuihq9070091h29ex9cb7wyt","Hamburger SV","SOURCE_SHOWS_WE_DO_NOT","attach","attach: Present in Hamburger SV FotMob squad (shirt #17); attach detached player.","none","N/A","N/A",true
"cmuihvy62057isexpy64c1zvq","Jordan Torunarigha","227110","NONE","Unassigned","cmuihq9070091h29ex9cb7wyt","Hamburger SV","SOURCE_SHOWS_WE_DO_NOT","attach","attach: Present in Hamburger SV FotMob squad (shirt #23); attach detached player.","none","N/A","N/A",true
"cmuihw24i0a50sexpapqrc2mw","Nicolás Capaldo","649672","NONE","Unassigned","cmuihq9070091h29ex9cb7wyt","Hamburger SV","SOURCE_SHOWS_WE_DO_NOT","attach","attach: Present in Hamburger SV FotMob squad (shirt #24); attach detached player.","none","N/A","N/A",true
"cmuihvzb006uosexpsd3zs5lh","Sebastiaan Bornauw","338629","NONE","Unassigned","cmuihq9070091h29ex9cb7wyt","Hamburger SV","SOURCE_SHOWS_WE_DO_NOT","attach","attach: Present in Hamburger SV FotMob squad (shirt #33); attach detached player.","none","N/A","N/A",true
"FM_1685570","Joel Agyekum","N/A","NONE","Unassigned","cmuihq9070091h29ex9cb7wyt","Hamburger SV","SOURCE_SHOWS_WE_DO_NOT","create new player","create new player: Ingest new senior player from FotMob squad (shirt #39).","none","N/A","N/A",true
"cmuihw4r00crbsexp6bvreup7","Shafiq Nandja","1125079","NONE","Unassigned","cmuihq9070091h29ex9cb7wyt","Hamburger SV","SOURCE_SHOWS_WE_DO_NOT","attach","attach: Present in Hamburger SV FotMob squad (shirt #43); attach detached player.","none","N/A","N/A",true
"FM_2073721","Mads Broecker","N/A","NONE","Unassigned","cmuihq9070091h29ex9cb7wyt","Hamburger SV","SOURCE_SHOWS_WE_DO_NOT","create new player","create new player: Ingest new academy player from FotMob squad (shirt #none).","none","N/A","N/A",false
"cmuihw24m0a86sexpeatli6q7","Bilal Nadir","659520","cmuihq2sw005jh29e5ugg799e","Olympique Marseille","cmuihq9070091h29ex9cb7wyt","Hamburger SV","SOURCE_SHOWS_WE_DO_NOT","reassign","reassign: Present in Hamburger SV FotMob senior squad (shirt #4); previously at Olympique Marseille.","none","2023-06-30","N/A",true
"cmuihw2qg0b5vsexpyjhu67q1","Martin Adeline","814976","NONE","Unassigned","cmuihq9070091h29ex9cb7wyt","Hamburger SV","SOURCE_SHOWS_WE_DO_NOT","attach","attach: Present in Hamburger SV FotMob squad (shirt #5); attach detached player.","none","N/A","N/A",true
"cmuihvzvx07i6sexp14mj4u9l","Albert Sambi Lokonga","381967","NONE","Unassigned","cmuihq9070091h29ex9cb7wyt","Hamburger SV","SOURCE_SHOWS_WE_DO_NOT","attach","attach: Present in Hamburger SV FotMob squad (shirt #6); attach detached player.","none","N/A","N/A",true
"FM_1133381","Albert Grønbæk","N/A","NONE","Unassigned","cmuihq9070091h29ex9cb7wyt","Hamburger SV","SOURCE_SHOWS_WE_DO_NOT","create new player","create new player: Ingest new senior player from FotMob squad (shirt #11).","none","N/A","N/A",true
"cmuihw1bz093nsexp8y79ccti","Fábio Vieira","537598","NONE","Unassigned","cmuihq9070091h29ex9cb7wyt","Hamburger SV","SOURCE_SHOWS_WE_DO_NOT","attach","attach: Present in Hamburger SV FotMob squad (shirt #20); attach detached player.","none","N/A","N/A",true
"cmuihw1et09m6sexp276pdndi","Nicolai Remberg","592534","NONE","Unassigned","cmuihq9070091h29ex9cb7wyt","Hamburger SV","SOURCE_SHOWS_WE_DO_NOT","attach","attach: Present in Hamburger SV FotMob squad (shirt #21); attach detached player.","none","N/A","N/A",true
"cmuihw2qg0b5usexprutvg3oa","Kofi Amoako","814950","NONE","Unassigned","cmuihq9070091h29ex9cb7wyt","Hamburger SV","SOURCE_SHOWS_WE_DO_NOT","attach","attach: Present in Hamburger SV FotMob squad (shirt #22); attach detached player.","none","N/A","N/A",true
"cmuihw4ru0d3qsexpd12h5nr2","Louis Lemke","1294853","NONE","Unassigned","cmuihq9070091h29ex9cb7wyt","Hamburger SV","SOURCE_SHOWS_WE_DO_NOT","attach","attach: Present in Hamburger SV FotMob squad (shirt #37); attach detached player.","none","N/A","N/A",true
"FM_2062053","Finn Barkowsky","N/A","NONE","Unassigned","cmuihq9070091h29ex9cb7wyt","Hamburger SV","SOURCE_SHOWS_WE_DO_NOT","create new player","create new player: Ingest new academy player from FotMob squad (shirt #none).","none","N/A","N/A",false
"cmuihw1cs0945sexpb7nf33tb","Terem Moffi","538874","NONE","Unassigned","cmuihq9070091h29ex9cb7wyt","Hamburger SV","SOURCE_SHOWS_WE_DO_NOT","attach","attach: Present in Hamburger SV FotMob squad (shirt #9); attach detached player.","none","N/A","N/A",true
"cmuihvws2041lsexprizjy4r1","Yussuf Poulsen","157635","NONE","Unassigned","cmuihq9070091h29ex9cb7wyt","Hamburger SV","SOURCE_SHOWS_WE_DO_NOT","attach","attach: Present in Hamburger SV FotMob squad (shirt #15); attach detached player.","none","N/A","N/A",true
"cmuihw4410cgqsexpof0hlbc1","Otto Stange","1058520","NONE","Unassigned","cmuihq9070091h29ex9cb7wyt","Hamburger SV","SOURCE_SHOWS_WE_DO_NOT","attach","attach: Present in Hamburger SV FotMob squad (shirt #19); attach detached player.","none","N/A","N/A",true
"cmuihvzvo07bvsexphjzdbpde","Patson Daka","365172","NONE","Unassigned","cmuihq9070091h29ex9cb7wyt","Hamburger SV","SOURCE_SHOWS_WE_DO_NOT","attach","attach: Present in Hamburger SV FotMob squad (shirt #27); attach detached player.","none","N/A","N/A",true
"FM_1644278","Alexander Røssing","N/A","NONE","Unassigned","cmuihq9070091h29ex9cb7wyt","Hamburger SV","SOURCE_SHOWS_WE_DO_NOT","create new player","create new player: Ingest new senior player from FotMob squad (shirt #38).","none","N/A","N/A",true
"cmuihvyr306aysexpbg4y034s","Borna Sosa","293194","cmuihqfqr00cqh29e2077zt3y","Crystal Palace","cmuihq50l006th29e3bm3uces","1.FC Köln","WE_SHOW_SOURCE_DOES_NOT","reassign","reassign: Player is registered in 1.FC Köln current FotMob squad (shirt #3).","none","2025-07-10","N/A",true
"cmuihvvvi02xmsexptqezevzx","Nathaniel Clyne","85177","cmuihqfqr00cqh29e2077zt3y","Crystal Palace","NONE","Unassigned","WE_SHOW_SOURCE_DOES_NOT","detach","detach: Absent from FotMob declared squad for Crystal Palace.","none","2020-10-13","N/A",true
"cmuihvzb306wfsexp4yp2apfd","Eddie Nketiah","340324","cmuihqfqr00cqh29e2077zt3y","Crystal Palace","NONE","Unassigned","WE_SHOW_SOURCE_DOES_NOT","detach","detach: Absent from FotMob declared squad for Crystal Palace.","none","2024-08-29","N/A",true
"cmuihw0iu0868sexppt652rcy","Maxence Lacroix","434224","cmuihqfqr00cqh29e2077zt3y","Crystal Palace","cmuihqcpo00b1h29edf8q9ksb","Chelsea FC","WE_SHOW_SOURCE_DOES_NOT","reassign","reassign: Player is registered in Chelsea FC current FotMob squad (shirt #5).","none","2024-08-29","N/A",true
"cmuihw3eq0beisexpkmmfajrb","Danny Imray","862109","cmuihqfqr00cqh29e2077zt3y","Crystal Palace","NONE","Unassigned","WE_SHOW_SOURCE_DOES_NOT","detach","detach: Absent from FotMob declared squad for Crystal Palace.","none","N/A","N/A",true
"cmuihw3eq0bf5sexpwchr2gnk","David Ozoh","865993","cmuihqfqr00cqh29e2077zt3y","Crystal Palace","NONE","Unassigned","WE_SHOW_SOURCE_DOES_NOT","detach","detach: Absent from FotMob declared squad for Crystal Palace.","none","2026-05-30","N/A",true
"cmuihw43g0c12sexpjrygiatd","Romain Esse","967319","cmuihqfqr00cqh29e2077zt3y","Crystal Palace","NONE","Unassigned","WE_SHOW_SOURCE_DOES_NOT","detach","detach: Absent from FotMob declared squad for Crystal Palace.","none","2026-05-30","N/A",true
"cmuihw0js08iqsexppfs95c33","Brennan Johnson","470607","cmuihqfqr00cqh29e2077zt3y","Crystal Palace","cmuihq4bo006fh29ef9sfod5p","Everton FC","WE_SHOW_SOURCE_DOES_NOT","reassign","reassign: Player is registered in Everton FC current FotMob squad (shirt #22).","none","2026-01-01","N/A",true
"cmuihw0k608pqsexp2odxz0qi","Daniel Muñoz","493003","cmuihqfqr00cqh29e2077zt3y","Crystal Palace","cmuihqdq000bkh29et7iwzrfd","Nottingham Forest","WE_SHOW_SOURCE_DOES_NOT","reassign","reassign: Player is registered in Nottingham Forest current FotMob squad (shirt #27).","none","2024-01-29","N/A",true
"cmuihw1dg09ensexpml5e9f7y","Yéremy Pino","568157","cmuihqfqr00cqh29e2077zt3y","Crystal Palace","NONE","Unassigned","WE_SHOW_SOURCE_DOES_NOT","detach","detach: Absent from FotMob declared squad for Crystal Palace.","none","2025-08-28","N/A",true
"cmuihw43q0c80sexpn2qndj18","Zach Marsh","1004679","cmuihqfqr00cqh29e2077zt3y","Crystal Palace","NONE","Unassigned","WE_SHOW_SOURCE_DOES_NOT","detach","detach: Absent from FotMob declared squad for Crystal Palace.","none","2024-06-30","N/A",true
"cmuihw43x0cdrsexppvcsfhrn","Rio Cardines","1047257","cmuihqfqr00cqh29e2077zt3y","Crystal Palace","NONE","Unassigned","WE_SHOW_SOURCE_DOES_NOT","detach","detach: Absent from FotMob declared squad for Crystal Palace.","none","2025-06-30","N/A",true
"cmuihw43x0cdssexpwrap83a1","Caleb Kporha","1047261","cmuihqfqr00cqh29e2077zt3y","Crystal Palace","NONE","Unassigned","WE_SHOW_SOURCE_DOES_NOT","detach","detach: Absent from FotMob declared squad for Crystal Palace.","none","2024-06-30","N/A",true
"cmuihw2q20axbsexps9makg4r","Justin Devenny","747009","cmuihqfqr00cqh29e2077zt3y","Crystal Palace","NONE","Unassigned","WE_SHOW_SOURCE_DOES_NOT","detach","detach: Absent from FotMob declared squad for Crystal Palace.","none","2024-06-30","N/A",true
"cmuihw3f20bocsexplfkk7wak","Jackson Izquierdo","920005","cmuihqfqr00cqh29e2077zt3y","Crystal Palace","NONE","Unassigned","WE_SHOW_SOURCE_DOES_NOT","detach","detach: Absent from FotMob declared squad for Crystal Palace.","none","N/A","N/A",true
"cmuihvzvy07j8sexpt7pgesch","Axel Disasi","386047","cmuihqcpo00b1h29edf8q9ksb","Chelsea FC","cmuihqfqr00cqh29e2077zt3y","Crystal Palace","SOURCE_SHOWS_WE_DO_NOT","reassign","reassign: Present in Crystal Palace FotMob senior squad (shirt #5); previously at Chelsea FC.","none","2026-06-29","N/A",true
"cmuihvzar06pmsexpx2cwwq1x","Takehiro Tomiyasu","331560","NONE","Unassigned","cmuihqfqr00cqh29e2077zt3y","Crystal Palace","SOURCE_SHOWS_WE_DO_NOT","attach","attach: Present in Crystal Palace FotMob squad (shirt #17); attach detached player.","none","N/A","N/A",true
"cmuihw4480ckysexpd4e5l0c8","Honest Ahanor","1077175","NONE","Unassigned","cmuihqfqr00cqh29e2077zt3y","Crystal Palace","SOURCE_SHOWS_WE_DO_NOT","attach","attach: Present in Crystal Palace FotMob squad (shirt #21); attach detached player.","none","N/A","N/A",true
"cmuihvzaj06jusexp6r3qyhcf","Ben Chilwell","316125","NONE","Unassigned","cmuihqfqr00cqh29e2077zt3y","Crystal Palace","SOURCE_SHOWS_WE_DO_NOT","attach","attach: Present in Crystal Palace FotMob squad (shirt #33); attach detached player.","none","N/A","N/A",true
"FM_860920","Edward Nketiah","N/A","NONE","Unassigned","cmuihqfqr00cqh29e2077zt3y","Crystal Palace","SOURCE_SHOWS_WE_DO_NOT","create new player","create new player: Ingest new senior player from FotMob squad (shirt #9).","none","N/A","N/A",true
"FM_1047676","Yéremi Pino","N/A","NONE","Unassigned","cmuihqfqr00cqh29e2077zt3y","Crystal Palace","SOURCE_SHOWS_WE_DO_NOT","create new player","create new player: Ingest new senior player from FotMob squad (shirt #10).","none","N/A","N/A",true
"FM_1455818","Zavier Gozo","N/A","NONE","Unassigned","cmuihqfqr00cqh29e2077zt3y","Crystal Palace","SOURCE_SHOWS_WE_DO_NOT","create new player","create new player: Ingest new senior player from FotMob squad (shirt #12).","none","N/A","N/A",true
"cmuihvzws0813sexp5p0wz39k","Quinten Timber","420213","NONE","Unassigned","cmuihqfqr00cqh29e2077zt3y","Crystal Palace","SOURCE_SHOWS_WE_DO_NOT","attach","attach: Present in Crystal Palace FotMob squad (shirt #23); attach detached player.","none","N/A","N/A",true
"FM_1329007","Darío Osorio","N/A","NONE","Unassigned","cmuihqfqr00cqh29e2077zt3y","Crystal Palace","SOURCE_SHOWS_WE_DO_NOT","create new player","create new player: Ingest new senior player from FotMob squad (shirt #24).","none","N/A","N/A",true
"FM_1477878","Anan Khalaili","N/A","NONE","Unassigned","cmuihqfqr00cqh29e2077zt3y","Crystal Palace","SOURCE_SHOWS_WE_DO_NOT","create new player","create new player: Ingest new senior player from FotMob squad (shirt #25).","none","N/A","N/A",true
"cmuihvzaq06pjsexptgj04ke9","Óscar Mingueza","331505","cmuihqg9e00czh29eqgxwp7l7","Celta de Vigo","cmuihqfqr00cqh29e2077zt3y","Crystal Palace","SOURCE_SHOWS_WE_DO_NOT","reassign","reassign: Present in Crystal Palace FotMob senior squad (shirt #30); previously at Celta de Vigo.","none","2022-07-29","N/A",true
"cmuihw1em09k5sexpvvvnin7w","Dwight McNeil","584769","cmuihq4bo006fh29ef9sfod5p","Everton FC","cmuihqfqr00cqh29e2077zt3y","Crystal Palace","SOURCE_SHOWS_WE_DO_NOT","reassign","reassign: Present in Crystal Palace FotMob senior squad (shirt #11); previously at Everton FC.","none","2022-07-27","N/A",true
"cmuihw0k808resexpz375djes","Evann Guessand","500689","cmuihq8vi008xh29edz4vg4xw","Aston Villa","cmuihqfqr00cqh29e2077zt3y","Crystal Palace","SOURCE_SHOWS_WE_DO_NOT","reassign","reassign: Present in Crystal Palace FotMob senior squad (shirt #29); previously at Aston Villa.","none","2026-06-29","N/A",true
"cmuihw2pp0alssexp4wasnc65","Giuseppe Ambrosino","707295","cmuihqcp500axh29eqi1p52xi","SSC Napoli","NONE","Unassigned","WE_SHOW_SOURCE_DOES_NOT","detach","detach: Absent from FotMob declared squad for SSC Napoli.","none","N/A","N/A",true
"FM_1830797","Claudio Pugliese","N/A","NONE","Unassigned","cmuihqcp500axh29eqi1p52xi","SSC Napoli","SOURCE_SHOWS_WE_DO_NOT","create new player","create new player: Ingest new senior player from FotMob squad (shirt #12).","none","N/A","N/A",true
"cmuihw0jn08fusexpncuohc1c","Benoît Badiashile","463603","cmuihqcpo00b1h29edf8q9ksb","Chelsea FC","cmuihqcp500axh29eqi1p52xi","SSC Napoli","SOURCE_SHOWS_WE_DO_NOT","reassign","reassign: Present in SSC Napoli FotMob senior squad (shirt #5); previously at Chelsea FC.","none","2023-01-04","N/A",true
"cmuihw3eg0b7zsexppzuphjp7","Costantino Favasuli","820635","NONE","Unassigned","cmuihqcp500axh29eqi1p52xi","SSC Napoli","SOURCE_SHOWS_WE_DO_NOT","attach","attach: Present in SSC Napoli FotMob squad (shirt #2); attach detached player.","none","N/A","N/A",true
"FM_1355574","Giovane Nascimento","N/A","NONE","Unassigned","cmuihqcp500axh29eqi1p52xi","SSC Napoli","SOURCE_SHOWS_WE_DO_NOT","create new player","create new player: Ingest new senior player from FotMob squad (shirt #23).","none","N/A","N/A",true
"cmuihw3ez0blvsexp1ob4coe4","Karl Steinmann","907082","cmuihqc7a00anh29ekc5foq1r","SC Freiburg","NONE","Unassigned","WE_SHOW_SOURCE_DOES_NOT","detach","detach: Absent from FotMob declared squad for SC Freiburg.","none","N/A","N/A",true
"FM_1580371","Berkay Yılmaz","N/A","NONE","Unassigned","cmuihqc7a00anh29ekc5foq1r","SC Freiburg","SOURCE_SHOWS_WE_DO_NOT","create new player","create new player: Ingest new senior player from FotMob squad (shirt #27).","none","N/A","N/A",true
"cmuihvzwh07ussexpm88evtdf","Yannik Engelhardt","405670","NONE","Unassigned","cmuihqc7a00anh29ekc5foq1r","SC Freiburg","SOURCE_SHOWS_WE_DO_NOT","attach","attach: Present in SC Freiburg FotMob squad (shirt #16); attach detached player.","none","N/A","N/A",true
"FM_1030836","Rihito Yamamoto","N/A","NONE","Unassigned","cmuihqc7a00anh29ekc5foq1r","SC Freiburg","SOURCE_SHOWS_WE_DO_NOT","create new player","create new player: Ingest new senior player from FotMob squad (shirt #20).","none","N/A","N/A",true
"cmuihw4ra0culsexp1u2zey6r","Rouven Tarnutzer","1159439","NONE","Unassigned","cmuihqc7a00anh29ekc5foq1r","SC Freiburg","SOURCE_SHOWS_WE_DO_NOT","attach","attach: Present in SC Freiburg FotMob squad (shirt #39); attach detached player.","none","N/A","N/A",true
"FM_1436730","Keisuke Goto","N/A","NONE","Unassigned","cmuihqc7a00anh29ekc5foq1r","SC Freiburg","SOURCE_SHOWS_WE_DO_NOT","create new player","create new player: Ingest new senior player from FotMob squad (shirt #42).","none","N/A","N/A",true
"cmuihvvyf03dfsexp074qej4t","Karl-Johan Johnsson","112822","cmuihqd8900bbh29em5y4p2o4","RC Strasbourg Alsace","NONE","Unassigned","WE_SHOW_SOURCE_DOES_NOT","detach","detach: Absent from FotMob declared squad for RC Strasbourg Alsace.","none","2024-08-15","N/A",true
"cmuihw24k0a6gsexpuc6683wc","Diego Moreira","655006","cmuihqd8900bbh29em5y4p2o4","RC Strasbourg Alsace","cmuihqb6900a7h29eb12tdj1t","AC Milan","WE_SHOW_SOURCE_DOES_NOT","reassign","reassign: Player is registered in AC Milan current FotMob squad (shirt #22).","none","2024-08-15","N/A",true
"cmuihw2ps0ao6sexp75b9vdcm","Guéla Doué","711980","cmuihqd8900bbh29em5y4p2o4","RC Strasbourg Alsace","cmuihpzti003xh29ejh2oa78u","Bayer 04 Leverkusen","WE_SHOW_SOURCE_DOES_NOT","reassign","reassign: Player is registered in Bayer 04 Leverkusen current FotMob squad (shirt #20).","none","2024-07-25","N/A",true
"FM_1200984","Filip Jörgensen","N/A","NONE","Unassigned","cmuihqd8900bbh29em5y4p2o4","RC Strasbourg Alsace","SOURCE_SHOWS_WE_DO_NOT","create new player","create new player: Ingest new senior player from FotMob squad (shirt #1).","none","N/A","N/A",true
"FM_1283393","Miłosz Piekutowski","N/A","NONE","Unassigned","cmuihqd8900bbh29em5y4p2o4","RC Strasbourg Alsace","SOURCE_SHOWS_WE_DO_NOT","create new player","create new player: Ingest new senior player from FotMob squad (shirt #12).","none","N/A","N/A",true
"FM_2141047","Timeo Raffourt","N/A","NONE","Unassigned","cmuihqd8900bbh29em5y4p2o4","RC Strasbourg Alsace","SOURCE_SHOWS_WE_DO_NOT","create new player","create new player: Ingest new senior player from FotMob squad (shirt #50).","none","N/A","N/A",true
"FM_1763597","Hermann Diandaga","N/A","NONE","Unassigned","cmuihqd8900bbh29em5y4p2o4","RC Strasbourg Alsace","SOURCE_SHOWS_WE_DO_NOT","create new player","create new player: Ingest new academy player from FotMob squad (shirt #none).","none","N/A","N/A",false
"FM_1340071","Jeyland Mitchell","N/A","NONE","Unassigned","cmuihqd8900bbh29em5y4p2o4","RC Strasbourg Alsace","SOURCE_SHOWS_WE_DO_NOT","create new player","create new player: Ingest new senior player from FotMob squad (shirt #4).","none","N/A","N/A",true
"FM_1336846","Mateo Del Blanco","N/A","NONE","Unassigned","cmuihqd8900bbh29em5y4p2o4","RC Strasbourg Alsace","SOURCE_SHOWS_WE_DO_NOT","create new player","create new player: Ingest new senior player from FotMob squad (shirt #15).","none","N/A","N/A",true
"cmuihw43x0cd8sexphxzw639a","Genesis Antwi","1045121","NONE","Unassigned","cmuihqd8900bbh29em5y4p2o4","RC Strasbourg Alsace","SOURCE_SHOWS_WE_DO_NOT","attach","attach: Present in RC Strasbourg Alsace FotMob squad (shirt #16); attach detached player.","none","N/A","N/A",true
"FM_1436942","Lucas Høgsberg","N/A","NONE","Unassigned","cmuihqd8900bbh29em5y4p2o4","RC Strasbourg Alsace","SOURCE_SHOWS_WE_DO_NOT","create new player","create new player: Ingest new senior player from FotMob squad (shirt #24).","none","N/A","N/A",true
"cmuihw44a0cmhsexpy4qh8x80","Karim Coulibaly","1084638","NONE","Unassigned","cmuihqd8900bbh29em5y4p2o4","RC Strasbourg Alsace","SOURCE_SHOWS_WE_DO_NOT","attach","attach: Present in RC Strasbourg Alsace FotMob squad (shirt #31); attach detached player.","none","N/A","N/A",true
"cmuihw43v0cbtsexp14m58kgw","Oso","1032280","cmuihq7is0085h29ez260bgnc","Sevilla FC","cmuihqd8900bbh29em5y4p2o4","RC Strasbourg Alsace","SOURCE_SHOWS_WE_DO_NOT","reassign","reassign: Present in RC Strasbourg Alsace FotMob senior squad (shirt #36); previously at Sevilla FC.","none","2025-12-31","N/A",true
"cmuihw4rw0d5nsexp2hptyt6u","Yoann Becker","1338830","NONE","Unassigned","cmuihqd8900bbh29em5y4p2o4","RC Strasbourg Alsace","SOURCE_SHOWS_WE_DO_NOT","attach","attach: Present in RC Strasbourg Alsace FotMob squad (shirt #43); attach detached player.","none","N/A","N/A",true
"cmuihw3f80bsgsexpg9lq6w9a","Samuel Amo-Ameyaw","933900","NONE","Unassigned","cmuihqd8900bbh29em5y4p2o4","RC Strasbourg Alsace","SOURCE_SHOWS_WE_DO_NOT","attach","attach: Present in RC Strasbourg Alsace FotMob squad (shirt #7); attach detached player.","none","N/A","N/A",true
"cmuihw3eq0bersexp2p9sdni1","Maxi Oyedele","863204","NONE","Unassigned","cmuihqd8900bbh29em5y4p2o4","RC Strasbourg Alsace","SOURCE_SHOWS_WE_DO_NOT","attach","attach: Present in RC Strasbourg Alsace FotMob squad (shirt #8); attach detached player.","none","N/A","N/A",true
"cmuihw0ka08tgsexpimq46nrf","Giovanni Reyna","504215","NONE","Unassigned","cmuihqd8900bbh29em5y4p2o4","RC Strasbourg Alsace","SOURCE_SHOWS_WE_DO_NOT","attach","attach: Present in RC Strasbourg Alsace FotMob squad (shirt #10); attach detached player.","none","N/A","N/A",true
"cmuihw24q0abrsexp9m14t0ai","Dário Essugo","670717","cmuihqcpo00b1h29edf8q9ksb","Chelsea FC","cmuihqd8900bbh29em5y4p2o4","RC Strasbourg Alsace","SOURCE_SHOWS_WE_DO_NOT","reassign","reassign: Present in RC Strasbourg Alsace FotMob senior squad (shirt #14); previously at Chelsea FC.","none","2025-06-09","N/A",true
"cmuihw3fe0bxvsexpklfxl6eh","Pape Demba Diop","949113","NONE","Unassigned","cmuihqd8900bbh29em5y4p2o4","RC Strasbourg Alsace","SOURCE_SHOWS_WE_DO_NOT","attach","attach: Present in RC Strasbourg Alsace FotMob squad (shirt #21); attach detached player.","none","N/A","N/A",true
"cmuihw3fa0bumsexpv1ar89pf","Diogo Sousa","937729","NONE","Unassigned","cmuihqd8900bbh29em5y4p2o4","RC Strasbourg Alsace","SOURCE_SHOWS_WE_DO_NOT","attach","attach: Present in RC Strasbourg Alsace FotMob squad (shirt #23); attach detached player.","none","N/A","N/A",true
"cmuihw4r00crnsexpj6vco5ml","Samir El Mourabet","1130514","NONE","Unassigned","cmuihqd8900bbh29em5y4p2o4","RC Strasbourg Alsace","SOURCE_SHOWS_WE_DO_NOT","attach","attach: Present in RC Strasbourg Alsace FotMob squad (shirt #29); attach detached player.","none","N/A","N/A",true
"FM_1611469","Benjamin Brantlind","N/A","NONE","Unassigned","cmuihqd8900bbh29em5y4p2o4","RC Strasbourg Alsace","SOURCE_SHOWS_WE_DO_NOT","create new player","create new player: Ingest new senior player from FotMob squad (shirt #45).","none","N/A","N/A",true
"FM_1458868","Deivid Washington","N/A","NONE","Unassigned","cmuihqd8900bbh29em5y4p2o4","RC Strasbourg Alsace","SOURCE_SHOWS_WE_DO_NOT","create new player","create new player: Ingest new academy player from FotMob squad (shirt #none).","none","N/A","N/A",false
"cmuihw4450ciosexpwesj09qn","Joaquín Panichelli","1064871","NONE","Unassigned","cmuihqd8900bbh29em5y4p2o4","RC Strasbourg Alsace","SOURCE_SHOWS_WE_DO_NOT","attach","attach: Present in RC Strasbourg Alsace FotMob squad (shirt #9); attach detached player.","none","N/A","N/A",true
"cmuihw1d909b3sexp07gdhs9g","Sékou Mara","557612","NONE","Unassigned","cmuihqd8900bbh29em5y4p2o4","RC Strasbourg Alsace","SOURCE_SHOWS_WE_DO_NOT","attach","attach: Present in RC Strasbourg Alsace FotMob squad (shirt #14); attach detached player.","none","N/A","N/A",true
"cmuihw3ez0bmesexp3ua0r8u9","Fábio Baldé","910541","cmuihq9070091h29ex9cb7wyt","Hamburger SV","cmuihqd8900bbh29em5y4p2o4","RC Strasbourg Alsace","SOURCE_SHOWS_WE_DO_NOT","reassign","reassign: Present in RC Strasbourg Alsace FotMob senior squad (shirt #19); previously at Hamburger SV.","none","2024-06-30","N/A",true
"cmuihw43n0c69sexpl626rcgf","Martial Godo","992686","NONE","Unassigned","cmuihqd8900bbh29em5y4p2o4","RC Strasbourg Alsace","SOURCE_SHOWS_WE_DO_NOT","attach","attach: Present in RC Strasbourg Alsace FotMob squad (shirt #20); attach detached player.","none","N/A","N/A",true
"cmuihw3f40bpvsexpctb4nus1","Omari Kellyman","926135","NONE","Unassigned","cmuihqd8900bbh29em5y4p2o4","RC Strasbourg Alsace","SOURCE_SHOWS_WE_DO_NOT","attach","attach: Present in RC Strasbourg Alsace FotMob squad (shirt #26); attach detached player.","none","N/A","N/A",true
"FM_1677224","Jacobo Ortega","N/A","NONE","Unassigned","cmuihqd8900bbh29em5y4p2o4","RC Strasbourg Alsace","SOURCE_SHOWS_WE_DO_NOT","create new player","create new player: Ingest new senior player from FotMob squad (shirt #30).","none","N/A","N/A",true
"cmuihw4r20cs4sexpzpfrgqdj","Yaya Diémé","1133733","NONE","Unassigned","cmuihqd8900bbh29em5y4p2o4","RC Strasbourg Alsace","SOURCE_SHOWS_WE_DO_NOT","attach","attach: Present in RC Strasbourg Alsace FotMob squad (shirt #35); attach detached player.","none","N/A","N/A",true
"cmuihw2qd0b3zsexpo0th1cwz","Conrad Harder","807386","NONE","Unassigned","cmuihqd8900bbh29em5y4p2o4","RC Strasbourg Alsace","SOURCE_SHOWS_WE_DO_NOT","attach","attach: Present in RC Strasbourg Alsace FotMob squad (shirt #40); attach detached player.","none","N/A","N/A",true
"cmuihw4r60cu0sexphryitydi","Gessime Yassine","1151929","NONE","Unassigned","cmuihqd8900bbh29em5y4p2o4","RC Strasbourg Alsace","SOURCE_SHOWS_WE_DO_NOT","attach","attach: Present in RC Strasbourg Alsace FotMob squad (shirt #80); attach detached player.","none","N/A","N/A",true
"cmuihw24n0a92sexpfb8bjklo","Vladislav Morozov","662415","cmuihqf7m00cfh29exy9mxhu8","FC Arouca","NONE","Unassigned","WE_SHOW_SOURCE_DOES_NOT","detach","detach: Absent from FotMob declared squad for FC Arouca.","none","2026-06-29","N/A",true
"cmuihw3eg0b88sexpxvte7wgv","Matías Rocha","821824","cmuihqf7m00cfh29exy9mxhu8","FC Arouca","NONE","Unassigned","WE_SHOW_SOURCE_DOES_NOT","detach","detach: Absent from FotMob declared squad for FC Arouca.","none","2023-08-10","N/A",true
"cmuihw3ei0b9qsexpm4iqg90u","Romualdas Jansonas","832326","cmuihqf7m00cfh29exy9mxhu8","FC Arouca","NONE","Unassigned","WE_SHOW_SOURCE_DOES_NOT","detach","detach: Absent from FotMob declared squad for FC Arouca.","none","2026-06-29","N/A",true
"cmuihw1bg08w6sexp5xti3gax","Iván Barbero","514514","cmuihqf7m00cfh29exy9mxhu8","FC Arouca","NONE","Unassigned","WE_SHOW_SOURCE_DOES_NOT","detach","detach: Absent from FotMob declared squad for FC Arouca.","none","2025-07-15","N/A",true
"cmuihw1bv091isexp6w445mzw","João Valido","532900","cmuihqf7m00cfh29exy9mxhu8","FC Arouca","NONE","Unassigned","WE_SHOW_SOURCE_DOES_NOT","detach","detach: Absent from FotMob declared squad for FC Arouca.","none","2022-07-03","N/A",true
"cmuihw24e0a1jsexpca9rq5ew","Arnau Solà","636697","cmuihqf7m00cfh29exy9mxhu8","FC Arouca","NONE","Unassigned","WE_SHOW_SOURCE_DOES_NOT","detach","detach: Absent from FotMob declared squad for FC Arouca.","none","2026-06-29","N/A",true
"cmuihw24i0a4wsexpxb026539","Amadou Dante","649087","cmuihqf7m00cfh29exy9mxhu8","FC Arouca","NONE","Unassigned","WE_SHOW_SOURCE_DOES_NOT","detach","detach: Absent from FotMob declared squad for FC Arouca.","none","2025-06-30","N/A",true
"FM_1793428","Martim Duarte","N/A","NONE","Unassigned","cmuihqf7m00cfh29exy9mxhu8","FC Arouca","SOURCE_SHOWS_WE_DO_NOT","create new player","create new player: Ingest new senior player from FotMob squad (shirt #71).","none","N/A","N/A",true
"cmuihw3fc0bvusexpoqfwz4y0","Leo Shahar","940858","NONE","Unassigned","cmuihqf7m00cfh29exy9mxhu8","FC Arouca","SOURCE_SHOWS_WE_DO_NOT","attach","attach: Present in FC Arouca FotMob squad (shirt #2); attach detached player.","none","N/A","N/A",true
"cmuihw1bq08ytsexpwoups7nn","Orest Lebedenko","524964","NONE","Unassigned","cmuihqf7m00cfh29exy9mxhu8","FC Arouca","SOURCE_SHOWS_WE_DO_NOT","attach","attach: Present in FC Arouca FotMob squad (shirt #18); attach detached player.","none","N/A","N/A",true
"cmuihw4420ch9sexposxfbjyi","Mateo Flores","1061283","NONE","Unassigned","cmuihqf7m00cfh29exy9mxhu8","FC Arouca","SOURCE_SHOWS_WE_DO_NOT","attach","attach: Present in FC Arouca FotMob squad (shirt #21); attach detached player.","none","N/A","N/A",true
"FM_1589224","Mario Climent","N/A","NONE","Unassigned","cmuihqf7m00cfh29exy9mxhu8","FC Arouca","SOURCE_SHOWS_WE_DO_NOT","create new player","create new player: Ingest new senior player from FotMob squad (shirt #37).","none","N/A","N/A",true
"FM_2196470","Mamadu Balde","N/A","NONE","Unassigned","cmuihqf7m00cfh29exy9mxhu8","FC Arouca","SOURCE_SHOWS_WE_DO_NOT","create new player","create new player: Ingest new senior player from FotMob squad (shirt #27).","none","N/A","N/A",true
"FM_2192769","Rachid Gomes","N/A","NONE","Unassigned","cmuihqf7m00cfh29exy9mxhu8","FC Arouca","SOURCE_SHOWS_WE_DO_NOT","create new player","create new player: Ingest new senior player from FotMob squad (shirt #27).","none","N/A","N/A",true
"FM_1836748","Si-Hoo Park","N/A","NONE","Unassigned","cmuihqf7m00cfh29exy9mxhu8","FC Arouca","SOURCE_SHOWS_WE_DO_NOT","create new player","create new player: Ingest new senior player from FotMob squad (shirt #77).","none","N/A","N/A",true
"FM_1027396","Barbero","N/A","NONE","Unassigned","cmuihqf7m00cfh29exy9mxhu8","FC Arouca","SOURCE_SHOWS_WE_DO_NOT","create new player","create new player: Ingest new senior player from FotMob squad (shirt #17).","none","N/A","N/A",true
"FM_1386766","Gabriel Rukavina","N/A","NONE","Unassigned","cmuihqf7m00cfh29exy9mxhu8","FC Arouca","SOURCE_SHOWS_WE_DO_NOT","create new player","create new player: Ingest new senior player from FotMob squad (shirt #20).","none","N/A","N/A",true
"FM_2141120","Francisco Costa","N/A","NONE","Unassigned","cmuihqf7m00cfh29exy9mxhu8","FC Arouca","SOURCE_SHOWS_WE_DO_NOT","create new player","create new player: Ingest new senior player from FotMob squad (shirt #97).","none","N/A","N/A",true